ARM GAS  /var/folders/8x/_y6g3dfs0698dfd49y4vcg_w0000gn/T//ccpNuCLH.s 			page 1


   1              		.cpu cortex-m3
   2              		.arch armv7-m
   3              		.fpu softvfp
   4              		.eabi_attribute 20, 1
   5              		.eabi_attribute 21, 1
   6              		.eabi_attribute 23, 3
   7              		.eabi_attribute 24, 1
   8              		.eabi_attribute 25, 1
   9              		.eabi_attribute 26, 1
  10              		.eabi_attribute 30, 1
  11              		.eabi_attribute 34, 1
  12              		.eabi_attribute 18, 4
  13              		.file	"stm32f2xx_hal_spi.c"
  14              		.text
  15              	.Ltext0:
  16              		.cfi_sections	.debug_frame
  17              		.file 1 "Drivers/STM32F2xx_HAL_Driver/Src/stm32f2xx_hal_spi.c"
  18              		.section	.text.SPI_AbortRx_ISR,"ax",%progbits
  19              		.align	1
  20              		.syntax unified
  21              		.thumb
  22              		.thumb_func
  24              	SPI_AbortRx_ISR:
  25              	.LVL0:
  26              	.LFB125:
   1:Drivers/STM32F2xx_HAL_Driver/Src/stm32f2xx_hal_spi.c **** /**
   2:Drivers/STM32F2xx_HAL_Driver/Src/stm32f2xx_hal_spi.c ****   ******************************************************************************
   3:Drivers/STM32F2xx_HAL_Driver/Src/stm32f2xx_hal_spi.c ****   * @file    stm32f2xx_hal_spi.c
   4:Drivers/STM32F2xx_HAL_Driver/Src/stm32f2xx_hal_spi.c ****   * @author  MCD Application Team
   5:Drivers/STM32F2xx_HAL_Driver/Src/stm32f2xx_hal_spi.c ****   * @brief   SPI HAL module driver.
   6:Drivers/STM32F2xx_HAL_Driver/Src/stm32f2xx_hal_spi.c ****   *          This file provides firmware functions to manage the following
   7:Drivers/STM32F2xx_HAL_Driver/Src/stm32f2xx_hal_spi.c ****   *          functionalities of the Serial Peripheral Interface (SPI) peripheral:
   8:Drivers/STM32F2xx_HAL_Driver/Src/stm32f2xx_hal_spi.c ****   *           + Initialization and de-initialization functions
   9:Drivers/STM32F2xx_HAL_Driver/Src/stm32f2xx_hal_spi.c ****   *           + IO operation functions
  10:Drivers/STM32F2xx_HAL_Driver/Src/stm32f2xx_hal_spi.c ****   *           + Peripheral Control functions
  11:Drivers/STM32F2xx_HAL_Driver/Src/stm32f2xx_hal_spi.c ****   *           + Peripheral State functions
  12:Drivers/STM32F2xx_HAL_Driver/Src/stm32f2xx_hal_spi.c ****   ******************************************************************************
  13:Drivers/STM32F2xx_HAL_Driver/Src/stm32f2xx_hal_spi.c ****   * @attention
  14:Drivers/STM32F2xx_HAL_Driver/Src/stm32f2xx_hal_spi.c ****   *
  15:Drivers/STM32F2xx_HAL_Driver/Src/stm32f2xx_hal_spi.c ****   * Copyright (c) 2016 STMicroelectronics.
  16:Drivers/STM32F2xx_HAL_Driver/Src/stm32f2xx_hal_spi.c ****   * All rights reserved.
  17:Drivers/STM32F2xx_HAL_Driver/Src/stm32f2xx_hal_spi.c ****   *
  18:Drivers/STM32F2xx_HAL_Driver/Src/stm32f2xx_hal_spi.c ****   * This software is licensed under terms that can be found in the LICENSE file
  19:Drivers/STM32F2xx_HAL_Driver/Src/stm32f2xx_hal_spi.c ****   * in the root directory of this software component.
  20:Drivers/STM32F2xx_HAL_Driver/Src/stm32f2xx_hal_spi.c ****   * If no LICENSE file comes with this software, it is provided AS-IS.
  21:Drivers/STM32F2xx_HAL_Driver/Src/stm32f2xx_hal_spi.c ****   *
  22:Drivers/STM32F2xx_HAL_Driver/Src/stm32f2xx_hal_spi.c ****   ******************************************************************************
  23:Drivers/STM32F2xx_HAL_Driver/Src/stm32f2xx_hal_spi.c ****   @verbatim
  24:Drivers/STM32F2xx_HAL_Driver/Src/stm32f2xx_hal_spi.c ****   ==============================================================================
  25:Drivers/STM32F2xx_HAL_Driver/Src/stm32f2xx_hal_spi.c ****                         ##### How to use this driver #####
  26:Drivers/STM32F2xx_HAL_Driver/Src/stm32f2xx_hal_spi.c ****   ==============================================================================
  27:Drivers/STM32F2xx_HAL_Driver/Src/stm32f2xx_hal_spi.c ****     [..]
  28:Drivers/STM32F2xx_HAL_Driver/Src/stm32f2xx_hal_spi.c ****       The SPI HAL driver can be used as follows:
  29:Drivers/STM32F2xx_HAL_Driver/Src/stm32f2xx_hal_spi.c **** 
  30:Drivers/STM32F2xx_HAL_Driver/Src/stm32f2xx_hal_spi.c ****       (#) Declare a SPI_HandleTypeDef handle structure, for example:
  31:Drivers/STM32F2xx_HAL_Driver/Src/stm32f2xx_hal_spi.c ****           SPI_HandleTypeDef  hspi;
  32:Drivers/STM32F2xx_HAL_Driver/Src/stm32f2xx_hal_spi.c **** 
ARM GAS  /var/folders/8x/_y6g3dfs0698dfd49y4vcg_w0000gn/T//ccpNuCLH.s 			page 2


  33:Drivers/STM32F2xx_HAL_Driver/Src/stm32f2xx_hal_spi.c ****       (#)Initialize the SPI low level resources by implementing the HAL_SPI_MspInit() API:
  34:Drivers/STM32F2xx_HAL_Driver/Src/stm32f2xx_hal_spi.c ****           (##) Enable the SPIx interface clock
  35:Drivers/STM32F2xx_HAL_Driver/Src/stm32f2xx_hal_spi.c ****           (##) SPI pins configuration
  36:Drivers/STM32F2xx_HAL_Driver/Src/stm32f2xx_hal_spi.c ****               (+++) Enable the clock for the SPI GPIOs
  37:Drivers/STM32F2xx_HAL_Driver/Src/stm32f2xx_hal_spi.c ****               (+++) Configure these SPI pins as alternate function push-pull
  38:Drivers/STM32F2xx_HAL_Driver/Src/stm32f2xx_hal_spi.c ****           (##) NVIC configuration if you need to use interrupt process
  39:Drivers/STM32F2xx_HAL_Driver/Src/stm32f2xx_hal_spi.c ****               (+++) Configure the SPIx interrupt priority
  40:Drivers/STM32F2xx_HAL_Driver/Src/stm32f2xx_hal_spi.c ****               (+++) Enable the NVIC SPI IRQ handle
  41:Drivers/STM32F2xx_HAL_Driver/Src/stm32f2xx_hal_spi.c ****           (##) DMA Configuration if you need to use DMA process
  42:Drivers/STM32F2xx_HAL_Driver/Src/stm32f2xx_hal_spi.c ****               (+++) Declare a DMA_HandleTypeDef handle structure for the transmit or receive Stream
  43:Drivers/STM32F2xx_HAL_Driver/Src/stm32f2xx_hal_spi.c ****               (+++) Enable the DMAx clock
  44:Drivers/STM32F2xx_HAL_Driver/Src/stm32f2xx_hal_spi.c ****               (+++) Configure the DMA handle parameters
  45:Drivers/STM32F2xx_HAL_Driver/Src/stm32f2xx_hal_spi.c ****               (+++) Configure the DMA Tx or Rx Stream/Channel
  46:Drivers/STM32F2xx_HAL_Driver/Src/stm32f2xx_hal_spi.c ****               (+++) Associate the initialized hdma_tx(or _rx)  handle to the hspi DMA Tx or Rx hand
  47:Drivers/STM32F2xx_HAL_Driver/Src/stm32f2xx_hal_spi.c ****               (+++) Configure the priority and enable the NVIC for the transfer complete interrupt 
  48:Drivers/STM32F2xx_HAL_Driver/Src/stm32f2xx_hal_spi.c ****                     or Rx Stream/Channel
  49:Drivers/STM32F2xx_HAL_Driver/Src/stm32f2xx_hal_spi.c **** 
  50:Drivers/STM32F2xx_HAL_Driver/Src/stm32f2xx_hal_spi.c ****       (#) Program the Mode, BidirectionalMode , Data size, Baudrate Prescaler, NSS
  51:Drivers/STM32F2xx_HAL_Driver/Src/stm32f2xx_hal_spi.c ****           management, Clock polarity and phase, FirstBit and CRC configuration in the hspi Init str
  52:Drivers/STM32F2xx_HAL_Driver/Src/stm32f2xx_hal_spi.c **** 
  53:Drivers/STM32F2xx_HAL_Driver/Src/stm32f2xx_hal_spi.c ****       (#) Initialize the SPI registers by calling the HAL_SPI_Init() API:
  54:Drivers/STM32F2xx_HAL_Driver/Src/stm32f2xx_hal_spi.c ****           (++) This API configures also the low level Hardware GPIO, CLOCK, CORTEX...etc)
  55:Drivers/STM32F2xx_HAL_Driver/Src/stm32f2xx_hal_spi.c ****               by calling the customized HAL_SPI_MspInit() API.
  56:Drivers/STM32F2xx_HAL_Driver/Src/stm32f2xx_hal_spi.c ****      [..]
  57:Drivers/STM32F2xx_HAL_Driver/Src/stm32f2xx_hal_spi.c ****        Circular mode restriction:
  58:Drivers/STM32F2xx_HAL_Driver/Src/stm32f2xx_hal_spi.c ****       (#) The DMA circular mode cannot be used when the SPI is configured in these modes:
  59:Drivers/STM32F2xx_HAL_Driver/Src/stm32f2xx_hal_spi.c ****           (##) Master 2Lines RxOnly
  60:Drivers/STM32F2xx_HAL_Driver/Src/stm32f2xx_hal_spi.c ****           (##) Master 1Line Rx
  61:Drivers/STM32F2xx_HAL_Driver/Src/stm32f2xx_hal_spi.c ****       (#) The CRC feature is not managed when the DMA circular mode is enabled
  62:Drivers/STM32F2xx_HAL_Driver/Src/stm32f2xx_hal_spi.c ****       (#) When the SPI DMA Pause/Stop features are used, we must use the following APIs
  63:Drivers/STM32F2xx_HAL_Driver/Src/stm32f2xx_hal_spi.c ****           the HAL_SPI_DMAPause()/ HAL_SPI_DMAStop() only under the SPI callbacks
  64:Drivers/STM32F2xx_HAL_Driver/Src/stm32f2xx_hal_spi.c ****      [..]
  65:Drivers/STM32F2xx_HAL_Driver/Src/stm32f2xx_hal_spi.c ****        Master Receive mode restriction:
  66:Drivers/STM32F2xx_HAL_Driver/Src/stm32f2xx_hal_spi.c ****       (#) In Master unidirectional receive-only mode (MSTR =1, BIDIMODE=0, RXONLY=1) or
  67:Drivers/STM32F2xx_HAL_Driver/Src/stm32f2xx_hal_spi.c ****           bidirectional receive mode (MSTR=1, BIDIMODE=1, BIDIOE=0), to ensure that the SPI
  68:Drivers/STM32F2xx_HAL_Driver/Src/stm32f2xx_hal_spi.c ****           does not initiate a new transfer the following procedure has to be respected:
  69:Drivers/STM32F2xx_HAL_Driver/Src/stm32f2xx_hal_spi.c ****           (##) HAL_SPI_DeInit()
  70:Drivers/STM32F2xx_HAL_Driver/Src/stm32f2xx_hal_spi.c ****           (##) HAL_SPI_Init()
  71:Drivers/STM32F2xx_HAL_Driver/Src/stm32f2xx_hal_spi.c ****      [..]
  72:Drivers/STM32F2xx_HAL_Driver/Src/stm32f2xx_hal_spi.c ****        Callback registration:
  73:Drivers/STM32F2xx_HAL_Driver/Src/stm32f2xx_hal_spi.c **** 
  74:Drivers/STM32F2xx_HAL_Driver/Src/stm32f2xx_hal_spi.c ****       (#) The compilation flag USE_HAL_SPI_REGISTER_CALLBACKS when set to 1U
  75:Drivers/STM32F2xx_HAL_Driver/Src/stm32f2xx_hal_spi.c ****           allows the user to configure dynamically the driver callbacks.
  76:Drivers/STM32F2xx_HAL_Driver/Src/stm32f2xx_hal_spi.c ****           Use Functions HAL_SPI_RegisterCallback() to register an interrupt callback.
  77:Drivers/STM32F2xx_HAL_Driver/Src/stm32f2xx_hal_spi.c **** 
  78:Drivers/STM32F2xx_HAL_Driver/Src/stm32f2xx_hal_spi.c ****           Function HAL_SPI_RegisterCallback() allows to register following callbacks:
  79:Drivers/STM32F2xx_HAL_Driver/Src/stm32f2xx_hal_spi.c ****             (++) TxCpltCallback        : SPI Tx Completed callback
  80:Drivers/STM32F2xx_HAL_Driver/Src/stm32f2xx_hal_spi.c ****             (++) RxCpltCallback        : SPI Rx Completed callback
  81:Drivers/STM32F2xx_HAL_Driver/Src/stm32f2xx_hal_spi.c ****             (++) TxRxCpltCallback      : SPI TxRx Completed callback
  82:Drivers/STM32F2xx_HAL_Driver/Src/stm32f2xx_hal_spi.c ****             (++) TxHalfCpltCallback    : SPI Tx Half Completed callback
  83:Drivers/STM32F2xx_HAL_Driver/Src/stm32f2xx_hal_spi.c ****             (++) RxHalfCpltCallback    : SPI Rx Half Completed callback
  84:Drivers/STM32F2xx_HAL_Driver/Src/stm32f2xx_hal_spi.c ****             (++) TxRxHalfCpltCallback  : SPI TxRx Half Completed callback
  85:Drivers/STM32F2xx_HAL_Driver/Src/stm32f2xx_hal_spi.c ****             (++) ErrorCallback         : SPI Error callback
  86:Drivers/STM32F2xx_HAL_Driver/Src/stm32f2xx_hal_spi.c ****             (++) AbortCpltCallback     : SPI Abort callback
  87:Drivers/STM32F2xx_HAL_Driver/Src/stm32f2xx_hal_spi.c ****             (++) MspInitCallback       : SPI Msp Init callback
  88:Drivers/STM32F2xx_HAL_Driver/Src/stm32f2xx_hal_spi.c ****             (++) MspDeInitCallback     : SPI Msp DeInit callback
  89:Drivers/STM32F2xx_HAL_Driver/Src/stm32f2xx_hal_spi.c ****           This function takes as parameters the HAL peripheral handle, the Callback ID
ARM GAS  /var/folders/8x/_y6g3dfs0698dfd49y4vcg_w0000gn/T//ccpNuCLH.s 			page 3


  90:Drivers/STM32F2xx_HAL_Driver/Src/stm32f2xx_hal_spi.c ****           and a pointer to the user callback function.
  91:Drivers/STM32F2xx_HAL_Driver/Src/stm32f2xx_hal_spi.c **** 
  92:Drivers/STM32F2xx_HAL_Driver/Src/stm32f2xx_hal_spi.c **** 
  93:Drivers/STM32F2xx_HAL_Driver/Src/stm32f2xx_hal_spi.c ****       (#) Use function HAL_SPI_UnRegisterCallback to reset a callback to the default
  94:Drivers/STM32F2xx_HAL_Driver/Src/stm32f2xx_hal_spi.c ****           weak function.
  95:Drivers/STM32F2xx_HAL_Driver/Src/stm32f2xx_hal_spi.c ****           HAL_SPI_UnRegisterCallback takes as parameters the HAL peripheral handle,
  96:Drivers/STM32F2xx_HAL_Driver/Src/stm32f2xx_hal_spi.c ****           and the Callback ID.
  97:Drivers/STM32F2xx_HAL_Driver/Src/stm32f2xx_hal_spi.c ****           This function allows to reset following callbacks:
  98:Drivers/STM32F2xx_HAL_Driver/Src/stm32f2xx_hal_spi.c ****             (++) TxCpltCallback        : SPI Tx Completed callback
  99:Drivers/STM32F2xx_HAL_Driver/Src/stm32f2xx_hal_spi.c ****             (++) RxCpltCallback        : SPI Rx Completed callback
 100:Drivers/STM32F2xx_HAL_Driver/Src/stm32f2xx_hal_spi.c ****             (++) TxRxCpltCallback      : SPI TxRx Completed callback
 101:Drivers/STM32F2xx_HAL_Driver/Src/stm32f2xx_hal_spi.c ****             (++) TxHalfCpltCallback    : SPI Tx Half Completed callback
 102:Drivers/STM32F2xx_HAL_Driver/Src/stm32f2xx_hal_spi.c ****             (++) RxHalfCpltCallback    : SPI Rx Half Completed callback
 103:Drivers/STM32F2xx_HAL_Driver/Src/stm32f2xx_hal_spi.c ****             (++) TxRxHalfCpltCallback  : SPI TxRx Half Completed callback
 104:Drivers/STM32F2xx_HAL_Driver/Src/stm32f2xx_hal_spi.c ****             (++) ErrorCallback         : SPI Error callback
 105:Drivers/STM32F2xx_HAL_Driver/Src/stm32f2xx_hal_spi.c ****             (++) AbortCpltCallback     : SPI Abort callback
 106:Drivers/STM32F2xx_HAL_Driver/Src/stm32f2xx_hal_spi.c ****             (++) MspInitCallback       : SPI Msp Init callback
 107:Drivers/STM32F2xx_HAL_Driver/Src/stm32f2xx_hal_spi.c ****             (++) MspDeInitCallback     : SPI Msp DeInit callback
 108:Drivers/STM32F2xx_HAL_Driver/Src/stm32f2xx_hal_spi.c **** 
 109:Drivers/STM32F2xx_HAL_Driver/Src/stm32f2xx_hal_spi.c ****        [..]
 110:Drivers/STM32F2xx_HAL_Driver/Src/stm32f2xx_hal_spi.c ****        By default, after the HAL_SPI_Init() and when the state is HAL_SPI_STATE_RESET
 111:Drivers/STM32F2xx_HAL_Driver/Src/stm32f2xx_hal_spi.c ****        all callbacks are set to the corresponding weak functions:
 112:Drivers/STM32F2xx_HAL_Driver/Src/stm32f2xx_hal_spi.c ****        examples HAL_SPI_MasterTxCpltCallback(), HAL_SPI_MasterRxCpltCallback().
 113:Drivers/STM32F2xx_HAL_Driver/Src/stm32f2xx_hal_spi.c ****        Exception done for MspInit and MspDeInit functions that are
 114:Drivers/STM32F2xx_HAL_Driver/Src/stm32f2xx_hal_spi.c ****        reset to the legacy weak functions in the HAL_SPI_Init()/ HAL_SPI_DeInit() only when
 115:Drivers/STM32F2xx_HAL_Driver/Src/stm32f2xx_hal_spi.c ****        these callbacks are null (not registered beforehand).
 116:Drivers/STM32F2xx_HAL_Driver/Src/stm32f2xx_hal_spi.c ****        If MspInit or MspDeInit are not null, the HAL_SPI_Init()/ HAL_SPI_DeInit()
 117:Drivers/STM32F2xx_HAL_Driver/Src/stm32f2xx_hal_spi.c ****        keep and use the user MspInit/MspDeInit callbacks (registered beforehand) whatever the state
 118:Drivers/STM32F2xx_HAL_Driver/Src/stm32f2xx_hal_spi.c **** 
 119:Drivers/STM32F2xx_HAL_Driver/Src/stm32f2xx_hal_spi.c ****        [..]
 120:Drivers/STM32F2xx_HAL_Driver/Src/stm32f2xx_hal_spi.c ****        Callbacks can be registered/unregistered in HAL_SPI_STATE_READY state only.
 121:Drivers/STM32F2xx_HAL_Driver/Src/stm32f2xx_hal_spi.c ****        Exception done MspInit/MspDeInit functions that can be registered/unregistered
 122:Drivers/STM32F2xx_HAL_Driver/Src/stm32f2xx_hal_spi.c ****        in HAL_SPI_STATE_READY or HAL_SPI_STATE_RESET state,
 123:Drivers/STM32F2xx_HAL_Driver/Src/stm32f2xx_hal_spi.c ****        thus registered (user) MspInit/DeInit callbacks can be used during the Init/DeInit.
 124:Drivers/STM32F2xx_HAL_Driver/Src/stm32f2xx_hal_spi.c ****        Then, the user first registers the MspInit/MspDeInit user callbacks
 125:Drivers/STM32F2xx_HAL_Driver/Src/stm32f2xx_hal_spi.c ****        using HAL_SPI_RegisterCallback() before calling HAL_SPI_DeInit()
 126:Drivers/STM32F2xx_HAL_Driver/Src/stm32f2xx_hal_spi.c ****        or HAL_SPI_Init() function.
 127:Drivers/STM32F2xx_HAL_Driver/Src/stm32f2xx_hal_spi.c **** 
 128:Drivers/STM32F2xx_HAL_Driver/Src/stm32f2xx_hal_spi.c ****        [..]
 129:Drivers/STM32F2xx_HAL_Driver/Src/stm32f2xx_hal_spi.c ****        When the compilation define USE_HAL_PPP_REGISTER_CALLBACKS is set to 0 or
 130:Drivers/STM32F2xx_HAL_Driver/Src/stm32f2xx_hal_spi.c ****        not defined, the callback registering feature is not available
 131:Drivers/STM32F2xx_HAL_Driver/Src/stm32f2xx_hal_spi.c ****        and weak (surcharged) callbacks are used.
 132:Drivers/STM32F2xx_HAL_Driver/Src/stm32f2xx_hal_spi.c **** 
 133:Drivers/STM32F2xx_HAL_Driver/Src/stm32f2xx_hal_spi.c ****      [..]
 134:Drivers/STM32F2xx_HAL_Driver/Src/stm32f2xx_hal_spi.c ****        Using the HAL it is not possible to reach all supported SPI frequency with the different SPI
 135:Drivers/STM32F2xx_HAL_Driver/Src/stm32f2xx_hal_spi.c ****        the following table resume the max SPI frequency reached with data size 8bits/16bits,
 136:Drivers/STM32F2xx_HAL_Driver/Src/stm32f2xx_hal_spi.c ****          according to frequency of the APBx Peripheral Clock (fPCLK) used by the SPI instance.
 137:Drivers/STM32F2xx_HAL_Driver/Src/stm32f2xx_hal_spi.c **** 
 138:Drivers/STM32F2xx_HAL_Driver/Src/stm32f2xx_hal_spi.c ****   @endverbatim
 139:Drivers/STM32F2xx_HAL_Driver/Src/stm32f2xx_hal_spi.c **** 
 140:Drivers/STM32F2xx_HAL_Driver/Src/stm32f2xx_hal_spi.c ****   Additional table :
 141:Drivers/STM32F2xx_HAL_Driver/Src/stm32f2xx_hal_spi.c **** 
 142:Drivers/STM32F2xx_HAL_Driver/Src/stm32f2xx_hal_spi.c ****        DataSize = SPI_DATASIZE_8BIT:
 143:Drivers/STM32F2xx_HAL_Driver/Src/stm32f2xx_hal_spi.c ****        +-------------------------------------------------------------------------------------------
 144:Drivers/STM32F2xx_HAL_Driver/Src/stm32f2xx_hal_spi.c ****        |         |                | 2Lines Fullduplex   |     2Lines RxOnly    |         1Line     
 145:Drivers/STM32F2xx_HAL_Driver/Src/stm32f2xx_hal_spi.c ****        | Process | Transfer mode  |---------------------|----------------------|-------------------
 146:Drivers/STM32F2xx_HAL_Driver/Src/stm32f2xx_hal_spi.c ****        |         |                |  Master  |  Slave   |  Master   |  Slave   |  Master   |  Slave
ARM GAS  /var/folders/8x/_y6g3dfs0698dfd49y4vcg_w0000gn/T//ccpNuCLH.s 			page 4


 147:Drivers/STM32F2xx_HAL_Driver/Src/stm32f2xx_hal_spi.c ****        |===========================================================================================
 148:Drivers/STM32F2xx_HAL_Driver/Src/stm32f2xx_hal_spi.c ****        |    T    |     Polling    | Fpclk/2  | Fpclk/2  |    NA     |    NA    |    NA     |   NA  
 149:Drivers/STM32F2xx_HAL_Driver/Src/stm32f2xx_hal_spi.c ****        |    X    |----------------|----------|----------|-----------|----------|-----------|-------
 150:Drivers/STM32F2xx_HAL_Driver/Src/stm32f2xx_hal_spi.c ****        |    /    |     Interrupt  | Fpclk/4  | Fpclk/8  |    NA     |    NA    |    NA     |   NA  
 151:Drivers/STM32F2xx_HAL_Driver/Src/stm32f2xx_hal_spi.c ****        |    R    |----------------|----------|----------|-----------|----------|-----------|-------
 152:Drivers/STM32F2xx_HAL_Driver/Src/stm32f2xx_hal_spi.c ****        |    X    |       DMA      | Fpclk/2  | Fpclk/2  |    NA     |    NA    |    NA     |   NA  
 153:Drivers/STM32F2xx_HAL_Driver/Src/stm32f2xx_hal_spi.c ****        |=========|================|==========|==========|===========|==========|===========|=======
 154:Drivers/STM32F2xx_HAL_Driver/Src/stm32f2xx_hal_spi.c ****        |         |     Polling    | Fpclk/2  | Fpclk/2  | Fpclk/64  | Fpclk/2  | Fpclk/64  | Fpclk/
 155:Drivers/STM32F2xx_HAL_Driver/Src/stm32f2xx_hal_spi.c ****        |         |----------------|----------|----------|-----------|----------|-----------|-------
 156:Drivers/STM32F2xx_HAL_Driver/Src/stm32f2xx_hal_spi.c ****        |    R    |     Interrupt  | Fpclk/8  | Fpclk/8  | Fpclk/64  | Fpclk/2  | Fpclk/64  | Fpclk/
 157:Drivers/STM32F2xx_HAL_Driver/Src/stm32f2xx_hal_spi.c ****        |    X    |----------------|----------|----------|-----------|----------|-----------|-------
 158:Drivers/STM32F2xx_HAL_Driver/Src/stm32f2xx_hal_spi.c ****        |         |       DMA      | Fpclk/2  | Fpclk/2  | Fpclk/64  | Fpclk/2  | Fpclk/128 | Fpclk/
 159:Drivers/STM32F2xx_HAL_Driver/Src/stm32f2xx_hal_spi.c ****        |=========|================|==========|==========|===========|==========|===========|=======
 160:Drivers/STM32F2xx_HAL_Driver/Src/stm32f2xx_hal_spi.c ****        |         |     Polling    | Fpclk/2  | Fpclk/4  |     NA    |    NA    | Fpclk/2   | Fpclk/
 161:Drivers/STM32F2xx_HAL_Driver/Src/stm32f2xx_hal_spi.c ****        |         |----------------|----------|----------|-----------|----------|-----------|-------
 162:Drivers/STM32F2xx_HAL_Driver/Src/stm32f2xx_hal_spi.c ****        |    T    |     Interrupt  | Fpclk/2  | Fpclk/4  |     NA    |    NA    | Fpclk/2   | Fpclk/
 163:Drivers/STM32F2xx_HAL_Driver/Src/stm32f2xx_hal_spi.c ****        |    X    |----------------|----------|----------|-----------|----------|-----------|-------
 164:Drivers/STM32F2xx_HAL_Driver/Src/stm32f2xx_hal_spi.c ****        |         |       DMA      | Fpclk/2  | Fpclk/2  |     NA    |    NA    | Fpclk/2   | Fpclk/
 165:Drivers/STM32F2xx_HAL_Driver/Src/stm32f2xx_hal_spi.c ****        +-------------------------------------------------------------------------------------------
 166:Drivers/STM32F2xx_HAL_Driver/Src/stm32f2xx_hal_spi.c **** 
 167:Drivers/STM32F2xx_HAL_Driver/Src/stm32f2xx_hal_spi.c ****        DataSize = SPI_DATASIZE_16BIT:
 168:Drivers/STM32F2xx_HAL_Driver/Src/stm32f2xx_hal_spi.c ****        +-------------------------------------------------------------------------------------------
 169:Drivers/STM32F2xx_HAL_Driver/Src/stm32f2xx_hal_spi.c ****        |         |                | 2Lines Fullduplex   |     2Lines RxOnly    |         1Line     
 170:Drivers/STM32F2xx_HAL_Driver/Src/stm32f2xx_hal_spi.c ****        | Process | Transfer mode  |---------------------|----------------------|-------------------
 171:Drivers/STM32F2xx_HAL_Driver/Src/stm32f2xx_hal_spi.c ****        |         |                |  Master  |  Slave   |  Master   |  Slave   |  Master   |  Slave
 172:Drivers/STM32F2xx_HAL_Driver/Src/stm32f2xx_hal_spi.c ****        |===========================================================================================
 173:Drivers/STM32F2xx_HAL_Driver/Src/stm32f2xx_hal_spi.c ****        |    T    |     Polling    | Fpclk/2  | Fpclk/2  |    NA     |    NA    |    NA     |   NA  
 174:Drivers/STM32F2xx_HAL_Driver/Src/stm32f2xx_hal_spi.c ****        |    X    |----------------|----------|----------|-----------|----------|-----------|-------
 175:Drivers/STM32F2xx_HAL_Driver/Src/stm32f2xx_hal_spi.c ****        |    /    |     Interrupt  | Fpclk/4  | Fpclk/4  |    NA     |    NA    |    NA     |   NA  
 176:Drivers/STM32F2xx_HAL_Driver/Src/stm32f2xx_hal_spi.c ****        |    R    |----------------|----------|----------|-----------|----------|-----------|-------
 177:Drivers/STM32F2xx_HAL_Driver/Src/stm32f2xx_hal_spi.c ****        |    X    |       DMA      | Fpclk/2  | Fpclk/2  |    NA     |    NA    |    NA     |   NA  
 178:Drivers/STM32F2xx_HAL_Driver/Src/stm32f2xx_hal_spi.c ****        |=========|================|==========|==========|===========|==========|===========|=======
 179:Drivers/STM32F2xx_HAL_Driver/Src/stm32f2xx_hal_spi.c ****        |         |     Polling    | Fpclk/2  | Fpclk/2  | Fpclk/64  | Fpclk/2  | Fpclk/32  | Fpclk/
 180:Drivers/STM32F2xx_HAL_Driver/Src/stm32f2xx_hal_spi.c ****        |         |----------------|----------|----------|-----------|----------|-----------|-------
 181:Drivers/STM32F2xx_HAL_Driver/Src/stm32f2xx_hal_spi.c ****        |    R    |     Interrupt  | Fpclk/4  | Fpclk/4  | Fpclk/64  | Fpclk/2  | Fpclk/64  | Fpclk/
 182:Drivers/STM32F2xx_HAL_Driver/Src/stm32f2xx_hal_spi.c ****        |    X    |----------------|----------|----------|-----------|----------|-----------|-------
 183:Drivers/STM32F2xx_HAL_Driver/Src/stm32f2xx_hal_spi.c ****        |         |       DMA      | Fpclk/2  | Fpclk/2  | Fpclk/64  | Fpclk/2  | Fpclk/128 | Fpclk/
 184:Drivers/STM32F2xx_HAL_Driver/Src/stm32f2xx_hal_spi.c ****        |=========|================|==========|==========|===========|==========|===========|=======
 185:Drivers/STM32F2xx_HAL_Driver/Src/stm32f2xx_hal_spi.c ****        |         |     Polling    | Fpclk/2  | Fpclk/2  |     NA    |    NA    | Fpclk/2   | Fpclk/
 186:Drivers/STM32F2xx_HAL_Driver/Src/stm32f2xx_hal_spi.c ****        |         |----------------|----------|----------|-----------|----------|-----------|-------
 187:Drivers/STM32F2xx_HAL_Driver/Src/stm32f2xx_hal_spi.c ****        |    T    |     Interrupt  | Fpclk/2  | Fpclk/2  |     NA    |    NA    | Fpclk/2   | Fpclk/
 188:Drivers/STM32F2xx_HAL_Driver/Src/stm32f2xx_hal_spi.c ****        |    X    |----------------|----------|----------|-----------|----------|-----------|-------
 189:Drivers/STM32F2xx_HAL_Driver/Src/stm32f2xx_hal_spi.c ****        |         |       DMA      | Fpclk/2  | Fpclk/2  |     NA    |    NA    | Fpclk/2   | Fpclk/
 190:Drivers/STM32F2xx_HAL_Driver/Src/stm32f2xx_hal_spi.c ****        +-------------------------------------------------------------------------------------------
 191:Drivers/STM32F2xx_HAL_Driver/Src/stm32f2xx_hal_spi.c ****        @note The max SPI frequency depend on SPI data size (8bits, 16bits),
 192:Drivers/STM32F2xx_HAL_Driver/Src/stm32f2xx_hal_spi.c ****              SPI mode(2 Lines fullduplex, 2 lines RxOnly, 1 line TX/RX) and Process mode (Polling, 
 193:Drivers/STM32F2xx_HAL_Driver/Src/stm32f2xx_hal_spi.c ****        @note
 194:Drivers/STM32F2xx_HAL_Driver/Src/stm32f2xx_hal_spi.c ****             (#) TX/RX processes are HAL_SPI_TransmitReceive(), HAL_SPI_TransmitReceive_IT() and
 195:Drivers/STM32F2xx_HAL_Driver/Src/stm32f2xx_hal_spi.c ****                 HAL_SPI_TransmitReceive_DMA()
 196:Drivers/STM32F2xx_HAL_Driver/Src/stm32f2xx_hal_spi.c ****             (#) RX processes are HAL_SPI_Receive(), HAL_SPI_Receive_IT() and HAL_SPI_Receive_DMA()
 197:Drivers/STM32F2xx_HAL_Driver/Src/stm32f2xx_hal_spi.c ****             (#) TX processes are HAL_SPI_Transmit(), HAL_SPI_Transmit_IT() and HAL_SPI_Transmit_DMA
 198:Drivers/STM32F2xx_HAL_Driver/Src/stm32f2xx_hal_spi.c **** 
 199:Drivers/STM32F2xx_HAL_Driver/Src/stm32f2xx_hal_spi.c ****   */
 200:Drivers/STM32F2xx_HAL_Driver/Src/stm32f2xx_hal_spi.c **** 
 201:Drivers/STM32F2xx_HAL_Driver/Src/stm32f2xx_hal_spi.c **** /* Includes ------------------------------------------------------------------*/
 202:Drivers/STM32F2xx_HAL_Driver/Src/stm32f2xx_hal_spi.c **** #include "stm32f2xx_hal.h"
 203:Drivers/STM32F2xx_HAL_Driver/Src/stm32f2xx_hal_spi.c **** 
ARM GAS  /var/folders/8x/_y6g3dfs0698dfd49y4vcg_w0000gn/T//ccpNuCLH.s 			page 5


 204:Drivers/STM32F2xx_HAL_Driver/Src/stm32f2xx_hal_spi.c **** /** @addtogroup STM32F2xx_HAL_Driver
 205:Drivers/STM32F2xx_HAL_Driver/Src/stm32f2xx_hal_spi.c ****   * @{
 206:Drivers/STM32F2xx_HAL_Driver/Src/stm32f2xx_hal_spi.c ****   */
 207:Drivers/STM32F2xx_HAL_Driver/Src/stm32f2xx_hal_spi.c **** 
 208:Drivers/STM32F2xx_HAL_Driver/Src/stm32f2xx_hal_spi.c **** /** @defgroup SPI SPI
 209:Drivers/STM32F2xx_HAL_Driver/Src/stm32f2xx_hal_spi.c ****   * @brief SPI HAL module driver
 210:Drivers/STM32F2xx_HAL_Driver/Src/stm32f2xx_hal_spi.c ****   * @{
 211:Drivers/STM32F2xx_HAL_Driver/Src/stm32f2xx_hal_spi.c ****   */
 212:Drivers/STM32F2xx_HAL_Driver/Src/stm32f2xx_hal_spi.c **** #ifdef HAL_SPI_MODULE_ENABLED
 213:Drivers/STM32F2xx_HAL_Driver/Src/stm32f2xx_hal_spi.c **** 
 214:Drivers/STM32F2xx_HAL_Driver/Src/stm32f2xx_hal_spi.c **** /* Private typedef -----------------------------------------------------------*/
 215:Drivers/STM32F2xx_HAL_Driver/Src/stm32f2xx_hal_spi.c **** /* Private defines -----------------------------------------------------------*/
 216:Drivers/STM32F2xx_HAL_Driver/Src/stm32f2xx_hal_spi.c **** /** @defgroup SPI_Private_Constants SPI Private Constants
 217:Drivers/STM32F2xx_HAL_Driver/Src/stm32f2xx_hal_spi.c ****   * @{
 218:Drivers/STM32F2xx_HAL_Driver/Src/stm32f2xx_hal_spi.c ****   */
 219:Drivers/STM32F2xx_HAL_Driver/Src/stm32f2xx_hal_spi.c **** #define SPI_DEFAULT_TIMEOUT 100U
 220:Drivers/STM32F2xx_HAL_Driver/Src/stm32f2xx_hal_spi.c **** /**
 221:Drivers/STM32F2xx_HAL_Driver/Src/stm32f2xx_hal_spi.c ****   * @}
 222:Drivers/STM32F2xx_HAL_Driver/Src/stm32f2xx_hal_spi.c ****   */
 223:Drivers/STM32F2xx_HAL_Driver/Src/stm32f2xx_hal_spi.c **** 
 224:Drivers/STM32F2xx_HAL_Driver/Src/stm32f2xx_hal_spi.c **** /* Private macros ------------------------------------------------------------*/
 225:Drivers/STM32F2xx_HAL_Driver/Src/stm32f2xx_hal_spi.c **** /* Private variables ---------------------------------------------------------*/
 226:Drivers/STM32F2xx_HAL_Driver/Src/stm32f2xx_hal_spi.c **** /* Private function prototypes -----------------------------------------------*/
 227:Drivers/STM32F2xx_HAL_Driver/Src/stm32f2xx_hal_spi.c **** /** @defgroup SPI_Private_Functions SPI Private Functions
 228:Drivers/STM32F2xx_HAL_Driver/Src/stm32f2xx_hal_spi.c ****   * @{
 229:Drivers/STM32F2xx_HAL_Driver/Src/stm32f2xx_hal_spi.c ****   */
 230:Drivers/STM32F2xx_HAL_Driver/Src/stm32f2xx_hal_spi.c **** static void SPI_DMATransmitCplt(DMA_HandleTypeDef *hdma);
 231:Drivers/STM32F2xx_HAL_Driver/Src/stm32f2xx_hal_spi.c **** static void SPI_DMAReceiveCplt(DMA_HandleTypeDef *hdma);
 232:Drivers/STM32F2xx_HAL_Driver/Src/stm32f2xx_hal_spi.c **** static void SPI_DMATransmitReceiveCplt(DMA_HandleTypeDef *hdma);
 233:Drivers/STM32F2xx_HAL_Driver/Src/stm32f2xx_hal_spi.c **** static void SPI_DMAHalfTransmitCplt(DMA_HandleTypeDef *hdma);
 234:Drivers/STM32F2xx_HAL_Driver/Src/stm32f2xx_hal_spi.c **** static void SPI_DMAHalfReceiveCplt(DMA_HandleTypeDef *hdma);
 235:Drivers/STM32F2xx_HAL_Driver/Src/stm32f2xx_hal_spi.c **** static void SPI_DMAHalfTransmitReceiveCplt(DMA_HandleTypeDef *hdma);
 236:Drivers/STM32F2xx_HAL_Driver/Src/stm32f2xx_hal_spi.c **** static void SPI_DMAError(DMA_HandleTypeDef *hdma);
 237:Drivers/STM32F2xx_HAL_Driver/Src/stm32f2xx_hal_spi.c **** static void SPI_DMAAbortOnError(DMA_HandleTypeDef *hdma);
 238:Drivers/STM32F2xx_HAL_Driver/Src/stm32f2xx_hal_spi.c **** static void SPI_DMATxAbortCallback(DMA_HandleTypeDef *hdma);
 239:Drivers/STM32F2xx_HAL_Driver/Src/stm32f2xx_hal_spi.c **** static void SPI_DMARxAbortCallback(DMA_HandleTypeDef *hdma);
 240:Drivers/STM32F2xx_HAL_Driver/Src/stm32f2xx_hal_spi.c **** static HAL_StatusTypeDef SPI_WaitFlagStateUntilTimeout(SPI_HandleTypeDef *hspi, uint32_t Flag, Flag
 241:Drivers/STM32F2xx_HAL_Driver/Src/stm32f2xx_hal_spi.c ****                                                        uint32_t Timeout, uint32_t Tickstart);
 242:Drivers/STM32F2xx_HAL_Driver/Src/stm32f2xx_hal_spi.c **** static void SPI_TxISR_8BIT(struct __SPI_HandleTypeDef *hspi);
 243:Drivers/STM32F2xx_HAL_Driver/Src/stm32f2xx_hal_spi.c **** static void SPI_TxISR_16BIT(struct __SPI_HandleTypeDef *hspi);
 244:Drivers/STM32F2xx_HAL_Driver/Src/stm32f2xx_hal_spi.c **** static void SPI_RxISR_8BIT(struct __SPI_HandleTypeDef *hspi);
 245:Drivers/STM32F2xx_HAL_Driver/Src/stm32f2xx_hal_spi.c **** static void SPI_RxISR_16BIT(struct __SPI_HandleTypeDef *hspi);
 246:Drivers/STM32F2xx_HAL_Driver/Src/stm32f2xx_hal_spi.c **** static void SPI_2linesRxISR_8BIT(struct __SPI_HandleTypeDef *hspi);
 247:Drivers/STM32F2xx_HAL_Driver/Src/stm32f2xx_hal_spi.c **** static void SPI_2linesTxISR_8BIT(struct __SPI_HandleTypeDef *hspi);
 248:Drivers/STM32F2xx_HAL_Driver/Src/stm32f2xx_hal_spi.c **** static void SPI_2linesTxISR_16BIT(struct __SPI_HandleTypeDef *hspi);
 249:Drivers/STM32F2xx_HAL_Driver/Src/stm32f2xx_hal_spi.c **** static void SPI_2linesRxISR_16BIT(struct __SPI_HandleTypeDef *hspi);
 250:Drivers/STM32F2xx_HAL_Driver/Src/stm32f2xx_hal_spi.c **** #if (USE_SPI_CRC != 0U)
 251:Drivers/STM32F2xx_HAL_Driver/Src/stm32f2xx_hal_spi.c **** static void SPI_RxISR_8BITCRC(struct __SPI_HandleTypeDef *hspi);
 252:Drivers/STM32F2xx_HAL_Driver/Src/stm32f2xx_hal_spi.c **** static void SPI_RxISR_16BITCRC(struct __SPI_HandleTypeDef *hspi);
 253:Drivers/STM32F2xx_HAL_Driver/Src/stm32f2xx_hal_spi.c **** static void SPI_2linesRxISR_8BITCRC(struct __SPI_HandleTypeDef *hspi);
 254:Drivers/STM32F2xx_HAL_Driver/Src/stm32f2xx_hal_spi.c **** static void SPI_2linesRxISR_16BITCRC(struct __SPI_HandleTypeDef *hspi);
 255:Drivers/STM32F2xx_HAL_Driver/Src/stm32f2xx_hal_spi.c **** #endif /* USE_SPI_CRC */
 256:Drivers/STM32F2xx_HAL_Driver/Src/stm32f2xx_hal_spi.c **** static void SPI_AbortRx_ISR(SPI_HandleTypeDef *hspi);
 257:Drivers/STM32F2xx_HAL_Driver/Src/stm32f2xx_hal_spi.c **** static void SPI_AbortTx_ISR(SPI_HandleTypeDef *hspi);
 258:Drivers/STM32F2xx_HAL_Driver/Src/stm32f2xx_hal_spi.c **** static void SPI_CloseRxTx_ISR(SPI_HandleTypeDef *hspi);
 259:Drivers/STM32F2xx_HAL_Driver/Src/stm32f2xx_hal_spi.c **** static void SPI_CloseRx_ISR(SPI_HandleTypeDef *hspi);
 260:Drivers/STM32F2xx_HAL_Driver/Src/stm32f2xx_hal_spi.c **** static void SPI_CloseTx_ISR(SPI_HandleTypeDef *hspi);
ARM GAS  /var/folders/8x/_y6g3dfs0698dfd49y4vcg_w0000gn/T//ccpNuCLH.s 			page 6


 261:Drivers/STM32F2xx_HAL_Driver/Src/stm32f2xx_hal_spi.c **** static HAL_StatusTypeDef SPI_EndRxTransaction(SPI_HandleTypeDef *hspi, uint32_t Timeout, uint32_t T
 262:Drivers/STM32F2xx_HAL_Driver/Src/stm32f2xx_hal_spi.c **** static HAL_StatusTypeDef SPI_EndRxTxTransaction(SPI_HandleTypeDef *hspi, uint32_t Timeout, uint32_t
 263:Drivers/STM32F2xx_HAL_Driver/Src/stm32f2xx_hal_spi.c **** /**
 264:Drivers/STM32F2xx_HAL_Driver/Src/stm32f2xx_hal_spi.c ****   * @}
 265:Drivers/STM32F2xx_HAL_Driver/Src/stm32f2xx_hal_spi.c ****   */
 266:Drivers/STM32F2xx_HAL_Driver/Src/stm32f2xx_hal_spi.c **** 
 267:Drivers/STM32F2xx_HAL_Driver/Src/stm32f2xx_hal_spi.c **** /* Exported functions --------------------------------------------------------*/
 268:Drivers/STM32F2xx_HAL_Driver/Src/stm32f2xx_hal_spi.c **** /** @defgroup SPI_Exported_Functions SPI Exported Functions
 269:Drivers/STM32F2xx_HAL_Driver/Src/stm32f2xx_hal_spi.c ****   * @{
 270:Drivers/STM32F2xx_HAL_Driver/Src/stm32f2xx_hal_spi.c ****   */
 271:Drivers/STM32F2xx_HAL_Driver/Src/stm32f2xx_hal_spi.c **** 
 272:Drivers/STM32F2xx_HAL_Driver/Src/stm32f2xx_hal_spi.c **** /** @defgroup SPI_Exported_Functions_Group1 Initialization and de-initialization functions
 273:Drivers/STM32F2xx_HAL_Driver/Src/stm32f2xx_hal_spi.c ****   *  @brief    Initialization and Configuration functions
 274:Drivers/STM32F2xx_HAL_Driver/Src/stm32f2xx_hal_spi.c ****   *
 275:Drivers/STM32F2xx_HAL_Driver/Src/stm32f2xx_hal_spi.c **** @verbatim
 276:Drivers/STM32F2xx_HAL_Driver/Src/stm32f2xx_hal_spi.c ****  ===============================================================================
 277:Drivers/STM32F2xx_HAL_Driver/Src/stm32f2xx_hal_spi.c ****               ##### Initialization and de-initialization functions #####
 278:Drivers/STM32F2xx_HAL_Driver/Src/stm32f2xx_hal_spi.c ****  ===============================================================================
 279:Drivers/STM32F2xx_HAL_Driver/Src/stm32f2xx_hal_spi.c ****     [..]  This subsection provides a set of functions allowing to initialize and
 280:Drivers/STM32F2xx_HAL_Driver/Src/stm32f2xx_hal_spi.c ****           de-initialize the SPIx peripheral:
 281:Drivers/STM32F2xx_HAL_Driver/Src/stm32f2xx_hal_spi.c **** 
 282:Drivers/STM32F2xx_HAL_Driver/Src/stm32f2xx_hal_spi.c ****       (+) User must implement HAL_SPI_MspInit() function in which he configures
 283:Drivers/STM32F2xx_HAL_Driver/Src/stm32f2xx_hal_spi.c ****           all related peripherals resources (CLOCK, GPIO, DMA, IT and NVIC ).
 284:Drivers/STM32F2xx_HAL_Driver/Src/stm32f2xx_hal_spi.c **** 
 285:Drivers/STM32F2xx_HAL_Driver/Src/stm32f2xx_hal_spi.c ****       (+) Call the function HAL_SPI_Init() to configure the selected device with
 286:Drivers/STM32F2xx_HAL_Driver/Src/stm32f2xx_hal_spi.c ****           the selected configuration:
 287:Drivers/STM32F2xx_HAL_Driver/Src/stm32f2xx_hal_spi.c ****         (++) Mode
 288:Drivers/STM32F2xx_HAL_Driver/Src/stm32f2xx_hal_spi.c ****         (++) Direction
 289:Drivers/STM32F2xx_HAL_Driver/Src/stm32f2xx_hal_spi.c ****         (++) Data Size
 290:Drivers/STM32F2xx_HAL_Driver/Src/stm32f2xx_hal_spi.c ****         (++) Clock Polarity and Phase
 291:Drivers/STM32F2xx_HAL_Driver/Src/stm32f2xx_hal_spi.c ****         (++) NSS Management
 292:Drivers/STM32F2xx_HAL_Driver/Src/stm32f2xx_hal_spi.c ****         (++) BaudRate Prescaler
 293:Drivers/STM32F2xx_HAL_Driver/Src/stm32f2xx_hal_spi.c ****         (++) FirstBit
 294:Drivers/STM32F2xx_HAL_Driver/Src/stm32f2xx_hal_spi.c ****         (++) TIMode
 295:Drivers/STM32F2xx_HAL_Driver/Src/stm32f2xx_hal_spi.c ****         (++) CRC Calculation
 296:Drivers/STM32F2xx_HAL_Driver/Src/stm32f2xx_hal_spi.c ****         (++) CRC Polynomial if CRC enabled
 297:Drivers/STM32F2xx_HAL_Driver/Src/stm32f2xx_hal_spi.c **** 
 298:Drivers/STM32F2xx_HAL_Driver/Src/stm32f2xx_hal_spi.c ****       (+) Call the function HAL_SPI_DeInit() to restore the default configuration
 299:Drivers/STM32F2xx_HAL_Driver/Src/stm32f2xx_hal_spi.c ****           of the selected SPIx peripheral.
 300:Drivers/STM32F2xx_HAL_Driver/Src/stm32f2xx_hal_spi.c **** 
 301:Drivers/STM32F2xx_HAL_Driver/Src/stm32f2xx_hal_spi.c **** @endverbatim
 302:Drivers/STM32F2xx_HAL_Driver/Src/stm32f2xx_hal_spi.c ****   * @{
 303:Drivers/STM32F2xx_HAL_Driver/Src/stm32f2xx_hal_spi.c ****   */
 304:Drivers/STM32F2xx_HAL_Driver/Src/stm32f2xx_hal_spi.c **** 
 305:Drivers/STM32F2xx_HAL_Driver/Src/stm32f2xx_hal_spi.c **** /**
 306:Drivers/STM32F2xx_HAL_Driver/Src/stm32f2xx_hal_spi.c ****   * @brief  Initialize the SPI according to the specified parameters
 307:Drivers/STM32F2xx_HAL_Driver/Src/stm32f2xx_hal_spi.c ****   *         in the SPI_InitTypeDef and initialize the associated handle.
 308:Drivers/STM32F2xx_HAL_Driver/Src/stm32f2xx_hal_spi.c ****   * @param  hspi pointer to a SPI_HandleTypeDef structure that contains
 309:Drivers/STM32F2xx_HAL_Driver/Src/stm32f2xx_hal_spi.c ****   *               the configuration information for SPI module.
 310:Drivers/STM32F2xx_HAL_Driver/Src/stm32f2xx_hal_spi.c ****   * @retval HAL status
 311:Drivers/STM32F2xx_HAL_Driver/Src/stm32f2xx_hal_spi.c ****   */
 312:Drivers/STM32F2xx_HAL_Driver/Src/stm32f2xx_hal_spi.c **** HAL_StatusTypeDef HAL_SPI_Init(SPI_HandleTypeDef *hspi)
 313:Drivers/STM32F2xx_HAL_Driver/Src/stm32f2xx_hal_spi.c **** {
 314:Drivers/STM32F2xx_HAL_Driver/Src/stm32f2xx_hal_spi.c ****   /* Check the SPI handle allocation */
 315:Drivers/STM32F2xx_HAL_Driver/Src/stm32f2xx_hal_spi.c ****   if (hspi == NULL)
 316:Drivers/STM32F2xx_HAL_Driver/Src/stm32f2xx_hal_spi.c ****   {
 317:Drivers/STM32F2xx_HAL_Driver/Src/stm32f2xx_hal_spi.c ****     return HAL_ERROR;
ARM GAS  /var/folders/8x/_y6g3dfs0698dfd49y4vcg_w0000gn/T//ccpNuCLH.s 			page 7


 318:Drivers/STM32F2xx_HAL_Driver/Src/stm32f2xx_hal_spi.c ****   }
 319:Drivers/STM32F2xx_HAL_Driver/Src/stm32f2xx_hal_spi.c **** 
 320:Drivers/STM32F2xx_HAL_Driver/Src/stm32f2xx_hal_spi.c ****   /* Check the parameters */
 321:Drivers/STM32F2xx_HAL_Driver/Src/stm32f2xx_hal_spi.c ****   assert_param(IS_SPI_ALL_INSTANCE(hspi->Instance));
 322:Drivers/STM32F2xx_HAL_Driver/Src/stm32f2xx_hal_spi.c ****   assert_param(IS_SPI_MODE(hspi->Init.Mode));
 323:Drivers/STM32F2xx_HAL_Driver/Src/stm32f2xx_hal_spi.c ****   assert_param(IS_SPI_DIRECTION(hspi->Init.Direction));
 324:Drivers/STM32F2xx_HAL_Driver/Src/stm32f2xx_hal_spi.c ****   assert_param(IS_SPI_DATASIZE(hspi->Init.DataSize));
 325:Drivers/STM32F2xx_HAL_Driver/Src/stm32f2xx_hal_spi.c ****   assert_param(IS_SPI_NSS(hspi->Init.NSS));
 326:Drivers/STM32F2xx_HAL_Driver/Src/stm32f2xx_hal_spi.c ****   assert_param(IS_SPI_BAUDRATE_PRESCALER(hspi->Init.BaudRatePrescaler));
 327:Drivers/STM32F2xx_HAL_Driver/Src/stm32f2xx_hal_spi.c ****   assert_param(IS_SPI_FIRST_BIT(hspi->Init.FirstBit));
 328:Drivers/STM32F2xx_HAL_Driver/Src/stm32f2xx_hal_spi.c ****   assert_param(IS_SPI_TIMODE(hspi->Init.TIMode));
 329:Drivers/STM32F2xx_HAL_Driver/Src/stm32f2xx_hal_spi.c ****   if (hspi->Init.TIMode == SPI_TIMODE_DISABLE)
 330:Drivers/STM32F2xx_HAL_Driver/Src/stm32f2xx_hal_spi.c ****   {
 331:Drivers/STM32F2xx_HAL_Driver/Src/stm32f2xx_hal_spi.c ****     assert_param(IS_SPI_CPOL(hspi->Init.CLKPolarity));
 332:Drivers/STM32F2xx_HAL_Driver/Src/stm32f2xx_hal_spi.c ****     assert_param(IS_SPI_CPHA(hspi->Init.CLKPhase));
 333:Drivers/STM32F2xx_HAL_Driver/Src/stm32f2xx_hal_spi.c **** 
 334:Drivers/STM32F2xx_HAL_Driver/Src/stm32f2xx_hal_spi.c ****     if (hspi->Init.Mode == SPI_MODE_MASTER)
 335:Drivers/STM32F2xx_HAL_Driver/Src/stm32f2xx_hal_spi.c ****     {
 336:Drivers/STM32F2xx_HAL_Driver/Src/stm32f2xx_hal_spi.c ****       assert_param(IS_SPI_BAUDRATE_PRESCALER(hspi->Init.BaudRatePrescaler));
 337:Drivers/STM32F2xx_HAL_Driver/Src/stm32f2xx_hal_spi.c ****     }
 338:Drivers/STM32F2xx_HAL_Driver/Src/stm32f2xx_hal_spi.c ****     else
 339:Drivers/STM32F2xx_HAL_Driver/Src/stm32f2xx_hal_spi.c ****     {
 340:Drivers/STM32F2xx_HAL_Driver/Src/stm32f2xx_hal_spi.c ****       /* Baudrate prescaler not use in Motoraola Slave mode. force to default value */
 341:Drivers/STM32F2xx_HAL_Driver/Src/stm32f2xx_hal_spi.c ****       hspi->Init.BaudRatePrescaler = SPI_BAUDRATEPRESCALER_2;
 342:Drivers/STM32F2xx_HAL_Driver/Src/stm32f2xx_hal_spi.c ****     }
 343:Drivers/STM32F2xx_HAL_Driver/Src/stm32f2xx_hal_spi.c ****   }
 344:Drivers/STM32F2xx_HAL_Driver/Src/stm32f2xx_hal_spi.c ****   else
 345:Drivers/STM32F2xx_HAL_Driver/Src/stm32f2xx_hal_spi.c ****   {
 346:Drivers/STM32F2xx_HAL_Driver/Src/stm32f2xx_hal_spi.c ****     assert_param(IS_SPI_BAUDRATE_PRESCALER(hspi->Init.BaudRatePrescaler));
 347:Drivers/STM32F2xx_HAL_Driver/Src/stm32f2xx_hal_spi.c **** 
 348:Drivers/STM32F2xx_HAL_Driver/Src/stm32f2xx_hal_spi.c ****     /* Force polarity and phase to TI protocaol requirements */
 349:Drivers/STM32F2xx_HAL_Driver/Src/stm32f2xx_hal_spi.c ****     hspi->Init.CLKPolarity = SPI_POLARITY_LOW;
 350:Drivers/STM32F2xx_HAL_Driver/Src/stm32f2xx_hal_spi.c ****     hspi->Init.CLKPhase    = SPI_PHASE_1EDGE;
 351:Drivers/STM32F2xx_HAL_Driver/Src/stm32f2xx_hal_spi.c ****   }
 352:Drivers/STM32F2xx_HAL_Driver/Src/stm32f2xx_hal_spi.c **** #if (USE_SPI_CRC != 0U)
 353:Drivers/STM32F2xx_HAL_Driver/Src/stm32f2xx_hal_spi.c ****   assert_param(IS_SPI_CRC_CALCULATION(hspi->Init.CRCCalculation));
 354:Drivers/STM32F2xx_HAL_Driver/Src/stm32f2xx_hal_spi.c ****   if (hspi->Init.CRCCalculation == SPI_CRCCALCULATION_ENABLE)
 355:Drivers/STM32F2xx_HAL_Driver/Src/stm32f2xx_hal_spi.c ****   {
 356:Drivers/STM32F2xx_HAL_Driver/Src/stm32f2xx_hal_spi.c ****     assert_param(IS_SPI_CRC_POLYNOMIAL(hspi->Init.CRCPolynomial));
 357:Drivers/STM32F2xx_HAL_Driver/Src/stm32f2xx_hal_spi.c ****   }
 358:Drivers/STM32F2xx_HAL_Driver/Src/stm32f2xx_hal_spi.c **** #else
 359:Drivers/STM32F2xx_HAL_Driver/Src/stm32f2xx_hal_spi.c ****   hspi->Init.CRCCalculation = SPI_CRCCALCULATION_DISABLE;
 360:Drivers/STM32F2xx_HAL_Driver/Src/stm32f2xx_hal_spi.c **** #endif /* USE_SPI_CRC */
 361:Drivers/STM32F2xx_HAL_Driver/Src/stm32f2xx_hal_spi.c **** 
 362:Drivers/STM32F2xx_HAL_Driver/Src/stm32f2xx_hal_spi.c ****   if (hspi->State == HAL_SPI_STATE_RESET)
 363:Drivers/STM32F2xx_HAL_Driver/Src/stm32f2xx_hal_spi.c ****   {
 364:Drivers/STM32F2xx_HAL_Driver/Src/stm32f2xx_hal_spi.c ****     /* Allocate lock resource and initialize it */
 365:Drivers/STM32F2xx_HAL_Driver/Src/stm32f2xx_hal_spi.c ****     hspi->Lock = HAL_UNLOCKED;
 366:Drivers/STM32F2xx_HAL_Driver/Src/stm32f2xx_hal_spi.c **** 
 367:Drivers/STM32F2xx_HAL_Driver/Src/stm32f2xx_hal_spi.c **** #if (USE_HAL_SPI_REGISTER_CALLBACKS == 1U)
 368:Drivers/STM32F2xx_HAL_Driver/Src/stm32f2xx_hal_spi.c ****     /* Init the SPI Callback settings */
 369:Drivers/STM32F2xx_HAL_Driver/Src/stm32f2xx_hal_spi.c ****     hspi->TxCpltCallback       = HAL_SPI_TxCpltCallback;       /* Legacy weak TxCpltCallback       
 370:Drivers/STM32F2xx_HAL_Driver/Src/stm32f2xx_hal_spi.c ****     hspi->RxCpltCallback       = HAL_SPI_RxCpltCallback;       /* Legacy weak RxCpltCallback       
 371:Drivers/STM32F2xx_HAL_Driver/Src/stm32f2xx_hal_spi.c ****     hspi->TxRxCpltCallback     = HAL_SPI_TxRxCpltCallback;     /* Legacy weak TxRxCpltCallback     
 372:Drivers/STM32F2xx_HAL_Driver/Src/stm32f2xx_hal_spi.c ****     hspi->TxHalfCpltCallback   = HAL_SPI_TxHalfCpltCallback;   /* Legacy weak TxHalfCpltCallback   
 373:Drivers/STM32F2xx_HAL_Driver/Src/stm32f2xx_hal_spi.c ****     hspi->RxHalfCpltCallback   = HAL_SPI_RxHalfCpltCallback;   /* Legacy weak RxHalfCpltCallback   
 374:Drivers/STM32F2xx_HAL_Driver/Src/stm32f2xx_hal_spi.c ****     hspi->TxRxHalfCpltCallback = HAL_SPI_TxRxHalfCpltCallback; /* Legacy weak TxRxHalfCpltCallback 
ARM GAS  /var/folders/8x/_y6g3dfs0698dfd49y4vcg_w0000gn/T//ccpNuCLH.s 			page 8


 375:Drivers/STM32F2xx_HAL_Driver/Src/stm32f2xx_hal_spi.c ****     hspi->ErrorCallback        = HAL_SPI_ErrorCallback;        /* Legacy weak ErrorCallback        
 376:Drivers/STM32F2xx_HAL_Driver/Src/stm32f2xx_hal_spi.c ****     hspi->AbortCpltCallback    = HAL_SPI_AbortCpltCallback;    /* Legacy weak AbortCpltCallback    
 377:Drivers/STM32F2xx_HAL_Driver/Src/stm32f2xx_hal_spi.c **** 
 378:Drivers/STM32F2xx_HAL_Driver/Src/stm32f2xx_hal_spi.c ****     if (hspi->MspInitCallback == NULL)
 379:Drivers/STM32F2xx_HAL_Driver/Src/stm32f2xx_hal_spi.c ****     {
 380:Drivers/STM32F2xx_HAL_Driver/Src/stm32f2xx_hal_spi.c ****       hspi->MspInitCallback = HAL_SPI_MspInit; /* Legacy weak MspInit  */
 381:Drivers/STM32F2xx_HAL_Driver/Src/stm32f2xx_hal_spi.c ****     }
 382:Drivers/STM32F2xx_HAL_Driver/Src/stm32f2xx_hal_spi.c **** 
 383:Drivers/STM32F2xx_HAL_Driver/Src/stm32f2xx_hal_spi.c ****     /* Init the low level hardware : GPIO, CLOCK, NVIC... */
 384:Drivers/STM32F2xx_HAL_Driver/Src/stm32f2xx_hal_spi.c ****     hspi->MspInitCallback(hspi);
 385:Drivers/STM32F2xx_HAL_Driver/Src/stm32f2xx_hal_spi.c **** #else
 386:Drivers/STM32F2xx_HAL_Driver/Src/stm32f2xx_hal_spi.c ****     /* Init the low level hardware : GPIO, CLOCK, NVIC... */
 387:Drivers/STM32F2xx_HAL_Driver/Src/stm32f2xx_hal_spi.c ****     HAL_SPI_MspInit(hspi);
 388:Drivers/STM32F2xx_HAL_Driver/Src/stm32f2xx_hal_spi.c **** #endif /* USE_HAL_SPI_REGISTER_CALLBACKS */
 389:Drivers/STM32F2xx_HAL_Driver/Src/stm32f2xx_hal_spi.c ****   }
 390:Drivers/STM32F2xx_HAL_Driver/Src/stm32f2xx_hal_spi.c **** 
 391:Drivers/STM32F2xx_HAL_Driver/Src/stm32f2xx_hal_spi.c ****   hspi->State = HAL_SPI_STATE_BUSY;
 392:Drivers/STM32F2xx_HAL_Driver/Src/stm32f2xx_hal_spi.c **** 
 393:Drivers/STM32F2xx_HAL_Driver/Src/stm32f2xx_hal_spi.c ****   /* Disable the selected SPI peripheral */
 394:Drivers/STM32F2xx_HAL_Driver/Src/stm32f2xx_hal_spi.c ****   __HAL_SPI_DISABLE(hspi);
 395:Drivers/STM32F2xx_HAL_Driver/Src/stm32f2xx_hal_spi.c **** 
 396:Drivers/STM32F2xx_HAL_Driver/Src/stm32f2xx_hal_spi.c ****   /*----------------------- SPIx CR1 & CR2 Configuration ---------------------*/
 397:Drivers/STM32F2xx_HAL_Driver/Src/stm32f2xx_hal_spi.c ****   /* Configure : SPI Mode, Communication Mode, Data size, Clock polarity and phase, NSS management,
 398:Drivers/STM32F2xx_HAL_Driver/Src/stm32f2xx_hal_spi.c ****   Communication speed, First bit and CRC calculation state */
 399:Drivers/STM32F2xx_HAL_Driver/Src/stm32f2xx_hal_spi.c ****   WRITE_REG(hspi->Instance->CR1, ((hspi->Init.Mode & (SPI_CR1_MSTR | SPI_CR1_SSI)) |
 400:Drivers/STM32F2xx_HAL_Driver/Src/stm32f2xx_hal_spi.c ****                                   (hspi->Init.Direction & (SPI_CR1_RXONLY | SPI_CR1_BIDIMODE)) |
 401:Drivers/STM32F2xx_HAL_Driver/Src/stm32f2xx_hal_spi.c ****                                   (hspi->Init.DataSize & SPI_CR1_DFF) |
 402:Drivers/STM32F2xx_HAL_Driver/Src/stm32f2xx_hal_spi.c ****                                   (hspi->Init.CLKPolarity & SPI_CR1_CPOL) |
 403:Drivers/STM32F2xx_HAL_Driver/Src/stm32f2xx_hal_spi.c ****                                   (hspi->Init.CLKPhase & SPI_CR1_CPHA) |
 404:Drivers/STM32F2xx_HAL_Driver/Src/stm32f2xx_hal_spi.c ****                                   (hspi->Init.NSS & SPI_CR1_SSM) |
 405:Drivers/STM32F2xx_HAL_Driver/Src/stm32f2xx_hal_spi.c ****                                   (hspi->Init.BaudRatePrescaler & SPI_CR1_BR_Msk) |
 406:Drivers/STM32F2xx_HAL_Driver/Src/stm32f2xx_hal_spi.c ****                                   (hspi->Init.FirstBit  & SPI_CR1_LSBFIRST) |
 407:Drivers/STM32F2xx_HAL_Driver/Src/stm32f2xx_hal_spi.c ****                                   (hspi->Init.CRCCalculation & SPI_CR1_CRCEN)));
 408:Drivers/STM32F2xx_HAL_Driver/Src/stm32f2xx_hal_spi.c **** 
 409:Drivers/STM32F2xx_HAL_Driver/Src/stm32f2xx_hal_spi.c ****   /* Configure : NSS management, TI Mode */
 410:Drivers/STM32F2xx_HAL_Driver/Src/stm32f2xx_hal_spi.c ****   WRITE_REG(hspi->Instance->CR2, (((hspi->Init.NSS >> 16U) & SPI_CR2_SSOE) | (hspi->Init.TIMode & S
 411:Drivers/STM32F2xx_HAL_Driver/Src/stm32f2xx_hal_spi.c **** 
 412:Drivers/STM32F2xx_HAL_Driver/Src/stm32f2xx_hal_spi.c **** #if (USE_SPI_CRC != 0U)
 413:Drivers/STM32F2xx_HAL_Driver/Src/stm32f2xx_hal_spi.c ****   /*---------------------------- SPIx CRCPOLY Configuration ------------------*/
 414:Drivers/STM32F2xx_HAL_Driver/Src/stm32f2xx_hal_spi.c ****   /* Configure : CRC Polynomial */
 415:Drivers/STM32F2xx_HAL_Driver/Src/stm32f2xx_hal_spi.c ****   if (hspi->Init.CRCCalculation == SPI_CRCCALCULATION_ENABLE)
 416:Drivers/STM32F2xx_HAL_Driver/Src/stm32f2xx_hal_spi.c ****   {
 417:Drivers/STM32F2xx_HAL_Driver/Src/stm32f2xx_hal_spi.c ****     WRITE_REG(hspi->Instance->CRCPR, (hspi->Init.CRCPolynomial & SPI_CRCPR_CRCPOLY_Msk));
 418:Drivers/STM32F2xx_HAL_Driver/Src/stm32f2xx_hal_spi.c ****   }
 419:Drivers/STM32F2xx_HAL_Driver/Src/stm32f2xx_hal_spi.c **** #endif /* USE_SPI_CRC */
 420:Drivers/STM32F2xx_HAL_Driver/Src/stm32f2xx_hal_spi.c **** 
 421:Drivers/STM32F2xx_HAL_Driver/Src/stm32f2xx_hal_spi.c **** #if defined(SPI_I2SCFGR_I2SMOD)
 422:Drivers/STM32F2xx_HAL_Driver/Src/stm32f2xx_hal_spi.c ****   /* Activate the SPI mode (Make sure that I2SMOD bit in I2SCFGR register is reset) */
 423:Drivers/STM32F2xx_HAL_Driver/Src/stm32f2xx_hal_spi.c ****   CLEAR_BIT(hspi->Instance->I2SCFGR, SPI_I2SCFGR_I2SMOD);
 424:Drivers/STM32F2xx_HAL_Driver/Src/stm32f2xx_hal_spi.c **** #endif /* SPI_I2SCFGR_I2SMOD */
 425:Drivers/STM32F2xx_HAL_Driver/Src/stm32f2xx_hal_spi.c **** 
 426:Drivers/STM32F2xx_HAL_Driver/Src/stm32f2xx_hal_spi.c ****   hspi->ErrorCode = HAL_SPI_ERROR_NONE;
 427:Drivers/STM32F2xx_HAL_Driver/Src/stm32f2xx_hal_spi.c ****   hspi->State     = HAL_SPI_STATE_READY;
 428:Drivers/STM32F2xx_HAL_Driver/Src/stm32f2xx_hal_spi.c **** 
 429:Drivers/STM32F2xx_HAL_Driver/Src/stm32f2xx_hal_spi.c ****   return HAL_OK;
 430:Drivers/STM32F2xx_HAL_Driver/Src/stm32f2xx_hal_spi.c **** }
 431:Drivers/STM32F2xx_HAL_Driver/Src/stm32f2xx_hal_spi.c **** 
ARM GAS  /var/folders/8x/_y6g3dfs0698dfd49y4vcg_w0000gn/T//ccpNuCLH.s 			page 9


 432:Drivers/STM32F2xx_HAL_Driver/Src/stm32f2xx_hal_spi.c **** /**
 433:Drivers/STM32F2xx_HAL_Driver/Src/stm32f2xx_hal_spi.c ****   * @brief  De-Initialize the SPI peripheral.
 434:Drivers/STM32F2xx_HAL_Driver/Src/stm32f2xx_hal_spi.c ****   * @param  hspi pointer to a SPI_HandleTypeDef structure that contains
 435:Drivers/STM32F2xx_HAL_Driver/Src/stm32f2xx_hal_spi.c ****   *               the configuration information for SPI module.
 436:Drivers/STM32F2xx_HAL_Driver/Src/stm32f2xx_hal_spi.c ****   * @retval HAL status
 437:Drivers/STM32F2xx_HAL_Driver/Src/stm32f2xx_hal_spi.c ****   */
 438:Drivers/STM32F2xx_HAL_Driver/Src/stm32f2xx_hal_spi.c **** HAL_StatusTypeDef HAL_SPI_DeInit(SPI_HandleTypeDef *hspi)
 439:Drivers/STM32F2xx_HAL_Driver/Src/stm32f2xx_hal_spi.c **** {
 440:Drivers/STM32F2xx_HAL_Driver/Src/stm32f2xx_hal_spi.c ****   /* Check the SPI handle allocation */
 441:Drivers/STM32F2xx_HAL_Driver/Src/stm32f2xx_hal_spi.c ****   if (hspi == NULL)
 442:Drivers/STM32F2xx_HAL_Driver/Src/stm32f2xx_hal_spi.c ****   {
 443:Drivers/STM32F2xx_HAL_Driver/Src/stm32f2xx_hal_spi.c ****     return HAL_ERROR;
 444:Drivers/STM32F2xx_HAL_Driver/Src/stm32f2xx_hal_spi.c ****   }
 445:Drivers/STM32F2xx_HAL_Driver/Src/stm32f2xx_hal_spi.c **** 
 446:Drivers/STM32F2xx_HAL_Driver/Src/stm32f2xx_hal_spi.c ****   /* Check SPI Instance parameter */
 447:Drivers/STM32F2xx_HAL_Driver/Src/stm32f2xx_hal_spi.c ****   assert_param(IS_SPI_ALL_INSTANCE(hspi->Instance));
 448:Drivers/STM32F2xx_HAL_Driver/Src/stm32f2xx_hal_spi.c **** 
 449:Drivers/STM32F2xx_HAL_Driver/Src/stm32f2xx_hal_spi.c ****   hspi->State = HAL_SPI_STATE_BUSY;
 450:Drivers/STM32F2xx_HAL_Driver/Src/stm32f2xx_hal_spi.c **** 
 451:Drivers/STM32F2xx_HAL_Driver/Src/stm32f2xx_hal_spi.c ****   /* Disable the SPI Peripheral Clock */
 452:Drivers/STM32F2xx_HAL_Driver/Src/stm32f2xx_hal_spi.c ****   __HAL_SPI_DISABLE(hspi);
 453:Drivers/STM32F2xx_HAL_Driver/Src/stm32f2xx_hal_spi.c **** 
 454:Drivers/STM32F2xx_HAL_Driver/Src/stm32f2xx_hal_spi.c **** #if (USE_HAL_SPI_REGISTER_CALLBACKS == 1U)
 455:Drivers/STM32F2xx_HAL_Driver/Src/stm32f2xx_hal_spi.c ****   if (hspi->MspDeInitCallback == NULL)
 456:Drivers/STM32F2xx_HAL_Driver/Src/stm32f2xx_hal_spi.c ****   {
 457:Drivers/STM32F2xx_HAL_Driver/Src/stm32f2xx_hal_spi.c ****     hspi->MspDeInitCallback = HAL_SPI_MspDeInit; /* Legacy weak MspDeInit  */
 458:Drivers/STM32F2xx_HAL_Driver/Src/stm32f2xx_hal_spi.c ****   }
 459:Drivers/STM32F2xx_HAL_Driver/Src/stm32f2xx_hal_spi.c **** 
 460:Drivers/STM32F2xx_HAL_Driver/Src/stm32f2xx_hal_spi.c ****   /* DeInit the low level hardware: GPIO, CLOCK, NVIC... */
 461:Drivers/STM32F2xx_HAL_Driver/Src/stm32f2xx_hal_spi.c ****   hspi->MspDeInitCallback(hspi);
 462:Drivers/STM32F2xx_HAL_Driver/Src/stm32f2xx_hal_spi.c **** #else
 463:Drivers/STM32F2xx_HAL_Driver/Src/stm32f2xx_hal_spi.c ****   /* DeInit the low level hardware: GPIO, CLOCK, NVIC... */
 464:Drivers/STM32F2xx_HAL_Driver/Src/stm32f2xx_hal_spi.c ****   HAL_SPI_MspDeInit(hspi);
 465:Drivers/STM32F2xx_HAL_Driver/Src/stm32f2xx_hal_spi.c **** #endif /* USE_HAL_SPI_REGISTER_CALLBACKS */
 466:Drivers/STM32F2xx_HAL_Driver/Src/stm32f2xx_hal_spi.c **** 
 467:Drivers/STM32F2xx_HAL_Driver/Src/stm32f2xx_hal_spi.c ****   hspi->ErrorCode = HAL_SPI_ERROR_NONE;
 468:Drivers/STM32F2xx_HAL_Driver/Src/stm32f2xx_hal_spi.c ****   hspi->State = HAL_SPI_STATE_RESET;
 469:Drivers/STM32F2xx_HAL_Driver/Src/stm32f2xx_hal_spi.c **** 
 470:Drivers/STM32F2xx_HAL_Driver/Src/stm32f2xx_hal_spi.c ****   /* Release Lock */
 471:Drivers/STM32F2xx_HAL_Driver/Src/stm32f2xx_hal_spi.c ****   __HAL_UNLOCK(hspi);
 472:Drivers/STM32F2xx_HAL_Driver/Src/stm32f2xx_hal_spi.c **** 
 473:Drivers/STM32F2xx_HAL_Driver/Src/stm32f2xx_hal_spi.c ****   return HAL_OK;
 474:Drivers/STM32F2xx_HAL_Driver/Src/stm32f2xx_hal_spi.c **** }
 475:Drivers/STM32F2xx_HAL_Driver/Src/stm32f2xx_hal_spi.c **** 
 476:Drivers/STM32F2xx_HAL_Driver/Src/stm32f2xx_hal_spi.c **** /**
 477:Drivers/STM32F2xx_HAL_Driver/Src/stm32f2xx_hal_spi.c ****   * @brief  Initialize the SPI MSP.
 478:Drivers/STM32F2xx_HAL_Driver/Src/stm32f2xx_hal_spi.c ****   * @param  hspi pointer to a SPI_HandleTypeDef structure that contains
 479:Drivers/STM32F2xx_HAL_Driver/Src/stm32f2xx_hal_spi.c ****   *               the configuration information for SPI module.
 480:Drivers/STM32F2xx_HAL_Driver/Src/stm32f2xx_hal_spi.c ****   * @retval None
 481:Drivers/STM32F2xx_HAL_Driver/Src/stm32f2xx_hal_spi.c ****   */
 482:Drivers/STM32F2xx_HAL_Driver/Src/stm32f2xx_hal_spi.c **** __weak void HAL_SPI_MspInit(SPI_HandleTypeDef *hspi)
 483:Drivers/STM32F2xx_HAL_Driver/Src/stm32f2xx_hal_spi.c **** {
 484:Drivers/STM32F2xx_HAL_Driver/Src/stm32f2xx_hal_spi.c ****   /* Prevent unused argument(s) compilation warning */
 485:Drivers/STM32F2xx_HAL_Driver/Src/stm32f2xx_hal_spi.c ****   UNUSED(hspi);
 486:Drivers/STM32F2xx_HAL_Driver/Src/stm32f2xx_hal_spi.c **** 
 487:Drivers/STM32F2xx_HAL_Driver/Src/stm32f2xx_hal_spi.c ****   /* NOTE : This function should not be modified, when the callback is needed,
 488:Drivers/STM32F2xx_HAL_Driver/Src/stm32f2xx_hal_spi.c ****             the HAL_SPI_MspInit should be implemented in the user file
ARM GAS  /var/folders/8x/_y6g3dfs0698dfd49y4vcg_w0000gn/T//ccpNuCLH.s 			page 10


 489:Drivers/STM32F2xx_HAL_Driver/Src/stm32f2xx_hal_spi.c ****    */
 490:Drivers/STM32F2xx_HAL_Driver/Src/stm32f2xx_hal_spi.c **** }
 491:Drivers/STM32F2xx_HAL_Driver/Src/stm32f2xx_hal_spi.c **** 
 492:Drivers/STM32F2xx_HAL_Driver/Src/stm32f2xx_hal_spi.c **** /**
 493:Drivers/STM32F2xx_HAL_Driver/Src/stm32f2xx_hal_spi.c ****   * @brief  De-Initialize the SPI MSP.
 494:Drivers/STM32F2xx_HAL_Driver/Src/stm32f2xx_hal_spi.c ****   * @param  hspi pointer to a SPI_HandleTypeDef structure that contains
 495:Drivers/STM32F2xx_HAL_Driver/Src/stm32f2xx_hal_spi.c ****   *               the configuration information for SPI module.
 496:Drivers/STM32F2xx_HAL_Driver/Src/stm32f2xx_hal_spi.c ****   * @retval None
 497:Drivers/STM32F2xx_HAL_Driver/Src/stm32f2xx_hal_spi.c ****   */
 498:Drivers/STM32F2xx_HAL_Driver/Src/stm32f2xx_hal_spi.c **** __weak void HAL_SPI_MspDeInit(SPI_HandleTypeDef *hspi)
 499:Drivers/STM32F2xx_HAL_Driver/Src/stm32f2xx_hal_spi.c **** {
 500:Drivers/STM32F2xx_HAL_Driver/Src/stm32f2xx_hal_spi.c ****   /* Prevent unused argument(s) compilation warning */
 501:Drivers/STM32F2xx_HAL_Driver/Src/stm32f2xx_hal_spi.c ****   UNUSED(hspi);
 502:Drivers/STM32F2xx_HAL_Driver/Src/stm32f2xx_hal_spi.c **** 
 503:Drivers/STM32F2xx_HAL_Driver/Src/stm32f2xx_hal_spi.c ****   /* NOTE : This function should not be modified, when the callback is needed,
 504:Drivers/STM32F2xx_HAL_Driver/Src/stm32f2xx_hal_spi.c ****             the HAL_SPI_MspDeInit should be implemented in the user file
 505:Drivers/STM32F2xx_HAL_Driver/Src/stm32f2xx_hal_spi.c ****    */
 506:Drivers/STM32F2xx_HAL_Driver/Src/stm32f2xx_hal_spi.c **** }
 507:Drivers/STM32F2xx_HAL_Driver/Src/stm32f2xx_hal_spi.c **** 
 508:Drivers/STM32F2xx_HAL_Driver/Src/stm32f2xx_hal_spi.c **** #if (USE_HAL_SPI_REGISTER_CALLBACKS == 1U)
 509:Drivers/STM32F2xx_HAL_Driver/Src/stm32f2xx_hal_spi.c **** /**
 510:Drivers/STM32F2xx_HAL_Driver/Src/stm32f2xx_hal_spi.c ****   * @brief  Register a User SPI Callback
 511:Drivers/STM32F2xx_HAL_Driver/Src/stm32f2xx_hal_spi.c ****   *         To be used instead of the weak predefined callback
 512:Drivers/STM32F2xx_HAL_Driver/Src/stm32f2xx_hal_spi.c ****   * @param  hspi Pointer to a SPI_HandleTypeDef structure that contains
 513:Drivers/STM32F2xx_HAL_Driver/Src/stm32f2xx_hal_spi.c ****   *                the configuration information for the specified SPI.
 514:Drivers/STM32F2xx_HAL_Driver/Src/stm32f2xx_hal_spi.c ****   * @param  CallbackID ID of the callback to be registered
 515:Drivers/STM32F2xx_HAL_Driver/Src/stm32f2xx_hal_spi.c ****   * @param  pCallback pointer to the Callback function
 516:Drivers/STM32F2xx_HAL_Driver/Src/stm32f2xx_hal_spi.c ****   * @retval HAL status
 517:Drivers/STM32F2xx_HAL_Driver/Src/stm32f2xx_hal_spi.c ****   */
 518:Drivers/STM32F2xx_HAL_Driver/Src/stm32f2xx_hal_spi.c **** HAL_StatusTypeDef HAL_SPI_RegisterCallback(SPI_HandleTypeDef *hspi, HAL_SPI_CallbackIDTypeDef Callb
 519:Drivers/STM32F2xx_HAL_Driver/Src/stm32f2xx_hal_spi.c ****                                            pSPI_CallbackTypeDef pCallback)
 520:Drivers/STM32F2xx_HAL_Driver/Src/stm32f2xx_hal_spi.c **** {
 521:Drivers/STM32F2xx_HAL_Driver/Src/stm32f2xx_hal_spi.c ****   HAL_StatusTypeDef status = HAL_OK;
 522:Drivers/STM32F2xx_HAL_Driver/Src/stm32f2xx_hal_spi.c **** 
 523:Drivers/STM32F2xx_HAL_Driver/Src/stm32f2xx_hal_spi.c ****   if (pCallback == NULL)
 524:Drivers/STM32F2xx_HAL_Driver/Src/stm32f2xx_hal_spi.c ****   {
 525:Drivers/STM32F2xx_HAL_Driver/Src/stm32f2xx_hal_spi.c ****     /* Update the error code */
 526:Drivers/STM32F2xx_HAL_Driver/Src/stm32f2xx_hal_spi.c ****     hspi->ErrorCode |= HAL_SPI_ERROR_INVALID_CALLBACK;
 527:Drivers/STM32F2xx_HAL_Driver/Src/stm32f2xx_hal_spi.c **** 
 528:Drivers/STM32F2xx_HAL_Driver/Src/stm32f2xx_hal_spi.c ****     return HAL_ERROR;
 529:Drivers/STM32F2xx_HAL_Driver/Src/stm32f2xx_hal_spi.c ****   }
 530:Drivers/STM32F2xx_HAL_Driver/Src/stm32f2xx_hal_spi.c ****   /* Process locked */
 531:Drivers/STM32F2xx_HAL_Driver/Src/stm32f2xx_hal_spi.c ****   __HAL_LOCK(hspi);
 532:Drivers/STM32F2xx_HAL_Driver/Src/stm32f2xx_hal_spi.c **** 
 533:Drivers/STM32F2xx_HAL_Driver/Src/stm32f2xx_hal_spi.c ****   if (HAL_SPI_STATE_READY == hspi->State)
 534:Drivers/STM32F2xx_HAL_Driver/Src/stm32f2xx_hal_spi.c ****   {
 535:Drivers/STM32F2xx_HAL_Driver/Src/stm32f2xx_hal_spi.c ****     switch (CallbackID)
 536:Drivers/STM32F2xx_HAL_Driver/Src/stm32f2xx_hal_spi.c ****     {
 537:Drivers/STM32F2xx_HAL_Driver/Src/stm32f2xx_hal_spi.c ****       case HAL_SPI_TX_COMPLETE_CB_ID :
 538:Drivers/STM32F2xx_HAL_Driver/Src/stm32f2xx_hal_spi.c ****         hspi->TxCpltCallback = pCallback;
 539:Drivers/STM32F2xx_HAL_Driver/Src/stm32f2xx_hal_spi.c ****         break;
 540:Drivers/STM32F2xx_HAL_Driver/Src/stm32f2xx_hal_spi.c **** 
 541:Drivers/STM32F2xx_HAL_Driver/Src/stm32f2xx_hal_spi.c ****       case HAL_SPI_RX_COMPLETE_CB_ID :
 542:Drivers/STM32F2xx_HAL_Driver/Src/stm32f2xx_hal_spi.c ****         hspi->RxCpltCallback = pCallback;
 543:Drivers/STM32F2xx_HAL_Driver/Src/stm32f2xx_hal_spi.c ****         break;
 544:Drivers/STM32F2xx_HAL_Driver/Src/stm32f2xx_hal_spi.c **** 
 545:Drivers/STM32F2xx_HAL_Driver/Src/stm32f2xx_hal_spi.c ****       case HAL_SPI_TX_RX_COMPLETE_CB_ID :
ARM GAS  /var/folders/8x/_y6g3dfs0698dfd49y4vcg_w0000gn/T//ccpNuCLH.s 			page 11


 546:Drivers/STM32F2xx_HAL_Driver/Src/stm32f2xx_hal_spi.c ****         hspi->TxRxCpltCallback = pCallback;
 547:Drivers/STM32F2xx_HAL_Driver/Src/stm32f2xx_hal_spi.c ****         break;
 548:Drivers/STM32F2xx_HAL_Driver/Src/stm32f2xx_hal_spi.c **** 
 549:Drivers/STM32F2xx_HAL_Driver/Src/stm32f2xx_hal_spi.c ****       case HAL_SPI_TX_HALF_COMPLETE_CB_ID :
 550:Drivers/STM32F2xx_HAL_Driver/Src/stm32f2xx_hal_spi.c ****         hspi->TxHalfCpltCallback = pCallback;
 551:Drivers/STM32F2xx_HAL_Driver/Src/stm32f2xx_hal_spi.c ****         break;
 552:Drivers/STM32F2xx_HAL_Driver/Src/stm32f2xx_hal_spi.c **** 
 553:Drivers/STM32F2xx_HAL_Driver/Src/stm32f2xx_hal_spi.c ****       case HAL_SPI_RX_HALF_COMPLETE_CB_ID :
 554:Drivers/STM32F2xx_HAL_Driver/Src/stm32f2xx_hal_spi.c ****         hspi->RxHalfCpltCallback = pCallback;
 555:Drivers/STM32F2xx_HAL_Driver/Src/stm32f2xx_hal_spi.c ****         break;
 556:Drivers/STM32F2xx_HAL_Driver/Src/stm32f2xx_hal_spi.c **** 
 557:Drivers/STM32F2xx_HAL_Driver/Src/stm32f2xx_hal_spi.c ****       case HAL_SPI_TX_RX_HALF_COMPLETE_CB_ID :
 558:Drivers/STM32F2xx_HAL_Driver/Src/stm32f2xx_hal_spi.c ****         hspi->TxRxHalfCpltCallback = pCallback;
 559:Drivers/STM32F2xx_HAL_Driver/Src/stm32f2xx_hal_spi.c ****         break;
 560:Drivers/STM32F2xx_HAL_Driver/Src/stm32f2xx_hal_spi.c **** 
 561:Drivers/STM32F2xx_HAL_Driver/Src/stm32f2xx_hal_spi.c ****       case HAL_SPI_ERROR_CB_ID :
 562:Drivers/STM32F2xx_HAL_Driver/Src/stm32f2xx_hal_spi.c ****         hspi->ErrorCallback = pCallback;
 563:Drivers/STM32F2xx_HAL_Driver/Src/stm32f2xx_hal_spi.c ****         break;
 564:Drivers/STM32F2xx_HAL_Driver/Src/stm32f2xx_hal_spi.c **** 
 565:Drivers/STM32F2xx_HAL_Driver/Src/stm32f2xx_hal_spi.c ****       case HAL_SPI_ABORT_CB_ID :
 566:Drivers/STM32F2xx_HAL_Driver/Src/stm32f2xx_hal_spi.c ****         hspi->AbortCpltCallback = pCallback;
 567:Drivers/STM32F2xx_HAL_Driver/Src/stm32f2xx_hal_spi.c ****         break;
 568:Drivers/STM32F2xx_HAL_Driver/Src/stm32f2xx_hal_spi.c **** 
 569:Drivers/STM32F2xx_HAL_Driver/Src/stm32f2xx_hal_spi.c ****       case HAL_SPI_MSPINIT_CB_ID :
 570:Drivers/STM32F2xx_HAL_Driver/Src/stm32f2xx_hal_spi.c ****         hspi->MspInitCallback = pCallback;
 571:Drivers/STM32F2xx_HAL_Driver/Src/stm32f2xx_hal_spi.c ****         break;
 572:Drivers/STM32F2xx_HAL_Driver/Src/stm32f2xx_hal_spi.c **** 
 573:Drivers/STM32F2xx_HAL_Driver/Src/stm32f2xx_hal_spi.c ****       case HAL_SPI_MSPDEINIT_CB_ID :
 574:Drivers/STM32F2xx_HAL_Driver/Src/stm32f2xx_hal_spi.c ****         hspi->MspDeInitCallback = pCallback;
 575:Drivers/STM32F2xx_HAL_Driver/Src/stm32f2xx_hal_spi.c ****         break;
 576:Drivers/STM32F2xx_HAL_Driver/Src/stm32f2xx_hal_spi.c **** 
 577:Drivers/STM32F2xx_HAL_Driver/Src/stm32f2xx_hal_spi.c ****       default :
 578:Drivers/STM32F2xx_HAL_Driver/Src/stm32f2xx_hal_spi.c ****         /* Update the error code */
 579:Drivers/STM32F2xx_HAL_Driver/Src/stm32f2xx_hal_spi.c ****         SET_BIT(hspi->ErrorCode, HAL_SPI_ERROR_INVALID_CALLBACK);
 580:Drivers/STM32F2xx_HAL_Driver/Src/stm32f2xx_hal_spi.c **** 
 581:Drivers/STM32F2xx_HAL_Driver/Src/stm32f2xx_hal_spi.c ****         /* Return error status */
 582:Drivers/STM32F2xx_HAL_Driver/Src/stm32f2xx_hal_spi.c ****         status =  HAL_ERROR;
 583:Drivers/STM32F2xx_HAL_Driver/Src/stm32f2xx_hal_spi.c ****         break;
 584:Drivers/STM32F2xx_HAL_Driver/Src/stm32f2xx_hal_spi.c ****     }
 585:Drivers/STM32F2xx_HAL_Driver/Src/stm32f2xx_hal_spi.c ****   }
 586:Drivers/STM32F2xx_HAL_Driver/Src/stm32f2xx_hal_spi.c ****   else if (HAL_SPI_STATE_RESET == hspi->State)
 587:Drivers/STM32F2xx_HAL_Driver/Src/stm32f2xx_hal_spi.c ****   {
 588:Drivers/STM32F2xx_HAL_Driver/Src/stm32f2xx_hal_spi.c ****     switch (CallbackID)
 589:Drivers/STM32F2xx_HAL_Driver/Src/stm32f2xx_hal_spi.c ****     {
 590:Drivers/STM32F2xx_HAL_Driver/Src/stm32f2xx_hal_spi.c ****       case HAL_SPI_MSPINIT_CB_ID :
 591:Drivers/STM32F2xx_HAL_Driver/Src/stm32f2xx_hal_spi.c ****         hspi->MspInitCallback = pCallback;
 592:Drivers/STM32F2xx_HAL_Driver/Src/stm32f2xx_hal_spi.c ****         break;
 593:Drivers/STM32F2xx_HAL_Driver/Src/stm32f2xx_hal_spi.c **** 
 594:Drivers/STM32F2xx_HAL_Driver/Src/stm32f2xx_hal_spi.c ****       case HAL_SPI_MSPDEINIT_CB_ID :
 595:Drivers/STM32F2xx_HAL_Driver/Src/stm32f2xx_hal_spi.c ****         hspi->MspDeInitCallback = pCallback;
 596:Drivers/STM32F2xx_HAL_Driver/Src/stm32f2xx_hal_spi.c ****         break;
 597:Drivers/STM32F2xx_HAL_Driver/Src/stm32f2xx_hal_spi.c **** 
 598:Drivers/STM32F2xx_HAL_Driver/Src/stm32f2xx_hal_spi.c ****       default :
 599:Drivers/STM32F2xx_HAL_Driver/Src/stm32f2xx_hal_spi.c ****         /* Update the error code */
 600:Drivers/STM32F2xx_HAL_Driver/Src/stm32f2xx_hal_spi.c ****         SET_BIT(hspi->ErrorCode, HAL_SPI_ERROR_INVALID_CALLBACK);
 601:Drivers/STM32F2xx_HAL_Driver/Src/stm32f2xx_hal_spi.c **** 
 602:Drivers/STM32F2xx_HAL_Driver/Src/stm32f2xx_hal_spi.c ****         /* Return error status */
ARM GAS  /var/folders/8x/_y6g3dfs0698dfd49y4vcg_w0000gn/T//ccpNuCLH.s 			page 12


 603:Drivers/STM32F2xx_HAL_Driver/Src/stm32f2xx_hal_spi.c ****         status =  HAL_ERROR;
 604:Drivers/STM32F2xx_HAL_Driver/Src/stm32f2xx_hal_spi.c ****         break;
 605:Drivers/STM32F2xx_HAL_Driver/Src/stm32f2xx_hal_spi.c ****     }
 606:Drivers/STM32F2xx_HAL_Driver/Src/stm32f2xx_hal_spi.c ****   }
 607:Drivers/STM32F2xx_HAL_Driver/Src/stm32f2xx_hal_spi.c ****   else
 608:Drivers/STM32F2xx_HAL_Driver/Src/stm32f2xx_hal_spi.c ****   {
 609:Drivers/STM32F2xx_HAL_Driver/Src/stm32f2xx_hal_spi.c ****     /* Update the error code */
 610:Drivers/STM32F2xx_HAL_Driver/Src/stm32f2xx_hal_spi.c ****     SET_BIT(hspi->ErrorCode, HAL_SPI_ERROR_INVALID_CALLBACK);
 611:Drivers/STM32F2xx_HAL_Driver/Src/stm32f2xx_hal_spi.c **** 
 612:Drivers/STM32F2xx_HAL_Driver/Src/stm32f2xx_hal_spi.c ****     /* Return error status */
 613:Drivers/STM32F2xx_HAL_Driver/Src/stm32f2xx_hal_spi.c ****     status =  HAL_ERROR;
 614:Drivers/STM32F2xx_HAL_Driver/Src/stm32f2xx_hal_spi.c ****   }
 615:Drivers/STM32F2xx_HAL_Driver/Src/stm32f2xx_hal_spi.c **** 
 616:Drivers/STM32F2xx_HAL_Driver/Src/stm32f2xx_hal_spi.c ****   /* Release Lock */
 617:Drivers/STM32F2xx_HAL_Driver/Src/stm32f2xx_hal_spi.c ****   __HAL_UNLOCK(hspi);
 618:Drivers/STM32F2xx_HAL_Driver/Src/stm32f2xx_hal_spi.c ****   return status;
 619:Drivers/STM32F2xx_HAL_Driver/Src/stm32f2xx_hal_spi.c **** }
 620:Drivers/STM32F2xx_HAL_Driver/Src/stm32f2xx_hal_spi.c **** 
 621:Drivers/STM32F2xx_HAL_Driver/Src/stm32f2xx_hal_spi.c **** /**
 622:Drivers/STM32F2xx_HAL_Driver/Src/stm32f2xx_hal_spi.c ****   * @brief  Unregister an SPI Callback
 623:Drivers/STM32F2xx_HAL_Driver/Src/stm32f2xx_hal_spi.c ****   *         SPI callback is redirected to the weak predefined callback
 624:Drivers/STM32F2xx_HAL_Driver/Src/stm32f2xx_hal_spi.c ****   * @param  hspi Pointer to a SPI_HandleTypeDef structure that contains
 625:Drivers/STM32F2xx_HAL_Driver/Src/stm32f2xx_hal_spi.c ****   *                the configuration information for the specified SPI.
 626:Drivers/STM32F2xx_HAL_Driver/Src/stm32f2xx_hal_spi.c ****   * @param  CallbackID ID of the callback to be unregistered
 627:Drivers/STM32F2xx_HAL_Driver/Src/stm32f2xx_hal_spi.c ****   * @retval HAL status
 628:Drivers/STM32F2xx_HAL_Driver/Src/stm32f2xx_hal_spi.c ****   */
 629:Drivers/STM32F2xx_HAL_Driver/Src/stm32f2xx_hal_spi.c **** HAL_StatusTypeDef HAL_SPI_UnRegisterCallback(SPI_HandleTypeDef *hspi, HAL_SPI_CallbackIDTypeDef Cal
 630:Drivers/STM32F2xx_HAL_Driver/Src/stm32f2xx_hal_spi.c **** {
 631:Drivers/STM32F2xx_HAL_Driver/Src/stm32f2xx_hal_spi.c ****   HAL_StatusTypeDef status = HAL_OK;
 632:Drivers/STM32F2xx_HAL_Driver/Src/stm32f2xx_hal_spi.c **** 
 633:Drivers/STM32F2xx_HAL_Driver/Src/stm32f2xx_hal_spi.c ****   /* Process locked */
 634:Drivers/STM32F2xx_HAL_Driver/Src/stm32f2xx_hal_spi.c ****   __HAL_LOCK(hspi);
 635:Drivers/STM32F2xx_HAL_Driver/Src/stm32f2xx_hal_spi.c **** 
 636:Drivers/STM32F2xx_HAL_Driver/Src/stm32f2xx_hal_spi.c ****   if (HAL_SPI_STATE_READY == hspi->State)
 637:Drivers/STM32F2xx_HAL_Driver/Src/stm32f2xx_hal_spi.c ****   {
 638:Drivers/STM32F2xx_HAL_Driver/Src/stm32f2xx_hal_spi.c ****     switch (CallbackID)
 639:Drivers/STM32F2xx_HAL_Driver/Src/stm32f2xx_hal_spi.c ****     {
 640:Drivers/STM32F2xx_HAL_Driver/Src/stm32f2xx_hal_spi.c ****       case HAL_SPI_TX_COMPLETE_CB_ID :
 641:Drivers/STM32F2xx_HAL_Driver/Src/stm32f2xx_hal_spi.c ****         hspi->TxCpltCallback = HAL_SPI_TxCpltCallback;             /* Legacy weak TxCpltCallback   
 642:Drivers/STM32F2xx_HAL_Driver/Src/stm32f2xx_hal_spi.c ****         break;
 643:Drivers/STM32F2xx_HAL_Driver/Src/stm32f2xx_hal_spi.c **** 
 644:Drivers/STM32F2xx_HAL_Driver/Src/stm32f2xx_hal_spi.c ****       case HAL_SPI_RX_COMPLETE_CB_ID :
 645:Drivers/STM32F2xx_HAL_Driver/Src/stm32f2xx_hal_spi.c ****         hspi->RxCpltCallback = HAL_SPI_RxCpltCallback;             /* Legacy weak RxCpltCallback   
 646:Drivers/STM32F2xx_HAL_Driver/Src/stm32f2xx_hal_spi.c ****         break;
 647:Drivers/STM32F2xx_HAL_Driver/Src/stm32f2xx_hal_spi.c **** 
 648:Drivers/STM32F2xx_HAL_Driver/Src/stm32f2xx_hal_spi.c ****       case HAL_SPI_TX_RX_COMPLETE_CB_ID :
 649:Drivers/STM32F2xx_HAL_Driver/Src/stm32f2xx_hal_spi.c ****         hspi->TxRxCpltCallback = HAL_SPI_TxRxCpltCallback;         /* Legacy weak TxRxCpltCallback 
 650:Drivers/STM32F2xx_HAL_Driver/Src/stm32f2xx_hal_spi.c ****         break;
 651:Drivers/STM32F2xx_HAL_Driver/Src/stm32f2xx_hal_spi.c **** 
 652:Drivers/STM32F2xx_HAL_Driver/Src/stm32f2xx_hal_spi.c ****       case HAL_SPI_TX_HALF_COMPLETE_CB_ID :
 653:Drivers/STM32F2xx_HAL_Driver/Src/stm32f2xx_hal_spi.c ****         hspi->TxHalfCpltCallback = HAL_SPI_TxHalfCpltCallback;     /* Legacy weak TxHalfCpltCallbac
 654:Drivers/STM32F2xx_HAL_Driver/Src/stm32f2xx_hal_spi.c ****         break;
 655:Drivers/STM32F2xx_HAL_Driver/Src/stm32f2xx_hal_spi.c **** 
 656:Drivers/STM32F2xx_HAL_Driver/Src/stm32f2xx_hal_spi.c ****       case HAL_SPI_RX_HALF_COMPLETE_CB_ID :
 657:Drivers/STM32F2xx_HAL_Driver/Src/stm32f2xx_hal_spi.c ****         hspi->RxHalfCpltCallback = HAL_SPI_RxHalfCpltCallback;     /* Legacy weak RxHalfCpltCallbac
 658:Drivers/STM32F2xx_HAL_Driver/Src/stm32f2xx_hal_spi.c ****         break;
 659:Drivers/STM32F2xx_HAL_Driver/Src/stm32f2xx_hal_spi.c **** 
ARM GAS  /var/folders/8x/_y6g3dfs0698dfd49y4vcg_w0000gn/T//ccpNuCLH.s 			page 13


 660:Drivers/STM32F2xx_HAL_Driver/Src/stm32f2xx_hal_spi.c ****       case HAL_SPI_TX_RX_HALF_COMPLETE_CB_ID :
 661:Drivers/STM32F2xx_HAL_Driver/Src/stm32f2xx_hal_spi.c ****         hspi->TxRxHalfCpltCallback = HAL_SPI_TxRxHalfCpltCallback; /* Legacy weak TxRxHalfCpltCallb
 662:Drivers/STM32F2xx_HAL_Driver/Src/stm32f2xx_hal_spi.c ****         break;
 663:Drivers/STM32F2xx_HAL_Driver/Src/stm32f2xx_hal_spi.c **** 
 664:Drivers/STM32F2xx_HAL_Driver/Src/stm32f2xx_hal_spi.c ****       case HAL_SPI_ERROR_CB_ID :
 665:Drivers/STM32F2xx_HAL_Driver/Src/stm32f2xx_hal_spi.c ****         hspi->ErrorCallback = HAL_SPI_ErrorCallback;               /* Legacy weak ErrorCallback    
 666:Drivers/STM32F2xx_HAL_Driver/Src/stm32f2xx_hal_spi.c ****         break;
 667:Drivers/STM32F2xx_HAL_Driver/Src/stm32f2xx_hal_spi.c **** 
 668:Drivers/STM32F2xx_HAL_Driver/Src/stm32f2xx_hal_spi.c ****       case HAL_SPI_ABORT_CB_ID :
 669:Drivers/STM32F2xx_HAL_Driver/Src/stm32f2xx_hal_spi.c ****         hspi->AbortCpltCallback = HAL_SPI_AbortCpltCallback;       /* Legacy weak AbortCpltCallback
 670:Drivers/STM32F2xx_HAL_Driver/Src/stm32f2xx_hal_spi.c ****         break;
 671:Drivers/STM32F2xx_HAL_Driver/Src/stm32f2xx_hal_spi.c **** 
 672:Drivers/STM32F2xx_HAL_Driver/Src/stm32f2xx_hal_spi.c ****       case HAL_SPI_MSPINIT_CB_ID :
 673:Drivers/STM32F2xx_HAL_Driver/Src/stm32f2xx_hal_spi.c ****         hspi->MspInitCallback = HAL_SPI_MspInit;                   /* Legacy weak MspInit          
 674:Drivers/STM32F2xx_HAL_Driver/Src/stm32f2xx_hal_spi.c ****         break;
 675:Drivers/STM32F2xx_HAL_Driver/Src/stm32f2xx_hal_spi.c **** 
 676:Drivers/STM32F2xx_HAL_Driver/Src/stm32f2xx_hal_spi.c ****       case HAL_SPI_MSPDEINIT_CB_ID :
 677:Drivers/STM32F2xx_HAL_Driver/Src/stm32f2xx_hal_spi.c ****         hspi->MspDeInitCallback = HAL_SPI_MspDeInit;               /* Legacy weak MspDeInit        
 678:Drivers/STM32F2xx_HAL_Driver/Src/stm32f2xx_hal_spi.c ****         break;
 679:Drivers/STM32F2xx_HAL_Driver/Src/stm32f2xx_hal_spi.c **** 
 680:Drivers/STM32F2xx_HAL_Driver/Src/stm32f2xx_hal_spi.c ****       default :
 681:Drivers/STM32F2xx_HAL_Driver/Src/stm32f2xx_hal_spi.c ****         /* Update the error code */
 682:Drivers/STM32F2xx_HAL_Driver/Src/stm32f2xx_hal_spi.c ****         SET_BIT(hspi->ErrorCode, HAL_SPI_ERROR_INVALID_CALLBACK);
 683:Drivers/STM32F2xx_HAL_Driver/Src/stm32f2xx_hal_spi.c **** 
 684:Drivers/STM32F2xx_HAL_Driver/Src/stm32f2xx_hal_spi.c ****         /* Return error status */
 685:Drivers/STM32F2xx_HAL_Driver/Src/stm32f2xx_hal_spi.c ****         status =  HAL_ERROR;
 686:Drivers/STM32F2xx_HAL_Driver/Src/stm32f2xx_hal_spi.c ****         break;
 687:Drivers/STM32F2xx_HAL_Driver/Src/stm32f2xx_hal_spi.c ****     }
 688:Drivers/STM32F2xx_HAL_Driver/Src/stm32f2xx_hal_spi.c ****   }
 689:Drivers/STM32F2xx_HAL_Driver/Src/stm32f2xx_hal_spi.c ****   else if (HAL_SPI_STATE_RESET == hspi->State)
 690:Drivers/STM32F2xx_HAL_Driver/Src/stm32f2xx_hal_spi.c ****   {
 691:Drivers/STM32F2xx_HAL_Driver/Src/stm32f2xx_hal_spi.c ****     switch (CallbackID)
 692:Drivers/STM32F2xx_HAL_Driver/Src/stm32f2xx_hal_spi.c ****     {
 693:Drivers/STM32F2xx_HAL_Driver/Src/stm32f2xx_hal_spi.c ****       case HAL_SPI_MSPINIT_CB_ID :
 694:Drivers/STM32F2xx_HAL_Driver/Src/stm32f2xx_hal_spi.c ****         hspi->MspInitCallback = HAL_SPI_MspInit;                   /* Legacy weak MspInit          
 695:Drivers/STM32F2xx_HAL_Driver/Src/stm32f2xx_hal_spi.c ****         break;
 696:Drivers/STM32F2xx_HAL_Driver/Src/stm32f2xx_hal_spi.c **** 
 697:Drivers/STM32F2xx_HAL_Driver/Src/stm32f2xx_hal_spi.c ****       case HAL_SPI_MSPDEINIT_CB_ID :
 698:Drivers/STM32F2xx_HAL_Driver/Src/stm32f2xx_hal_spi.c ****         hspi->MspDeInitCallback = HAL_SPI_MspDeInit;               /* Legacy weak MspDeInit        
 699:Drivers/STM32F2xx_HAL_Driver/Src/stm32f2xx_hal_spi.c ****         break;
 700:Drivers/STM32F2xx_HAL_Driver/Src/stm32f2xx_hal_spi.c **** 
 701:Drivers/STM32F2xx_HAL_Driver/Src/stm32f2xx_hal_spi.c ****       default :
 702:Drivers/STM32F2xx_HAL_Driver/Src/stm32f2xx_hal_spi.c ****         /* Update the error code */
 703:Drivers/STM32F2xx_HAL_Driver/Src/stm32f2xx_hal_spi.c ****         SET_BIT(hspi->ErrorCode, HAL_SPI_ERROR_INVALID_CALLBACK);
 704:Drivers/STM32F2xx_HAL_Driver/Src/stm32f2xx_hal_spi.c **** 
 705:Drivers/STM32F2xx_HAL_Driver/Src/stm32f2xx_hal_spi.c ****         /* Return error status */
 706:Drivers/STM32F2xx_HAL_Driver/Src/stm32f2xx_hal_spi.c ****         status =  HAL_ERROR;
 707:Drivers/STM32F2xx_HAL_Driver/Src/stm32f2xx_hal_spi.c ****         break;
 708:Drivers/STM32F2xx_HAL_Driver/Src/stm32f2xx_hal_spi.c ****     }
 709:Drivers/STM32F2xx_HAL_Driver/Src/stm32f2xx_hal_spi.c ****   }
 710:Drivers/STM32F2xx_HAL_Driver/Src/stm32f2xx_hal_spi.c ****   else
 711:Drivers/STM32F2xx_HAL_Driver/Src/stm32f2xx_hal_spi.c ****   {
 712:Drivers/STM32F2xx_HAL_Driver/Src/stm32f2xx_hal_spi.c ****     /* Update the error code */
 713:Drivers/STM32F2xx_HAL_Driver/Src/stm32f2xx_hal_spi.c ****     SET_BIT(hspi->ErrorCode, HAL_SPI_ERROR_INVALID_CALLBACK);
 714:Drivers/STM32F2xx_HAL_Driver/Src/stm32f2xx_hal_spi.c **** 
 715:Drivers/STM32F2xx_HAL_Driver/Src/stm32f2xx_hal_spi.c ****     /* Return error status */
 716:Drivers/STM32F2xx_HAL_Driver/Src/stm32f2xx_hal_spi.c ****     status =  HAL_ERROR;
ARM GAS  /var/folders/8x/_y6g3dfs0698dfd49y4vcg_w0000gn/T//ccpNuCLH.s 			page 14


 717:Drivers/STM32F2xx_HAL_Driver/Src/stm32f2xx_hal_spi.c ****   }
 718:Drivers/STM32F2xx_HAL_Driver/Src/stm32f2xx_hal_spi.c **** 
 719:Drivers/STM32F2xx_HAL_Driver/Src/stm32f2xx_hal_spi.c ****   /* Release Lock */
 720:Drivers/STM32F2xx_HAL_Driver/Src/stm32f2xx_hal_spi.c ****   __HAL_UNLOCK(hspi);
 721:Drivers/STM32F2xx_HAL_Driver/Src/stm32f2xx_hal_spi.c ****   return status;
 722:Drivers/STM32F2xx_HAL_Driver/Src/stm32f2xx_hal_spi.c **** }
 723:Drivers/STM32F2xx_HAL_Driver/Src/stm32f2xx_hal_spi.c **** #endif /* USE_HAL_SPI_REGISTER_CALLBACKS */
 724:Drivers/STM32F2xx_HAL_Driver/Src/stm32f2xx_hal_spi.c **** /**
 725:Drivers/STM32F2xx_HAL_Driver/Src/stm32f2xx_hal_spi.c ****   * @}
 726:Drivers/STM32F2xx_HAL_Driver/Src/stm32f2xx_hal_spi.c ****   */
 727:Drivers/STM32F2xx_HAL_Driver/Src/stm32f2xx_hal_spi.c **** 
 728:Drivers/STM32F2xx_HAL_Driver/Src/stm32f2xx_hal_spi.c **** /** @defgroup SPI_Exported_Functions_Group2 IO operation functions
 729:Drivers/STM32F2xx_HAL_Driver/Src/stm32f2xx_hal_spi.c ****   *  @brief   Data transfers functions
 730:Drivers/STM32F2xx_HAL_Driver/Src/stm32f2xx_hal_spi.c ****   *
 731:Drivers/STM32F2xx_HAL_Driver/Src/stm32f2xx_hal_spi.c **** @verbatim
 732:Drivers/STM32F2xx_HAL_Driver/Src/stm32f2xx_hal_spi.c ****   ==============================================================================
 733:Drivers/STM32F2xx_HAL_Driver/Src/stm32f2xx_hal_spi.c ****                       ##### IO operation functions #####
 734:Drivers/STM32F2xx_HAL_Driver/Src/stm32f2xx_hal_spi.c ****  ===============================================================================
 735:Drivers/STM32F2xx_HAL_Driver/Src/stm32f2xx_hal_spi.c ****  [..]
 736:Drivers/STM32F2xx_HAL_Driver/Src/stm32f2xx_hal_spi.c ****     This subsection provides a set of functions allowing to manage the SPI
 737:Drivers/STM32F2xx_HAL_Driver/Src/stm32f2xx_hal_spi.c ****     data transfers.
 738:Drivers/STM32F2xx_HAL_Driver/Src/stm32f2xx_hal_spi.c **** 
 739:Drivers/STM32F2xx_HAL_Driver/Src/stm32f2xx_hal_spi.c ****     [..] The SPI supports master and slave mode :
 740:Drivers/STM32F2xx_HAL_Driver/Src/stm32f2xx_hal_spi.c **** 
 741:Drivers/STM32F2xx_HAL_Driver/Src/stm32f2xx_hal_spi.c ****     (#) There are two modes of transfer:
 742:Drivers/STM32F2xx_HAL_Driver/Src/stm32f2xx_hal_spi.c ****        (++) Blocking mode: The communication is performed in polling mode.
 743:Drivers/STM32F2xx_HAL_Driver/Src/stm32f2xx_hal_spi.c ****             The HAL status of all data processing is returned by the same function
 744:Drivers/STM32F2xx_HAL_Driver/Src/stm32f2xx_hal_spi.c ****             after finishing transfer.
 745:Drivers/STM32F2xx_HAL_Driver/Src/stm32f2xx_hal_spi.c ****        (++) No-Blocking mode: The communication is performed using Interrupts
 746:Drivers/STM32F2xx_HAL_Driver/Src/stm32f2xx_hal_spi.c ****             or DMA, These APIs return the HAL status.
 747:Drivers/STM32F2xx_HAL_Driver/Src/stm32f2xx_hal_spi.c ****             The end of the data processing will be indicated through the
 748:Drivers/STM32F2xx_HAL_Driver/Src/stm32f2xx_hal_spi.c ****             dedicated SPI IRQ when using Interrupt mode or the DMA IRQ when
 749:Drivers/STM32F2xx_HAL_Driver/Src/stm32f2xx_hal_spi.c ****             using DMA mode.
 750:Drivers/STM32F2xx_HAL_Driver/Src/stm32f2xx_hal_spi.c ****             The HAL_SPI_TxCpltCallback(), HAL_SPI_RxCpltCallback() and HAL_SPI_TxRxCpltCallback() u
 751:Drivers/STM32F2xx_HAL_Driver/Src/stm32f2xx_hal_spi.c ****             will be executed respectively at the end of the transmit or Receive process
 752:Drivers/STM32F2xx_HAL_Driver/Src/stm32f2xx_hal_spi.c ****             The HAL_SPI_ErrorCallback()user callback will be executed when a communication error is
 753:Drivers/STM32F2xx_HAL_Driver/Src/stm32f2xx_hal_spi.c **** 
 754:Drivers/STM32F2xx_HAL_Driver/Src/stm32f2xx_hal_spi.c ****     (#) APIs provided for these 2 transfer modes (Blocking mode or Non blocking mode using either I
 755:Drivers/STM32F2xx_HAL_Driver/Src/stm32f2xx_hal_spi.c ****         exist for 1Line (simplex) and 2Lines (full duplex) modes.
 756:Drivers/STM32F2xx_HAL_Driver/Src/stm32f2xx_hal_spi.c **** 
 757:Drivers/STM32F2xx_HAL_Driver/Src/stm32f2xx_hal_spi.c **** @endverbatim
 758:Drivers/STM32F2xx_HAL_Driver/Src/stm32f2xx_hal_spi.c ****   * @{
 759:Drivers/STM32F2xx_HAL_Driver/Src/stm32f2xx_hal_spi.c ****   */
 760:Drivers/STM32F2xx_HAL_Driver/Src/stm32f2xx_hal_spi.c **** 
 761:Drivers/STM32F2xx_HAL_Driver/Src/stm32f2xx_hal_spi.c **** /**
 762:Drivers/STM32F2xx_HAL_Driver/Src/stm32f2xx_hal_spi.c ****   * @brief  Transmit an amount of data in blocking mode.
 763:Drivers/STM32F2xx_HAL_Driver/Src/stm32f2xx_hal_spi.c ****   * @param  hspi pointer to a SPI_HandleTypeDef structure that contains
 764:Drivers/STM32F2xx_HAL_Driver/Src/stm32f2xx_hal_spi.c ****   *               the configuration information for SPI module.
 765:Drivers/STM32F2xx_HAL_Driver/Src/stm32f2xx_hal_spi.c ****   * @param  pData pointer to data buffer
 766:Drivers/STM32F2xx_HAL_Driver/Src/stm32f2xx_hal_spi.c ****   * @param  Size amount of data to be sent
 767:Drivers/STM32F2xx_HAL_Driver/Src/stm32f2xx_hal_spi.c ****   * @param  Timeout Timeout duration
 768:Drivers/STM32F2xx_HAL_Driver/Src/stm32f2xx_hal_spi.c ****   * @retval HAL status
 769:Drivers/STM32F2xx_HAL_Driver/Src/stm32f2xx_hal_spi.c ****   */
 770:Drivers/STM32F2xx_HAL_Driver/Src/stm32f2xx_hal_spi.c **** HAL_StatusTypeDef HAL_SPI_Transmit(SPI_HandleTypeDef *hspi, const uint8_t *pData, uint16_t Size, ui
 771:Drivers/STM32F2xx_HAL_Driver/Src/stm32f2xx_hal_spi.c **** {
 772:Drivers/STM32F2xx_HAL_Driver/Src/stm32f2xx_hal_spi.c ****   uint32_t tickstart;
 773:Drivers/STM32F2xx_HAL_Driver/Src/stm32f2xx_hal_spi.c ****   uint16_t initial_TxXferCount;
ARM GAS  /var/folders/8x/_y6g3dfs0698dfd49y4vcg_w0000gn/T//ccpNuCLH.s 			page 15


 774:Drivers/STM32F2xx_HAL_Driver/Src/stm32f2xx_hal_spi.c **** 
 775:Drivers/STM32F2xx_HAL_Driver/Src/stm32f2xx_hal_spi.c ****   /* Check Direction parameter */
 776:Drivers/STM32F2xx_HAL_Driver/Src/stm32f2xx_hal_spi.c ****   assert_param(IS_SPI_DIRECTION_2LINES_OR_1LINE(hspi->Init.Direction));
 777:Drivers/STM32F2xx_HAL_Driver/Src/stm32f2xx_hal_spi.c **** 
 778:Drivers/STM32F2xx_HAL_Driver/Src/stm32f2xx_hal_spi.c ****   /* Init tickstart for timeout management*/
 779:Drivers/STM32F2xx_HAL_Driver/Src/stm32f2xx_hal_spi.c ****   tickstart = HAL_GetTick();
 780:Drivers/STM32F2xx_HAL_Driver/Src/stm32f2xx_hal_spi.c ****   initial_TxXferCount = Size;
 781:Drivers/STM32F2xx_HAL_Driver/Src/stm32f2xx_hal_spi.c **** 
 782:Drivers/STM32F2xx_HAL_Driver/Src/stm32f2xx_hal_spi.c ****   if (hspi->State != HAL_SPI_STATE_READY)
 783:Drivers/STM32F2xx_HAL_Driver/Src/stm32f2xx_hal_spi.c ****   {
 784:Drivers/STM32F2xx_HAL_Driver/Src/stm32f2xx_hal_spi.c ****     return HAL_BUSY;
 785:Drivers/STM32F2xx_HAL_Driver/Src/stm32f2xx_hal_spi.c ****   }
 786:Drivers/STM32F2xx_HAL_Driver/Src/stm32f2xx_hal_spi.c **** 
 787:Drivers/STM32F2xx_HAL_Driver/Src/stm32f2xx_hal_spi.c ****   if ((pData == NULL) || (Size == 0U))
 788:Drivers/STM32F2xx_HAL_Driver/Src/stm32f2xx_hal_spi.c ****   {
 789:Drivers/STM32F2xx_HAL_Driver/Src/stm32f2xx_hal_spi.c ****     return HAL_ERROR;
 790:Drivers/STM32F2xx_HAL_Driver/Src/stm32f2xx_hal_spi.c ****   }
 791:Drivers/STM32F2xx_HAL_Driver/Src/stm32f2xx_hal_spi.c **** 
 792:Drivers/STM32F2xx_HAL_Driver/Src/stm32f2xx_hal_spi.c ****   /* Process Locked */
 793:Drivers/STM32F2xx_HAL_Driver/Src/stm32f2xx_hal_spi.c ****   __HAL_LOCK(hspi);
 794:Drivers/STM32F2xx_HAL_Driver/Src/stm32f2xx_hal_spi.c **** 
 795:Drivers/STM32F2xx_HAL_Driver/Src/stm32f2xx_hal_spi.c ****   /* Set the transaction information */
 796:Drivers/STM32F2xx_HAL_Driver/Src/stm32f2xx_hal_spi.c ****   hspi->State       = HAL_SPI_STATE_BUSY_TX;
 797:Drivers/STM32F2xx_HAL_Driver/Src/stm32f2xx_hal_spi.c ****   hspi->ErrorCode   = HAL_SPI_ERROR_NONE;
 798:Drivers/STM32F2xx_HAL_Driver/Src/stm32f2xx_hal_spi.c ****   hspi->pTxBuffPtr  = (const uint8_t *)pData;
 799:Drivers/STM32F2xx_HAL_Driver/Src/stm32f2xx_hal_spi.c ****   hspi->TxXferSize  = Size;
 800:Drivers/STM32F2xx_HAL_Driver/Src/stm32f2xx_hal_spi.c ****   hspi->TxXferCount = Size;
 801:Drivers/STM32F2xx_HAL_Driver/Src/stm32f2xx_hal_spi.c **** 
 802:Drivers/STM32F2xx_HAL_Driver/Src/stm32f2xx_hal_spi.c ****   /*Init field not used in handle to zero */
 803:Drivers/STM32F2xx_HAL_Driver/Src/stm32f2xx_hal_spi.c ****   hspi->pRxBuffPtr  = (uint8_t *)NULL;
 804:Drivers/STM32F2xx_HAL_Driver/Src/stm32f2xx_hal_spi.c ****   hspi->RxXferSize  = 0U;
 805:Drivers/STM32F2xx_HAL_Driver/Src/stm32f2xx_hal_spi.c ****   hspi->RxXferCount = 0U;
 806:Drivers/STM32F2xx_HAL_Driver/Src/stm32f2xx_hal_spi.c ****   hspi->TxISR       = NULL;
 807:Drivers/STM32F2xx_HAL_Driver/Src/stm32f2xx_hal_spi.c ****   hspi->RxISR       = NULL;
 808:Drivers/STM32F2xx_HAL_Driver/Src/stm32f2xx_hal_spi.c **** 
 809:Drivers/STM32F2xx_HAL_Driver/Src/stm32f2xx_hal_spi.c ****   /* Configure communication direction : 1Line */
 810:Drivers/STM32F2xx_HAL_Driver/Src/stm32f2xx_hal_spi.c ****   if (hspi->Init.Direction == SPI_DIRECTION_1LINE)
 811:Drivers/STM32F2xx_HAL_Driver/Src/stm32f2xx_hal_spi.c ****   {
 812:Drivers/STM32F2xx_HAL_Driver/Src/stm32f2xx_hal_spi.c ****     /* Disable SPI Peripheral before set 1Line direction (BIDIOE bit) */
 813:Drivers/STM32F2xx_HAL_Driver/Src/stm32f2xx_hal_spi.c ****     __HAL_SPI_DISABLE(hspi);
 814:Drivers/STM32F2xx_HAL_Driver/Src/stm32f2xx_hal_spi.c ****     SPI_1LINE_TX(hspi);
 815:Drivers/STM32F2xx_HAL_Driver/Src/stm32f2xx_hal_spi.c ****   }
 816:Drivers/STM32F2xx_HAL_Driver/Src/stm32f2xx_hal_spi.c **** 
 817:Drivers/STM32F2xx_HAL_Driver/Src/stm32f2xx_hal_spi.c **** #if (USE_SPI_CRC != 0U)
 818:Drivers/STM32F2xx_HAL_Driver/Src/stm32f2xx_hal_spi.c ****   /* Reset CRC Calculation */
 819:Drivers/STM32F2xx_HAL_Driver/Src/stm32f2xx_hal_spi.c ****   if (hspi->Init.CRCCalculation == SPI_CRCCALCULATION_ENABLE)
 820:Drivers/STM32F2xx_HAL_Driver/Src/stm32f2xx_hal_spi.c ****   {
 821:Drivers/STM32F2xx_HAL_Driver/Src/stm32f2xx_hal_spi.c ****     SPI_RESET_CRC(hspi);
 822:Drivers/STM32F2xx_HAL_Driver/Src/stm32f2xx_hal_spi.c ****   }
 823:Drivers/STM32F2xx_HAL_Driver/Src/stm32f2xx_hal_spi.c **** #endif /* USE_SPI_CRC */
 824:Drivers/STM32F2xx_HAL_Driver/Src/stm32f2xx_hal_spi.c **** 
 825:Drivers/STM32F2xx_HAL_Driver/Src/stm32f2xx_hal_spi.c ****   /* Check if the SPI is already enabled */
 826:Drivers/STM32F2xx_HAL_Driver/Src/stm32f2xx_hal_spi.c ****   if ((hspi->Instance->CR1 & SPI_CR1_SPE) != SPI_CR1_SPE)
 827:Drivers/STM32F2xx_HAL_Driver/Src/stm32f2xx_hal_spi.c ****   {
 828:Drivers/STM32F2xx_HAL_Driver/Src/stm32f2xx_hal_spi.c ****     /* Enable SPI peripheral */
 829:Drivers/STM32F2xx_HAL_Driver/Src/stm32f2xx_hal_spi.c ****     __HAL_SPI_ENABLE(hspi);
 830:Drivers/STM32F2xx_HAL_Driver/Src/stm32f2xx_hal_spi.c ****   }
ARM GAS  /var/folders/8x/_y6g3dfs0698dfd49y4vcg_w0000gn/T//ccpNuCLH.s 			page 16


 831:Drivers/STM32F2xx_HAL_Driver/Src/stm32f2xx_hal_spi.c **** 
 832:Drivers/STM32F2xx_HAL_Driver/Src/stm32f2xx_hal_spi.c ****   /* Transmit data in 16 Bit mode */
 833:Drivers/STM32F2xx_HAL_Driver/Src/stm32f2xx_hal_spi.c ****   if (hspi->Init.DataSize == SPI_DATASIZE_16BIT)
 834:Drivers/STM32F2xx_HAL_Driver/Src/stm32f2xx_hal_spi.c ****   {
 835:Drivers/STM32F2xx_HAL_Driver/Src/stm32f2xx_hal_spi.c ****     if ((hspi->Init.Mode == SPI_MODE_SLAVE) || (initial_TxXferCount == 0x01U))
 836:Drivers/STM32F2xx_HAL_Driver/Src/stm32f2xx_hal_spi.c ****     {
 837:Drivers/STM32F2xx_HAL_Driver/Src/stm32f2xx_hal_spi.c ****       hspi->Instance->DR = *((const uint16_t *)hspi->pTxBuffPtr);
 838:Drivers/STM32F2xx_HAL_Driver/Src/stm32f2xx_hal_spi.c ****       hspi->pTxBuffPtr += sizeof(uint16_t);
 839:Drivers/STM32F2xx_HAL_Driver/Src/stm32f2xx_hal_spi.c ****       hspi->TxXferCount--;
 840:Drivers/STM32F2xx_HAL_Driver/Src/stm32f2xx_hal_spi.c ****     }
 841:Drivers/STM32F2xx_HAL_Driver/Src/stm32f2xx_hal_spi.c ****     /* Transmit data in 16 Bit mode */
 842:Drivers/STM32F2xx_HAL_Driver/Src/stm32f2xx_hal_spi.c ****     while (hspi->TxXferCount > 0U)
 843:Drivers/STM32F2xx_HAL_Driver/Src/stm32f2xx_hal_spi.c ****     {
 844:Drivers/STM32F2xx_HAL_Driver/Src/stm32f2xx_hal_spi.c ****       /* Wait until TXE flag is set to send data */
 845:Drivers/STM32F2xx_HAL_Driver/Src/stm32f2xx_hal_spi.c ****       if (__HAL_SPI_GET_FLAG(hspi, SPI_FLAG_TXE))
 846:Drivers/STM32F2xx_HAL_Driver/Src/stm32f2xx_hal_spi.c ****       {
 847:Drivers/STM32F2xx_HAL_Driver/Src/stm32f2xx_hal_spi.c ****         hspi->Instance->DR = *((const uint16_t *)hspi->pTxBuffPtr);
 848:Drivers/STM32F2xx_HAL_Driver/Src/stm32f2xx_hal_spi.c ****         hspi->pTxBuffPtr += sizeof(uint16_t);
 849:Drivers/STM32F2xx_HAL_Driver/Src/stm32f2xx_hal_spi.c ****         hspi->TxXferCount--;
 850:Drivers/STM32F2xx_HAL_Driver/Src/stm32f2xx_hal_spi.c ****       }
 851:Drivers/STM32F2xx_HAL_Driver/Src/stm32f2xx_hal_spi.c ****       else
 852:Drivers/STM32F2xx_HAL_Driver/Src/stm32f2xx_hal_spi.c ****       {
 853:Drivers/STM32F2xx_HAL_Driver/Src/stm32f2xx_hal_spi.c ****         /* Timeout management */
 854:Drivers/STM32F2xx_HAL_Driver/Src/stm32f2xx_hal_spi.c ****         if ((((HAL_GetTick() - tickstart) >=  Timeout) && (Timeout != HAL_MAX_DELAY)) || (Timeout =
 855:Drivers/STM32F2xx_HAL_Driver/Src/stm32f2xx_hal_spi.c ****         {
 856:Drivers/STM32F2xx_HAL_Driver/Src/stm32f2xx_hal_spi.c ****           hspi->State = HAL_SPI_STATE_READY;
 857:Drivers/STM32F2xx_HAL_Driver/Src/stm32f2xx_hal_spi.c ****           __HAL_UNLOCK(hspi);
 858:Drivers/STM32F2xx_HAL_Driver/Src/stm32f2xx_hal_spi.c ****           return HAL_TIMEOUT;
 859:Drivers/STM32F2xx_HAL_Driver/Src/stm32f2xx_hal_spi.c ****         }
 860:Drivers/STM32F2xx_HAL_Driver/Src/stm32f2xx_hal_spi.c ****       }
 861:Drivers/STM32F2xx_HAL_Driver/Src/stm32f2xx_hal_spi.c ****     }
 862:Drivers/STM32F2xx_HAL_Driver/Src/stm32f2xx_hal_spi.c ****   }
 863:Drivers/STM32F2xx_HAL_Driver/Src/stm32f2xx_hal_spi.c ****   /* Transmit data in 8 Bit mode */
 864:Drivers/STM32F2xx_HAL_Driver/Src/stm32f2xx_hal_spi.c ****   else
 865:Drivers/STM32F2xx_HAL_Driver/Src/stm32f2xx_hal_spi.c ****   {
 866:Drivers/STM32F2xx_HAL_Driver/Src/stm32f2xx_hal_spi.c ****     if ((hspi->Init.Mode == SPI_MODE_SLAVE) || (initial_TxXferCount == 0x01U))
 867:Drivers/STM32F2xx_HAL_Driver/Src/stm32f2xx_hal_spi.c ****     {
 868:Drivers/STM32F2xx_HAL_Driver/Src/stm32f2xx_hal_spi.c ****       *((__IO uint8_t *)&hspi->Instance->DR) = *((const uint8_t *)hspi->pTxBuffPtr);
 869:Drivers/STM32F2xx_HAL_Driver/Src/stm32f2xx_hal_spi.c ****       hspi->pTxBuffPtr += sizeof(uint8_t);
 870:Drivers/STM32F2xx_HAL_Driver/Src/stm32f2xx_hal_spi.c ****       hspi->TxXferCount--;
 871:Drivers/STM32F2xx_HAL_Driver/Src/stm32f2xx_hal_spi.c ****     }
 872:Drivers/STM32F2xx_HAL_Driver/Src/stm32f2xx_hal_spi.c ****     while (hspi->TxXferCount > 0U)
 873:Drivers/STM32F2xx_HAL_Driver/Src/stm32f2xx_hal_spi.c ****     {
 874:Drivers/STM32F2xx_HAL_Driver/Src/stm32f2xx_hal_spi.c ****       /* Wait until TXE flag is set to send data */
 875:Drivers/STM32F2xx_HAL_Driver/Src/stm32f2xx_hal_spi.c ****       if (__HAL_SPI_GET_FLAG(hspi, SPI_FLAG_TXE))
 876:Drivers/STM32F2xx_HAL_Driver/Src/stm32f2xx_hal_spi.c ****       {
 877:Drivers/STM32F2xx_HAL_Driver/Src/stm32f2xx_hal_spi.c ****         *((__IO uint8_t *)&hspi->Instance->DR) = *((const uint8_t *)hspi->pTxBuffPtr);
 878:Drivers/STM32F2xx_HAL_Driver/Src/stm32f2xx_hal_spi.c ****         hspi->pTxBuffPtr += sizeof(uint8_t);
 879:Drivers/STM32F2xx_HAL_Driver/Src/stm32f2xx_hal_spi.c ****         hspi->TxXferCount--;
 880:Drivers/STM32F2xx_HAL_Driver/Src/stm32f2xx_hal_spi.c ****       }
 881:Drivers/STM32F2xx_HAL_Driver/Src/stm32f2xx_hal_spi.c ****       else
 882:Drivers/STM32F2xx_HAL_Driver/Src/stm32f2xx_hal_spi.c ****       {
 883:Drivers/STM32F2xx_HAL_Driver/Src/stm32f2xx_hal_spi.c ****         /* Timeout management */
 884:Drivers/STM32F2xx_HAL_Driver/Src/stm32f2xx_hal_spi.c ****         if ((((HAL_GetTick() - tickstart) >=  Timeout) && (Timeout != HAL_MAX_DELAY)) || (Timeout =
 885:Drivers/STM32F2xx_HAL_Driver/Src/stm32f2xx_hal_spi.c ****         {
 886:Drivers/STM32F2xx_HAL_Driver/Src/stm32f2xx_hal_spi.c ****           hspi->State = HAL_SPI_STATE_READY;
 887:Drivers/STM32F2xx_HAL_Driver/Src/stm32f2xx_hal_spi.c ****           __HAL_UNLOCK(hspi);
ARM GAS  /var/folders/8x/_y6g3dfs0698dfd49y4vcg_w0000gn/T//ccpNuCLH.s 			page 17


 888:Drivers/STM32F2xx_HAL_Driver/Src/stm32f2xx_hal_spi.c ****           return HAL_TIMEOUT;
 889:Drivers/STM32F2xx_HAL_Driver/Src/stm32f2xx_hal_spi.c ****         }
 890:Drivers/STM32F2xx_HAL_Driver/Src/stm32f2xx_hal_spi.c ****       }
 891:Drivers/STM32F2xx_HAL_Driver/Src/stm32f2xx_hal_spi.c ****     }
 892:Drivers/STM32F2xx_HAL_Driver/Src/stm32f2xx_hal_spi.c ****   }
 893:Drivers/STM32F2xx_HAL_Driver/Src/stm32f2xx_hal_spi.c **** #if (USE_SPI_CRC != 0U)
 894:Drivers/STM32F2xx_HAL_Driver/Src/stm32f2xx_hal_spi.c ****   /* Enable CRC Transmission */
 895:Drivers/STM32F2xx_HAL_Driver/Src/stm32f2xx_hal_spi.c ****   if (hspi->Init.CRCCalculation == SPI_CRCCALCULATION_ENABLE)
 896:Drivers/STM32F2xx_HAL_Driver/Src/stm32f2xx_hal_spi.c ****   {
 897:Drivers/STM32F2xx_HAL_Driver/Src/stm32f2xx_hal_spi.c ****     SET_BIT(hspi->Instance->CR1, SPI_CR1_CRCNEXT);
 898:Drivers/STM32F2xx_HAL_Driver/Src/stm32f2xx_hal_spi.c ****   }
 899:Drivers/STM32F2xx_HAL_Driver/Src/stm32f2xx_hal_spi.c **** #endif /* USE_SPI_CRC */
 900:Drivers/STM32F2xx_HAL_Driver/Src/stm32f2xx_hal_spi.c **** 
 901:Drivers/STM32F2xx_HAL_Driver/Src/stm32f2xx_hal_spi.c ****   /* Check the end of the transaction */
 902:Drivers/STM32F2xx_HAL_Driver/Src/stm32f2xx_hal_spi.c ****   if (SPI_EndRxTxTransaction(hspi, Timeout, tickstart) != HAL_OK)
 903:Drivers/STM32F2xx_HAL_Driver/Src/stm32f2xx_hal_spi.c ****   {
 904:Drivers/STM32F2xx_HAL_Driver/Src/stm32f2xx_hal_spi.c ****     hspi->ErrorCode = HAL_SPI_ERROR_FLAG;
 905:Drivers/STM32F2xx_HAL_Driver/Src/stm32f2xx_hal_spi.c ****   }
 906:Drivers/STM32F2xx_HAL_Driver/Src/stm32f2xx_hal_spi.c **** 
 907:Drivers/STM32F2xx_HAL_Driver/Src/stm32f2xx_hal_spi.c ****   /* Clear overrun flag in 2 Lines communication mode because received is not read */
 908:Drivers/STM32F2xx_HAL_Driver/Src/stm32f2xx_hal_spi.c ****   if (hspi->Init.Direction == SPI_DIRECTION_2LINES)
 909:Drivers/STM32F2xx_HAL_Driver/Src/stm32f2xx_hal_spi.c ****   {
 910:Drivers/STM32F2xx_HAL_Driver/Src/stm32f2xx_hal_spi.c ****     __HAL_SPI_CLEAR_OVRFLAG(hspi);
 911:Drivers/STM32F2xx_HAL_Driver/Src/stm32f2xx_hal_spi.c ****   }
 912:Drivers/STM32F2xx_HAL_Driver/Src/stm32f2xx_hal_spi.c **** 
 913:Drivers/STM32F2xx_HAL_Driver/Src/stm32f2xx_hal_spi.c ****   hspi->State = HAL_SPI_STATE_READY;
 914:Drivers/STM32F2xx_HAL_Driver/Src/stm32f2xx_hal_spi.c ****   /* Process Unlocked */
 915:Drivers/STM32F2xx_HAL_Driver/Src/stm32f2xx_hal_spi.c ****   __HAL_UNLOCK(hspi);
 916:Drivers/STM32F2xx_HAL_Driver/Src/stm32f2xx_hal_spi.c **** 
 917:Drivers/STM32F2xx_HAL_Driver/Src/stm32f2xx_hal_spi.c ****   if (hspi->ErrorCode != HAL_SPI_ERROR_NONE)
 918:Drivers/STM32F2xx_HAL_Driver/Src/stm32f2xx_hal_spi.c ****   {
 919:Drivers/STM32F2xx_HAL_Driver/Src/stm32f2xx_hal_spi.c ****     return HAL_ERROR;
 920:Drivers/STM32F2xx_HAL_Driver/Src/stm32f2xx_hal_spi.c ****   }
 921:Drivers/STM32F2xx_HAL_Driver/Src/stm32f2xx_hal_spi.c ****   else
 922:Drivers/STM32F2xx_HAL_Driver/Src/stm32f2xx_hal_spi.c ****   {
 923:Drivers/STM32F2xx_HAL_Driver/Src/stm32f2xx_hal_spi.c ****     return HAL_OK;
 924:Drivers/STM32F2xx_HAL_Driver/Src/stm32f2xx_hal_spi.c ****   }
 925:Drivers/STM32F2xx_HAL_Driver/Src/stm32f2xx_hal_spi.c **** }
 926:Drivers/STM32F2xx_HAL_Driver/Src/stm32f2xx_hal_spi.c **** 
 927:Drivers/STM32F2xx_HAL_Driver/Src/stm32f2xx_hal_spi.c **** /**
 928:Drivers/STM32F2xx_HAL_Driver/Src/stm32f2xx_hal_spi.c ****   * @brief  Receive an amount of data in blocking mode.
 929:Drivers/STM32F2xx_HAL_Driver/Src/stm32f2xx_hal_spi.c ****   * @param  hspi pointer to a SPI_HandleTypeDef structure that contains
 930:Drivers/STM32F2xx_HAL_Driver/Src/stm32f2xx_hal_spi.c ****   *               the configuration information for SPI module.
 931:Drivers/STM32F2xx_HAL_Driver/Src/stm32f2xx_hal_spi.c ****   * @param  pData pointer to data buffer
 932:Drivers/STM32F2xx_HAL_Driver/Src/stm32f2xx_hal_spi.c ****   * @param  Size amount of data to be received
 933:Drivers/STM32F2xx_HAL_Driver/Src/stm32f2xx_hal_spi.c ****   * @param  Timeout Timeout duration
 934:Drivers/STM32F2xx_HAL_Driver/Src/stm32f2xx_hal_spi.c ****   * @retval HAL status
 935:Drivers/STM32F2xx_HAL_Driver/Src/stm32f2xx_hal_spi.c ****   */
 936:Drivers/STM32F2xx_HAL_Driver/Src/stm32f2xx_hal_spi.c **** HAL_StatusTypeDef HAL_SPI_Receive(SPI_HandleTypeDef *hspi, uint8_t *pData, uint16_t Size, uint32_t 
 937:Drivers/STM32F2xx_HAL_Driver/Src/stm32f2xx_hal_spi.c **** {
 938:Drivers/STM32F2xx_HAL_Driver/Src/stm32f2xx_hal_spi.c **** #if (USE_SPI_CRC != 0U)
 939:Drivers/STM32F2xx_HAL_Driver/Src/stm32f2xx_hal_spi.c ****   __IO uint32_t tmpreg = 0U;
 940:Drivers/STM32F2xx_HAL_Driver/Src/stm32f2xx_hal_spi.c **** #endif /* USE_SPI_CRC */
 941:Drivers/STM32F2xx_HAL_Driver/Src/stm32f2xx_hal_spi.c ****   uint32_t tickstart;
 942:Drivers/STM32F2xx_HAL_Driver/Src/stm32f2xx_hal_spi.c **** 
 943:Drivers/STM32F2xx_HAL_Driver/Src/stm32f2xx_hal_spi.c ****   if (hspi->State != HAL_SPI_STATE_READY)
 944:Drivers/STM32F2xx_HAL_Driver/Src/stm32f2xx_hal_spi.c ****   {
ARM GAS  /var/folders/8x/_y6g3dfs0698dfd49y4vcg_w0000gn/T//ccpNuCLH.s 			page 18


 945:Drivers/STM32F2xx_HAL_Driver/Src/stm32f2xx_hal_spi.c ****     return HAL_BUSY;
 946:Drivers/STM32F2xx_HAL_Driver/Src/stm32f2xx_hal_spi.c ****   }
 947:Drivers/STM32F2xx_HAL_Driver/Src/stm32f2xx_hal_spi.c **** 
 948:Drivers/STM32F2xx_HAL_Driver/Src/stm32f2xx_hal_spi.c ****   if ((hspi->Init.Mode == SPI_MODE_MASTER) && (hspi->Init.Direction == SPI_DIRECTION_2LINES))
 949:Drivers/STM32F2xx_HAL_Driver/Src/stm32f2xx_hal_spi.c ****   {
 950:Drivers/STM32F2xx_HAL_Driver/Src/stm32f2xx_hal_spi.c ****     hspi->State = HAL_SPI_STATE_BUSY_RX;
 951:Drivers/STM32F2xx_HAL_Driver/Src/stm32f2xx_hal_spi.c ****     /* Call transmit-receive function to send Dummy data on Tx line and generate clock on CLK line 
 952:Drivers/STM32F2xx_HAL_Driver/Src/stm32f2xx_hal_spi.c ****     return HAL_SPI_TransmitReceive(hspi, pData, pData, Size, Timeout);
 953:Drivers/STM32F2xx_HAL_Driver/Src/stm32f2xx_hal_spi.c ****   }
 954:Drivers/STM32F2xx_HAL_Driver/Src/stm32f2xx_hal_spi.c **** 
 955:Drivers/STM32F2xx_HAL_Driver/Src/stm32f2xx_hal_spi.c ****   /* Init tickstart for timeout management*/
 956:Drivers/STM32F2xx_HAL_Driver/Src/stm32f2xx_hal_spi.c ****   tickstart = HAL_GetTick();
 957:Drivers/STM32F2xx_HAL_Driver/Src/stm32f2xx_hal_spi.c **** 
 958:Drivers/STM32F2xx_HAL_Driver/Src/stm32f2xx_hal_spi.c ****   if ((pData == NULL) || (Size == 0U))
 959:Drivers/STM32F2xx_HAL_Driver/Src/stm32f2xx_hal_spi.c ****   {
 960:Drivers/STM32F2xx_HAL_Driver/Src/stm32f2xx_hal_spi.c ****     return HAL_ERROR;
 961:Drivers/STM32F2xx_HAL_Driver/Src/stm32f2xx_hal_spi.c ****   }
 962:Drivers/STM32F2xx_HAL_Driver/Src/stm32f2xx_hal_spi.c **** 
 963:Drivers/STM32F2xx_HAL_Driver/Src/stm32f2xx_hal_spi.c ****   /* Process Locked */
 964:Drivers/STM32F2xx_HAL_Driver/Src/stm32f2xx_hal_spi.c ****   __HAL_LOCK(hspi);
 965:Drivers/STM32F2xx_HAL_Driver/Src/stm32f2xx_hal_spi.c **** 
 966:Drivers/STM32F2xx_HAL_Driver/Src/stm32f2xx_hal_spi.c ****   /* Set the transaction information */
 967:Drivers/STM32F2xx_HAL_Driver/Src/stm32f2xx_hal_spi.c ****   hspi->State       = HAL_SPI_STATE_BUSY_RX;
 968:Drivers/STM32F2xx_HAL_Driver/Src/stm32f2xx_hal_spi.c ****   hspi->ErrorCode   = HAL_SPI_ERROR_NONE;
 969:Drivers/STM32F2xx_HAL_Driver/Src/stm32f2xx_hal_spi.c ****   hspi->pRxBuffPtr  = (uint8_t *)pData;
 970:Drivers/STM32F2xx_HAL_Driver/Src/stm32f2xx_hal_spi.c ****   hspi->RxXferSize  = Size;
 971:Drivers/STM32F2xx_HAL_Driver/Src/stm32f2xx_hal_spi.c ****   hspi->RxXferCount = Size;
 972:Drivers/STM32F2xx_HAL_Driver/Src/stm32f2xx_hal_spi.c **** 
 973:Drivers/STM32F2xx_HAL_Driver/Src/stm32f2xx_hal_spi.c ****   /*Init field not used in handle to zero */
 974:Drivers/STM32F2xx_HAL_Driver/Src/stm32f2xx_hal_spi.c ****   hspi->pTxBuffPtr  = (uint8_t *)NULL;
 975:Drivers/STM32F2xx_HAL_Driver/Src/stm32f2xx_hal_spi.c ****   hspi->TxXferSize  = 0U;
 976:Drivers/STM32F2xx_HAL_Driver/Src/stm32f2xx_hal_spi.c ****   hspi->TxXferCount = 0U;
 977:Drivers/STM32F2xx_HAL_Driver/Src/stm32f2xx_hal_spi.c ****   hspi->RxISR       = NULL;
 978:Drivers/STM32F2xx_HAL_Driver/Src/stm32f2xx_hal_spi.c ****   hspi->TxISR       = NULL;
 979:Drivers/STM32F2xx_HAL_Driver/Src/stm32f2xx_hal_spi.c **** 
 980:Drivers/STM32F2xx_HAL_Driver/Src/stm32f2xx_hal_spi.c **** #if (USE_SPI_CRC != 0U)
 981:Drivers/STM32F2xx_HAL_Driver/Src/stm32f2xx_hal_spi.c ****   /* Reset CRC Calculation */
 982:Drivers/STM32F2xx_HAL_Driver/Src/stm32f2xx_hal_spi.c ****   if (hspi->Init.CRCCalculation == SPI_CRCCALCULATION_ENABLE)
 983:Drivers/STM32F2xx_HAL_Driver/Src/stm32f2xx_hal_spi.c ****   {
 984:Drivers/STM32F2xx_HAL_Driver/Src/stm32f2xx_hal_spi.c ****     SPI_RESET_CRC(hspi);
 985:Drivers/STM32F2xx_HAL_Driver/Src/stm32f2xx_hal_spi.c ****     /* this is done to handle the CRCNEXT before the latest data */
 986:Drivers/STM32F2xx_HAL_Driver/Src/stm32f2xx_hal_spi.c ****     hspi->RxXferCount--;
 987:Drivers/STM32F2xx_HAL_Driver/Src/stm32f2xx_hal_spi.c ****   }
 988:Drivers/STM32F2xx_HAL_Driver/Src/stm32f2xx_hal_spi.c **** #endif /* USE_SPI_CRC */
 989:Drivers/STM32F2xx_HAL_Driver/Src/stm32f2xx_hal_spi.c **** 
 990:Drivers/STM32F2xx_HAL_Driver/Src/stm32f2xx_hal_spi.c ****   /* Configure communication direction: 1Line */
 991:Drivers/STM32F2xx_HAL_Driver/Src/stm32f2xx_hal_spi.c ****   if (hspi->Init.Direction == SPI_DIRECTION_1LINE)
 992:Drivers/STM32F2xx_HAL_Driver/Src/stm32f2xx_hal_spi.c ****   {
 993:Drivers/STM32F2xx_HAL_Driver/Src/stm32f2xx_hal_spi.c ****     /* Disable SPI Peripheral before set 1Line direction (BIDIOE bit) */
 994:Drivers/STM32F2xx_HAL_Driver/Src/stm32f2xx_hal_spi.c ****     __HAL_SPI_DISABLE(hspi);
 995:Drivers/STM32F2xx_HAL_Driver/Src/stm32f2xx_hal_spi.c ****     SPI_1LINE_RX(hspi);
 996:Drivers/STM32F2xx_HAL_Driver/Src/stm32f2xx_hal_spi.c ****   }
 997:Drivers/STM32F2xx_HAL_Driver/Src/stm32f2xx_hal_spi.c **** 
 998:Drivers/STM32F2xx_HAL_Driver/Src/stm32f2xx_hal_spi.c ****   /* Check if the SPI is already enabled */
 999:Drivers/STM32F2xx_HAL_Driver/Src/stm32f2xx_hal_spi.c ****   if ((hspi->Instance->CR1 & SPI_CR1_SPE) != SPI_CR1_SPE)
1000:Drivers/STM32F2xx_HAL_Driver/Src/stm32f2xx_hal_spi.c ****   {
1001:Drivers/STM32F2xx_HAL_Driver/Src/stm32f2xx_hal_spi.c ****     /* Enable SPI peripheral */
ARM GAS  /var/folders/8x/_y6g3dfs0698dfd49y4vcg_w0000gn/T//ccpNuCLH.s 			page 19


1002:Drivers/STM32F2xx_HAL_Driver/Src/stm32f2xx_hal_spi.c ****     __HAL_SPI_ENABLE(hspi);
1003:Drivers/STM32F2xx_HAL_Driver/Src/stm32f2xx_hal_spi.c ****   }
1004:Drivers/STM32F2xx_HAL_Driver/Src/stm32f2xx_hal_spi.c **** 
1005:Drivers/STM32F2xx_HAL_Driver/Src/stm32f2xx_hal_spi.c ****   /* Receive data in 8 Bit mode */
1006:Drivers/STM32F2xx_HAL_Driver/Src/stm32f2xx_hal_spi.c ****   if (hspi->Init.DataSize == SPI_DATASIZE_8BIT)
1007:Drivers/STM32F2xx_HAL_Driver/Src/stm32f2xx_hal_spi.c ****   {
1008:Drivers/STM32F2xx_HAL_Driver/Src/stm32f2xx_hal_spi.c ****     /* Transfer loop */
1009:Drivers/STM32F2xx_HAL_Driver/Src/stm32f2xx_hal_spi.c ****     while (hspi->RxXferCount > 0U)
1010:Drivers/STM32F2xx_HAL_Driver/Src/stm32f2xx_hal_spi.c ****     {
1011:Drivers/STM32F2xx_HAL_Driver/Src/stm32f2xx_hal_spi.c ****       /* Check the RXNE flag */
1012:Drivers/STM32F2xx_HAL_Driver/Src/stm32f2xx_hal_spi.c ****       if (__HAL_SPI_GET_FLAG(hspi, SPI_FLAG_RXNE))
1013:Drivers/STM32F2xx_HAL_Driver/Src/stm32f2xx_hal_spi.c ****       {
1014:Drivers/STM32F2xx_HAL_Driver/Src/stm32f2xx_hal_spi.c ****         /* read the received data */
1015:Drivers/STM32F2xx_HAL_Driver/Src/stm32f2xx_hal_spi.c ****         (* (uint8_t *)hspi->pRxBuffPtr) = *(__IO uint8_t *)&hspi->Instance->DR;
1016:Drivers/STM32F2xx_HAL_Driver/Src/stm32f2xx_hal_spi.c ****         hspi->pRxBuffPtr += sizeof(uint8_t);
1017:Drivers/STM32F2xx_HAL_Driver/Src/stm32f2xx_hal_spi.c ****         hspi->RxXferCount--;
1018:Drivers/STM32F2xx_HAL_Driver/Src/stm32f2xx_hal_spi.c ****       }
1019:Drivers/STM32F2xx_HAL_Driver/Src/stm32f2xx_hal_spi.c ****       else
1020:Drivers/STM32F2xx_HAL_Driver/Src/stm32f2xx_hal_spi.c ****       {
1021:Drivers/STM32F2xx_HAL_Driver/Src/stm32f2xx_hal_spi.c ****         /* Timeout management */
1022:Drivers/STM32F2xx_HAL_Driver/Src/stm32f2xx_hal_spi.c ****         if ((((HAL_GetTick() - tickstart) >=  Timeout) && (Timeout != HAL_MAX_DELAY)) || (Timeout =
1023:Drivers/STM32F2xx_HAL_Driver/Src/stm32f2xx_hal_spi.c ****         {
1024:Drivers/STM32F2xx_HAL_Driver/Src/stm32f2xx_hal_spi.c ****           hspi->State = HAL_SPI_STATE_READY;
1025:Drivers/STM32F2xx_HAL_Driver/Src/stm32f2xx_hal_spi.c ****           __HAL_UNLOCK(hspi);
1026:Drivers/STM32F2xx_HAL_Driver/Src/stm32f2xx_hal_spi.c ****           return HAL_TIMEOUT;
1027:Drivers/STM32F2xx_HAL_Driver/Src/stm32f2xx_hal_spi.c ****         }
1028:Drivers/STM32F2xx_HAL_Driver/Src/stm32f2xx_hal_spi.c ****       }
1029:Drivers/STM32F2xx_HAL_Driver/Src/stm32f2xx_hal_spi.c ****     }
1030:Drivers/STM32F2xx_HAL_Driver/Src/stm32f2xx_hal_spi.c ****   }
1031:Drivers/STM32F2xx_HAL_Driver/Src/stm32f2xx_hal_spi.c ****   else
1032:Drivers/STM32F2xx_HAL_Driver/Src/stm32f2xx_hal_spi.c ****   {
1033:Drivers/STM32F2xx_HAL_Driver/Src/stm32f2xx_hal_spi.c ****     /* Transfer loop */
1034:Drivers/STM32F2xx_HAL_Driver/Src/stm32f2xx_hal_spi.c ****     while (hspi->RxXferCount > 0U)
1035:Drivers/STM32F2xx_HAL_Driver/Src/stm32f2xx_hal_spi.c ****     {
1036:Drivers/STM32F2xx_HAL_Driver/Src/stm32f2xx_hal_spi.c ****       /* Check the RXNE flag */
1037:Drivers/STM32F2xx_HAL_Driver/Src/stm32f2xx_hal_spi.c ****       if (__HAL_SPI_GET_FLAG(hspi, SPI_FLAG_RXNE))
1038:Drivers/STM32F2xx_HAL_Driver/Src/stm32f2xx_hal_spi.c ****       {
1039:Drivers/STM32F2xx_HAL_Driver/Src/stm32f2xx_hal_spi.c ****         *((uint16_t *)hspi->pRxBuffPtr) = (uint16_t)hspi->Instance->DR;
1040:Drivers/STM32F2xx_HAL_Driver/Src/stm32f2xx_hal_spi.c ****         hspi->pRxBuffPtr += sizeof(uint16_t);
1041:Drivers/STM32F2xx_HAL_Driver/Src/stm32f2xx_hal_spi.c ****         hspi->RxXferCount--;
1042:Drivers/STM32F2xx_HAL_Driver/Src/stm32f2xx_hal_spi.c ****       }
1043:Drivers/STM32F2xx_HAL_Driver/Src/stm32f2xx_hal_spi.c ****       else
1044:Drivers/STM32F2xx_HAL_Driver/Src/stm32f2xx_hal_spi.c ****       {
1045:Drivers/STM32F2xx_HAL_Driver/Src/stm32f2xx_hal_spi.c ****         /* Timeout management */
1046:Drivers/STM32F2xx_HAL_Driver/Src/stm32f2xx_hal_spi.c ****         if ((((HAL_GetTick() - tickstart) >=  Timeout) && (Timeout != HAL_MAX_DELAY)) || (Timeout =
1047:Drivers/STM32F2xx_HAL_Driver/Src/stm32f2xx_hal_spi.c ****         {
1048:Drivers/STM32F2xx_HAL_Driver/Src/stm32f2xx_hal_spi.c ****           hspi->State = HAL_SPI_STATE_READY;
1049:Drivers/STM32F2xx_HAL_Driver/Src/stm32f2xx_hal_spi.c ****           __HAL_UNLOCK(hspi);
1050:Drivers/STM32F2xx_HAL_Driver/Src/stm32f2xx_hal_spi.c ****           return HAL_TIMEOUT;
1051:Drivers/STM32F2xx_HAL_Driver/Src/stm32f2xx_hal_spi.c ****         }
1052:Drivers/STM32F2xx_HAL_Driver/Src/stm32f2xx_hal_spi.c ****       }
1053:Drivers/STM32F2xx_HAL_Driver/Src/stm32f2xx_hal_spi.c ****     }
1054:Drivers/STM32F2xx_HAL_Driver/Src/stm32f2xx_hal_spi.c ****   }
1055:Drivers/STM32F2xx_HAL_Driver/Src/stm32f2xx_hal_spi.c **** 
1056:Drivers/STM32F2xx_HAL_Driver/Src/stm32f2xx_hal_spi.c **** #if (USE_SPI_CRC != 0U)
1057:Drivers/STM32F2xx_HAL_Driver/Src/stm32f2xx_hal_spi.c ****   /* Handle the CRC Transmission */
1058:Drivers/STM32F2xx_HAL_Driver/Src/stm32f2xx_hal_spi.c ****   if (hspi->Init.CRCCalculation == SPI_CRCCALCULATION_ENABLE)
ARM GAS  /var/folders/8x/_y6g3dfs0698dfd49y4vcg_w0000gn/T//ccpNuCLH.s 			page 20


1059:Drivers/STM32F2xx_HAL_Driver/Src/stm32f2xx_hal_spi.c ****   {
1060:Drivers/STM32F2xx_HAL_Driver/Src/stm32f2xx_hal_spi.c ****     /* freeze the CRC before the latest data */
1061:Drivers/STM32F2xx_HAL_Driver/Src/stm32f2xx_hal_spi.c ****     SET_BIT(hspi->Instance->CR1, SPI_CR1_CRCNEXT);
1062:Drivers/STM32F2xx_HAL_Driver/Src/stm32f2xx_hal_spi.c **** 
1063:Drivers/STM32F2xx_HAL_Driver/Src/stm32f2xx_hal_spi.c ****     /* Read the latest data */
1064:Drivers/STM32F2xx_HAL_Driver/Src/stm32f2xx_hal_spi.c ****     if (SPI_WaitFlagStateUntilTimeout(hspi, SPI_FLAG_RXNE, SET, Timeout, tickstart) != HAL_OK)
1065:Drivers/STM32F2xx_HAL_Driver/Src/stm32f2xx_hal_spi.c ****     {
1066:Drivers/STM32F2xx_HAL_Driver/Src/stm32f2xx_hal_spi.c ****       /* the latest data has not been received */
1067:Drivers/STM32F2xx_HAL_Driver/Src/stm32f2xx_hal_spi.c ****       __HAL_UNLOCK(hspi);
1068:Drivers/STM32F2xx_HAL_Driver/Src/stm32f2xx_hal_spi.c ****       return HAL_TIMEOUT;
1069:Drivers/STM32F2xx_HAL_Driver/Src/stm32f2xx_hal_spi.c ****     }
1070:Drivers/STM32F2xx_HAL_Driver/Src/stm32f2xx_hal_spi.c **** 
1071:Drivers/STM32F2xx_HAL_Driver/Src/stm32f2xx_hal_spi.c ****     /* Receive last data in 16 Bit mode */
1072:Drivers/STM32F2xx_HAL_Driver/Src/stm32f2xx_hal_spi.c ****     if (hspi->Init.DataSize == SPI_DATASIZE_16BIT)
1073:Drivers/STM32F2xx_HAL_Driver/Src/stm32f2xx_hal_spi.c ****     {
1074:Drivers/STM32F2xx_HAL_Driver/Src/stm32f2xx_hal_spi.c ****       *((uint16_t *)hspi->pRxBuffPtr) = (uint16_t)hspi->Instance->DR;
1075:Drivers/STM32F2xx_HAL_Driver/Src/stm32f2xx_hal_spi.c ****     }
1076:Drivers/STM32F2xx_HAL_Driver/Src/stm32f2xx_hal_spi.c ****     /* Receive last data in 8 Bit mode */
1077:Drivers/STM32F2xx_HAL_Driver/Src/stm32f2xx_hal_spi.c ****     else
1078:Drivers/STM32F2xx_HAL_Driver/Src/stm32f2xx_hal_spi.c ****     {
1079:Drivers/STM32F2xx_HAL_Driver/Src/stm32f2xx_hal_spi.c ****       (*(uint8_t *)hspi->pRxBuffPtr) = *(__IO uint8_t *)&hspi->Instance->DR;
1080:Drivers/STM32F2xx_HAL_Driver/Src/stm32f2xx_hal_spi.c ****     }
1081:Drivers/STM32F2xx_HAL_Driver/Src/stm32f2xx_hal_spi.c **** 
1082:Drivers/STM32F2xx_HAL_Driver/Src/stm32f2xx_hal_spi.c ****     /* Wait the CRC data */
1083:Drivers/STM32F2xx_HAL_Driver/Src/stm32f2xx_hal_spi.c ****     if (SPI_WaitFlagStateUntilTimeout(hspi, SPI_FLAG_RXNE, SET, Timeout, tickstart) != HAL_OK)
1084:Drivers/STM32F2xx_HAL_Driver/Src/stm32f2xx_hal_spi.c ****     {
1085:Drivers/STM32F2xx_HAL_Driver/Src/stm32f2xx_hal_spi.c ****       SET_BIT(hspi->ErrorCode, HAL_SPI_ERROR_CRC);
1086:Drivers/STM32F2xx_HAL_Driver/Src/stm32f2xx_hal_spi.c ****       hspi->State = HAL_SPI_STATE_READY;
1087:Drivers/STM32F2xx_HAL_Driver/Src/stm32f2xx_hal_spi.c ****       __HAL_UNLOCK(hspi);
1088:Drivers/STM32F2xx_HAL_Driver/Src/stm32f2xx_hal_spi.c ****       return HAL_TIMEOUT;
1089:Drivers/STM32F2xx_HAL_Driver/Src/stm32f2xx_hal_spi.c ****     }
1090:Drivers/STM32F2xx_HAL_Driver/Src/stm32f2xx_hal_spi.c **** 
1091:Drivers/STM32F2xx_HAL_Driver/Src/stm32f2xx_hal_spi.c ****     /* Read CRC to Flush DR and RXNE flag */
1092:Drivers/STM32F2xx_HAL_Driver/Src/stm32f2xx_hal_spi.c ****     tmpreg = READ_REG(hspi->Instance->DR);
1093:Drivers/STM32F2xx_HAL_Driver/Src/stm32f2xx_hal_spi.c ****     /* To avoid GCC warning */
1094:Drivers/STM32F2xx_HAL_Driver/Src/stm32f2xx_hal_spi.c ****     UNUSED(tmpreg);
1095:Drivers/STM32F2xx_HAL_Driver/Src/stm32f2xx_hal_spi.c ****   }
1096:Drivers/STM32F2xx_HAL_Driver/Src/stm32f2xx_hal_spi.c **** #endif /* USE_SPI_CRC */
1097:Drivers/STM32F2xx_HAL_Driver/Src/stm32f2xx_hal_spi.c **** 
1098:Drivers/STM32F2xx_HAL_Driver/Src/stm32f2xx_hal_spi.c ****   /* Check the end of the transaction */
1099:Drivers/STM32F2xx_HAL_Driver/Src/stm32f2xx_hal_spi.c ****   if (SPI_EndRxTransaction(hspi, Timeout, tickstart) != HAL_OK)
1100:Drivers/STM32F2xx_HAL_Driver/Src/stm32f2xx_hal_spi.c ****   {
1101:Drivers/STM32F2xx_HAL_Driver/Src/stm32f2xx_hal_spi.c ****     hspi->ErrorCode = HAL_SPI_ERROR_FLAG;
1102:Drivers/STM32F2xx_HAL_Driver/Src/stm32f2xx_hal_spi.c ****   }
1103:Drivers/STM32F2xx_HAL_Driver/Src/stm32f2xx_hal_spi.c **** 
1104:Drivers/STM32F2xx_HAL_Driver/Src/stm32f2xx_hal_spi.c **** #if (USE_SPI_CRC != 0U)
1105:Drivers/STM32F2xx_HAL_Driver/Src/stm32f2xx_hal_spi.c ****   /* Check if CRC error occurred */
1106:Drivers/STM32F2xx_HAL_Driver/Src/stm32f2xx_hal_spi.c ****   if (__HAL_SPI_GET_FLAG(hspi, SPI_FLAG_CRCERR))
1107:Drivers/STM32F2xx_HAL_Driver/Src/stm32f2xx_hal_spi.c ****   {
1108:Drivers/STM32F2xx_HAL_Driver/Src/stm32f2xx_hal_spi.c ****     SET_BIT(hspi->ErrorCode, HAL_SPI_ERROR_CRC);
1109:Drivers/STM32F2xx_HAL_Driver/Src/stm32f2xx_hal_spi.c ****     __HAL_SPI_CLEAR_CRCERRFLAG(hspi);
1110:Drivers/STM32F2xx_HAL_Driver/Src/stm32f2xx_hal_spi.c ****   }
1111:Drivers/STM32F2xx_HAL_Driver/Src/stm32f2xx_hal_spi.c **** #endif /* USE_SPI_CRC */
1112:Drivers/STM32F2xx_HAL_Driver/Src/stm32f2xx_hal_spi.c **** 
1113:Drivers/STM32F2xx_HAL_Driver/Src/stm32f2xx_hal_spi.c ****   hspi->State = HAL_SPI_STATE_READY;
1114:Drivers/STM32F2xx_HAL_Driver/Src/stm32f2xx_hal_spi.c ****   /* Unlock the process */
1115:Drivers/STM32F2xx_HAL_Driver/Src/stm32f2xx_hal_spi.c ****   __HAL_UNLOCK(hspi);
ARM GAS  /var/folders/8x/_y6g3dfs0698dfd49y4vcg_w0000gn/T//ccpNuCLH.s 			page 21


1116:Drivers/STM32F2xx_HAL_Driver/Src/stm32f2xx_hal_spi.c ****   if (hspi->ErrorCode != HAL_SPI_ERROR_NONE)
1117:Drivers/STM32F2xx_HAL_Driver/Src/stm32f2xx_hal_spi.c ****   {
1118:Drivers/STM32F2xx_HAL_Driver/Src/stm32f2xx_hal_spi.c ****     return HAL_ERROR;
1119:Drivers/STM32F2xx_HAL_Driver/Src/stm32f2xx_hal_spi.c ****   }
1120:Drivers/STM32F2xx_HAL_Driver/Src/stm32f2xx_hal_spi.c ****   else
1121:Drivers/STM32F2xx_HAL_Driver/Src/stm32f2xx_hal_spi.c ****   {
1122:Drivers/STM32F2xx_HAL_Driver/Src/stm32f2xx_hal_spi.c ****     return HAL_OK;
1123:Drivers/STM32F2xx_HAL_Driver/Src/stm32f2xx_hal_spi.c ****   }
1124:Drivers/STM32F2xx_HAL_Driver/Src/stm32f2xx_hal_spi.c **** }
1125:Drivers/STM32F2xx_HAL_Driver/Src/stm32f2xx_hal_spi.c **** 
1126:Drivers/STM32F2xx_HAL_Driver/Src/stm32f2xx_hal_spi.c **** /**
1127:Drivers/STM32F2xx_HAL_Driver/Src/stm32f2xx_hal_spi.c ****   * @brief  Transmit and Receive an amount of data in blocking mode.
1128:Drivers/STM32F2xx_HAL_Driver/Src/stm32f2xx_hal_spi.c ****   * @param  hspi pointer to a SPI_HandleTypeDef structure that contains
1129:Drivers/STM32F2xx_HAL_Driver/Src/stm32f2xx_hal_spi.c ****   *               the configuration information for SPI module.
1130:Drivers/STM32F2xx_HAL_Driver/Src/stm32f2xx_hal_spi.c ****   * @param  pTxData pointer to transmission data buffer
1131:Drivers/STM32F2xx_HAL_Driver/Src/stm32f2xx_hal_spi.c ****   * @param  pRxData pointer to reception data buffer
1132:Drivers/STM32F2xx_HAL_Driver/Src/stm32f2xx_hal_spi.c ****   * @param  Size amount of data to be sent and received
1133:Drivers/STM32F2xx_HAL_Driver/Src/stm32f2xx_hal_spi.c ****   * @param  Timeout Timeout duration
1134:Drivers/STM32F2xx_HAL_Driver/Src/stm32f2xx_hal_spi.c ****   * @retval HAL status
1135:Drivers/STM32F2xx_HAL_Driver/Src/stm32f2xx_hal_spi.c ****   */
1136:Drivers/STM32F2xx_HAL_Driver/Src/stm32f2xx_hal_spi.c **** HAL_StatusTypeDef HAL_SPI_TransmitReceive(SPI_HandleTypeDef *hspi, const uint8_t *pTxData, uint8_t 
1137:Drivers/STM32F2xx_HAL_Driver/Src/stm32f2xx_hal_spi.c ****                                           uint16_t Size, uint32_t Timeout)
1138:Drivers/STM32F2xx_HAL_Driver/Src/stm32f2xx_hal_spi.c **** {
1139:Drivers/STM32F2xx_HAL_Driver/Src/stm32f2xx_hal_spi.c ****   uint16_t             initial_TxXferCount;
1140:Drivers/STM32F2xx_HAL_Driver/Src/stm32f2xx_hal_spi.c ****   uint32_t             tmp_mode;
1141:Drivers/STM32F2xx_HAL_Driver/Src/stm32f2xx_hal_spi.c ****   HAL_SPI_StateTypeDef tmp_state;
1142:Drivers/STM32F2xx_HAL_Driver/Src/stm32f2xx_hal_spi.c ****   uint32_t             tickstart;
1143:Drivers/STM32F2xx_HAL_Driver/Src/stm32f2xx_hal_spi.c **** #if (USE_SPI_CRC != 0U)
1144:Drivers/STM32F2xx_HAL_Driver/Src/stm32f2xx_hal_spi.c ****   __IO uint32_t tmpreg = 0U;
1145:Drivers/STM32F2xx_HAL_Driver/Src/stm32f2xx_hal_spi.c **** #endif /* USE_SPI_CRC */
1146:Drivers/STM32F2xx_HAL_Driver/Src/stm32f2xx_hal_spi.c **** 
1147:Drivers/STM32F2xx_HAL_Driver/Src/stm32f2xx_hal_spi.c ****   /* Variable used to alternate Rx and Tx during transfer */
1148:Drivers/STM32F2xx_HAL_Driver/Src/stm32f2xx_hal_spi.c ****   uint32_t             txallowed = 1U;
1149:Drivers/STM32F2xx_HAL_Driver/Src/stm32f2xx_hal_spi.c **** 
1150:Drivers/STM32F2xx_HAL_Driver/Src/stm32f2xx_hal_spi.c ****   /* Check Direction parameter */
1151:Drivers/STM32F2xx_HAL_Driver/Src/stm32f2xx_hal_spi.c ****   assert_param(IS_SPI_DIRECTION_2LINES(hspi->Init.Direction));
1152:Drivers/STM32F2xx_HAL_Driver/Src/stm32f2xx_hal_spi.c **** 
1153:Drivers/STM32F2xx_HAL_Driver/Src/stm32f2xx_hal_spi.c ****   /* Init tickstart for timeout management*/
1154:Drivers/STM32F2xx_HAL_Driver/Src/stm32f2xx_hal_spi.c ****   tickstart = HAL_GetTick();
1155:Drivers/STM32F2xx_HAL_Driver/Src/stm32f2xx_hal_spi.c **** 
1156:Drivers/STM32F2xx_HAL_Driver/Src/stm32f2xx_hal_spi.c ****   /* Init temporary variables */
1157:Drivers/STM32F2xx_HAL_Driver/Src/stm32f2xx_hal_spi.c ****   tmp_state           = hspi->State;
1158:Drivers/STM32F2xx_HAL_Driver/Src/stm32f2xx_hal_spi.c ****   tmp_mode            = hspi->Init.Mode;
1159:Drivers/STM32F2xx_HAL_Driver/Src/stm32f2xx_hal_spi.c ****   initial_TxXferCount = Size;
1160:Drivers/STM32F2xx_HAL_Driver/Src/stm32f2xx_hal_spi.c **** 
1161:Drivers/STM32F2xx_HAL_Driver/Src/stm32f2xx_hal_spi.c ****   if (!((tmp_state == HAL_SPI_STATE_READY) || \
1162:Drivers/STM32F2xx_HAL_Driver/Src/stm32f2xx_hal_spi.c ****         ((tmp_mode == SPI_MODE_MASTER) && (hspi->Init.Direction == SPI_DIRECTION_2LINES) &&
1163:Drivers/STM32F2xx_HAL_Driver/Src/stm32f2xx_hal_spi.c ****          (tmp_state == HAL_SPI_STATE_BUSY_RX))))
1164:Drivers/STM32F2xx_HAL_Driver/Src/stm32f2xx_hal_spi.c ****   {
1165:Drivers/STM32F2xx_HAL_Driver/Src/stm32f2xx_hal_spi.c ****     return HAL_BUSY;
1166:Drivers/STM32F2xx_HAL_Driver/Src/stm32f2xx_hal_spi.c ****   }
1167:Drivers/STM32F2xx_HAL_Driver/Src/stm32f2xx_hal_spi.c **** 
1168:Drivers/STM32F2xx_HAL_Driver/Src/stm32f2xx_hal_spi.c ****   if ((pTxData == NULL) || (pRxData == NULL) || (Size == 0U))
1169:Drivers/STM32F2xx_HAL_Driver/Src/stm32f2xx_hal_spi.c ****   {
1170:Drivers/STM32F2xx_HAL_Driver/Src/stm32f2xx_hal_spi.c ****     return HAL_ERROR;
1171:Drivers/STM32F2xx_HAL_Driver/Src/stm32f2xx_hal_spi.c ****   }
1172:Drivers/STM32F2xx_HAL_Driver/Src/stm32f2xx_hal_spi.c **** 
ARM GAS  /var/folders/8x/_y6g3dfs0698dfd49y4vcg_w0000gn/T//ccpNuCLH.s 			page 22


1173:Drivers/STM32F2xx_HAL_Driver/Src/stm32f2xx_hal_spi.c ****   /* Process Locked */
1174:Drivers/STM32F2xx_HAL_Driver/Src/stm32f2xx_hal_spi.c ****   __HAL_LOCK(hspi);
1175:Drivers/STM32F2xx_HAL_Driver/Src/stm32f2xx_hal_spi.c **** 
1176:Drivers/STM32F2xx_HAL_Driver/Src/stm32f2xx_hal_spi.c ****   /* Don't overwrite in case of HAL_SPI_STATE_BUSY_RX */
1177:Drivers/STM32F2xx_HAL_Driver/Src/stm32f2xx_hal_spi.c ****   if (hspi->State != HAL_SPI_STATE_BUSY_RX)
1178:Drivers/STM32F2xx_HAL_Driver/Src/stm32f2xx_hal_spi.c ****   {
1179:Drivers/STM32F2xx_HAL_Driver/Src/stm32f2xx_hal_spi.c ****     hspi->State = HAL_SPI_STATE_BUSY_TX_RX;
1180:Drivers/STM32F2xx_HAL_Driver/Src/stm32f2xx_hal_spi.c ****   }
1181:Drivers/STM32F2xx_HAL_Driver/Src/stm32f2xx_hal_spi.c **** 
1182:Drivers/STM32F2xx_HAL_Driver/Src/stm32f2xx_hal_spi.c ****   /* Set the transaction information */
1183:Drivers/STM32F2xx_HAL_Driver/Src/stm32f2xx_hal_spi.c ****   hspi->ErrorCode   = HAL_SPI_ERROR_NONE;
1184:Drivers/STM32F2xx_HAL_Driver/Src/stm32f2xx_hal_spi.c ****   hspi->pRxBuffPtr  = (uint8_t *)pRxData;
1185:Drivers/STM32F2xx_HAL_Driver/Src/stm32f2xx_hal_spi.c ****   hspi->RxXferCount = Size;
1186:Drivers/STM32F2xx_HAL_Driver/Src/stm32f2xx_hal_spi.c ****   hspi->RxXferSize  = Size;
1187:Drivers/STM32F2xx_HAL_Driver/Src/stm32f2xx_hal_spi.c ****   hspi->pTxBuffPtr  = (const uint8_t *)pTxData;
1188:Drivers/STM32F2xx_HAL_Driver/Src/stm32f2xx_hal_spi.c ****   hspi->TxXferCount = Size;
1189:Drivers/STM32F2xx_HAL_Driver/Src/stm32f2xx_hal_spi.c ****   hspi->TxXferSize  = Size;
1190:Drivers/STM32F2xx_HAL_Driver/Src/stm32f2xx_hal_spi.c **** 
1191:Drivers/STM32F2xx_HAL_Driver/Src/stm32f2xx_hal_spi.c ****   /*Init field not used in handle to zero */
1192:Drivers/STM32F2xx_HAL_Driver/Src/stm32f2xx_hal_spi.c ****   hspi->RxISR       = NULL;
1193:Drivers/STM32F2xx_HAL_Driver/Src/stm32f2xx_hal_spi.c ****   hspi->TxISR       = NULL;
1194:Drivers/STM32F2xx_HAL_Driver/Src/stm32f2xx_hal_spi.c **** 
1195:Drivers/STM32F2xx_HAL_Driver/Src/stm32f2xx_hal_spi.c **** #if (USE_SPI_CRC != 0U)
1196:Drivers/STM32F2xx_HAL_Driver/Src/stm32f2xx_hal_spi.c ****   /* Reset CRC Calculation */
1197:Drivers/STM32F2xx_HAL_Driver/Src/stm32f2xx_hal_spi.c ****   if (hspi->Init.CRCCalculation == SPI_CRCCALCULATION_ENABLE)
1198:Drivers/STM32F2xx_HAL_Driver/Src/stm32f2xx_hal_spi.c ****   {
1199:Drivers/STM32F2xx_HAL_Driver/Src/stm32f2xx_hal_spi.c ****     SPI_RESET_CRC(hspi);
1200:Drivers/STM32F2xx_HAL_Driver/Src/stm32f2xx_hal_spi.c ****   }
1201:Drivers/STM32F2xx_HAL_Driver/Src/stm32f2xx_hal_spi.c **** #endif /* USE_SPI_CRC */
1202:Drivers/STM32F2xx_HAL_Driver/Src/stm32f2xx_hal_spi.c **** 
1203:Drivers/STM32F2xx_HAL_Driver/Src/stm32f2xx_hal_spi.c ****   /* Check if the SPI is already enabled */
1204:Drivers/STM32F2xx_HAL_Driver/Src/stm32f2xx_hal_spi.c ****   if ((hspi->Instance->CR1 & SPI_CR1_SPE) != SPI_CR1_SPE)
1205:Drivers/STM32F2xx_HAL_Driver/Src/stm32f2xx_hal_spi.c ****   {
1206:Drivers/STM32F2xx_HAL_Driver/Src/stm32f2xx_hal_spi.c ****     /* Enable SPI peripheral */
1207:Drivers/STM32F2xx_HAL_Driver/Src/stm32f2xx_hal_spi.c ****     __HAL_SPI_ENABLE(hspi);
1208:Drivers/STM32F2xx_HAL_Driver/Src/stm32f2xx_hal_spi.c ****   }
1209:Drivers/STM32F2xx_HAL_Driver/Src/stm32f2xx_hal_spi.c **** 
1210:Drivers/STM32F2xx_HAL_Driver/Src/stm32f2xx_hal_spi.c ****   /* Transmit and Receive data in 16 Bit mode */
1211:Drivers/STM32F2xx_HAL_Driver/Src/stm32f2xx_hal_spi.c ****   if (hspi->Init.DataSize == SPI_DATASIZE_16BIT)
1212:Drivers/STM32F2xx_HAL_Driver/Src/stm32f2xx_hal_spi.c ****   {
1213:Drivers/STM32F2xx_HAL_Driver/Src/stm32f2xx_hal_spi.c ****     if ((hspi->Init.Mode == SPI_MODE_SLAVE) || (initial_TxXferCount == 0x01U))
1214:Drivers/STM32F2xx_HAL_Driver/Src/stm32f2xx_hal_spi.c ****     {
1215:Drivers/STM32F2xx_HAL_Driver/Src/stm32f2xx_hal_spi.c ****       hspi->Instance->DR = *((const uint16_t *)hspi->pTxBuffPtr);
1216:Drivers/STM32F2xx_HAL_Driver/Src/stm32f2xx_hal_spi.c ****       hspi->pTxBuffPtr += sizeof(uint16_t);
1217:Drivers/STM32F2xx_HAL_Driver/Src/stm32f2xx_hal_spi.c ****       hspi->TxXferCount--;
1218:Drivers/STM32F2xx_HAL_Driver/Src/stm32f2xx_hal_spi.c **** 
1219:Drivers/STM32F2xx_HAL_Driver/Src/stm32f2xx_hal_spi.c **** #if (USE_SPI_CRC != 0U)
1220:Drivers/STM32F2xx_HAL_Driver/Src/stm32f2xx_hal_spi.c ****       /* Enable CRC Transmission */
1221:Drivers/STM32F2xx_HAL_Driver/Src/stm32f2xx_hal_spi.c ****       if ((hspi->TxXferCount == 0U) && (hspi->Init.CRCCalculation == SPI_CRCCALCULATION_ENABLE))
1222:Drivers/STM32F2xx_HAL_Driver/Src/stm32f2xx_hal_spi.c ****       {
1223:Drivers/STM32F2xx_HAL_Driver/Src/stm32f2xx_hal_spi.c ****         SET_BIT(hspi->Instance->CR1, SPI_CR1_CRCNEXT);
1224:Drivers/STM32F2xx_HAL_Driver/Src/stm32f2xx_hal_spi.c ****       }
1225:Drivers/STM32F2xx_HAL_Driver/Src/stm32f2xx_hal_spi.c **** #endif /* USE_SPI_CRC */
1226:Drivers/STM32F2xx_HAL_Driver/Src/stm32f2xx_hal_spi.c **** 
1227:Drivers/STM32F2xx_HAL_Driver/Src/stm32f2xx_hal_spi.c ****     }
1228:Drivers/STM32F2xx_HAL_Driver/Src/stm32f2xx_hal_spi.c ****     while ((hspi->TxXferCount > 0U) || (hspi->RxXferCount > 0U))
1229:Drivers/STM32F2xx_HAL_Driver/Src/stm32f2xx_hal_spi.c ****     {
ARM GAS  /var/folders/8x/_y6g3dfs0698dfd49y4vcg_w0000gn/T//ccpNuCLH.s 			page 23


1230:Drivers/STM32F2xx_HAL_Driver/Src/stm32f2xx_hal_spi.c ****       /* Check TXE flag */
1231:Drivers/STM32F2xx_HAL_Driver/Src/stm32f2xx_hal_spi.c ****       if ((__HAL_SPI_GET_FLAG(hspi, SPI_FLAG_TXE)) && (hspi->TxXferCount > 0U) && (txallowed == 1U)
1232:Drivers/STM32F2xx_HAL_Driver/Src/stm32f2xx_hal_spi.c ****       {
1233:Drivers/STM32F2xx_HAL_Driver/Src/stm32f2xx_hal_spi.c ****         hspi->Instance->DR = *((const uint16_t *)hspi->pTxBuffPtr);
1234:Drivers/STM32F2xx_HAL_Driver/Src/stm32f2xx_hal_spi.c ****         hspi->pTxBuffPtr += sizeof(uint16_t);
1235:Drivers/STM32F2xx_HAL_Driver/Src/stm32f2xx_hal_spi.c ****         hspi->TxXferCount--;
1236:Drivers/STM32F2xx_HAL_Driver/Src/stm32f2xx_hal_spi.c ****         /* Next Data is a reception (Rx). Tx not allowed */
1237:Drivers/STM32F2xx_HAL_Driver/Src/stm32f2xx_hal_spi.c ****         txallowed = 0U;
1238:Drivers/STM32F2xx_HAL_Driver/Src/stm32f2xx_hal_spi.c **** 
1239:Drivers/STM32F2xx_HAL_Driver/Src/stm32f2xx_hal_spi.c **** #if (USE_SPI_CRC != 0U)
1240:Drivers/STM32F2xx_HAL_Driver/Src/stm32f2xx_hal_spi.c ****         /* Enable CRC Transmission */
1241:Drivers/STM32F2xx_HAL_Driver/Src/stm32f2xx_hal_spi.c ****         if ((hspi->TxXferCount == 0U) && (hspi->Init.CRCCalculation == SPI_CRCCALCULATION_ENABLE))
1242:Drivers/STM32F2xx_HAL_Driver/Src/stm32f2xx_hal_spi.c ****         {
1243:Drivers/STM32F2xx_HAL_Driver/Src/stm32f2xx_hal_spi.c ****           SET_BIT(hspi->Instance->CR1, SPI_CR1_CRCNEXT);
1244:Drivers/STM32F2xx_HAL_Driver/Src/stm32f2xx_hal_spi.c ****         }
1245:Drivers/STM32F2xx_HAL_Driver/Src/stm32f2xx_hal_spi.c **** #endif /* USE_SPI_CRC */
1246:Drivers/STM32F2xx_HAL_Driver/Src/stm32f2xx_hal_spi.c ****       }
1247:Drivers/STM32F2xx_HAL_Driver/Src/stm32f2xx_hal_spi.c **** 
1248:Drivers/STM32F2xx_HAL_Driver/Src/stm32f2xx_hal_spi.c ****       /* Check RXNE flag */
1249:Drivers/STM32F2xx_HAL_Driver/Src/stm32f2xx_hal_spi.c ****       if ((__HAL_SPI_GET_FLAG(hspi, SPI_FLAG_RXNE)) && (hspi->RxXferCount > 0U))
1250:Drivers/STM32F2xx_HAL_Driver/Src/stm32f2xx_hal_spi.c ****       {
1251:Drivers/STM32F2xx_HAL_Driver/Src/stm32f2xx_hal_spi.c ****         *((uint16_t *)hspi->pRxBuffPtr) = (uint16_t)hspi->Instance->DR;
1252:Drivers/STM32F2xx_HAL_Driver/Src/stm32f2xx_hal_spi.c ****         hspi->pRxBuffPtr += sizeof(uint16_t);
1253:Drivers/STM32F2xx_HAL_Driver/Src/stm32f2xx_hal_spi.c ****         hspi->RxXferCount--;
1254:Drivers/STM32F2xx_HAL_Driver/Src/stm32f2xx_hal_spi.c ****         /* Next Data is a Transmission (Tx). Tx is allowed */
1255:Drivers/STM32F2xx_HAL_Driver/Src/stm32f2xx_hal_spi.c ****         txallowed = 1U;
1256:Drivers/STM32F2xx_HAL_Driver/Src/stm32f2xx_hal_spi.c ****       }
1257:Drivers/STM32F2xx_HAL_Driver/Src/stm32f2xx_hal_spi.c ****       if (((HAL_GetTick() - tickstart) >=  Timeout) && (Timeout != HAL_MAX_DELAY))
1258:Drivers/STM32F2xx_HAL_Driver/Src/stm32f2xx_hal_spi.c ****       {
1259:Drivers/STM32F2xx_HAL_Driver/Src/stm32f2xx_hal_spi.c ****         hspi->State = HAL_SPI_STATE_READY;
1260:Drivers/STM32F2xx_HAL_Driver/Src/stm32f2xx_hal_spi.c ****         __HAL_UNLOCK(hspi);
1261:Drivers/STM32F2xx_HAL_Driver/Src/stm32f2xx_hal_spi.c ****         return HAL_TIMEOUT;
1262:Drivers/STM32F2xx_HAL_Driver/Src/stm32f2xx_hal_spi.c ****       }
1263:Drivers/STM32F2xx_HAL_Driver/Src/stm32f2xx_hal_spi.c ****     }
1264:Drivers/STM32F2xx_HAL_Driver/Src/stm32f2xx_hal_spi.c ****   }
1265:Drivers/STM32F2xx_HAL_Driver/Src/stm32f2xx_hal_spi.c ****   /* Transmit and Receive data in 8 Bit mode */
1266:Drivers/STM32F2xx_HAL_Driver/Src/stm32f2xx_hal_spi.c ****   else
1267:Drivers/STM32F2xx_HAL_Driver/Src/stm32f2xx_hal_spi.c ****   {
1268:Drivers/STM32F2xx_HAL_Driver/Src/stm32f2xx_hal_spi.c ****     if ((hspi->Init.Mode == SPI_MODE_SLAVE) || (initial_TxXferCount == 0x01U))
1269:Drivers/STM32F2xx_HAL_Driver/Src/stm32f2xx_hal_spi.c ****     {
1270:Drivers/STM32F2xx_HAL_Driver/Src/stm32f2xx_hal_spi.c ****       *((__IO uint8_t *)&hspi->Instance->DR) = *((const uint8_t *)hspi->pTxBuffPtr);
1271:Drivers/STM32F2xx_HAL_Driver/Src/stm32f2xx_hal_spi.c ****       hspi->pTxBuffPtr += sizeof(uint8_t);
1272:Drivers/STM32F2xx_HAL_Driver/Src/stm32f2xx_hal_spi.c ****       hspi->TxXferCount--;
1273:Drivers/STM32F2xx_HAL_Driver/Src/stm32f2xx_hal_spi.c **** 
1274:Drivers/STM32F2xx_HAL_Driver/Src/stm32f2xx_hal_spi.c **** #if (USE_SPI_CRC != 0U)
1275:Drivers/STM32F2xx_HAL_Driver/Src/stm32f2xx_hal_spi.c ****       /* Enable CRC Transmission */
1276:Drivers/STM32F2xx_HAL_Driver/Src/stm32f2xx_hal_spi.c ****       if ((hspi->TxXferCount == 0U) && (hspi->Init.CRCCalculation == SPI_CRCCALCULATION_ENABLE))
1277:Drivers/STM32F2xx_HAL_Driver/Src/stm32f2xx_hal_spi.c ****       {
1278:Drivers/STM32F2xx_HAL_Driver/Src/stm32f2xx_hal_spi.c ****         SET_BIT(hspi->Instance->CR1, SPI_CR1_CRCNEXT);
1279:Drivers/STM32F2xx_HAL_Driver/Src/stm32f2xx_hal_spi.c ****       }
1280:Drivers/STM32F2xx_HAL_Driver/Src/stm32f2xx_hal_spi.c **** #endif /* USE_SPI_CRC */
1281:Drivers/STM32F2xx_HAL_Driver/Src/stm32f2xx_hal_spi.c ****     }
1282:Drivers/STM32F2xx_HAL_Driver/Src/stm32f2xx_hal_spi.c ****     while ((hspi->TxXferCount > 0U) || (hspi->RxXferCount > 0U))
1283:Drivers/STM32F2xx_HAL_Driver/Src/stm32f2xx_hal_spi.c ****     {
1284:Drivers/STM32F2xx_HAL_Driver/Src/stm32f2xx_hal_spi.c ****       /* Check TXE flag */
1285:Drivers/STM32F2xx_HAL_Driver/Src/stm32f2xx_hal_spi.c ****       if ((__HAL_SPI_GET_FLAG(hspi, SPI_FLAG_TXE)) && (hspi->TxXferCount > 0U) && (txallowed == 1U)
1286:Drivers/STM32F2xx_HAL_Driver/Src/stm32f2xx_hal_spi.c ****       {
ARM GAS  /var/folders/8x/_y6g3dfs0698dfd49y4vcg_w0000gn/T//ccpNuCLH.s 			page 24


1287:Drivers/STM32F2xx_HAL_Driver/Src/stm32f2xx_hal_spi.c ****         *(__IO uint8_t *)&hspi->Instance->DR = *((const uint8_t *)hspi->pTxBuffPtr);
1288:Drivers/STM32F2xx_HAL_Driver/Src/stm32f2xx_hal_spi.c ****         hspi->pTxBuffPtr++;
1289:Drivers/STM32F2xx_HAL_Driver/Src/stm32f2xx_hal_spi.c ****         hspi->TxXferCount--;
1290:Drivers/STM32F2xx_HAL_Driver/Src/stm32f2xx_hal_spi.c ****         /* Next Data is a reception (Rx). Tx not allowed */
1291:Drivers/STM32F2xx_HAL_Driver/Src/stm32f2xx_hal_spi.c ****         txallowed = 0U;
1292:Drivers/STM32F2xx_HAL_Driver/Src/stm32f2xx_hal_spi.c **** 
1293:Drivers/STM32F2xx_HAL_Driver/Src/stm32f2xx_hal_spi.c **** #if (USE_SPI_CRC != 0U)
1294:Drivers/STM32F2xx_HAL_Driver/Src/stm32f2xx_hal_spi.c ****         /* Enable CRC Transmission */
1295:Drivers/STM32F2xx_HAL_Driver/Src/stm32f2xx_hal_spi.c ****         if ((hspi->TxXferCount == 0U) && (hspi->Init.CRCCalculation == SPI_CRCCALCULATION_ENABLE))
1296:Drivers/STM32F2xx_HAL_Driver/Src/stm32f2xx_hal_spi.c ****         {
1297:Drivers/STM32F2xx_HAL_Driver/Src/stm32f2xx_hal_spi.c ****           SET_BIT(hspi->Instance->CR1, SPI_CR1_CRCNEXT);
1298:Drivers/STM32F2xx_HAL_Driver/Src/stm32f2xx_hal_spi.c ****         }
1299:Drivers/STM32F2xx_HAL_Driver/Src/stm32f2xx_hal_spi.c **** #endif /* USE_SPI_CRC */
1300:Drivers/STM32F2xx_HAL_Driver/Src/stm32f2xx_hal_spi.c ****       }
1301:Drivers/STM32F2xx_HAL_Driver/Src/stm32f2xx_hal_spi.c **** 
1302:Drivers/STM32F2xx_HAL_Driver/Src/stm32f2xx_hal_spi.c ****       /* Wait until RXNE flag is reset */
1303:Drivers/STM32F2xx_HAL_Driver/Src/stm32f2xx_hal_spi.c ****       if ((__HAL_SPI_GET_FLAG(hspi, SPI_FLAG_RXNE)) && (hspi->RxXferCount > 0U))
1304:Drivers/STM32F2xx_HAL_Driver/Src/stm32f2xx_hal_spi.c ****       {
1305:Drivers/STM32F2xx_HAL_Driver/Src/stm32f2xx_hal_spi.c ****         (*(uint8_t *)hspi->pRxBuffPtr) = hspi->Instance->DR;
1306:Drivers/STM32F2xx_HAL_Driver/Src/stm32f2xx_hal_spi.c ****         hspi->pRxBuffPtr++;
1307:Drivers/STM32F2xx_HAL_Driver/Src/stm32f2xx_hal_spi.c ****         hspi->RxXferCount--;
1308:Drivers/STM32F2xx_HAL_Driver/Src/stm32f2xx_hal_spi.c ****         /* Next Data is a Transmission (Tx). Tx is allowed */
1309:Drivers/STM32F2xx_HAL_Driver/Src/stm32f2xx_hal_spi.c ****         txallowed = 1U;
1310:Drivers/STM32F2xx_HAL_Driver/Src/stm32f2xx_hal_spi.c ****       }
1311:Drivers/STM32F2xx_HAL_Driver/Src/stm32f2xx_hal_spi.c ****       if ((((HAL_GetTick() - tickstart) >=  Timeout) && ((Timeout != HAL_MAX_DELAY))) || (Timeout =
1312:Drivers/STM32F2xx_HAL_Driver/Src/stm32f2xx_hal_spi.c ****       {
1313:Drivers/STM32F2xx_HAL_Driver/Src/stm32f2xx_hal_spi.c ****         hspi->State = HAL_SPI_STATE_READY;
1314:Drivers/STM32F2xx_HAL_Driver/Src/stm32f2xx_hal_spi.c ****         __HAL_UNLOCK(hspi);
1315:Drivers/STM32F2xx_HAL_Driver/Src/stm32f2xx_hal_spi.c ****         return HAL_TIMEOUT;
1316:Drivers/STM32F2xx_HAL_Driver/Src/stm32f2xx_hal_spi.c ****       }
1317:Drivers/STM32F2xx_HAL_Driver/Src/stm32f2xx_hal_spi.c ****     }
1318:Drivers/STM32F2xx_HAL_Driver/Src/stm32f2xx_hal_spi.c ****   }
1319:Drivers/STM32F2xx_HAL_Driver/Src/stm32f2xx_hal_spi.c **** 
1320:Drivers/STM32F2xx_HAL_Driver/Src/stm32f2xx_hal_spi.c **** #if (USE_SPI_CRC != 0U)
1321:Drivers/STM32F2xx_HAL_Driver/Src/stm32f2xx_hal_spi.c ****   /* Read CRC from DR to close CRC calculation process */
1322:Drivers/STM32F2xx_HAL_Driver/Src/stm32f2xx_hal_spi.c ****   if (hspi->Init.CRCCalculation == SPI_CRCCALCULATION_ENABLE)
1323:Drivers/STM32F2xx_HAL_Driver/Src/stm32f2xx_hal_spi.c ****   {
1324:Drivers/STM32F2xx_HAL_Driver/Src/stm32f2xx_hal_spi.c ****     /* Wait until TXE flag */
1325:Drivers/STM32F2xx_HAL_Driver/Src/stm32f2xx_hal_spi.c ****     if (SPI_WaitFlagStateUntilTimeout(hspi, SPI_FLAG_RXNE, SET, Timeout, tickstart) != HAL_OK)
1326:Drivers/STM32F2xx_HAL_Driver/Src/stm32f2xx_hal_spi.c ****     {
1327:Drivers/STM32F2xx_HAL_Driver/Src/stm32f2xx_hal_spi.c ****       /* Error on the CRC reception */
1328:Drivers/STM32F2xx_HAL_Driver/Src/stm32f2xx_hal_spi.c ****       SET_BIT(hspi->ErrorCode, HAL_SPI_ERROR_CRC);
1329:Drivers/STM32F2xx_HAL_Driver/Src/stm32f2xx_hal_spi.c ****       hspi->State = HAL_SPI_STATE_READY;
1330:Drivers/STM32F2xx_HAL_Driver/Src/stm32f2xx_hal_spi.c ****       __HAL_UNLOCK(hspi);
1331:Drivers/STM32F2xx_HAL_Driver/Src/stm32f2xx_hal_spi.c ****       return HAL_TIMEOUT;
1332:Drivers/STM32F2xx_HAL_Driver/Src/stm32f2xx_hal_spi.c ****     }
1333:Drivers/STM32F2xx_HAL_Driver/Src/stm32f2xx_hal_spi.c ****     /* Read CRC */
1334:Drivers/STM32F2xx_HAL_Driver/Src/stm32f2xx_hal_spi.c ****     tmpreg = READ_REG(hspi->Instance->DR);
1335:Drivers/STM32F2xx_HAL_Driver/Src/stm32f2xx_hal_spi.c ****     /* To avoid GCC warning */
1336:Drivers/STM32F2xx_HAL_Driver/Src/stm32f2xx_hal_spi.c ****     UNUSED(tmpreg);
1337:Drivers/STM32F2xx_HAL_Driver/Src/stm32f2xx_hal_spi.c ****   }
1338:Drivers/STM32F2xx_HAL_Driver/Src/stm32f2xx_hal_spi.c **** 
1339:Drivers/STM32F2xx_HAL_Driver/Src/stm32f2xx_hal_spi.c ****   /* Check if CRC error occurred */
1340:Drivers/STM32F2xx_HAL_Driver/Src/stm32f2xx_hal_spi.c ****   if (__HAL_SPI_GET_FLAG(hspi, SPI_FLAG_CRCERR))
1341:Drivers/STM32F2xx_HAL_Driver/Src/stm32f2xx_hal_spi.c ****   {
1342:Drivers/STM32F2xx_HAL_Driver/Src/stm32f2xx_hal_spi.c ****     SET_BIT(hspi->ErrorCode, HAL_SPI_ERROR_CRC);
1343:Drivers/STM32F2xx_HAL_Driver/Src/stm32f2xx_hal_spi.c ****     /* Clear CRC Flag */
ARM GAS  /var/folders/8x/_y6g3dfs0698dfd49y4vcg_w0000gn/T//ccpNuCLH.s 			page 25


1344:Drivers/STM32F2xx_HAL_Driver/Src/stm32f2xx_hal_spi.c ****     __HAL_SPI_CLEAR_CRCERRFLAG(hspi);
1345:Drivers/STM32F2xx_HAL_Driver/Src/stm32f2xx_hal_spi.c ****     __HAL_UNLOCK(hspi);
1346:Drivers/STM32F2xx_HAL_Driver/Src/stm32f2xx_hal_spi.c ****     return HAL_ERROR;
1347:Drivers/STM32F2xx_HAL_Driver/Src/stm32f2xx_hal_spi.c ****   }
1348:Drivers/STM32F2xx_HAL_Driver/Src/stm32f2xx_hal_spi.c **** #endif /* USE_SPI_CRC */
1349:Drivers/STM32F2xx_HAL_Driver/Src/stm32f2xx_hal_spi.c **** 
1350:Drivers/STM32F2xx_HAL_Driver/Src/stm32f2xx_hal_spi.c ****   /* Check the end of the transaction */
1351:Drivers/STM32F2xx_HAL_Driver/Src/stm32f2xx_hal_spi.c ****   if (SPI_EndRxTxTransaction(hspi, Timeout, tickstart) != HAL_OK)
1352:Drivers/STM32F2xx_HAL_Driver/Src/stm32f2xx_hal_spi.c ****   {
1353:Drivers/STM32F2xx_HAL_Driver/Src/stm32f2xx_hal_spi.c ****     hspi->ErrorCode = HAL_SPI_ERROR_FLAG;
1354:Drivers/STM32F2xx_HAL_Driver/Src/stm32f2xx_hal_spi.c ****     __HAL_UNLOCK(hspi);
1355:Drivers/STM32F2xx_HAL_Driver/Src/stm32f2xx_hal_spi.c ****     return HAL_ERROR;
1356:Drivers/STM32F2xx_HAL_Driver/Src/stm32f2xx_hal_spi.c ****   }
1357:Drivers/STM32F2xx_HAL_Driver/Src/stm32f2xx_hal_spi.c **** 
1358:Drivers/STM32F2xx_HAL_Driver/Src/stm32f2xx_hal_spi.c ****   /* Clear overrun flag in 2 Lines communication mode because received is not read */
1359:Drivers/STM32F2xx_HAL_Driver/Src/stm32f2xx_hal_spi.c ****   if (hspi->Init.Direction == SPI_DIRECTION_2LINES)
1360:Drivers/STM32F2xx_HAL_Driver/Src/stm32f2xx_hal_spi.c ****   {
1361:Drivers/STM32F2xx_HAL_Driver/Src/stm32f2xx_hal_spi.c ****     __HAL_SPI_CLEAR_OVRFLAG(hspi);
1362:Drivers/STM32F2xx_HAL_Driver/Src/stm32f2xx_hal_spi.c ****   }
1363:Drivers/STM32F2xx_HAL_Driver/Src/stm32f2xx_hal_spi.c **** 
1364:Drivers/STM32F2xx_HAL_Driver/Src/stm32f2xx_hal_spi.c **** 
1365:Drivers/STM32F2xx_HAL_Driver/Src/stm32f2xx_hal_spi.c ****   hspi->State = HAL_SPI_STATE_READY;
1366:Drivers/STM32F2xx_HAL_Driver/Src/stm32f2xx_hal_spi.c ****   /* Unlock the process */
1367:Drivers/STM32F2xx_HAL_Driver/Src/stm32f2xx_hal_spi.c ****   __HAL_UNLOCK(hspi);
1368:Drivers/STM32F2xx_HAL_Driver/Src/stm32f2xx_hal_spi.c **** 
1369:Drivers/STM32F2xx_HAL_Driver/Src/stm32f2xx_hal_spi.c ****   if (hspi->ErrorCode != HAL_SPI_ERROR_NONE)
1370:Drivers/STM32F2xx_HAL_Driver/Src/stm32f2xx_hal_spi.c ****   {
1371:Drivers/STM32F2xx_HAL_Driver/Src/stm32f2xx_hal_spi.c ****     return HAL_ERROR;
1372:Drivers/STM32F2xx_HAL_Driver/Src/stm32f2xx_hal_spi.c ****   }
1373:Drivers/STM32F2xx_HAL_Driver/Src/stm32f2xx_hal_spi.c ****   else
1374:Drivers/STM32F2xx_HAL_Driver/Src/stm32f2xx_hal_spi.c ****   {
1375:Drivers/STM32F2xx_HAL_Driver/Src/stm32f2xx_hal_spi.c ****     return HAL_OK;
1376:Drivers/STM32F2xx_HAL_Driver/Src/stm32f2xx_hal_spi.c ****   }
1377:Drivers/STM32F2xx_HAL_Driver/Src/stm32f2xx_hal_spi.c **** }
1378:Drivers/STM32F2xx_HAL_Driver/Src/stm32f2xx_hal_spi.c **** 
1379:Drivers/STM32F2xx_HAL_Driver/Src/stm32f2xx_hal_spi.c **** /**
1380:Drivers/STM32F2xx_HAL_Driver/Src/stm32f2xx_hal_spi.c ****   * @brief  Transmit an amount of data in non-blocking mode with Interrupt.
1381:Drivers/STM32F2xx_HAL_Driver/Src/stm32f2xx_hal_spi.c ****   * @param  hspi pointer to a SPI_HandleTypeDef structure that contains
1382:Drivers/STM32F2xx_HAL_Driver/Src/stm32f2xx_hal_spi.c ****   *               the configuration information for SPI module.
1383:Drivers/STM32F2xx_HAL_Driver/Src/stm32f2xx_hal_spi.c ****   * @param  pData pointer to data buffer
1384:Drivers/STM32F2xx_HAL_Driver/Src/stm32f2xx_hal_spi.c ****   * @param  Size amount of data to be sent
1385:Drivers/STM32F2xx_HAL_Driver/Src/stm32f2xx_hal_spi.c ****   * @retval HAL status
1386:Drivers/STM32F2xx_HAL_Driver/Src/stm32f2xx_hal_spi.c ****   */
1387:Drivers/STM32F2xx_HAL_Driver/Src/stm32f2xx_hal_spi.c **** HAL_StatusTypeDef HAL_SPI_Transmit_IT(SPI_HandleTypeDef *hspi, const uint8_t *pData, uint16_t Size)
1388:Drivers/STM32F2xx_HAL_Driver/Src/stm32f2xx_hal_spi.c **** {
1389:Drivers/STM32F2xx_HAL_Driver/Src/stm32f2xx_hal_spi.c **** 
1390:Drivers/STM32F2xx_HAL_Driver/Src/stm32f2xx_hal_spi.c ****   /* Check Direction parameter */
1391:Drivers/STM32F2xx_HAL_Driver/Src/stm32f2xx_hal_spi.c ****   assert_param(IS_SPI_DIRECTION_2LINES_OR_1LINE(hspi->Init.Direction));
1392:Drivers/STM32F2xx_HAL_Driver/Src/stm32f2xx_hal_spi.c **** 
1393:Drivers/STM32F2xx_HAL_Driver/Src/stm32f2xx_hal_spi.c **** 
1394:Drivers/STM32F2xx_HAL_Driver/Src/stm32f2xx_hal_spi.c ****   if ((pData == NULL) || (Size == 0U))
1395:Drivers/STM32F2xx_HAL_Driver/Src/stm32f2xx_hal_spi.c ****   {
1396:Drivers/STM32F2xx_HAL_Driver/Src/stm32f2xx_hal_spi.c ****     return HAL_ERROR;
1397:Drivers/STM32F2xx_HAL_Driver/Src/stm32f2xx_hal_spi.c ****   }
1398:Drivers/STM32F2xx_HAL_Driver/Src/stm32f2xx_hal_spi.c **** 
1399:Drivers/STM32F2xx_HAL_Driver/Src/stm32f2xx_hal_spi.c ****   if (hspi->State != HAL_SPI_STATE_READY)
1400:Drivers/STM32F2xx_HAL_Driver/Src/stm32f2xx_hal_spi.c ****   {
ARM GAS  /var/folders/8x/_y6g3dfs0698dfd49y4vcg_w0000gn/T//ccpNuCLH.s 			page 26


1401:Drivers/STM32F2xx_HAL_Driver/Src/stm32f2xx_hal_spi.c ****     return HAL_BUSY;
1402:Drivers/STM32F2xx_HAL_Driver/Src/stm32f2xx_hal_spi.c ****   }
1403:Drivers/STM32F2xx_HAL_Driver/Src/stm32f2xx_hal_spi.c **** 
1404:Drivers/STM32F2xx_HAL_Driver/Src/stm32f2xx_hal_spi.c ****   /* Process Locked */
1405:Drivers/STM32F2xx_HAL_Driver/Src/stm32f2xx_hal_spi.c ****   __HAL_LOCK(hspi);
1406:Drivers/STM32F2xx_HAL_Driver/Src/stm32f2xx_hal_spi.c **** 
1407:Drivers/STM32F2xx_HAL_Driver/Src/stm32f2xx_hal_spi.c ****   /* Set the transaction information */
1408:Drivers/STM32F2xx_HAL_Driver/Src/stm32f2xx_hal_spi.c ****   hspi->State       = HAL_SPI_STATE_BUSY_TX;
1409:Drivers/STM32F2xx_HAL_Driver/Src/stm32f2xx_hal_spi.c ****   hspi->ErrorCode   = HAL_SPI_ERROR_NONE;
1410:Drivers/STM32F2xx_HAL_Driver/Src/stm32f2xx_hal_spi.c ****   hspi->pTxBuffPtr  = (const uint8_t *)pData;
1411:Drivers/STM32F2xx_HAL_Driver/Src/stm32f2xx_hal_spi.c ****   hspi->TxXferSize  = Size;
1412:Drivers/STM32F2xx_HAL_Driver/Src/stm32f2xx_hal_spi.c ****   hspi->TxXferCount = Size;
1413:Drivers/STM32F2xx_HAL_Driver/Src/stm32f2xx_hal_spi.c **** 
1414:Drivers/STM32F2xx_HAL_Driver/Src/stm32f2xx_hal_spi.c ****   /* Init field not used in handle to zero */
1415:Drivers/STM32F2xx_HAL_Driver/Src/stm32f2xx_hal_spi.c ****   hspi->pRxBuffPtr  = (uint8_t *)NULL;
1416:Drivers/STM32F2xx_HAL_Driver/Src/stm32f2xx_hal_spi.c ****   hspi->RxXferSize  = 0U;
1417:Drivers/STM32F2xx_HAL_Driver/Src/stm32f2xx_hal_spi.c ****   hspi->RxXferCount = 0U;
1418:Drivers/STM32F2xx_HAL_Driver/Src/stm32f2xx_hal_spi.c ****   hspi->RxISR       = NULL;
1419:Drivers/STM32F2xx_HAL_Driver/Src/stm32f2xx_hal_spi.c **** 
1420:Drivers/STM32F2xx_HAL_Driver/Src/stm32f2xx_hal_spi.c ****   /* Set the function for IT treatment */
1421:Drivers/STM32F2xx_HAL_Driver/Src/stm32f2xx_hal_spi.c ****   if (hspi->Init.DataSize > SPI_DATASIZE_8BIT)
1422:Drivers/STM32F2xx_HAL_Driver/Src/stm32f2xx_hal_spi.c ****   {
1423:Drivers/STM32F2xx_HAL_Driver/Src/stm32f2xx_hal_spi.c ****     hspi->TxISR = SPI_TxISR_16BIT;
1424:Drivers/STM32F2xx_HAL_Driver/Src/stm32f2xx_hal_spi.c ****   }
1425:Drivers/STM32F2xx_HAL_Driver/Src/stm32f2xx_hal_spi.c ****   else
1426:Drivers/STM32F2xx_HAL_Driver/Src/stm32f2xx_hal_spi.c ****   {
1427:Drivers/STM32F2xx_HAL_Driver/Src/stm32f2xx_hal_spi.c ****     hspi->TxISR = SPI_TxISR_8BIT;
1428:Drivers/STM32F2xx_HAL_Driver/Src/stm32f2xx_hal_spi.c ****   }
1429:Drivers/STM32F2xx_HAL_Driver/Src/stm32f2xx_hal_spi.c **** 
1430:Drivers/STM32F2xx_HAL_Driver/Src/stm32f2xx_hal_spi.c ****   /* Configure communication direction : 1Line */
1431:Drivers/STM32F2xx_HAL_Driver/Src/stm32f2xx_hal_spi.c ****   if (hspi->Init.Direction == SPI_DIRECTION_1LINE)
1432:Drivers/STM32F2xx_HAL_Driver/Src/stm32f2xx_hal_spi.c ****   {
1433:Drivers/STM32F2xx_HAL_Driver/Src/stm32f2xx_hal_spi.c ****     /* Disable SPI Peripheral before set 1Line direction (BIDIOE bit) */
1434:Drivers/STM32F2xx_HAL_Driver/Src/stm32f2xx_hal_spi.c ****     __HAL_SPI_DISABLE(hspi);
1435:Drivers/STM32F2xx_HAL_Driver/Src/stm32f2xx_hal_spi.c ****     SPI_1LINE_TX(hspi);
1436:Drivers/STM32F2xx_HAL_Driver/Src/stm32f2xx_hal_spi.c ****   }
1437:Drivers/STM32F2xx_HAL_Driver/Src/stm32f2xx_hal_spi.c **** 
1438:Drivers/STM32F2xx_HAL_Driver/Src/stm32f2xx_hal_spi.c **** #if (USE_SPI_CRC != 0U)
1439:Drivers/STM32F2xx_HAL_Driver/Src/stm32f2xx_hal_spi.c ****   /* Reset CRC Calculation */
1440:Drivers/STM32F2xx_HAL_Driver/Src/stm32f2xx_hal_spi.c ****   if (hspi->Init.CRCCalculation == SPI_CRCCALCULATION_ENABLE)
1441:Drivers/STM32F2xx_HAL_Driver/Src/stm32f2xx_hal_spi.c ****   {
1442:Drivers/STM32F2xx_HAL_Driver/Src/stm32f2xx_hal_spi.c ****     SPI_RESET_CRC(hspi);
1443:Drivers/STM32F2xx_HAL_Driver/Src/stm32f2xx_hal_spi.c ****   }
1444:Drivers/STM32F2xx_HAL_Driver/Src/stm32f2xx_hal_spi.c **** #endif /* USE_SPI_CRC */
1445:Drivers/STM32F2xx_HAL_Driver/Src/stm32f2xx_hal_spi.c **** 
1446:Drivers/STM32F2xx_HAL_Driver/Src/stm32f2xx_hal_spi.c ****   /* Check if the SPI is already enabled */
1447:Drivers/STM32F2xx_HAL_Driver/Src/stm32f2xx_hal_spi.c ****   if ((hspi->Instance->CR1 & SPI_CR1_SPE) != SPI_CR1_SPE)
1448:Drivers/STM32F2xx_HAL_Driver/Src/stm32f2xx_hal_spi.c ****   {
1449:Drivers/STM32F2xx_HAL_Driver/Src/stm32f2xx_hal_spi.c ****     /* Enable SPI peripheral */
1450:Drivers/STM32F2xx_HAL_Driver/Src/stm32f2xx_hal_spi.c ****     __HAL_SPI_ENABLE(hspi);
1451:Drivers/STM32F2xx_HAL_Driver/Src/stm32f2xx_hal_spi.c ****   }
1452:Drivers/STM32F2xx_HAL_Driver/Src/stm32f2xx_hal_spi.c **** 
1453:Drivers/STM32F2xx_HAL_Driver/Src/stm32f2xx_hal_spi.c ****   /* Process Unlocked */
1454:Drivers/STM32F2xx_HAL_Driver/Src/stm32f2xx_hal_spi.c ****   __HAL_UNLOCK(hspi);
1455:Drivers/STM32F2xx_HAL_Driver/Src/stm32f2xx_hal_spi.c ****   /* Enable TXE and ERR interrupt */
1456:Drivers/STM32F2xx_HAL_Driver/Src/stm32f2xx_hal_spi.c ****   __HAL_SPI_ENABLE_IT(hspi, (SPI_IT_TXE | SPI_IT_ERR));
1457:Drivers/STM32F2xx_HAL_Driver/Src/stm32f2xx_hal_spi.c **** 
ARM GAS  /var/folders/8x/_y6g3dfs0698dfd49y4vcg_w0000gn/T//ccpNuCLH.s 			page 27


1458:Drivers/STM32F2xx_HAL_Driver/Src/stm32f2xx_hal_spi.c ****   return HAL_OK;
1459:Drivers/STM32F2xx_HAL_Driver/Src/stm32f2xx_hal_spi.c **** }
1460:Drivers/STM32F2xx_HAL_Driver/Src/stm32f2xx_hal_spi.c **** 
1461:Drivers/STM32F2xx_HAL_Driver/Src/stm32f2xx_hal_spi.c **** /**
1462:Drivers/STM32F2xx_HAL_Driver/Src/stm32f2xx_hal_spi.c ****   * @brief  Receive an amount of data in non-blocking mode with Interrupt.
1463:Drivers/STM32F2xx_HAL_Driver/Src/stm32f2xx_hal_spi.c ****   * @param  hspi pointer to a SPI_HandleTypeDef structure that contains
1464:Drivers/STM32F2xx_HAL_Driver/Src/stm32f2xx_hal_spi.c ****   *               the configuration information for SPI module.
1465:Drivers/STM32F2xx_HAL_Driver/Src/stm32f2xx_hal_spi.c ****   * @param  pData pointer to data buffer
1466:Drivers/STM32F2xx_HAL_Driver/Src/stm32f2xx_hal_spi.c ****   * @param  Size amount of data to be sent
1467:Drivers/STM32F2xx_HAL_Driver/Src/stm32f2xx_hal_spi.c ****   * @retval HAL status
1468:Drivers/STM32F2xx_HAL_Driver/Src/stm32f2xx_hal_spi.c ****   */
1469:Drivers/STM32F2xx_HAL_Driver/Src/stm32f2xx_hal_spi.c **** HAL_StatusTypeDef HAL_SPI_Receive_IT(SPI_HandleTypeDef *hspi, uint8_t *pData, uint16_t Size)
1470:Drivers/STM32F2xx_HAL_Driver/Src/stm32f2xx_hal_spi.c **** {
1471:Drivers/STM32F2xx_HAL_Driver/Src/stm32f2xx_hal_spi.c **** 
1472:Drivers/STM32F2xx_HAL_Driver/Src/stm32f2xx_hal_spi.c ****   if (hspi->State != HAL_SPI_STATE_READY)
1473:Drivers/STM32F2xx_HAL_Driver/Src/stm32f2xx_hal_spi.c ****   {
1474:Drivers/STM32F2xx_HAL_Driver/Src/stm32f2xx_hal_spi.c ****     return HAL_BUSY;
1475:Drivers/STM32F2xx_HAL_Driver/Src/stm32f2xx_hal_spi.c ****   }
1476:Drivers/STM32F2xx_HAL_Driver/Src/stm32f2xx_hal_spi.c **** 
1477:Drivers/STM32F2xx_HAL_Driver/Src/stm32f2xx_hal_spi.c ****   if ((hspi->Init.Direction == SPI_DIRECTION_2LINES) && (hspi->Init.Mode == SPI_MODE_MASTER))
1478:Drivers/STM32F2xx_HAL_Driver/Src/stm32f2xx_hal_spi.c ****   {
1479:Drivers/STM32F2xx_HAL_Driver/Src/stm32f2xx_hal_spi.c ****     hspi->State = HAL_SPI_STATE_BUSY_RX;
1480:Drivers/STM32F2xx_HAL_Driver/Src/stm32f2xx_hal_spi.c ****     /* Call transmit-receive function to send Dummy data on Tx line and generate clock on CLK line 
1481:Drivers/STM32F2xx_HAL_Driver/Src/stm32f2xx_hal_spi.c ****     return HAL_SPI_TransmitReceive_IT(hspi, pData, pData, Size);
1482:Drivers/STM32F2xx_HAL_Driver/Src/stm32f2xx_hal_spi.c ****   }
1483:Drivers/STM32F2xx_HAL_Driver/Src/stm32f2xx_hal_spi.c **** 
1484:Drivers/STM32F2xx_HAL_Driver/Src/stm32f2xx_hal_spi.c **** 
1485:Drivers/STM32F2xx_HAL_Driver/Src/stm32f2xx_hal_spi.c ****   if ((pData == NULL) || (Size == 0U))
1486:Drivers/STM32F2xx_HAL_Driver/Src/stm32f2xx_hal_spi.c ****   {
1487:Drivers/STM32F2xx_HAL_Driver/Src/stm32f2xx_hal_spi.c ****     return HAL_ERROR;
1488:Drivers/STM32F2xx_HAL_Driver/Src/stm32f2xx_hal_spi.c ****   }
1489:Drivers/STM32F2xx_HAL_Driver/Src/stm32f2xx_hal_spi.c **** 
1490:Drivers/STM32F2xx_HAL_Driver/Src/stm32f2xx_hal_spi.c ****   /* Process Locked */
1491:Drivers/STM32F2xx_HAL_Driver/Src/stm32f2xx_hal_spi.c ****   __HAL_LOCK(hspi);
1492:Drivers/STM32F2xx_HAL_Driver/Src/stm32f2xx_hal_spi.c **** 
1493:Drivers/STM32F2xx_HAL_Driver/Src/stm32f2xx_hal_spi.c ****   /* Set the transaction information */
1494:Drivers/STM32F2xx_HAL_Driver/Src/stm32f2xx_hal_spi.c ****   hspi->State       = HAL_SPI_STATE_BUSY_RX;
1495:Drivers/STM32F2xx_HAL_Driver/Src/stm32f2xx_hal_spi.c ****   hspi->ErrorCode   = HAL_SPI_ERROR_NONE;
1496:Drivers/STM32F2xx_HAL_Driver/Src/stm32f2xx_hal_spi.c ****   hspi->pRxBuffPtr  = (uint8_t *)pData;
1497:Drivers/STM32F2xx_HAL_Driver/Src/stm32f2xx_hal_spi.c ****   hspi->RxXferSize  = Size;
1498:Drivers/STM32F2xx_HAL_Driver/Src/stm32f2xx_hal_spi.c ****   hspi->RxXferCount = Size;
1499:Drivers/STM32F2xx_HAL_Driver/Src/stm32f2xx_hal_spi.c **** 
1500:Drivers/STM32F2xx_HAL_Driver/Src/stm32f2xx_hal_spi.c ****   /* Init field not used in handle to zero */
1501:Drivers/STM32F2xx_HAL_Driver/Src/stm32f2xx_hal_spi.c ****   hspi->pTxBuffPtr  = (uint8_t *)NULL;
1502:Drivers/STM32F2xx_HAL_Driver/Src/stm32f2xx_hal_spi.c ****   hspi->TxXferSize  = 0U;
1503:Drivers/STM32F2xx_HAL_Driver/Src/stm32f2xx_hal_spi.c ****   hspi->TxXferCount = 0U;
1504:Drivers/STM32F2xx_HAL_Driver/Src/stm32f2xx_hal_spi.c ****   hspi->TxISR       = NULL;
1505:Drivers/STM32F2xx_HAL_Driver/Src/stm32f2xx_hal_spi.c **** 
1506:Drivers/STM32F2xx_HAL_Driver/Src/stm32f2xx_hal_spi.c ****   /* Set the function for IT treatment */
1507:Drivers/STM32F2xx_HAL_Driver/Src/stm32f2xx_hal_spi.c ****   if (hspi->Init.DataSize > SPI_DATASIZE_8BIT)
1508:Drivers/STM32F2xx_HAL_Driver/Src/stm32f2xx_hal_spi.c ****   {
1509:Drivers/STM32F2xx_HAL_Driver/Src/stm32f2xx_hal_spi.c ****     hspi->RxISR = SPI_RxISR_16BIT;
1510:Drivers/STM32F2xx_HAL_Driver/Src/stm32f2xx_hal_spi.c ****   }
1511:Drivers/STM32F2xx_HAL_Driver/Src/stm32f2xx_hal_spi.c ****   else
1512:Drivers/STM32F2xx_HAL_Driver/Src/stm32f2xx_hal_spi.c ****   {
1513:Drivers/STM32F2xx_HAL_Driver/Src/stm32f2xx_hal_spi.c ****     hspi->RxISR = SPI_RxISR_8BIT;
1514:Drivers/STM32F2xx_HAL_Driver/Src/stm32f2xx_hal_spi.c ****   }
ARM GAS  /var/folders/8x/_y6g3dfs0698dfd49y4vcg_w0000gn/T//ccpNuCLH.s 			page 28


1515:Drivers/STM32F2xx_HAL_Driver/Src/stm32f2xx_hal_spi.c **** 
1516:Drivers/STM32F2xx_HAL_Driver/Src/stm32f2xx_hal_spi.c ****   /* Configure communication direction : 1Line */
1517:Drivers/STM32F2xx_HAL_Driver/Src/stm32f2xx_hal_spi.c ****   if (hspi->Init.Direction == SPI_DIRECTION_1LINE)
1518:Drivers/STM32F2xx_HAL_Driver/Src/stm32f2xx_hal_spi.c ****   {
1519:Drivers/STM32F2xx_HAL_Driver/Src/stm32f2xx_hal_spi.c ****     /* Disable SPI Peripheral before set 1Line direction (BIDIOE bit) */
1520:Drivers/STM32F2xx_HAL_Driver/Src/stm32f2xx_hal_spi.c ****     __HAL_SPI_DISABLE(hspi);
1521:Drivers/STM32F2xx_HAL_Driver/Src/stm32f2xx_hal_spi.c ****     SPI_1LINE_RX(hspi);
1522:Drivers/STM32F2xx_HAL_Driver/Src/stm32f2xx_hal_spi.c ****   }
1523:Drivers/STM32F2xx_HAL_Driver/Src/stm32f2xx_hal_spi.c **** 
1524:Drivers/STM32F2xx_HAL_Driver/Src/stm32f2xx_hal_spi.c **** #if (USE_SPI_CRC != 0U)
1525:Drivers/STM32F2xx_HAL_Driver/Src/stm32f2xx_hal_spi.c ****   /* Reset CRC Calculation */
1526:Drivers/STM32F2xx_HAL_Driver/Src/stm32f2xx_hal_spi.c ****   if (hspi->Init.CRCCalculation == SPI_CRCCALCULATION_ENABLE)
1527:Drivers/STM32F2xx_HAL_Driver/Src/stm32f2xx_hal_spi.c ****   {
1528:Drivers/STM32F2xx_HAL_Driver/Src/stm32f2xx_hal_spi.c ****     SPI_RESET_CRC(hspi);
1529:Drivers/STM32F2xx_HAL_Driver/Src/stm32f2xx_hal_spi.c ****   }
1530:Drivers/STM32F2xx_HAL_Driver/Src/stm32f2xx_hal_spi.c **** #endif /* USE_SPI_CRC */
1531:Drivers/STM32F2xx_HAL_Driver/Src/stm32f2xx_hal_spi.c **** 
1532:Drivers/STM32F2xx_HAL_Driver/Src/stm32f2xx_hal_spi.c ****   /* Note : The SPI must be enabled after unlocking current process
1533:Drivers/STM32F2xx_HAL_Driver/Src/stm32f2xx_hal_spi.c ****             to avoid the risk of SPI interrupt handle execution before current
1534:Drivers/STM32F2xx_HAL_Driver/Src/stm32f2xx_hal_spi.c ****             process unlock */
1535:Drivers/STM32F2xx_HAL_Driver/Src/stm32f2xx_hal_spi.c **** 
1536:Drivers/STM32F2xx_HAL_Driver/Src/stm32f2xx_hal_spi.c ****   /* Check if the SPI is already enabled */
1537:Drivers/STM32F2xx_HAL_Driver/Src/stm32f2xx_hal_spi.c ****   if ((hspi->Instance->CR1 & SPI_CR1_SPE) != SPI_CR1_SPE)
1538:Drivers/STM32F2xx_HAL_Driver/Src/stm32f2xx_hal_spi.c ****   {
1539:Drivers/STM32F2xx_HAL_Driver/Src/stm32f2xx_hal_spi.c ****     /* Enable SPI peripheral */
1540:Drivers/STM32F2xx_HAL_Driver/Src/stm32f2xx_hal_spi.c ****     __HAL_SPI_ENABLE(hspi);
1541:Drivers/STM32F2xx_HAL_Driver/Src/stm32f2xx_hal_spi.c ****   }
1542:Drivers/STM32F2xx_HAL_Driver/Src/stm32f2xx_hal_spi.c **** 
1543:Drivers/STM32F2xx_HAL_Driver/Src/stm32f2xx_hal_spi.c ****   /* Process Unlocked */
1544:Drivers/STM32F2xx_HAL_Driver/Src/stm32f2xx_hal_spi.c ****   __HAL_UNLOCK(hspi);
1545:Drivers/STM32F2xx_HAL_Driver/Src/stm32f2xx_hal_spi.c ****   /* Enable RXNE and ERR interrupt */
1546:Drivers/STM32F2xx_HAL_Driver/Src/stm32f2xx_hal_spi.c ****   __HAL_SPI_ENABLE_IT(hspi, (SPI_IT_RXNE | SPI_IT_ERR));
1547:Drivers/STM32F2xx_HAL_Driver/Src/stm32f2xx_hal_spi.c **** 
1548:Drivers/STM32F2xx_HAL_Driver/Src/stm32f2xx_hal_spi.c ****   return HAL_OK;
1549:Drivers/STM32F2xx_HAL_Driver/Src/stm32f2xx_hal_spi.c **** }
1550:Drivers/STM32F2xx_HAL_Driver/Src/stm32f2xx_hal_spi.c **** 
1551:Drivers/STM32F2xx_HAL_Driver/Src/stm32f2xx_hal_spi.c **** /**
1552:Drivers/STM32F2xx_HAL_Driver/Src/stm32f2xx_hal_spi.c ****   * @brief  Transmit and Receive an amount of data in non-blocking mode with Interrupt.
1553:Drivers/STM32F2xx_HAL_Driver/Src/stm32f2xx_hal_spi.c ****   * @param  hspi pointer to a SPI_HandleTypeDef structure that contains
1554:Drivers/STM32F2xx_HAL_Driver/Src/stm32f2xx_hal_spi.c ****   *               the configuration information for SPI module.
1555:Drivers/STM32F2xx_HAL_Driver/Src/stm32f2xx_hal_spi.c ****   * @param  pTxData pointer to transmission data buffer
1556:Drivers/STM32F2xx_HAL_Driver/Src/stm32f2xx_hal_spi.c ****   * @param  pRxData pointer to reception data buffer
1557:Drivers/STM32F2xx_HAL_Driver/Src/stm32f2xx_hal_spi.c ****   * @param  Size amount of data to be sent and received
1558:Drivers/STM32F2xx_HAL_Driver/Src/stm32f2xx_hal_spi.c ****   * @retval HAL status
1559:Drivers/STM32F2xx_HAL_Driver/Src/stm32f2xx_hal_spi.c ****   */
1560:Drivers/STM32F2xx_HAL_Driver/Src/stm32f2xx_hal_spi.c **** HAL_StatusTypeDef HAL_SPI_TransmitReceive_IT(SPI_HandleTypeDef *hspi, const uint8_t *pTxData, uint8
1561:Drivers/STM32F2xx_HAL_Driver/Src/stm32f2xx_hal_spi.c ****                                              uint16_t Size)
1562:Drivers/STM32F2xx_HAL_Driver/Src/stm32f2xx_hal_spi.c **** {
1563:Drivers/STM32F2xx_HAL_Driver/Src/stm32f2xx_hal_spi.c ****   uint32_t             tmp_mode;
1564:Drivers/STM32F2xx_HAL_Driver/Src/stm32f2xx_hal_spi.c ****   HAL_SPI_StateTypeDef tmp_state;
1565:Drivers/STM32F2xx_HAL_Driver/Src/stm32f2xx_hal_spi.c **** 
1566:Drivers/STM32F2xx_HAL_Driver/Src/stm32f2xx_hal_spi.c ****   /* Check Direction parameter */
1567:Drivers/STM32F2xx_HAL_Driver/Src/stm32f2xx_hal_spi.c ****   assert_param(IS_SPI_DIRECTION_2LINES(hspi->Init.Direction));
1568:Drivers/STM32F2xx_HAL_Driver/Src/stm32f2xx_hal_spi.c **** 
1569:Drivers/STM32F2xx_HAL_Driver/Src/stm32f2xx_hal_spi.c ****   /* Init temporary variables */
1570:Drivers/STM32F2xx_HAL_Driver/Src/stm32f2xx_hal_spi.c ****   tmp_state           = hspi->State;
1571:Drivers/STM32F2xx_HAL_Driver/Src/stm32f2xx_hal_spi.c ****   tmp_mode            = hspi->Init.Mode;
ARM GAS  /var/folders/8x/_y6g3dfs0698dfd49y4vcg_w0000gn/T//ccpNuCLH.s 			page 29


1572:Drivers/STM32F2xx_HAL_Driver/Src/stm32f2xx_hal_spi.c **** 
1573:Drivers/STM32F2xx_HAL_Driver/Src/stm32f2xx_hal_spi.c ****   if (!((tmp_state == HAL_SPI_STATE_READY) || \
1574:Drivers/STM32F2xx_HAL_Driver/Src/stm32f2xx_hal_spi.c ****         ((tmp_mode == SPI_MODE_MASTER) && (hspi->Init.Direction == SPI_DIRECTION_2LINES) &&
1575:Drivers/STM32F2xx_HAL_Driver/Src/stm32f2xx_hal_spi.c ****          (tmp_state == HAL_SPI_STATE_BUSY_RX))))
1576:Drivers/STM32F2xx_HAL_Driver/Src/stm32f2xx_hal_spi.c ****   {
1577:Drivers/STM32F2xx_HAL_Driver/Src/stm32f2xx_hal_spi.c ****     return HAL_BUSY;
1578:Drivers/STM32F2xx_HAL_Driver/Src/stm32f2xx_hal_spi.c ****   }
1579:Drivers/STM32F2xx_HAL_Driver/Src/stm32f2xx_hal_spi.c **** 
1580:Drivers/STM32F2xx_HAL_Driver/Src/stm32f2xx_hal_spi.c ****   if ((pTxData == NULL) || (pRxData == NULL) || (Size == 0U))
1581:Drivers/STM32F2xx_HAL_Driver/Src/stm32f2xx_hal_spi.c ****   {
1582:Drivers/STM32F2xx_HAL_Driver/Src/stm32f2xx_hal_spi.c ****     return HAL_ERROR;
1583:Drivers/STM32F2xx_HAL_Driver/Src/stm32f2xx_hal_spi.c ****   }
1584:Drivers/STM32F2xx_HAL_Driver/Src/stm32f2xx_hal_spi.c **** 
1585:Drivers/STM32F2xx_HAL_Driver/Src/stm32f2xx_hal_spi.c ****   /* Process locked */
1586:Drivers/STM32F2xx_HAL_Driver/Src/stm32f2xx_hal_spi.c ****   __HAL_LOCK(hspi);
1587:Drivers/STM32F2xx_HAL_Driver/Src/stm32f2xx_hal_spi.c **** 
1588:Drivers/STM32F2xx_HAL_Driver/Src/stm32f2xx_hal_spi.c ****   /* Don't overwrite in case of HAL_SPI_STATE_BUSY_RX */
1589:Drivers/STM32F2xx_HAL_Driver/Src/stm32f2xx_hal_spi.c ****   if (hspi->State != HAL_SPI_STATE_BUSY_RX)
1590:Drivers/STM32F2xx_HAL_Driver/Src/stm32f2xx_hal_spi.c ****   {
1591:Drivers/STM32F2xx_HAL_Driver/Src/stm32f2xx_hal_spi.c ****     hspi->State = HAL_SPI_STATE_BUSY_TX_RX;
1592:Drivers/STM32F2xx_HAL_Driver/Src/stm32f2xx_hal_spi.c ****   }
1593:Drivers/STM32F2xx_HAL_Driver/Src/stm32f2xx_hal_spi.c **** 
1594:Drivers/STM32F2xx_HAL_Driver/Src/stm32f2xx_hal_spi.c ****   /* Set the transaction information */
1595:Drivers/STM32F2xx_HAL_Driver/Src/stm32f2xx_hal_spi.c ****   hspi->ErrorCode   = HAL_SPI_ERROR_NONE;
1596:Drivers/STM32F2xx_HAL_Driver/Src/stm32f2xx_hal_spi.c ****   hspi->pTxBuffPtr  = (const uint8_t *)pTxData;
1597:Drivers/STM32F2xx_HAL_Driver/Src/stm32f2xx_hal_spi.c ****   hspi->TxXferSize  = Size;
1598:Drivers/STM32F2xx_HAL_Driver/Src/stm32f2xx_hal_spi.c ****   hspi->TxXferCount = Size;
1599:Drivers/STM32F2xx_HAL_Driver/Src/stm32f2xx_hal_spi.c ****   hspi->pRxBuffPtr  = (uint8_t *)pRxData;
1600:Drivers/STM32F2xx_HAL_Driver/Src/stm32f2xx_hal_spi.c ****   hspi->RxXferSize  = Size;
1601:Drivers/STM32F2xx_HAL_Driver/Src/stm32f2xx_hal_spi.c ****   hspi->RxXferCount = Size;
1602:Drivers/STM32F2xx_HAL_Driver/Src/stm32f2xx_hal_spi.c **** 
1603:Drivers/STM32F2xx_HAL_Driver/Src/stm32f2xx_hal_spi.c ****   /* Set the function for IT treatment */
1604:Drivers/STM32F2xx_HAL_Driver/Src/stm32f2xx_hal_spi.c ****   if (hspi->Init.DataSize > SPI_DATASIZE_8BIT)
1605:Drivers/STM32F2xx_HAL_Driver/Src/stm32f2xx_hal_spi.c ****   {
1606:Drivers/STM32F2xx_HAL_Driver/Src/stm32f2xx_hal_spi.c ****     hspi->RxISR     = SPI_2linesRxISR_16BIT;
1607:Drivers/STM32F2xx_HAL_Driver/Src/stm32f2xx_hal_spi.c ****     hspi->TxISR     = SPI_2linesTxISR_16BIT;
1608:Drivers/STM32F2xx_HAL_Driver/Src/stm32f2xx_hal_spi.c ****   }
1609:Drivers/STM32F2xx_HAL_Driver/Src/stm32f2xx_hal_spi.c ****   else
1610:Drivers/STM32F2xx_HAL_Driver/Src/stm32f2xx_hal_spi.c ****   {
1611:Drivers/STM32F2xx_HAL_Driver/Src/stm32f2xx_hal_spi.c ****     hspi->RxISR     = SPI_2linesRxISR_8BIT;
1612:Drivers/STM32F2xx_HAL_Driver/Src/stm32f2xx_hal_spi.c ****     hspi->TxISR     = SPI_2linesTxISR_8BIT;
1613:Drivers/STM32F2xx_HAL_Driver/Src/stm32f2xx_hal_spi.c ****   }
1614:Drivers/STM32F2xx_HAL_Driver/Src/stm32f2xx_hal_spi.c **** 
1615:Drivers/STM32F2xx_HAL_Driver/Src/stm32f2xx_hal_spi.c **** #if (USE_SPI_CRC != 0U)
1616:Drivers/STM32F2xx_HAL_Driver/Src/stm32f2xx_hal_spi.c ****   /* Reset CRC Calculation */
1617:Drivers/STM32F2xx_HAL_Driver/Src/stm32f2xx_hal_spi.c ****   if (hspi->Init.CRCCalculation == SPI_CRCCALCULATION_ENABLE)
1618:Drivers/STM32F2xx_HAL_Driver/Src/stm32f2xx_hal_spi.c ****   {
1619:Drivers/STM32F2xx_HAL_Driver/Src/stm32f2xx_hal_spi.c ****     SPI_RESET_CRC(hspi);
1620:Drivers/STM32F2xx_HAL_Driver/Src/stm32f2xx_hal_spi.c ****   }
1621:Drivers/STM32F2xx_HAL_Driver/Src/stm32f2xx_hal_spi.c **** #endif /* USE_SPI_CRC */
1622:Drivers/STM32F2xx_HAL_Driver/Src/stm32f2xx_hal_spi.c **** 
1623:Drivers/STM32F2xx_HAL_Driver/Src/stm32f2xx_hal_spi.c **** 
1624:Drivers/STM32F2xx_HAL_Driver/Src/stm32f2xx_hal_spi.c ****   /* Check if the SPI is already enabled */
1625:Drivers/STM32F2xx_HAL_Driver/Src/stm32f2xx_hal_spi.c ****   if ((hspi->Instance->CR1 & SPI_CR1_SPE) != SPI_CR1_SPE)
1626:Drivers/STM32F2xx_HAL_Driver/Src/stm32f2xx_hal_spi.c ****   {
1627:Drivers/STM32F2xx_HAL_Driver/Src/stm32f2xx_hal_spi.c ****     /* Enable SPI peripheral */
1628:Drivers/STM32F2xx_HAL_Driver/Src/stm32f2xx_hal_spi.c ****     __HAL_SPI_ENABLE(hspi);
ARM GAS  /var/folders/8x/_y6g3dfs0698dfd49y4vcg_w0000gn/T//ccpNuCLH.s 			page 30


1629:Drivers/STM32F2xx_HAL_Driver/Src/stm32f2xx_hal_spi.c ****   }
1630:Drivers/STM32F2xx_HAL_Driver/Src/stm32f2xx_hal_spi.c **** 
1631:Drivers/STM32F2xx_HAL_Driver/Src/stm32f2xx_hal_spi.c ****   /* Process Unlocked */
1632:Drivers/STM32F2xx_HAL_Driver/Src/stm32f2xx_hal_spi.c ****   __HAL_UNLOCK(hspi);
1633:Drivers/STM32F2xx_HAL_Driver/Src/stm32f2xx_hal_spi.c ****   /* Enable TXE, RXNE and ERR interrupt */
1634:Drivers/STM32F2xx_HAL_Driver/Src/stm32f2xx_hal_spi.c ****   __HAL_SPI_ENABLE_IT(hspi, (SPI_IT_TXE | SPI_IT_RXNE | SPI_IT_ERR));
1635:Drivers/STM32F2xx_HAL_Driver/Src/stm32f2xx_hal_spi.c **** 
1636:Drivers/STM32F2xx_HAL_Driver/Src/stm32f2xx_hal_spi.c ****   return HAL_OK;
1637:Drivers/STM32F2xx_HAL_Driver/Src/stm32f2xx_hal_spi.c **** }
1638:Drivers/STM32F2xx_HAL_Driver/Src/stm32f2xx_hal_spi.c **** 
1639:Drivers/STM32F2xx_HAL_Driver/Src/stm32f2xx_hal_spi.c **** /**
1640:Drivers/STM32F2xx_HAL_Driver/Src/stm32f2xx_hal_spi.c ****   * @brief  Transmit an amount of data in non-blocking mode with DMA.
1641:Drivers/STM32F2xx_HAL_Driver/Src/stm32f2xx_hal_spi.c ****   * @param  hspi pointer to a SPI_HandleTypeDef structure that contains
1642:Drivers/STM32F2xx_HAL_Driver/Src/stm32f2xx_hal_spi.c ****   *               the configuration information for SPI module.
1643:Drivers/STM32F2xx_HAL_Driver/Src/stm32f2xx_hal_spi.c ****   * @param  pData pointer to data buffer
1644:Drivers/STM32F2xx_HAL_Driver/Src/stm32f2xx_hal_spi.c ****   * @param  Size amount of data to be sent
1645:Drivers/STM32F2xx_HAL_Driver/Src/stm32f2xx_hal_spi.c ****   * @retval HAL status
1646:Drivers/STM32F2xx_HAL_Driver/Src/stm32f2xx_hal_spi.c ****   */
1647:Drivers/STM32F2xx_HAL_Driver/Src/stm32f2xx_hal_spi.c **** HAL_StatusTypeDef HAL_SPI_Transmit_DMA(SPI_HandleTypeDef *hspi, const uint8_t *pData, uint16_t Size
1648:Drivers/STM32F2xx_HAL_Driver/Src/stm32f2xx_hal_spi.c **** {
1649:Drivers/STM32F2xx_HAL_Driver/Src/stm32f2xx_hal_spi.c **** 
1650:Drivers/STM32F2xx_HAL_Driver/Src/stm32f2xx_hal_spi.c ****   /* Check tx dma handle */
1651:Drivers/STM32F2xx_HAL_Driver/Src/stm32f2xx_hal_spi.c ****   assert_param(IS_SPI_DMA_HANDLE(hspi->hdmatx));
1652:Drivers/STM32F2xx_HAL_Driver/Src/stm32f2xx_hal_spi.c **** 
1653:Drivers/STM32F2xx_HAL_Driver/Src/stm32f2xx_hal_spi.c ****   /* Check Direction parameter */
1654:Drivers/STM32F2xx_HAL_Driver/Src/stm32f2xx_hal_spi.c ****   assert_param(IS_SPI_DIRECTION_2LINES_OR_1LINE(hspi->Init.Direction));
1655:Drivers/STM32F2xx_HAL_Driver/Src/stm32f2xx_hal_spi.c **** 
1656:Drivers/STM32F2xx_HAL_Driver/Src/stm32f2xx_hal_spi.c ****   if (hspi->State != HAL_SPI_STATE_READY)
1657:Drivers/STM32F2xx_HAL_Driver/Src/stm32f2xx_hal_spi.c ****   {
1658:Drivers/STM32F2xx_HAL_Driver/Src/stm32f2xx_hal_spi.c ****     return HAL_BUSY;
1659:Drivers/STM32F2xx_HAL_Driver/Src/stm32f2xx_hal_spi.c ****   }
1660:Drivers/STM32F2xx_HAL_Driver/Src/stm32f2xx_hal_spi.c **** 
1661:Drivers/STM32F2xx_HAL_Driver/Src/stm32f2xx_hal_spi.c ****   if ((pData == NULL) || (Size == 0U))
1662:Drivers/STM32F2xx_HAL_Driver/Src/stm32f2xx_hal_spi.c ****   {
1663:Drivers/STM32F2xx_HAL_Driver/Src/stm32f2xx_hal_spi.c ****     return HAL_ERROR;
1664:Drivers/STM32F2xx_HAL_Driver/Src/stm32f2xx_hal_spi.c ****   }
1665:Drivers/STM32F2xx_HAL_Driver/Src/stm32f2xx_hal_spi.c **** 
1666:Drivers/STM32F2xx_HAL_Driver/Src/stm32f2xx_hal_spi.c ****   /* Process Locked */
1667:Drivers/STM32F2xx_HAL_Driver/Src/stm32f2xx_hal_spi.c ****   __HAL_LOCK(hspi);
1668:Drivers/STM32F2xx_HAL_Driver/Src/stm32f2xx_hal_spi.c **** 
1669:Drivers/STM32F2xx_HAL_Driver/Src/stm32f2xx_hal_spi.c ****   /* Set the transaction information */
1670:Drivers/STM32F2xx_HAL_Driver/Src/stm32f2xx_hal_spi.c ****   hspi->State       = HAL_SPI_STATE_BUSY_TX;
1671:Drivers/STM32F2xx_HAL_Driver/Src/stm32f2xx_hal_spi.c ****   hspi->ErrorCode   = HAL_SPI_ERROR_NONE;
1672:Drivers/STM32F2xx_HAL_Driver/Src/stm32f2xx_hal_spi.c ****   hspi->pTxBuffPtr  = (const uint8_t *)pData;
1673:Drivers/STM32F2xx_HAL_Driver/Src/stm32f2xx_hal_spi.c ****   hspi->TxXferSize  = Size;
1674:Drivers/STM32F2xx_HAL_Driver/Src/stm32f2xx_hal_spi.c ****   hspi->TxXferCount = Size;
1675:Drivers/STM32F2xx_HAL_Driver/Src/stm32f2xx_hal_spi.c **** 
1676:Drivers/STM32F2xx_HAL_Driver/Src/stm32f2xx_hal_spi.c ****   /* Init field not used in handle to zero */
1677:Drivers/STM32F2xx_HAL_Driver/Src/stm32f2xx_hal_spi.c ****   hspi->pRxBuffPtr  = (uint8_t *)NULL;
1678:Drivers/STM32F2xx_HAL_Driver/Src/stm32f2xx_hal_spi.c ****   hspi->TxISR       = NULL;
1679:Drivers/STM32F2xx_HAL_Driver/Src/stm32f2xx_hal_spi.c ****   hspi->RxISR       = NULL;
1680:Drivers/STM32F2xx_HAL_Driver/Src/stm32f2xx_hal_spi.c ****   hspi->RxXferSize  = 0U;
1681:Drivers/STM32F2xx_HAL_Driver/Src/stm32f2xx_hal_spi.c ****   hspi->RxXferCount = 0U;
1682:Drivers/STM32F2xx_HAL_Driver/Src/stm32f2xx_hal_spi.c **** 
1683:Drivers/STM32F2xx_HAL_Driver/Src/stm32f2xx_hal_spi.c ****   /* Configure communication direction : 1Line */
1684:Drivers/STM32F2xx_HAL_Driver/Src/stm32f2xx_hal_spi.c ****   if (hspi->Init.Direction == SPI_DIRECTION_1LINE)
1685:Drivers/STM32F2xx_HAL_Driver/Src/stm32f2xx_hal_spi.c ****   {
ARM GAS  /var/folders/8x/_y6g3dfs0698dfd49y4vcg_w0000gn/T//ccpNuCLH.s 			page 31


1686:Drivers/STM32F2xx_HAL_Driver/Src/stm32f2xx_hal_spi.c ****     /* Disable SPI Peripheral before set 1Line direction (BIDIOE bit) */
1687:Drivers/STM32F2xx_HAL_Driver/Src/stm32f2xx_hal_spi.c ****     __HAL_SPI_DISABLE(hspi);
1688:Drivers/STM32F2xx_HAL_Driver/Src/stm32f2xx_hal_spi.c ****     SPI_1LINE_TX(hspi);
1689:Drivers/STM32F2xx_HAL_Driver/Src/stm32f2xx_hal_spi.c ****   }
1690:Drivers/STM32F2xx_HAL_Driver/Src/stm32f2xx_hal_spi.c **** 
1691:Drivers/STM32F2xx_HAL_Driver/Src/stm32f2xx_hal_spi.c **** #if (USE_SPI_CRC != 0U)
1692:Drivers/STM32F2xx_HAL_Driver/Src/stm32f2xx_hal_spi.c ****   /* Reset CRC Calculation */
1693:Drivers/STM32F2xx_HAL_Driver/Src/stm32f2xx_hal_spi.c ****   if (hspi->Init.CRCCalculation == SPI_CRCCALCULATION_ENABLE)
1694:Drivers/STM32F2xx_HAL_Driver/Src/stm32f2xx_hal_spi.c ****   {
1695:Drivers/STM32F2xx_HAL_Driver/Src/stm32f2xx_hal_spi.c ****     SPI_RESET_CRC(hspi);
1696:Drivers/STM32F2xx_HAL_Driver/Src/stm32f2xx_hal_spi.c ****   }
1697:Drivers/STM32F2xx_HAL_Driver/Src/stm32f2xx_hal_spi.c **** #endif /* USE_SPI_CRC */
1698:Drivers/STM32F2xx_HAL_Driver/Src/stm32f2xx_hal_spi.c **** 
1699:Drivers/STM32F2xx_HAL_Driver/Src/stm32f2xx_hal_spi.c ****   /* Set the SPI TxDMA Half transfer complete callback */
1700:Drivers/STM32F2xx_HAL_Driver/Src/stm32f2xx_hal_spi.c ****   hspi->hdmatx->XferHalfCpltCallback = SPI_DMAHalfTransmitCplt;
1701:Drivers/STM32F2xx_HAL_Driver/Src/stm32f2xx_hal_spi.c **** 
1702:Drivers/STM32F2xx_HAL_Driver/Src/stm32f2xx_hal_spi.c ****   /* Set the SPI TxDMA transfer complete callback */
1703:Drivers/STM32F2xx_HAL_Driver/Src/stm32f2xx_hal_spi.c ****   hspi->hdmatx->XferCpltCallback = SPI_DMATransmitCplt;
1704:Drivers/STM32F2xx_HAL_Driver/Src/stm32f2xx_hal_spi.c **** 
1705:Drivers/STM32F2xx_HAL_Driver/Src/stm32f2xx_hal_spi.c ****   /* Set the DMA error callback */
1706:Drivers/STM32F2xx_HAL_Driver/Src/stm32f2xx_hal_spi.c ****   hspi->hdmatx->XferErrorCallback = SPI_DMAError;
1707:Drivers/STM32F2xx_HAL_Driver/Src/stm32f2xx_hal_spi.c **** 
1708:Drivers/STM32F2xx_HAL_Driver/Src/stm32f2xx_hal_spi.c ****   /* Set the DMA AbortCpltCallback */
1709:Drivers/STM32F2xx_HAL_Driver/Src/stm32f2xx_hal_spi.c ****   hspi->hdmatx->XferAbortCallback = NULL;
1710:Drivers/STM32F2xx_HAL_Driver/Src/stm32f2xx_hal_spi.c **** 
1711:Drivers/STM32F2xx_HAL_Driver/Src/stm32f2xx_hal_spi.c ****   /* Enable the Tx DMA Stream/Channel */
1712:Drivers/STM32F2xx_HAL_Driver/Src/stm32f2xx_hal_spi.c ****   if (HAL_OK != HAL_DMA_Start_IT(hspi->hdmatx, (uint32_t)hspi->pTxBuffPtr, (uint32_t)&hspi->Instanc
1713:Drivers/STM32F2xx_HAL_Driver/Src/stm32f2xx_hal_spi.c ****                                  hspi->TxXferCount))
1714:Drivers/STM32F2xx_HAL_Driver/Src/stm32f2xx_hal_spi.c ****   {
1715:Drivers/STM32F2xx_HAL_Driver/Src/stm32f2xx_hal_spi.c ****     /* Update SPI error code */
1716:Drivers/STM32F2xx_HAL_Driver/Src/stm32f2xx_hal_spi.c ****     SET_BIT(hspi->ErrorCode, HAL_SPI_ERROR_DMA);
1717:Drivers/STM32F2xx_HAL_Driver/Src/stm32f2xx_hal_spi.c ****     /* Process Unlocked */
1718:Drivers/STM32F2xx_HAL_Driver/Src/stm32f2xx_hal_spi.c ****     __HAL_UNLOCK(hspi);
1719:Drivers/STM32F2xx_HAL_Driver/Src/stm32f2xx_hal_spi.c ****     return HAL_ERROR;
1720:Drivers/STM32F2xx_HAL_Driver/Src/stm32f2xx_hal_spi.c ****   }
1721:Drivers/STM32F2xx_HAL_Driver/Src/stm32f2xx_hal_spi.c **** 
1722:Drivers/STM32F2xx_HAL_Driver/Src/stm32f2xx_hal_spi.c ****   /* Check if the SPI is already enabled */
1723:Drivers/STM32F2xx_HAL_Driver/Src/stm32f2xx_hal_spi.c ****   if ((hspi->Instance->CR1 & SPI_CR1_SPE) != SPI_CR1_SPE)
1724:Drivers/STM32F2xx_HAL_Driver/Src/stm32f2xx_hal_spi.c ****   {
1725:Drivers/STM32F2xx_HAL_Driver/Src/stm32f2xx_hal_spi.c ****     /* Enable SPI peripheral */
1726:Drivers/STM32F2xx_HAL_Driver/Src/stm32f2xx_hal_spi.c ****     __HAL_SPI_ENABLE(hspi);
1727:Drivers/STM32F2xx_HAL_Driver/Src/stm32f2xx_hal_spi.c ****   }
1728:Drivers/STM32F2xx_HAL_Driver/Src/stm32f2xx_hal_spi.c **** 
1729:Drivers/STM32F2xx_HAL_Driver/Src/stm32f2xx_hal_spi.c ****   /* Process Unlocked */
1730:Drivers/STM32F2xx_HAL_Driver/Src/stm32f2xx_hal_spi.c ****   __HAL_UNLOCK(hspi);
1731:Drivers/STM32F2xx_HAL_Driver/Src/stm32f2xx_hal_spi.c **** 
1732:Drivers/STM32F2xx_HAL_Driver/Src/stm32f2xx_hal_spi.c ****   /* Enable the SPI Error Interrupt Bit */
1733:Drivers/STM32F2xx_HAL_Driver/Src/stm32f2xx_hal_spi.c ****   __HAL_SPI_ENABLE_IT(hspi, (SPI_IT_ERR));
1734:Drivers/STM32F2xx_HAL_Driver/Src/stm32f2xx_hal_spi.c **** 
1735:Drivers/STM32F2xx_HAL_Driver/Src/stm32f2xx_hal_spi.c ****   /* Enable Tx DMA Request */
1736:Drivers/STM32F2xx_HAL_Driver/Src/stm32f2xx_hal_spi.c ****   SET_BIT(hspi->Instance->CR2, SPI_CR2_TXDMAEN);
1737:Drivers/STM32F2xx_HAL_Driver/Src/stm32f2xx_hal_spi.c **** 
1738:Drivers/STM32F2xx_HAL_Driver/Src/stm32f2xx_hal_spi.c ****   return HAL_OK;
1739:Drivers/STM32F2xx_HAL_Driver/Src/stm32f2xx_hal_spi.c **** }
1740:Drivers/STM32F2xx_HAL_Driver/Src/stm32f2xx_hal_spi.c **** 
1741:Drivers/STM32F2xx_HAL_Driver/Src/stm32f2xx_hal_spi.c **** /**
1742:Drivers/STM32F2xx_HAL_Driver/Src/stm32f2xx_hal_spi.c ****   * @brief  Receive an amount of data in non-blocking mode with DMA.
ARM GAS  /var/folders/8x/_y6g3dfs0698dfd49y4vcg_w0000gn/T//ccpNuCLH.s 			page 32


1743:Drivers/STM32F2xx_HAL_Driver/Src/stm32f2xx_hal_spi.c ****   * @note   In case of MASTER mode and SPI_DIRECTION_2LINES direction, hdmatx shall be defined.
1744:Drivers/STM32F2xx_HAL_Driver/Src/stm32f2xx_hal_spi.c ****   * @param  hspi pointer to a SPI_HandleTypeDef structure that contains
1745:Drivers/STM32F2xx_HAL_Driver/Src/stm32f2xx_hal_spi.c ****   *               the configuration information for SPI module.
1746:Drivers/STM32F2xx_HAL_Driver/Src/stm32f2xx_hal_spi.c ****   * @param  pData pointer to data buffer
1747:Drivers/STM32F2xx_HAL_Driver/Src/stm32f2xx_hal_spi.c ****   * @note   When the CRC feature is enabled the pData Length must be Size + 1.
1748:Drivers/STM32F2xx_HAL_Driver/Src/stm32f2xx_hal_spi.c ****   * @param  Size amount of data to be sent
1749:Drivers/STM32F2xx_HAL_Driver/Src/stm32f2xx_hal_spi.c ****   * @retval HAL status
1750:Drivers/STM32F2xx_HAL_Driver/Src/stm32f2xx_hal_spi.c ****   */
1751:Drivers/STM32F2xx_HAL_Driver/Src/stm32f2xx_hal_spi.c **** HAL_StatusTypeDef HAL_SPI_Receive_DMA(SPI_HandleTypeDef *hspi, uint8_t *pData, uint16_t Size)
1752:Drivers/STM32F2xx_HAL_Driver/Src/stm32f2xx_hal_spi.c **** {
1753:Drivers/STM32F2xx_HAL_Driver/Src/stm32f2xx_hal_spi.c ****   /* Check rx dma handle */
1754:Drivers/STM32F2xx_HAL_Driver/Src/stm32f2xx_hal_spi.c ****   assert_param(IS_SPI_DMA_HANDLE(hspi->hdmarx));
1755:Drivers/STM32F2xx_HAL_Driver/Src/stm32f2xx_hal_spi.c **** 
1756:Drivers/STM32F2xx_HAL_Driver/Src/stm32f2xx_hal_spi.c ****   if (hspi->State != HAL_SPI_STATE_READY)
1757:Drivers/STM32F2xx_HAL_Driver/Src/stm32f2xx_hal_spi.c ****   {
1758:Drivers/STM32F2xx_HAL_Driver/Src/stm32f2xx_hal_spi.c ****     return HAL_BUSY;
1759:Drivers/STM32F2xx_HAL_Driver/Src/stm32f2xx_hal_spi.c ****   }
1760:Drivers/STM32F2xx_HAL_Driver/Src/stm32f2xx_hal_spi.c **** 
1761:Drivers/STM32F2xx_HAL_Driver/Src/stm32f2xx_hal_spi.c ****   if ((hspi->Init.Direction == SPI_DIRECTION_2LINES) && (hspi->Init.Mode == SPI_MODE_MASTER))
1762:Drivers/STM32F2xx_HAL_Driver/Src/stm32f2xx_hal_spi.c ****   {
1763:Drivers/STM32F2xx_HAL_Driver/Src/stm32f2xx_hal_spi.c ****     hspi->State = HAL_SPI_STATE_BUSY_RX;
1764:Drivers/STM32F2xx_HAL_Driver/Src/stm32f2xx_hal_spi.c **** 
1765:Drivers/STM32F2xx_HAL_Driver/Src/stm32f2xx_hal_spi.c ****     /* Check tx dma handle */
1766:Drivers/STM32F2xx_HAL_Driver/Src/stm32f2xx_hal_spi.c ****     assert_param(IS_SPI_DMA_HANDLE(hspi->hdmatx));
1767:Drivers/STM32F2xx_HAL_Driver/Src/stm32f2xx_hal_spi.c **** 
1768:Drivers/STM32F2xx_HAL_Driver/Src/stm32f2xx_hal_spi.c ****     /* Call transmit-receive function to send Dummy data on Tx line and generate clock on CLK line 
1769:Drivers/STM32F2xx_HAL_Driver/Src/stm32f2xx_hal_spi.c ****     return HAL_SPI_TransmitReceive_DMA(hspi, pData, pData, Size);
1770:Drivers/STM32F2xx_HAL_Driver/Src/stm32f2xx_hal_spi.c ****   }
1771:Drivers/STM32F2xx_HAL_Driver/Src/stm32f2xx_hal_spi.c **** 
1772:Drivers/STM32F2xx_HAL_Driver/Src/stm32f2xx_hal_spi.c ****   if ((pData == NULL) || (Size == 0U))
1773:Drivers/STM32F2xx_HAL_Driver/Src/stm32f2xx_hal_spi.c ****   {
1774:Drivers/STM32F2xx_HAL_Driver/Src/stm32f2xx_hal_spi.c ****     return HAL_ERROR;
1775:Drivers/STM32F2xx_HAL_Driver/Src/stm32f2xx_hal_spi.c ****   }
1776:Drivers/STM32F2xx_HAL_Driver/Src/stm32f2xx_hal_spi.c **** 
1777:Drivers/STM32F2xx_HAL_Driver/Src/stm32f2xx_hal_spi.c ****   /* Process Locked */
1778:Drivers/STM32F2xx_HAL_Driver/Src/stm32f2xx_hal_spi.c ****   __HAL_LOCK(hspi);
1779:Drivers/STM32F2xx_HAL_Driver/Src/stm32f2xx_hal_spi.c **** 
1780:Drivers/STM32F2xx_HAL_Driver/Src/stm32f2xx_hal_spi.c ****   /* Set the transaction information */
1781:Drivers/STM32F2xx_HAL_Driver/Src/stm32f2xx_hal_spi.c ****   hspi->State       = HAL_SPI_STATE_BUSY_RX;
1782:Drivers/STM32F2xx_HAL_Driver/Src/stm32f2xx_hal_spi.c ****   hspi->ErrorCode   = HAL_SPI_ERROR_NONE;
1783:Drivers/STM32F2xx_HAL_Driver/Src/stm32f2xx_hal_spi.c ****   hspi->pRxBuffPtr  = (uint8_t *)pData;
1784:Drivers/STM32F2xx_HAL_Driver/Src/stm32f2xx_hal_spi.c ****   hspi->RxXferSize  = Size;
1785:Drivers/STM32F2xx_HAL_Driver/Src/stm32f2xx_hal_spi.c ****   hspi->RxXferCount = Size;
1786:Drivers/STM32F2xx_HAL_Driver/Src/stm32f2xx_hal_spi.c **** 
1787:Drivers/STM32F2xx_HAL_Driver/Src/stm32f2xx_hal_spi.c ****   /*Init field not used in handle to zero */
1788:Drivers/STM32F2xx_HAL_Driver/Src/stm32f2xx_hal_spi.c ****   hspi->RxISR       = NULL;
1789:Drivers/STM32F2xx_HAL_Driver/Src/stm32f2xx_hal_spi.c ****   hspi->TxISR       = NULL;
1790:Drivers/STM32F2xx_HAL_Driver/Src/stm32f2xx_hal_spi.c ****   hspi->TxXferSize  = 0U;
1791:Drivers/STM32F2xx_HAL_Driver/Src/stm32f2xx_hal_spi.c ****   hspi->TxXferCount = 0U;
1792:Drivers/STM32F2xx_HAL_Driver/Src/stm32f2xx_hal_spi.c **** 
1793:Drivers/STM32F2xx_HAL_Driver/Src/stm32f2xx_hal_spi.c ****   /* Configure communication direction : 1Line */
1794:Drivers/STM32F2xx_HAL_Driver/Src/stm32f2xx_hal_spi.c ****   if (hspi->Init.Direction == SPI_DIRECTION_1LINE)
1795:Drivers/STM32F2xx_HAL_Driver/Src/stm32f2xx_hal_spi.c ****   {
1796:Drivers/STM32F2xx_HAL_Driver/Src/stm32f2xx_hal_spi.c ****     /* Disable SPI Peripheral before set 1Line direction (BIDIOE bit) */
1797:Drivers/STM32F2xx_HAL_Driver/Src/stm32f2xx_hal_spi.c ****     __HAL_SPI_DISABLE(hspi);
1798:Drivers/STM32F2xx_HAL_Driver/Src/stm32f2xx_hal_spi.c ****     SPI_1LINE_RX(hspi);
1799:Drivers/STM32F2xx_HAL_Driver/Src/stm32f2xx_hal_spi.c ****   }
ARM GAS  /var/folders/8x/_y6g3dfs0698dfd49y4vcg_w0000gn/T//ccpNuCLH.s 			page 33


1800:Drivers/STM32F2xx_HAL_Driver/Src/stm32f2xx_hal_spi.c **** 
1801:Drivers/STM32F2xx_HAL_Driver/Src/stm32f2xx_hal_spi.c **** #if (USE_SPI_CRC != 0U)
1802:Drivers/STM32F2xx_HAL_Driver/Src/stm32f2xx_hal_spi.c ****   /* Reset CRC Calculation */
1803:Drivers/STM32F2xx_HAL_Driver/Src/stm32f2xx_hal_spi.c ****   if (hspi->Init.CRCCalculation == SPI_CRCCALCULATION_ENABLE)
1804:Drivers/STM32F2xx_HAL_Driver/Src/stm32f2xx_hal_spi.c ****   {
1805:Drivers/STM32F2xx_HAL_Driver/Src/stm32f2xx_hal_spi.c ****     SPI_RESET_CRC(hspi);
1806:Drivers/STM32F2xx_HAL_Driver/Src/stm32f2xx_hal_spi.c ****   }
1807:Drivers/STM32F2xx_HAL_Driver/Src/stm32f2xx_hal_spi.c **** #endif /* USE_SPI_CRC */
1808:Drivers/STM32F2xx_HAL_Driver/Src/stm32f2xx_hal_spi.c **** 
1809:Drivers/STM32F2xx_HAL_Driver/Src/stm32f2xx_hal_spi.c ****   /* Set the SPI RxDMA Half transfer complete callback */
1810:Drivers/STM32F2xx_HAL_Driver/Src/stm32f2xx_hal_spi.c ****   hspi->hdmarx->XferHalfCpltCallback = SPI_DMAHalfReceiveCplt;
1811:Drivers/STM32F2xx_HAL_Driver/Src/stm32f2xx_hal_spi.c **** 
1812:Drivers/STM32F2xx_HAL_Driver/Src/stm32f2xx_hal_spi.c ****   /* Set the SPI Rx DMA transfer complete callback */
1813:Drivers/STM32F2xx_HAL_Driver/Src/stm32f2xx_hal_spi.c ****   hspi->hdmarx->XferCpltCallback = SPI_DMAReceiveCplt;
1814:Drivers/STM32F2xx_HAL_Driver/Src/stm32f2xx_hal_spi.c **** 
1815:Drivers/STM32F2xx_HAL_Driver/Src/stm32f2xx_hal_spi.c ****   /* Set the DMA error callback */
1816:Drivers/STM32F2xx_HAL_Driver/Src/stm32f2xx_hal_spi.c ****   hspi->hdmarx->XferErrorCallback = SPI_DMAError;
1817:Drivers/STM32F2xx_HAL_Driver/Src/stm32f2xx_hal_spi.c **** 
1818:Drivers/STM32F2xx_HAL_Driver/Src/stm32f2xx_hal_spi.c ****   /* Set the DMA AbortCpltCallback */
1819:Drivers/STM32F2xx_HAL_Driver/Src/stm32f2xx_hal_spi.c ****   hspi->hdmarx->XferAbortCallback = NULL;
1820:Drivers/STM32F2xx_HAL_Driver/Src/stm32f2xx_hal_spi.c **** 
1821:Drivers/STM32F2xx_HAL_Driver/Src/stm32f2xx_hal_spi.c ****   /* Enable the Rx DMA Stream/Channel  */
1822:Drivers/STM32F2xx_HAL_Driver/Src/stm32f2xx_hal_spi.c ****   if (HAL_OK != HAL_DMA_Start_IT(hspi->hdmarx, (uint32_t)&hspi->Instance->DR, (uint32_t)hspi->pRxBu
1823:Drivers/STM32F2xx_HAL_Driver/Src/stm32f2xx_hal_spi.c ****                                  hspi->RxXferCount))
1824:Drivers/STM32F2xx_HAL_Driver/Src/stm32f2xx_hal_spi.c ****   {
1825:Drivers/STM32F2xx_HAL_Driver/Src/stm32f2xx_hal_spi.c ****     /* Update SPI error code */
1826:Drivers/STM32F2xx_HAL_Driver/Src/stm32f2xx_hal_spi.c ****     SET_BIT(hspi->ErrorCode, HAL_SPI_ERROR_DMA);
1827:Drivers/STM32F2xx_HAL_Driver/Src/stm32f2xx_hal_spi.c ****     /* Process Unlocked */
1828:Drivers/STM32F2xx_HAL_Driver/Src/stm32f2xx_hal_spi.c ****     __HAL_UNLOCK(hspi);
1829:Drivers/STM32F2xx_HAL_Driver/Src/stm32f2xx_hal_spi.c ****     return HAL_ERROR;
1830:Drivers/STM32F2xx_HAL_Driver/Src/stm32f2xx_hal_spi.c ****   }
1831:Drivers/STM32F2xx_HAL_Driver/Src/stm32f2xx_hal_spi.c **** 
1832:Drivers/STM32F2xx_HAL_Driver/Src/stm32f2xx_hal_spi.c ****   /* Check if the SPI is already enabled */
1833:Drivers/STM32F2xx_HAL_Driver/Src/stm32f2xx_hal_spi.c ****   if ((hspi->Instance->CR1 & SPI_CR1_SPE) != SPI_CR1_SPE)
1834:Drivers/STM32F2xx_HAL_Driver/Src/stm32f2xx_hal_spi.c ****   {
1835:Drivers/STM32F2xx_HAL_Driver/Src/stm32f2xx_hal_spi.c ****     /* Enable SPI peripheral */
1836:Drivers/STM32F2xx_HAL_Driver/Src/stm32f2xx_hal_spi.c ****     __HAL_SPI_ENABLE(hspi);
1837:Drivers/STM32F2xx_HAL_Driver/Src/stm32f2xx_hal_spi.c ****   }
1838:Drivers/STM32F2xx_HAL_Driver/Src/stm32f2xx_hal_spi.c **** 
1839:Drivers/STM32F2xx_HAL_Driver/Src/stm32f2xx_hal_spi.c ****   /* Process Unlocked */
1840:Drivers/STM32F2xx_HAL_Driver/Src/stm32f2xx_hal_spi.c ****   __HAL_UNLOCK(hspi);
1841:Drivers/STM32F2xx_HAL_Driver/Src/stm32f2xx_hal_spi.c **** 
1842:Drivers/STM32F2xx_HAL_Driver/Src/stm32f2xx_hal_spi.c ****   /* Enable the SPI Error Interrupt Bit */
1843:Drivers/STM32F2xx_HAL_Driver/Src/stm32f2xx_hal_spi.c ****   __HAL_SPI_ENABLE_IT(hspi, (SPI_IT_ERR));
1844:Drivers/STM32F2xx_HAL_Driver/Src/stm32f2xx_hal_spi.c **** 
1845:Drivers/STM32F2xx_HAL_Driver/Src/stm32f2xx_hal_spi.c ****   /* Enable Rx DMA Request */
1846:Drivers/STM32F2xx_HAL_Driver/Src/stm32f2xx_hal_spi.c ****   SET_BIT(hspi->Instance->CR2, SPI_CR2_RXDMAEN);
1847:Drivers/STM32F2xx_HAL_Driver/Src/stm32f2xx_hal_spi.c **** 
1848:Drivers/STM32F2xx_HAL_Driver/Src/stm32f2xx_hal_spi.c ****   return HAL_OK;
1849:Drivers/STM32F2xx_HAL_Driver/Src/stm32f2xx_hal_spi.c **** }
1850:Drivers/STM32F2xx_HAL_Driver/Src/stm32f2xx_hal_spi.c **** 
1851:Drivers/STM32F2xx_HAL_Driver/Src/stm32f2xx_hal_spi.c **** /**
1852:Drivers/STM32F2xx_HAL_Driver/Src/stm32f2xx_hal_spi.c ****   * @brief  Transmit and Receive an amount of data in non-blocking mode with DMA.
1853:Drivers/STM32F2xx_HAL_Driver/Src/stm32f2xx_hal_spi.c ****   * @param  hspi pointer to a SPI_HandleTypeDef structure that contains
1854:Drivers/STM32F2xx_HAL_Driver/Src/stm32f2xx_hal_spi.c ****   *               the configuration information for SPI module.
1855:Drivers/STM32F2xx_HAL_Driver/Src/stm32f2xx_hal_spi.c ****   * @param  pTxData pointer to transmission data buffer
1856:Drivers/STM32F2xx_HAL_Driver/Src/stm32f2xx_hal_spi.c ****   * @param  pRxData pointer to reception data buffer
ARM GAS  /var/folders/8x/_y6g3dfs0698dfd49y4vcg_w0000gn/T//ccpNuCLH.s 			page 34


1857:Drivers/STM32F2xx_HAL_Driver/Src/stm32f2xx_hal_spi.c ****   * @note   When the CRC feature is enabled the pRxData Length must be Size + 1
1858:Drivers/STM32F2xx_HAL_Driver/Src/stm32f2xx_hal_spi.c ****   * @param  Size amount of data to be sent
1859:Drivers/STM32F2xx_HAL_Driver/Src/stm32f2xx_hal_spi.c ****   * @retval HAL status
1860:Drivers/STM32F2xx_HAL_Driver/Src/stm32f2xx_hal_spi.c ****   */
1861:Drivers/STM32F2xx_HAL_Driver/Src/stm32f2xx_hal_spi.c **** HAL_StatusTypeDef HAL_SPI_TransmitReceive_DMA(SPI_HandleTypeDef *hspi, const uint8_t *pTxData, uint
1862:Drivers/STM32F2xx_HAL_Driver/Src/stm32f2xx_hal_spi.c ****                                               uint16_t Size)
1863:Drivers/STM32F2xx_HAL_Driver/Src/stm32f2xx_hal_spi.c **** {
1864:Drivers/STM32F2xx_HAL_Driver/Src/stm32f2xx_hal_spi.c ****   uint32_t             tmp_mode;
1865:Drivers/STM32F2xx_HAL_Driver/Src/stm32f2xx_hal_spi.c ****   HAL_SPI_StateTypeDef tmp_state;
1866:Drivers/STM32F2xx_HAL_Driver/Src/stm32f2xx_hal_spi.c **** 
1867:Drivers/STM32F2xx_HAL_Driver/Src/stm32f2xx_hal_spi.c ****   /* Check rx & tx dma handles */
1868:Drivers/STM32F2xx_HAL_Driver/Src/stm32f2xx_hal_spi.c ****   assert_param(IS_SPI_DMA_HANDLE(hspi->hdmarx));
1869:Drivers/STM32F2xx_HAL_Driver/Src/stm32f2xx_hal_spi.c ****   assert_param(IS_SPI_DMA_HANDLE(hspi->hdmatx));
1870:Drivers/STM32F2xx_HAL_Driver/Src/stm32f2xx_hal_spi.c **** 
1871:Drivers/STM32F2xx_HAL_Driver/Src/stm32f2xx_hal_spi.c ****   /* Check Direction parameter */
1872:Drivers/STM32F2xx_HAL_Driver/Src/stm32f2xx_hal_spi.c ****   assert_param(IS_SPI_DIRECTION_2LINES(hspi->Init.Direction));
1873:Drivers/STM32F2xx_HAL_Driver/Src/stm32f2xx_hal_spi.c **** 
1874:Drivers/STM32F2xx_HAL_Driver/Src/stm32f2xx_hal_spi.c ****   /* Init temporary variables */
1875:Drivers/STM32F2xx_HAL_Driver/Src/stm32f2xx_hal_spi.c ****   tmp_state           = hspi->State;
1876:Drivers/STM32F2xx_HAL_Driver/Src/stm32f2xx_hal_spi.c ****   tmp_mode            = hspi->Init.Mode;
1877:Drivers/STM32F2xx_HAL_Driver/Src/stm32f2xx_hal_spi.c **** 
1878:Drivers/STM32F2xx_HAL_Driver/Src/stm32f2xx_hal_spi.c ****   if (!((tmp_state == HAL_SPI_STATE_READY) ||
1879:Drivers/STM32F2xx_HAL_Driver/Src/stm32f2xx_hal_spi.c ****         ((tmp_mode == SPI_MODE_MASTER) && (hspi->Init.Direction == SPI_DIRECTION_2LINES) &&
1880:Drivers/STM32F2xx_HAL_Driver/Src/stm32f2xx_hal_spi.c ****          (tmp_state == HAL_SPI_STATE_BUSY_RX))))
1881:Drivers/STM32F2xx_HAL_Driver/Src/stm32f2xx_hal_spi.c ****   {
1882:Drivers/STM32F2xx_HAL_Driver/Src/stm32f2xx_hal_spi.c ****     return HAL_BUSY;
1883:Drivers/STM32F2xx_HAL_Driver/Src/stm32f2xx_hal_spi.c ****   }
1884:Drivers/STM32F2xx_HAL_Driver/Src/stm32f2xx_hal_spi.c **** 
1885:Drivers/STM32F2xx_HAL_Driver/Src/stm32f2xx_hal_spi.c ****   if ((pTxData == NULL) || (pRxData == NULL) || (Size == 0U))
1886:Drivers/STM32F2xx_HAL_Driver/Src/stm32f2xx_hal_spi.c ****   {
1887:Drivers/STM32F2xx_HAL_Driver/Src/stm32f2xx_hal_spi.c ****     return HAL_ERROR;
1888:Drivers/STM32F2xx_HAL_Driver/Src/stm32f2xx_hal_spi.c ****   }
1889:Drivers/STM32F2xx_HAL_Driver/Src/stm32f2xx_hal_spi.c **** 
1890:Drivers/STM32F2xx_HAL_Driver/Src/stm32f2xx_hal_spi.c ****   /* Process locked */
1891:Drivers/STM32F2xx_HAL_Driver/Src/stm32f2xx_hal_spi.c ****   __HAL_LOCK(hspi);
1892:Drivers/STM32F2xx_HAL_Driver/Src/stm32f2xx_hal_spi.c **** 
1893:Drivers/STM32F2xx_HAL_Driver/Src/stm32f2xx_hal_spi.c ****   /* Don't overwrite in case of HAL_SPI_STATE_BUSY_RX */
1894:Drivers/STM32F2xx_HAL_Driver/Src/stm32f2xx_hal_spi.c ****   if (hspi->State != HAL_SPI_STATE_BUSY_RX)
1895:Drivers/STM32F2xx_HAL_Driver/Src/stm32f2xx_hal_spi.c ****   {
1896:Drivers/STM32F2xx_HAL_Driver/Src/stm32f2xx_hal_spi.c ****     hspi->State = HAL_SPI_STATE_BUSY_TX_RX;
1897:Drivers/STM32F2xx_HAL_Driver/Src/stm32f2xx_hal_spi.c ****   }
1898:Drivers/STM32F2xx_HAL_Driver/Src/stm32f2xx_hal_spi.c **** 
1899:Drivers/STM32F2xx_HAL_Driver/Src/stm32f2xx_hal_spi.c ****   /* Set the transaction information */
1900:Drivers/STM32F2xx_HAL_Driver/Src/stm32f2xx_hal_spi.c ****   hspi->ErrorCode   = HAL_SPI_ERROR_NONE;
1901:Drivers/STM32F2xx_HAL_Driver/Src/stm32f2xx_hal_spi.c ****   hspi->pTxBuffPtr  = (const uint8_t *)pTxData;
1902:Drivers/STM32F2xx_HAL_Driver/Src/stm32f2xx_hal_spi.c ****   hspi->TxXferSize  = Size;
1903:Drivers/STM32F2xx_HAL_Driver/Src/stm32f2xx_hal_spi.c ****   hspi->TxXferCount = Size;
1904:Drivers/STM32F2xx_HAL_Driver/Src/stm32f2xx_hal_spi.c ****   hspi->pRxBuffPtr  = (uint8_t *)pRxData;
1905:Drivers/STM32F2xx_HAL_Driver/Src/stm32f2xx_hal_spi.c ****   hspi->RxXferSize  = Size;
1906:Drivers/STM32F2xx_HAL_Driver/Src/stm32f2xx_hal_spi.c ****   hspi->RxXferCount = Size;
1907:Drivers/STM32F2xx_HAL_Driver/Src/stm32f2xx_hal_spi.c **** 
1908:Drivers/STM32F2xx_HAL_Driver/Src/stm32f2xx_hal_spi.c ****   /* Init field not used in handle to zero */
1909:Drivers/STM32F2xx_HAL_Driver/Src/stm32f2xx_hal_spi.c ****   hspi->RxISR       = NULL;
1910:Drivers/STM32F2xx_HAL_Driver/Src/stm32f2xx_hal_spi.c ****   hspi->TxISR       = NULL;
1911:Drivers/STM32F2xx_HAL_Driver/Src/stm32f2xx_hal_spi.c **** 
1912:Drivers/STM32F2xx_HAL_Driver/Src/stm32f2xx_hal_spi.c **** #if (USE_SPI_CRC != 0U)
1913:Drivers/STM32F2xx_HAL_Driver/Src/stm32f2xx_hal_spi.c ****   /* Reset CRC Calculation */
ARM GAS  /var/folders/8x/_y6g3dfs0698dfd49y4vcg_w0000gn/T//ccpNuCLH.s 			page 35


1914:Drivers/STM32F2xx_HAL_Driver/Src/stm32f2xx_hal_spi.c ****   if (hspi->Init.CRCCalculation == SPI_CRCCALCULATION_ENABLE)
1915:Drivers/STM32F2xx_HAL_Driver/Src/stm32f2xx_hal_spi.c ****   {
1916:Drivers/STM32F2xx_HAL_Driver/Src/stm32f2xx_hal_spi.c ****     SPI_RESET_CRC(hspi);
1917:Drivers/STM32F2xx_HAL_Driver/Src/stm32f2xx_hal_spi.c ****   }
1918:Drivers/STM32F2xx_HAL_Driver/Src/stm32f2xx_hal_spi.c **** #endif /* USE_SPI_CRC */
1919:Drivers/STM32F2xx_HAL_Driver/Src/stm32f2xx_hal_spi.c **** 
1920:Drivers/STM32F2xx_HAL_Driver/Src/stm32f2xx_hal_spi.c ****   /* Check if we are in Rx only or in Rx/Tx Mode and configure the DMA transfer complete callback *
1921:Drivers/STM32F2xx_HAL_Driver/Src/stm32f2xx_hal_spi.c ****   if (hspi->State == HAL_SPI_STATE_BUSY_RX)
1922:Drivers/STM32F2xx_HAL_Driver/Src/stm32f2xx_hal_spi.c ****   {
1923:Drivers/STM32F2xx_HAL_Driver/Src/stm32f2xx_hal_spi.c ****     /* Set the SPI Rx DMA Half transfer complete callback */
1924:Drivers/STM32F2xx_HAL_Driver/Src/stm32f2xx_hal_spi.c ****     hspi->hdmarx->XferHalfCpltCallback = SPI_DMAHalfReceiveCplt;
1925:Drivers/STM32F2xx_HAL_Driver/Src/stm32f2xx_hal_spi.c ****     hspi->hdmarx->XferCpltCallback     = SPI_DMAReceiveCplt;
1926:Drivers/STM32F2xx_HAL_Driver/Src/stm32f2xx_hal_spi.c ****   }
1927:Drivers/STM32F2xx_HAL_Driver/Src/stm32f2xx_hal_spi.c ****   else
1928:Drivers/STM32F2xx_HAL_Driver/Src/stm32f2xx_hal_spi.c ****   {
1929:Drivers/STM32F2xx_HAL_Driver/Src/stm32f2xx_hal_spi.c ****     /* Set the SPI Tx/Rx DMA Half transfer complete callback */
1930:Drivers/STM32F2xx_HAL_Driver/Src/stm32f2xx_hal_spi.c ****     hspi->hdmarx->XferHalfCpltCallback = SPI_DMAHalfTransmitReceiveCplt;
1931:Drivers/STM32F2xx_HAL_Driver/Src/stm32f2xx_hal_spi.c ****     hspi->hdmarx->XferCpltCallback     = SPI_DMATransmitReceiveCplt;
1932:Drivers/STM32F2xx_HAL_Driver/Src/stm32f2xx_hal_spi.c ****   }
1933:Drivers/STM32F2xx_HAL_Driver/Src/stm32f2xx_hal_spi.c **** 
1934:Drivers/STM32F2xx_HAL_Driver/Src/stm32f2xx_hal_spi.c ****   /* Set the DMA error callback */
1935:Drivers/STM32F2xx_HAL_Driver/Src/stm32f2xx_hal_spi.c ****   hspi->hdmarx->XferErrorCallback = SPI_DMAError;
1936:Drivers/STM32F2xx_HAL_Driver/Src/stm32f2xx_hal_spi.c **** 
1937:Drivers/STM32F2xx_HAL_Driver/Src/stm32f2xx_hal_spi.c ****   /* Set the DMA AbortCpltCallback */
1938:Drivers/STM32F2xx_HAL_Driver/Src/stm32f2xx_hal_spi.c ****   hspi->hdmarx->XferAbortCallback = NULL;
1939:Drivers/STM32F2xx_HAL_Driver/Src/stm32f2xx_hal_spi.c **** 
1940:Drivers/STM32F2xx_HAL_Driver/Src/stm32f2xx_hal_spi.c ****   /* Enable the Rx DMA Stream/Channel  */
1941:Drivers/STM32F2xx_HAL_Driver/Src/stm32f2xx_hal_spi.c ****   if (HAL_OK != HAL_DMA_Start_IT(hspi->hdmarx, (uint32_t)&hspi->Instance->DR, (uint32_t)hspi->pRxBu
1942:Drivers/STM32F2xx_HAL_Driver/Src/stm32f2xx_hal_spi.c ****                                  hspi->RxXferCount))
1943:Drivers/STM32F2xx_HAL_Driver/Src/stm32f2xx_hal_spi.c ****   {
1944:Drivers/STM32F2xx_HAL_Driver/Src/stm32f2xx_hal_spi.c ****     /* Update SPI error code */
1945:Drivers/STM32F2xx_HAL_Driver/Src/stm32f2xx_hal_spi.c ****     SET_BIT(hspi->ErrorCode, HAL_SPI_ERROR_DMA);
1946:Drivers/STM32F2xx_HAL_Driver/Src/stm32f2xx_hal_spi.c ****     /* Process Unlocked */
1947:Drivers/STM32F2xx_HAL_Driver/Src/stm32f2xx_hal_spi.c ****     __HAL_UNLOCK(hspi);
1948:Drivers/STM32F2xx_HAL_Driver/Src/stm32f2xx_hal_spi.c ****     return HAL_ERROR;
1949:Drivers/STM32F2xx_HAL_Driver/Src/stm32f2xx_hal_spi.c ****   }
1950:Drivers/STM32F2xx_HAL_Driver/Src/stm32f2xx_hal_spi.c **** 
1951:Drivers/STM32F2xx_HAL_Driver/Src/stm32f2xx_hal_spi.c ****   /* Enable Rx DMA Request */
1952:Drivers/STM32F2xx_HAL_Driver/Src/stm32f2xx_hal_spi.c ****   SET_BIT(hspi->Instance->CR2, SPI_CR2_RXDMAEN);
1953:Drivers/STM32F2xx_HAL_Driver/Src/stm32f2xx_hal_spi.c **** 
1954:Drivers/STM32F2xx_HAL_Driver/Src/stm32f2xx_hal_spi.c ****   /* Set the SPI Tx DMA transfer complete callback as NULL because the communication closing
1955:Drivers/STM32F2xx_HAL_Driver/Src/stm32f2xx_hal_spi.c ****   is performed in DMA reception complete callback  */
1956:Drivers/STM32F2xx_HAL_Driver/Src/stm32f2xx_hal_spi.c ****   hspi->hdmatx->XferHalfCpltCallback = NULL;
1957:Drivers/STM32F2xx_HAL_Driver/Src/stm32f2xx_hal_spi.c ****   hspi->hdmatx->XferCpltCallback     = NULL;
1958:Drivers/STM32F2xx_HAL_Driver/Src/stm32f2xx_hal_spi.c ****   hspi->hdmatx->XferErrorCallback    = NULL;
1959:Drivers/STM32F2xx_HAL_Driver/Src/stm32f2xx_hal_spi.c ****   hspi->hdmatx->XferAbortCallback    = NULL;
1960:Drivers/STM32F2xx_HAL_Driver/Src/stm32f2xx_hal_spi.c **** 
1961:Drivers/STM32F2xx_HAL_Driver/Src/stm32f2xx_hal_spi.c ****   /* Enable the Tx DMA Stream/Channel  */
1962:Drivers/STM32F2xx_HAL_Driver/Src/stm32f2xx_hal_spi.c ****   if (HAL_OK != HAL_DMA_Start_IT(hspi->hdmatx, (uint32_t)hspi->pTxBuffPtr, (uint32_t)&hspi->Instanc
1963:Drivers/STM32F2xx_HAL_Driver/Src/stm32f2xx_hal_spi.c ****                                  hspi->TxXferCount))
1964:Drivers/STM32F2xx_HAL_Driver/Src/stm32f2xx_hal_spi.c ****   {
1965:Drivers/STM32F2xx_HAL_Driver/Src/stm32f2xx_hal_spi.c ****     /* Update SPI error code */
1966:Drivers/STM32F2xx_HAL_Driver/Src/stm32f2xx_hal_spi.c ****     SET_BIT(hspi->ErrorCode, HAL_SPI_ERROR_DMA);
1967:Drivers/STM32F2xx_HAL_Driver/Src/stm32f2xx_hal_spi.c ****     /* Process Unlocked */
1968:Drivers/STM32F2xx_HAL_Driver/Src/stm32f2xx_hal_spi.c ****     __HAL_UNLOCK(hspi);
1969:Drivers/STM32F2xx_HAL_Driver/Src/stm32f2xx_hal_spi.c ****     return HAL_ERROR;
1970:Drivers/STM32F2xx_HAL_Driver/Src/stm32f2xx_hal_spi.c ****   }
ARM GAS  /var/folders/8x/_y6g3dfs0698dfd49y4vcg_w0000gn/T//ccpNuCLH.s 			page 36


1971:Drivers/STM32F2xx_HAL_Driver/Src/stm32f2xx_hal_spi.c **** 
1972:Drivers/STM32F2xx_HAL_Driver/Src/stm32f2xx_hal_spi.c ****   /* Check if the SPI is already enabled */
1973:Drivers/STM32F2xx_HAL_Driver/Src/stm32f2xx_hal_spi.c ****   if ((hspi->Instance->CR1 & SPI_CR1_SPE) != SPI_CR1_SPE)
1974:Drivers/STM32F2xx_HAL_Driver/Src/stm32f2xx_hal_spi.c ****   {
1975:Drivers/STM32F2xx_HAL_Driver/Src/stm32f2xx_hal_spi.c ****     /* Enable SPI peripheral */
1976:Drivers/STM32F2xx_HAL_Driver/Src/stm32f2xx_hal_spi.c ****     __HAL_SPI_ENABLE(hspi);
1977:Drivers/STM32F2xx_HAL_Driver/Src/stm32f2xx_hal_spi.c ****   }
1978:Drivers/STM32F2xx_HAL_Driver/Src/stm32f2xx_hal_spi.c **** 
1979:Drivers/STM32F2xx_HAL_Driver/Src/stm32f2xx_hal_spi.c ****   /* Process Unlocked */
1980:Drivers/STM32F2xx_HAL_Driver/Src/stm32f2xx_hal_spi.c ****   __HAL_UNLOCK(hspi);
1981:Drivers/STM32F2xx_HAL_Driver/Src/stm32f2xx_hal_spi.c **** 
1982:Drivers/STM32F2xx_HAL_Driver/Src/stm32f2xx_hal_spi.c ****   /* Enable the SPI Error Interrupt Bit */
1983:Drivers/STM32F2xx_HAL_Driver/Src/stm32f2xx_hal_spi.c ****   __HAL_SPI_ENABLE_IT(hspi, (SPI_IT_ERR));
1984:Drivers/STM32F2xx_HAL_Driver/Src/stm32f2xx_hal_spi.c **** 
1985:Drivers/STM32F2xx_HAL_Driver/Src/stm32f2xx_hal_spi.c ****   /* Enable Tx DMA Request */
1986:Drivers/STM32F2xx_HAL_Driver/Src/stm32f2xx_hal_spi.c ****   SET_BIT(hspi->Instance->CR2, SPI_CR2_TXDMAEN);
1987:Drivers/STM32F2xx_HAL_Driver/Src/stm32f2xx_hal_spi.c **** 
1988:Drivers/STM32F2xx_HAL_Driver/Src/stm32f2xx_hal_spi.c ****   return HAL_OK;
1989:Drivers/STM32F2xx_HAL_Driver/Src/stm32f2xx_hal_spi.c **** }
1990:Drivers/STM32F2xx_HAL_Driver/Src/stm32f2xx_hal_spi.c **** 
1991:Drivers/STM32F2xx_HAL_Driver/Src/stm32f2xx_hal_spi.c **** /**
1992:Drivers/STM32F2xx_HAL_Driver/Src/stm32f2xx_hal_spi.c ****   * @brief  Abort ongoing transfer (blocking mode).
1993:Drivers/STM32F2xx_HAL_Driver/Src/stm32f2xx_hal_spi.c ****   * @param  hspi SPI handle.
1994:Drivers/STM32F2xx_HAL_Driver/Src/stm32f2xx_hal_spi.c ****   * @note   This procedure could be used for aborting any ongoing transfer (Tx and Rx),
1995:Drivers/STM32F2xx_HAL_Driver/Src/stm32f2xx_hal_spi.c ****   *         started in Interrupt or DMA mode.
1996:Drivers/STM32F2xx_HAL_Driver/Src/stm32f2xx_hal_spi.c ****   *         This procedure performs following operations :
1997:Drivers/STM32F2xx_HAL_Driver/Src/stm32f2xx_hal_spi.c ****   *           - Disable SPI Interrupts (depending of transfer direction)
1998:Drivers/STM32F2xx_HAL_Driver/Src/stm32f2xx_hal_spi.c ****   *           - Disable the DMA transfer in the peripheral register (if enabled)
1999:Drivers/STM32F2xx_HAL_Driver/Src/stm32f2xx_hal_spi.c ****   *           - Abort DMA transfer by calling HAL_DMA_Abort (in case of transfer in DMA mode)
2000:Drivers/STM32F2xx_HAL_Driver/Src/stm32f2xx_hal_spi.c ****   *           - Set handle State to READY
2001:Drivers/STM32F2xx_HAL_Driver/Src/stm32f2xx_hal_spi.c ****   * @note   This procedure is executed in blocking mode : when exiting function, Abort is considere
2002:Drivers/STM32F2xx_HAL_Driver/Src/stm32f2xx_hal_spi.c ****   * @retval HAL status
2003:Drivers/STM32F2xx_HAL_Driver/Src/stm32f2xx_hal_spi.c ****   */
2004:Drivers/STM32F2xx_HAL_Driver/Src/stm32f2xx_hal_spi.c **** HAL_StatusTypeDef HAL_SPI_Abort(SPI_HandleTypeDef *hspi)
2005:Drivers/STM32F2xx_HAL_Driver/Src/stm32f2xx_hal_spi.c **** {
2006:Drivers/STM32F2xx_HAL_Driver/Src/stm32f2xx_hal_spi.c ****   HAL_StatusTypeDef errorcode;
2007:Drivers/STM32F2xx_HAL_Driver/Src/stm32f2xx_hal_spi.c ****   __IO uint32_t count;
2008:Drivers/STM32F2xx_HAL_Driver/Src/stm32f2xx_hal_spi.c ****   __IO uint32_t resetcount;
2009:Drivers/STM32F2xx_HAL_Driver/Src/stm32f2xx_hal_spi.c **** 
2010:Drivers/STM32F2xx_HAL_Driver/Src/stm32f2xx_hal_spi.c ****   /* Initialized local variable  */
2011:Drivers/STM32F2xx_HAL_Driver/Src/stm32f2xx_hal_spi.c ****   errorcode = HAL_OK;
2012:Drivers/STM32F2xx_HAL_Driver/Src/stm32f2xx_hal_spi.c ****   resetcount = SPI_DEFAULT_TIMEOUT * (SystemCoreClock / 24U / 1000U);
2013:Drivers/STM32F2xx_HAL_Driver/Src/stm32f2xx_hal_spi.c ****   count = resetcount;
2014:Drivers/STM32F2xx_HAL_Driver/Src/stm32f2xx_hal_spi.c **** 
2015:Drivers/STM32F2xx_HAL_Driver/Src/stm32f2xx_hal_spi.c ****   /* Clear ERRIE interrupt to avoid error interrupts generation during Abort procedure */
2016:Drivers/STM32F2xx_HAL_Driver/Src/stm32f2xx_hal_spi.c ****   CLEAR_BIT(hspi->Instance->CR2, SPI_CR2_ERRIE);
2017:Drivers/STM32F2xx_HAL_Driver/Src/stm32f2xx_hal_spi.c **** 
2018:Drivers/STM32F2xx_HAL_Driver/Src/stm32f2xx_hal_spi.c ****   /* Disable TXEIE, RXNEIE and ERRIE(mode fault event, overrun error, TI frame error) interrupts */
2019:Drivers/STM32F2xx_HAL_Driver/Src/stm32f2xx_hal_spi.c ****   if (HAL_IS_BIT_SET(hspi->Instance->CR2, SPI_CR2_TXEIE))
2020:Drivers/STM32F2xx_HAL_Driver/Src/stm32f2xx_hal_spi.c ****   {
2021:Drivers/STM32F2xx_HAL_Driver/Src/stm32f2xx_hal_spi.c ****     hspi->TxISR = SPI_AbortTx_ISR;
2022:Drivers/STM32F2xx_HAL_Driver/Src/stm32f2xx_hal_spi.c ****     /* Wait HAL_SPI_STATE_ABORT state */
2023:Drivers/STM32F2xx_HAL_Driver/Src/stm32f2xx_hal_spi.c ****     do
2024:Drivers/STM32F2xx_HAL_Driver/Src/stm32f2xx_hal_spi.c ****     {
2025:Drivers/STM32F2xx_HAL_Driver/Src/stm32f2xx_hal_spi.c ****       if (count == 0U)
2026:Drivers/STM32F2xx_HAL_Driver/Src/stm32f2xx_hal_spi.c ****       {
2027:Drivers/STM32F2xx_HAL_Driver/Src/stm32f2xx_hal_spi.c ****         SET_BIT(hspi->ErrorCode, HAL_SPI_ERROR_ABORT);
ARM GAS  /var/folders/8x/_y6g3dfs0698dfd49y4vcg_w0000gn/T//ccpNuCLH.s 			page 37


2028:Drivers/STM32F2xx_HAL_Driver/Src/stm32f2xx_hal_spi.c ****         break;
2029:Drivers/STM32F2xx_HAL_Driver/Src/stm32f2xx_hal_spi.c ****       }
2030:Drivers/STM32F2xx_HAL_Driver/Src/stm32f2xx_hal_spi.c ****       count--;
2031:Drivers/STM32F2xx_HAL_Driver/Src/stm32f2xx_hal_spi.c ****     } while (hspi->State != HAL_SPI_STATE_ABORT);
2032:Drivers/STM32F2xx_HAL_Driver/Src/stm32f2xx_hal_spi.c ****     /* Reset Timeout Counter */
2033:Drivers/STM32F2xx_HAL_Driver/Src/stm32f2xx_hal_spi.c ****     count = resetcount;
2034:Drivers/STM32F2xx_HAL_Driver/Src/stm32f2xx_hal_spi.c ****   }
2035:Drivers/STM32F2xx_HAL_Driver/Src/stm32f2xx_hal_spi.c **** 
2036:Drivers/STM32F2xx_HAL_Driver/Src/stm32f2xx_hal_spi.c ****   if (HAL_IS_BIT_SET(hspi->Instance->CR2, SPI_CR2_RXNEIE))
2037:Drivers/STM32F2xx_HAL_Driver/Src/stm32f2xx_hal_spi.c ****   {
2038:Drivers/STM32F2xx_HAL_Driver/Src/stm32f2xx_hal_spi.c ****     hspi->RxISR = SPI_AbortRx_ISR;
2039:Drivers/STM32F2xx_HAL_Driver/Src/stm32f2xx_hal_spi.c ****     /* Wait HAL_SPI_STATE_ABORT state */
2040:Drivers/STM32F2xx_HAL_Driver/Src/stm32f2xx_hal_spi.c ****     do
2041:Drivers/STM32F2xx_HAL_Driver/Src/stm32f2xx_hal_spi.c ****     {
2042:Drivers/STM32F2xx_HAL_Driver/Src/stm32f2xx_hal_spi.c ****       if (count == 0U)
2043:Drivers/STM32F2xx_HAL_Driver/Src/stm32f2xx_hal_spi.c ****       {
2044:Drivers/STM32F2xx_HAL_Driver/Src/stm32f2xx_hal_spi.c ****         SET_BIT(hspi->ErrorCode, HAL_SPI_ERROR_ABORT);
2045:Drivers/STM32F2xx_HAL_Driver/Src/stm32f2xx_hal_spi.c ****         break;
2046:Drivers/STM32F2xx_HAL_Driver/Src/stm32f2xx_hal_spi.c ****       }
2047:Drivers/STM32F2xx_HAL_Driver/Src/stm32f2xx_hal_spi.c ****       count--;
2048:Drivers/STM32F2xx_HAL_Driver/Src/stm32f2xx_hal_spi.c ****     } while (hspi->State != HAL_SPI_STATE_ABORT);
2049:Drivers/STM32F2xx_HAL_Driver/Src/stm32f2xx_hal_spi.c ****     /* Reset Timeout Counter */
2050:Drivers/STM32F2xx_HAL_Driver/Src/stm32f2xx_hal_spi.c ****     count = resetcount;
2051:Drivers/STM32F2xx_HAL_Driver/Src/stm32f2xx_hal_spi.c ****   }
2052:Drivers/STM32F2xx_HAL_Driver/Src/stm32f2xx_hal_spi.c **** 
2053:Drivers/STM32F2xx_HAL_Driver/Src/stm32f2xx_hal_spi.c ****   /* Disable the SPI DMA Tx request if enabled */
2054:Drivers/STM32F2xx_HAL_Driver/Src/stm32f2xx_hal_spi.c ****   if (HAL_IS_BIT_SET(hspi->Instance->CR2, SPI_CR2_TXDMAEN))
2055:Drivers/STM32F2xx_HAL_Driver/Src/stm32f2xx_hal_spi.c ****   {
2056:Drivers/STM32F2xx_HAL_Driver/Src/stm32f2xx_hal_spi.c ****     /* Abort the SPI DMA Tx Stream/Channel : use blocking DMA Abort API (no callback) */
2057:Drivers/STM32F2xx_HAL_Driver/Src/stm32f2xx_hal_spi.c ****     if (hspi->hdmatx != NULL)
2058:Drivers/STM32F2xx_HAL_Driver/Src/stm32f2xx_hal_spi.c ****     {
2059:Drivers/STM32F2xx_HAL_Driver/Src/stm32f2xx_hal_spi.c ****       /* Set the SPI DMA Abort callback :
2060:Drivers/STM32F2xx_HAL_Driver/Src/stm32f2xx_hal_spi.c ****       will lead to call HAL_SPI_AbortCpltCallback() at end of DMA abort procedure */
2061:Drivers/STM32F2xx_HAL_Driver/Src/stm32f2xx_hal_spi.c ****       hspi->hdmatx->XferAbortCallback = NULL;
2062:Drivers/STM32F2xx_HAL_Driver/Src/stm32f2xx_hal_spi.c **** 
2063:Drivers/STM32F2xx_HAL_Driver/Src/stm32f2xx_hal_spi.c ****       /* Abort DMA Tx Handle linked to SPI Peripheral */
2064:Drivers/STM32F2xx_HAL_Driver/Src/stm32f2xx_hal_spi.c ****       if (HAL_DMA_Abort(hspi->hdmatx) != HAL_OK)
2065:Drivers/STM32F2xx_HAL_Driver/Src/stm32f2xx_hal_spi.c ****       {
2066:Drivers/STM32F2xx_HAL_Driver/Src/stm32f2xx_hal_spi.c ****         hspi->ErrorCode = HAL_SPI_ERROR_ABORT;
2067:Drivers/STM32F2xx_HAL_Driver/Src/stm32f2xx_hal_spi.c ****       }
2068:Drivers/STM32F2xx_HAL_Driver/Src/stm32f2xx_hal_spi.c **** 
2069:Drivers/STM32F2xx_HAL_Driver/Src/stm32f2xx_hal_spi.c ****       /* Disable Tx DMA Request */
2070:Drivers/STM32F2xx_HAL_Driver/Src/stm32f2xx_hal_spi.c ****       CLEAR_BIT(hspi->Instance->CR2, (SPI_CR2_TXDMAEN));
2071:Drivers/STM32F2xx_HAL_Driver/Src/stm32f2xx_hal_spi.c **** 
2072:Drivers/STM32F2xx_HAL_Driver/Src/stm32f2xx_hal_spi.c ****       /* Wait until TXE flag is set */
2073:Drivers/STM32F2xx_HAL_Driver/Src/stm32f2xx_hal_spi.c ****       do
2074:Drivers/STM32F2xx_HAL_Driver/Src/stm32f2xx_hal_spi.c ****       {
2075:Drivers/STM32F2xx_HAL_Driver/Src/stm32f2xx_hal_spi.c ****         if (count == 0U)
2076:Drivers/STM32F2xx_HAL_Driver/Src/stm32f2xx_hal_spi.c ****         {
2077:Drivers/STM32F2xx_HAL_Driver/Src/stm32f2xx_hal_spi.c ****           SET_BIT(hspi->ErrorCode, HAL_SPI_ERROR_ABORT);
2078:Drivers/STM32F2xx_HAL_Driver/Src/stm32f2xx_hal_spi.c ****           break;
2079:Drivers/STM32F2xx_HAL_Driver/Src/stm32f2xx_hal_spi.c ****         }
2080:Drivers/STM32F2xx_HAL_Driver/Src/stm32f2xx_hal_spi.c ****         count--;
2081:Drivers/STM32F2xx_HAL_Driver/Src/stm32f2xx_hal_spi.c ****       } while ((hspi->Instance->SR & SPI_FLAG_TXE) == RESET);
2082:Drivers/STM32F2xx_HAL_Driver/Src/stm32f2xx_hal_spi.c ****     }
2083:Drivers/STM32F2xx_HAL_Driver/Src/stm32f2xx_hal_spi.c ****   }
2084:Drivers/STM32F2xx_HAL_Driver/Src/stm32f2xx_hal_spi.c **** 
ARM GAS  /var/folders/8x/_y6g3dfs0698dfd49y4vcg_w0000gn/T//ccpNuCLH.s 			page 38


2085:Drivers/STM32F2xx_HAL_Driver/Src/stm32f2xx_hal_spi.c ****   /* Disable the SPI DMA Rx request if enabled */
2086:Drivers/STM32F2xx_HAL_Driver/Src/stm32f2xx_hal_spi.c ****   if (HAL_IS_BIT_SET(hspi->Instance->CR2, SPI_CR2_RXDMAEN))
2087:Drivers/STM32F2xx_HAL_Driver/Src/stm32f2xx_hal_spi.c ****   {
2088:Drivers/STM32F2xx_HAL_Driver/Src/stm32f2xx_hal_spi.c ****     /* Abort the SPI DMA Rx Stream/Channel : use blocking DMA Abort API (no callback) */
2089:Drivers/STM32F2xx_HAL_Driver/Src/stm32f2xx_hal_spi.c ****     if (hspi->hdmarx != NULL)
2090:Drivers/STM32F2xx_HAL_Driver/Src/stm32f2xx_hal_spi.c ****     {
2091:Drivers/STM32F2xx_HAL_Driver/Src/stm32f2xx_hal_spi.c ****       /* Set the SPI DMA Abort callback :
2092:Drivers/STM32F2xx_HAL_Driver/Src/stm32f2xx_hal_spi.c ****       will lead to call HAL_SPI_AbortCpltCallback() at end of DMA abort procedure */
2093:Drivers/STM32F2xx_HAL_Driver/Src/stm32f2xx_hal_spi.c ****       hspi->hdmarx->XferAbortCallback = NULL;
2094:Drivers/STM32F2xx_HAL_Driver/Src/stm32f2xx_hal_spi.c **** 
2095:Drivers/STM32F2xx_HAL_Driver/Src/stm32f2xx_hal_spi.c ****       /* Abort DMA Rx Handle linked to SPI Peripheral */
2096:Drivers/STM32F2xx_HAL_Driver/Src/stm32f2xx_hal_spi.c ****       if (HAL_DMA_Abort(hspi->hdmarx) != HAL_OK)
2097:Drivers/STM32F2xx_HAL_Driver/Src/stm32f2xx_hal_spi.c ****       {
2098:Drivers/STM32F2xx_HAL_Driver/Src/stm32f2xx_hal_spi.c ****         hspi->ErrorCode = HAL_SPI_ERROR_ABORT;
2099:Drivers/STM32F2xx_HAL_Driver/Src/stm32f2xx_hal_spi.c ****       }
2100:Drivers/STM32F2xx_HAL_Driver/Src/stm32f2xx_hal_spi.c **** 
2101:Drivers/STM32F2xx_HAL_Driver/Src/stm32f2xx_hal_spi.c ****       /* Disable peripheral */
2102:Drivers/STM32F2xx_HAL_Driver/Src/stm32f2xx_hal_spi.c ****       __HAL_SPI_DISABLE(hspi);
2103:Drivers/STM32F2xx_HAL_Driver/Src/stm32f2xx_hal_spi.c **** 
2104:Drivers/STM32F2xx_HAL_Driver/Src/stm32f2xx_hal_spi.c ****       /* Disable Rx DMA Request */
2105:Drivers/STM32F2xx_HAL_Driver/Src/stm32f2xx_hal_spi.c ****       CLEAR_BIT(hspi->Instance->CR2, (SPI_CR2_RXDMAEN));
2106:Drivers/STM32F2xx_HAL_Driver/Src/stm32f2xx_hal_spi.c ****     }
2107:Drivers/STM32F2xx_HAL_Driver/Src/stm32f2xx_hal_spi.c ****   }
2108:Drivers/STM32F2xx_HAL_Driver/Src/stm32f2xx_hal_spi.c ****   /* Reset Tx and Rx transfer counters */
2109:Drivers/STM32F2xx_HAL_Driver/Src/stm32f2xx_hal_spi.c ****   hspi->RxXferCount = 0U;
2110:Drivers/STM32F2xx_HAL_Driver/Src/stm32f2xx_hal_spi.c ****   hspi->TxXferCount = 0U;
2111:Drivers/STM32F2xx_HAL_Driver/Src/stm32f2xx_hal_spi.c **** 
2112:Drivers/STM32F2xx_HAL_Driver/Src/stm32f2xx_hal_spi.c ****   /* Check error during Abort procedure */
2113:Drivers/STM32F2xx_HAL_Driver/Src/stm32f2xx_hal_spi.c ****   if (hspi->ErrorCode == HAL_SPI_ERROR_ABORT)
2114:Drivers/STM32F2xx_HAL_Driver/Src/stm32f2xx_hal_spi.c ****   {
2115:Drivers/STM32F2xx_HAL_Driver/Src/stm32f2xx_hal_spi.c ****     /* return HAL_Error in case of error during Abort procedure */
2116:Drivers/STM32F2xx_HAL_Driver/Src/stm32f2xx_hal_spi.c ****     errorcode = HAL_ERROR;
2117:Drivers/STM32F2xx_HAL_Driver/Src/stm32f2xx_hal_spi.c ****   }
2118:Drivers/STM32F2xx_HAL_Driver/Src/stm32f2xx_hal_spi.c ****   else
2119:Drivers/STM32F2xx_HAL_Driver/Src/stm32f2xx_hal_spi.c ****   {
2120:Drivers/STM32F2xx_HAL_Driver/Src/stm32f2xx_hal_spi.c ****     /* Reset errorCode */
2121:Drivers/STM32F2xx_HAL_Driver/Src/stm32f2xx_hal_spi.c ****     hspi->ErrorCode = HAL_SPI_ERROR_NONE;
2122:Drivers/STM32F2xx_HAL_Driver/Src/stm32f2xx_hal_spi.c ****   }
2123:Drivers/STM32F2xx_HAL_Driver/Src/stm32f2xx_hal_spi.c **** 
2124:Drivers/STM32F2xx_HAL_Driver/Src/stm32f2xx_hal_spi.c ****   /* Clear the Error flags in the SR register */
2125:Drivers/STM32F2xx_HAL_Driver/Src/stm32f2xx_hal_spi.c ****   __HAL_SPI_CLEAR_OVRFLAG(hspi);
2126:Drivers/STM32F2xx_HAL_Driver/Src/stm32f2xx_hal_spi.c ****   __HAL_SPI_CLEAR_FREFLAG(hspi);
2127:Drivers/STM32F2xx_HAL_Driver/Src/stm32f2xx_hal_spi.c **** 
2128:Drivers/STM32F2xx_HAL_Driver/Src/stm32f2xx_hal_spi.c ****   /* Restore hspi->state to ready */
2129:Drivers/STM32F2xx_HAL_Driver/Src/stm32f2xx_hal_spi.c ****   hspi->State = HAL_SPI_STATE_READY;
2130:Drivers/STM32F2xx_HAL_Driver/Src/stm32f2xx_hal_spi.c **** 
2131:Drivers/STM32F2xx_HAL_Driver/Src/stm32f2xx_hal_spi.c ****   return errorcode;
2132:Drivers/STM32F2xx_HAL_Driver/Src/stm32f2xx_hal_spi.c **** }
2133:Drivers/STM32F2xx_HAL_Driver/Src/stm32f2xx_hal_spi.c **** 
2134:Drivers/STM32F2xx_HAL_Driver/Src/stm32f2xx_hal_spi.c **** /**
2135:Drivers/STM32F2xx_HAL_Driver/Src/stm32f2xx_hal_spi.c ****   * @brief  Abort ongoing transfer (Interrupt mode).
2136:Drivers/STM32F2xx_HAL_Driver/Src/stm32f2xx_hal_spi.c ****   * @param  hspi SPI handle.
2137:Drivers/STM32F2xx_HAL_Driver/Src/stm32f2xx_hal_spi.c ****   * @note   This procedure could be used for aborting any ongoing transfer (Tx and Rx),
2138:Drivers/STM32F2xx_HAL_Driver/Src/stm32f2xx_hal_spi.c ****   *         started in Interrupt or DMA mode.
2139:Drivers/STM32F2xx_HAL_Driver/Src/stm32f2xx_hal_spi.c ****   *         This procedure performs following operations :
2140:Drivers/STM32F2xx_HAL_Driver/Src/stm32f2xx_hal_spi.c ****   *           - Disable SPI Interrupts (depending of transfer direction)
2141:Drivers/STM32F2xx_HAL_Driver/Src/stm32f2xx_hal_spi.c ****   *           - Disable the DMA transfer in the peripheral register (if enabled)
ARM GAS  /var/folders/8x/_y6g3dfs0698dfd49y4vcg_w0000gn/T//ccpNuCLH.s 			page 39


2142:Drivers/STM32F2xx_HAL_Driver/Src/stm32f2xx_hal_spi.c ****   *           - Abort DMA transfer by calling HAL_DMA_Abort_IT (in case of transfer in DMA mode)
2143:Drivers/STM32F2xx_HAL_Driver/Src/stm32f2xx_hal_spi.c ****   *           - Set handle State to READY
2144:Drivers/STM32F2xx_HAL_Driver/Src/stm32f2xx_hal_spi.c ****   *           - At abort completion, call user abort complete callback
2145:Drivers/STM32F2xx_HAL_Driver/Src/stm32f2xx_hal_spi.c ****   * @note   This procedure is executed in Interrupt mode, meaning that abort procedure could be
2146:Drivers/STM32F2xx_HAL_Driver/Src/stm32f2xx_hal_spi.c ****   *         considered as completed only when user abort complete callback is executed (not when ex
2147:Drivers/STM32F2xx_HAL_Driver/Src/stm32f2xx_hal_spi.c ****   * @retval HAL status
2148:Drivers/STM32F2xx_HAL_Driver/Src/stm32f2xx_hal_spi.c ****   */
2149:Drivers/STM32F2xx_HAL_Driver/Src/stm32f2xx_hal_spi.c **** HAL_StatusTypeDef HAL_SPI_Abort_IT(SPI_HandleTypeDef *hspi)
2150:Drivers/STM32F2xx_HAL_Driver/Src/stm32f2xx_hal_spi.c **** {
2151:Drivers/STM32F2xx_HAL_Driver/Src/stm32f2xx_hal_spi.c ****   HAL_StatusTypeDef errorcode;
2152:Drivers/STM32F2xx_HAL_Driver/Src/stm32f2xx_hal_spi.c ****   uint32_t abortcplt ;
2153:Drivers/STM32F2xx_HAL_Driver/Src/stm32f2xx_hal_spi.c ****   __IO uint32_t count;
2154:Drivers/STM32F2xx_HAL_Driver/Src/stm32f2xx_hal_spi.c ****   __IO uint32_t resetcount;
2155:Drivers/STM32F2xx_HAL_Driver/Src/stm32f2xx_hal_spi.c **** 
2156:Drivers/STM32F2xx_HAL_Driver/Src/stm32f2xx_hal_spi.c ****   /* Initialized local variable  */
2157:Drivers/STM32F2xx_HAL_Driver/Src/stm32f2xx_hal_spi.c ****   errorcode = HAL_OK;
2158:Drivers/STM32F2xx_HAL_Driver/Src/stm32f2xx_hal_spi.c ****   abortcplt = 1U;
2159:Drivers/STM32F2xx_HAL_Driver/Src/stm32f2xx_hal_spi.c ****   resetcount = SPI_DEFAULT_TIMEOUT * (SystemCoreClock / 24U / 1000U);
2160:Drivers/STM32F2xx_HAL_Driver/Src/stm32f2xx_hal_spi.c ****   count = resetcount;
2161:Drivers/STM32F2xx_HAL_Driver/Src/stm32f2xx_hal_spi.c **** 
2162:Drivers/STM32F2xx_HAL_Driver/Src/stm32f2xx_hal_spi.c ****   /* Clear ERRIE interrupt to avoid error interrupts generation during Abort procedure */
2163:Drivers/STM32F2xx_HAL_Driver/Src/stm32f2xx_hal_spi.c ****   CLEAR_BIT(hspi->Instance->CR2, SPI_CR2_ERRIE);
2164:Drivers/STM32F2xx_HAL_Driver/Src/stm32f2xx_hal_spi.c **** 
2165:Drivers/STM32F2xx_HAL_Driver/Src/stm32f2xx_hal_spi.c ****   /* Change Rx and Tx Irq Handler to Disable TXEIE, RXNEIE and ERRIE interrupts */
2166:Drivers/STM32F2xx_HAL_Driver/Src/stm32f2xx_hal_spi.c ****   if (HAL_IS_BIT_SET(hspi->Instance->CR2, SPI_CR2_TXEIE))
2167:Drivers/STM32F2xx_HAL_Driver/Src/stm32f2xx_hal_spi.c ****   {
2168:Drivers/STM32F2xx_HAL_Driver/Src/stm32f2xx_hal_spi.c ****     hspi->TxISR = SPI_AbortTx_ISR;
2169:Drivers/STM32F2xx_HAL_Driver/Src/stm32f2xx_hal_spi.c ****     /* Wait HAL_SPI_STATE_ABORT state */
2170:Drivers/STM32F2xx_HAL_Driver/Src/stm32f2xx_hal_spi.c ****     do
2171:Drivers/STM32F2xx_HAL_Driver/Src/stm32f2xx_hal_spi.c ****     {
2172:Drivers/STM32F2xx_HAL_Driver/Src/stm32f2xx_hal_spi.c ****       if (count == 0U)
2173:Drivers/STM32F2xx_HAL_Driver/Src/stm32f2xx_hal_spi.c ****       {
2174:Drivers/STM32F2xx_HAL_Driver/Src/stm32f2xx_hal_spi.c ****         SET_BIT(hspi->ErrorCode, HAL_SPI_ERROR_ABORT);
2175:Drivers/STM32F2xx_HAL_Driver/Src/stm32f2xx_hal_spi.c ****         break;
2176:Drivers/STM32F2xx_HAL_Driver/Src/stm32f2xx_hal_spi.c ****       }
2177:Drivers/STM32F2xx_HAL_Driver/Src/stm32f2xx_hal_spi.c ****       count--;
2178:Drivers/STM32F2xx_HAL_Driver/Src/stm32f2xx_hal_spi.c ****     } while (hspi->State != HAL_SPI_STATE_ABORT);
2179:Drivers/STM32F2xx_HAL_Driver/Src/stm32f2xx_hal_spi.c ****     /* Reset Timeout Counter */
2180:Drivers/STM32F2xx_HAL_Driver/Src/stm32f2xx_hal_spi.c ****     count = resetcount;
2181:Drivers/STM32F2xx_HAL_Driver/Src/stm32f2xx_hal_spi.c ****   }
2182:Drivers/STM32F2xx_HAL_Driver/Src/stm32f2xx_hal_spi.c **** 
2183:Drivers/STM32F2xx_HAL_Driver/Src/stm32f2xx_hal_spi.c ****   if (HAL_IS_BIT_SET(hspi->Instance->CR2, SPI_CR2_RXNEIE))
2184:Drivers/STM32F2xx_HAL_Driver/Src/stm32f2xx_hal_spi.c ****   {
2185:Drivers/STM32F2xx_HAL_Driver/Src/stm32f2xx_hal_spi.c ****     hspi->RxISR = SPI_AbortRx_ISR;
2186:Drivers/STM32F2xx_HAL_Driver/Src/stm32f2xx_hal_spi.c ****     /* Wait HAL_SPI_STATE_ABORT state */
2187:Drivers/STM32F2xx_HAL_Driver/Src/stm32f2xx_hal_spi.c ****     do
2188:Drivers/STM32F2xx_HAL_Driver/Src/stm32f2xx_hal_spi.c ****     {
2189:Drivers/STM32F2xx_HAL_Driver/Src/stm32f2xx_hal_spi.c ****       if (count == 0U)
2190:Drivers/STM32F2xx_HAL_Driver/Src/stm32f2xx_hal_spi.c ****       {
2191:Drivers/STM32F2xx_HAL_Driver/Src/stm32f2xx_hal_spi.c ****         SET_BIT(hspi->ErrorCode, HAL_SPI_ERROR_ABORT);
2192:Drivers/STM32F2xx_HAL_Driver/Src/stm32f2xx_hal_spi.c ****         break;
2193:Drivers/STM32F2xx_HAL_Driver/Src/stm32f2xx_hal_spi.c ****       }
2194:Drivers/STM32F2xx_HAL_Driver/Src/stm32f2xx_hal_spi.c ****       count--;
2195:Drivers/STM32F2xx_HAL_Driver/Src/stm32f2xx_hal_spi.c ****     } while (hspi->State != HAL_SPI_STATE_ABORT);
2196:Drivers/STM32F2xx_HAL_Driver/Src/stm32f2xx_hal_spi.c ****     /* Reset Timeout Counter */
2197:Drivers/STM32F2xx_HAL_Driver/Src/stm32f2xx_hal_spi.c ****     count = resetcount;
2198:Drivers/STM32F2xx_HAL_Driver/Src/stm32f2xx_hal_spi.c ****   }
ARM GAS  /var/folders/8x/_y6g3dfs0698dfd49y4vcg_w0000gn/T//ccpNuCLH.s 			page 40


2199:Drivers/STM32F2xx_HAL_Driver/Src/stm32f2xx_hal_spi.c **** 
2200:Drivers/STM32F2xx_HAL_Driver/Src/stm32f2xx_hal_spi.c ****   /* If DMA Tx and/or DMA Rx Handles are associated to SPI Handle, DMA Abort complete callbacks sho
2201:Drivers/STM32F2xx_HAL_Driver/Src/stm32f2xx_hal_spi.c ****      before any call to DMA Abort functions */
2202:Drivers/STM32F2xx_HAL_Driver/Src/stm32f2xx_hal_spi.c ****   /* DMA Tx Handle is valid */
2203:Drivers/STM32F2xx_HAL_Driver/Src/stm32f2xx_hal_spi.c ****   if (hspi->hdmatx != NULL)
2204:Drivers/STM32F2xx_HAL_Driver/Src/stm32f2xx_hal_spi.c ****   {
2205:Drivers/STM32F2xx_HAL_Driver/Src/stm32f2xx_hal_spi.c ****     /* Set DMA Abort Complete callback if UART DMA Tx request if enabled.
2206:Drivers/STM32F2xx_HAL_Driver/Src/stm32f2xx_hal_spi.c ****        Otherwise, set it to NULL */
2207:Drivers/STM32F2xx_HAL_Driver/Src/stm32f2xx_hal_spi.c ****     if (HAL_IS_BIT_SET(hspi->Instance->CR2, SPI_CR2_TXDMAEN))
2208:Drivers/STM32F2xx_HAL_Driver/Src/stm32f2xx_hal_spi.c ****     {
2209:Drivers/STM32F2xx_HAL_Driver/Src/stm32f2xx_hal_spi.c ****       hspi->hdmatx->XferAbortCallback = SPI_DMATxAbortCallback;
2210:Drivers/STM32F2xx_HAL_Driver/Src/stm32f2xx_hal_spi.c ****     }
2211:Drivers/STM32F2xx_HAL_Driver/Src/stm32f2xx_hal_spi.c ****     else
2212:Drivers/STM32F2xx_HAL_Driver/Src/stm32f2xx_hal_spi.c ****     {
2213:Drivers/STM32F2xx_HAL_Driver/Src/stm32f2xx_hal_spi.c ****       hspi->hdmatx->XferAbortCallback = NULL;
2214:Drivers/STM32F2xx_HAL_Driver/Src/stm32f2xx_hal_spi.c ****     }
2215:Drivers/STM32F2xx_HAL_Driver/Src/stm32f2xx_hal_spi.c ****   }
2216:Drivers/STM32F2xx_HAL_Driver/Src/stm32f2xx_hal_spi.c ****   /* DMA Rx Handle is valid */
2217:Drivers/STM32F2xx_HAL_Driver/Src/stm32f2xx_hal_spi.c ****   if (hspi->hdmarx != NULL)
2218:Drivers/STM32F2xx_HAL_Driver/Src/stm32f2xx_hal_spi.c ****   {
2219:Drivers/STM32F2xx_HAL_Driver/Src/stm32f2xx_hal_spi.c ****     /* Set DMA Abort Complete callback if UART DMA Rx request if enabled.
2220:Drivers/STM32F2xx_HAL_Driver/Src/stm32f2xx_hal_spi.c ****        Otherwise, set it to NULL */
2221:Drivers/STM32F2xx_HAL_Driver/Src/stm32f2xx_hal_spi.c ****     if (HAL_IS_BIT_SET(hspi->Instance->CR2, SPI_CR2_RXDMAEN))
2222:Drivers/STM32F2xx_HAL_Driver/Src/stm32f2xx_hal_spi.c ****     {
2223:Drivers/STM32F2xx_HAL_Driver/Src/stm32f2xx_hal_spi.c ****       hspi->hdmarx->XferAbortCallback = SPI_DMARxAbortCallback;
2224:Drivers/STM32F2xx_HAL_Driver/Src/stm32f2xx_hal_spi.c ****     }
2225:Drivers/STM32F2xx_HAL_Driver/Src/stm32f2xx_hal_spi.c ****     else
2226:Drivers/STM32F2xx_HAL_Driver/Src/stm32f2xx_hal_spi.c ****     {
2227:Drivers/STM32F2xx_HAL_Driver/Src/stm32f2xx_hal_spi.c ****       hspi->hdmarx->XferAbortCallback = NULL;
2228:Drivers/STM32F2xx_HAL_Driver/Src/stm32f2xx_hal_spi.c ****     }
2229:Drivers/STM32F2xx_HAL_Driver/Src/stm32f2xx_hal_spi.c ****   }
2230:Drivers/STM32F2xx_HAL_Driver/Src/stm32f2xx_hal_spi.c **** 
2231:Drivers/STM32F2xx_HAL_Driver/Src/stm32f2xx_hal_spi.c ****   /* Disable the SPI DMA Tx request if enabled */
2232:Drivers/STM32F2xx_HAL_Driver/Src/stm32f2xx_hal_spi.c ****   if (HAL_IS_BIT_SET(hspi->Instance->CR2, SPI_CR2_TXDMAEN))
2233:Drivers/STM32F2xx_HAL_Driver/Src/stm32f2xx_hal_spi.c ****   {
2234:Drivers/STM32F2xx_HAL_Driver/Src/stm32f2xx_hal_spi.c ****     /* Abort the SPI DMA Tx Stream/Channel */
2235:Drivers/STM32F2xx_HAL_Driver/Src/stm32f2xx_hal_spi.c ****     if (hspi->hdmatx != NULL)
2236:Drivers/STM32F2xx_HAL_Driver/Src/stm32f2xx_hal_spi.c ****     {
2237:Drivers/STM32F2xx_HAL_Driver/Src/stm32f2xx_hal_spi.c ****       /* Abort DMA Tx Handle linked to SPI Peripheral */
2238:Drivers/STM32F2xx_HAL_Driver/Src/stm32f2xx_hal_spi.c ****       if (HAL_DMA_Abort_IT(hspi->hdmatx) != HAL_OK)
2239:Drivers/STM32F2xx_HAL_Driver/Src/stm32f2xx_hal_spi.c ****       {
2240:Drivers/STM32F2xx_HAL_Driver/Src/stm32f2xx_hal_spi.c ****         hspi->hdmatx->XferAbortCallback = NULL;
2241:Drivers/STM32F2xx_HAL_Driver/Src/stm32f2xx_hal_spi.c ****         hspi->ErrorCode = HAL_SPI_ERROR_ABORT;
2242:Drivers/STM32F2xx_HAL_Driver/Src/stm32f2xx_hal_spi.c ****       }
2243:Drivers/STM32F2xx_HAL_Driver/Src/stm32f2xx_hal_spi.c ****       else
2244:Drivers/STM32F2xx_HAL_Driver/Src/stm32f2xx_hal_spi.c ****       {
2245:Drivers/STM32F2xx_HAL_Driver/Src/stm32f2xx_hal_spi.c ****         abortcplt = 0U;
2246:Drivers/STM32F2xx_HAL_Driver/Src/stm32f2xx_hal_spi.c ****       }
2247:Drivers/STM32F2xx_HAL_Driver/Src/stm32f2xx_hal_spi.c ****     }
2248:Drivers/STM32F2xx_HAL_Driver/Src/stm32f2xx_hal_spi.c ****   }
2249:Drivers/STM32F2xx_HAL_Driver/Src/stm32f2xx_hal_spi.c ****   /* Disable the SPI DMA Rx request if enabled */
2250:Drivers/STM32F2xx_HAL_Driver/Src/stm32f2xx_hal_spi.c ****   if (HAL_IS_BIT_SET(hspi->Instance->CR2, SPI_CR2_RXDMAEN))
2251:Drivers/STM32F2xx_HAL_Driver/Src/stm32f2xx_hal_spi.c ****   {
2252:Drivers/STM32F2xx_HAL_Driver/Src/stm32f2xx_hal_spi.c ****     /* Abort the SPI DMA Rx Stream/Channel */
2253:Drivers/STM32F2xx_HAL_Driver/Src/stm32f2xx_hal_spi.c ****     if (hspi->hdmarx != NULL)
2254:Drivers/STM32F2xx_HAL_Driver/Src/stm32f2xx_hal_spi.c ****     {
2255:Drivers/STM32F2xx_HAL_Driver/Src/stm32f2xx_hal_spi.c ****       /* Abort DMA Rx Handle linked to SPI Peripheral */
ARM GAS  /var/folders/8x/_y6g3dfs0698dfd49y4vcg_w0000gn/T//ccpNuCLH.s 			page 41


2256:Drivers/STM32F2xx_HAL_Driver/Src/stm32f2xx_hal_spi.c ****       if (HAL_DMA_Abort_IT(hspi->hdmarx) !=  HAL_OK)
2257:Drivers/STM32F2xx_HAL_Driver/Src/stm32f2xx_hal_spi.c ****       {
2258:Drivers/STM32F2xx_HAL_Driver/Src/stm32f2xx_hal_spi.c ****         hspi->hdmarx->XferAbortCallback = NULL;
2259:Drivers/STM32F2xx_HAL_Driver/Src/stm32f2xx_hal_spi.c ****         hspi->ErrorCode = HAL_SPI_ERROR_ABORT;
2260:Drivers/STM32F2xx_HAL_Driver/Src/stm32f2xx_hal_spi.c ****       }
2261:Drivers/STM32F2xx_HAL_Driver/Src/stm32f2xx_hal_spi.c ****       else
2262:Drivers/STM32F2xx_HAL_Driver/Src/stm32f2xx_hal_spi.c ****       {
2263:Drivers/STM32F2xx_HAL_Driver/Src/stm32f2xx_hal_spi.c ****         abortcplt = 0U;
2264:Drivers/STM32F2xx_HAL_Driver/Src/stm32f2xx_hal_spi.c ****       }
2265:Drivers/STM32F2xx_HAL_Driver/Src/stm32f2xx_hal_spi.c ****     }
2266:Drivers/STM32F2xx_HAL_Driver/Src/stm32f2xx_hal_spi.c ****   }
2267:Drivers/STM32F2xx_HAL_Driver/Src/stm32f2xx_hal_spi.c **** 
2268:Drivers/STM32F2xx_HAL_Driver/Src/stm32f2xx_hal_spi.c ****   if (abortcplt == 1U)
2269:Drivers/STM32F2xx_HAL_Driver/Src/stm32f2xx_hal_spi.c ****   {
2270:Drivers/STM32F2xx_HAL_Driver/Src/stm32f2xx_hal_spi.c ****     /* Reset Tx and Rx transfer counters */
2271:Drivers/STM32F2xx_HAL_Driver/Src/stm32f2xx_hal_spi.c ****     hspi->RxXferCount = 0U;
2272:Drivers/STM32F2xx_HAL_Driver/Src/stm32f2xx_hal_spi.c ****     hspi->TxXferCount = 0U;
2273:Drivers/STM32F2xx_HAL_Driver/Src/stm32f2xx_hal_spi.c **** 
2274:Drivers/STM32F2xx_HAL_Driver/Src/stm32f2xx_hal_spi.c ****     /* Check error during Abort procedure */
2275:Drivers/STM32F2xx_HAL_Driver/Src/stm32f2xx_hal_spi.c ****     if (hspi->ErrorCode == HAL_SPI_ERROR_ABORT)
2276:Drivers/STM32F2xx_HAL_Driver/Src/stm32f2xx_hal_spi.c ****     {
2277:Drivers/STM32F2xx_HAL_Driver/Src/stm32f2xx_hal_spi.c ****       /* return HAL_Error in case of error during Abort procedure */
2278:Drivers/STM32F2xx_HAL_Driver/Src/stm32f2xx_hal_spi.c ****       errorcode = HAL_ERROR;
2279:Drivers/STM32F2xx_HAL_Driver/Src/stm32f2xx_hal_spi.c ****     }
2280:Drivers/STM32F2xx_HAL_Driver/Src/stm32f2xx_hal_spi.c ****     else
2281:Drivers/STM32F2xx_HAL_Driver/Src/stm32f2xx_hal_spi.c ****     {
2282:Drivers/STM32F2xx_HAL_Driver/Src/stm32f2xx_hal_spi.c ****       /* Reset errorCode */
2283:Drivers/STM32F2xx_HAL_Driver/Src/stm32f2xx_hal_spi.c ****       hspi->ErrorCode = HAL_SPI_ERROR_NONE;
2284:Drivers/STM32F2xx_HAL_Driver/Src/stm32f2xx_hal_spi.c ****     }
2285:Drivers/STM32F2xx_HAL_Driver/Src/stm32f2xx_hal_spi.c **** 
2286:Drivers/STM32F2xx_HAL_Driver/Src/stm32f2xx_hal_spi.c ****     /* Clear the Error flags in the SR register */
2287:Drivers/STM32F2xx_HAL_Driver/Src/stm32f2xx_hal_spi.c ****     __HAL_SPI_CLEAR_OVRFLAG(hspi);
2288:Drivers/STM32F2xx_HAL_Driver/Src/stm32f2xx_hal_spi.c ****     __HAL_SPI_CLEAR_FREFLAG(hspi);
2289:Drivers/STM32F2xx_HAL_Driver/Src/stm32f2xx_hal_spi.c **** 
2290:Drivers/STM32F2xx_HAL_Driver/Src/stm32f2xx_hal_spi.c ****     /* Restore hspi->State to Ready */
2291:Drivers/STM32F2xx_HAL_Driver/Src/stm32f2xx_hal_spi.c ****     hspi->State = HAL_SPI_STATE_READY;
2292:Drivers/STM32F2xx_HAL_Driver/Src/stm32f2xx_hal_spi.c **** 
2293:Drivers/STM32F2xx_HAL_Driver/Src/stm32f2xx_hal_spi.c ****     /* As no DMA to be aborted, call directly user Abort complete callback */
2294:Drivers/STM32F2xx_HAL_Driver/Src/stm32f2xx_hal_spi.c **** #if (USE_HAL_SPI_REGISTER_CALLBACKS == 1U)
2295:Drivers/STM32F2xx_HAL_Driver/Src/stm32f2xx_hal_spi.c ****     hspi->AbortCpltCallback(hspi);
2296:Drivers/STM32F2xx_HAL_Driver/Src/stm32f2xx_hal_spi.c **** #else
2297:Drivers/STM32F2xx_HAL_Driver/Src/stm32f2xx_hal_spi.c ****     HAL_SPI_AbortCpltCallback(hspi);
2298:Drivers/STM32F2xx_HAL_Driver/Src/stm32f2xx_hal_spi.c **** #endif /* USE_HAL_SPI_REGISTER_CALLBACKS */
2299:Drivers/STM32F2xx_HAL_Driver/Src/stm32f2xx_hal_spi.c ****   }
2300:Drivers/STM32F2xx_HAL_Driver/Src/stm32f2xx_hal_spi.c **** 
2301:Drivers/STM32F2xx_HAL_Driver/Src/stm32f2xx_hal_spi.c ****   return errorcode;
2302:Drivers/STM32F2xx_HAL_Driver/Src/stm32f2xx_hal_spi.c **** }
2303:Drivers/STM32F2xx_HAL_Driver/Src/stm32f2xx_hal_spi.c **** 
2304:Drivers/STM32F2xx_HAL_Driver/Src/stm32f2xx_hal_spi.c **** /**
2305:Drivers/STM32F2xx_HAL_Driver/Src/stm32f2xx_hal_spi.c ****   * @brief  Pause the DMA Transfer.
2306:Drivers/STM32F2xx_HAL_Driver/Src/stm32f2xx_hal_spi.c ****   * @param  hspi pointer to a SPI_HandleTypeDef structure that contains
2307:Drivers/STM32F2xx_HAL_Driver/Src/stm32f2xx_hal_spi.c ****   *               the configuration information for the specified SPI module.
2308:Drivers/STM32F2xx_HAL_Driver/Src/stm32f2xx_hal_spi.c ****   * @retval HAL status
2309:Drivers/STM32F2xx_HAL_Driver/Src/stm32f2xx_hal_spi.c ****   */
2310:Drivers/STM32F2xx_HAL_Driver/Src/stm32f2xx_hal_spi.c **** HAL_StatusTypeDef HAL_SPI_DMAPause(SPI_HandleTypeDef *hspi)
2311:Drivers/STM32F2xx_HAL_Driver/Src/stm32f2xx_hal_spi.c **** {
2312:Drivers/STM32F2xx_HAL_Driver/Src/stm32f2xx_hal_spi.c ****   /* Process Locked */
ARM GAS  /var/folders/8x/_y6g3dfs0698dfd49y4vcg_w0000gn/T//ccpNuCLH.s 			page 42


2313:Drivers/STM32F2xx_HAL_Driver/Src/stm32f2xx_hal_spi.c ****   __HAL_LOCK(hspi);
2314:Drivers/STM32F2xx_HAL_Driver/Src/stm32f2xx_hal_spi.c **** 
2315:Drivers/STM32F2xx_HAL_Driver/Src/stm32f2xx_hal_spi.c ****   /* Disable the SPI DMA Tx & Rx requests */
2316:Drivers/STM32F2xx_HAL_Driver/Src/stm32f2xx_hal_spi.c ****   CLEAR_BIT(hspi->Instance->CR2, SPI_CR2_TXDMAEN | SPI_CR2_RXDMAEN);
2317:Drivers/STM32F2xx_HAL_Driver/Src/stm32f2xx_hal_spi.c **** 
2318:Drivers/STM32F2xx_HAL_Driver/Src/stm32f2xx_hal_spi.c ****   /* Process Unlocked */
2319:Drivers/STM32F2xx_HAL_Driver/Src/stm32f2xx_hal_spi.c ****   __HAL_UNLOCK(hspi);
2320:Drivers/STM32F2xx_HAL_Driver/Src/stm32f2xx_hal_spi.c **** 
2321:Drivers/STM32F2xx_HAL_Driver/Src/stm32f2xx_hal_spi.c ****   return HAL_OK;
2322:Drivers/STM32F2xx_HAL_Driver/Src/stm32f2xx_hal_spi.c **** }
2323:Drivers/STM32F2xx_HAL_Driver/Src/stm32f2xx_hal_spi.c **** 
2324:Drivers/STM32F2xx_HAL_Driver/Src/stm32f2xx_hal_spi.c **** /**
2325:Drivers/STM32F2xx_HAL_Driver/Src/stm32f2xx_hal_spi.c ****   * @brief  Resume the DMA Transfer.
2326:Drivers/STM32F2xx_HAL_Driver/Src/stm32f2xx_hal_spi.c ****   * @param  hspi pointer to a SPI_HandleTypeDef structure that contains
2327:Drivers/STM32F2xx_HAL_Driver/Src/stm32f2xx_hal_spi.c ****   *               the configuration information for the specified SPI module.
2328:Drivers/STM32F2xx_HAL_Driver/Src/stm32f2xx_hal_spi.c ****   * @retval HAL status
2329:Drivers/STM32F2xx_HAL_Driver/Src/stm32f2xx_hal_spi.c ****   */
2330:Drivers/STM32F2xx_HAL_Driver/Src/stm32f2xx_hal_spi.c **** HAL_StatusTypeDef HAL_SPI_DMAResume(SPI_HandleTypeDef *hspi)
2331:Drivers/STM32F2xx_HAL_Driver/Src/stm32f2xx_hal_spi.c **** {
2332:Drivers/STM32F2xx_HAL_Driver/Src/stm32f2xx_hal_spi.c ****   /* Process Locked */
2333:Drivers/STM32F2xx_HAL_Driver/Src/stm32f2xx_hal_spi.c ****   __HAL_LOCK(hspi);
2334:Drivers/STM32F2xx_HAL_Driver/Src/stm32f2xx_hal_spi.c **** 
2335:Drivers/STM32F2xx_HAL_Driver/Src/stm32f2xx_hal_spi.c ****   /* Enable the SPI DMA Tx & Rx requests */
2336:Drivers/STM32F2xx_HAL_Driver/Src/stm32f2xx_hal_spi.c ****   SET_BIT(hspi->Instance->CR2, SPI_CR2_TXDMAEN | SPI_CR2_RXDMAEN);
2337:Drivers/STM32F2xx_HAL_Driver/Src/stm32f2xx_hal_spi.c **** 
2338:Drivers/STM32F2xx_HAL_Driver/Src/stm32f2xx_hal_spi.c ****   /* Process Unlocked */
2339:Drivers/STM32F2xx_HAL_Driver/Src/stm32f2xx_hal_spi.c ****   __HAL_UNLOCK(hspi);
2340:Drivers/STM32F2xx_HAL_Driver/Src/stm32f2xx_hal_spi.c **** 
2341:Drivers/STM32F2xx_HAL_Driver/Src/stm32f2xx_hal_spi.c ****   return HAL_OK;
2342:Drivers/STM32F2xx_HAL_Driver/Src/stm32f2xx_hal_spi.c **** }
2343:Drivers/STM32F2xx_HAL_Driver/Src/stm32f2xx_hal_spi.c **** 
2344:Drivers/STM32F2xx_HAL_Driver/Src/stm32f2xx_hal_spi.c **** /**
2345:Drivers/STM32F2xx_HAL_Driver/Src/stm32f2xx_hal_spi.c ****   * @brief  Stop the DMA Transfer.
2346:Drivers/STM32F2xx_HAL_Driver/Src/stm32f2xx_hal_spi.c ****   * @param  hspi pointer to a SPI_HandleTypeDef structure that contains
2347:Drivers/STM32F2xx_HAL_Driver/Src/stm32f2xx_hal_spi.c ****   *               the configuration information for the specified SPI module.
2348:Drivers/STM32F2xx_HAL_Driver/Src/stm32f2xx_hal_spi.c ****   * @retval HAL status
2349:Drivers/STM32F2xx_HAL_Driver/Src/stm32f2xx_hal_spi.c ****   */
2350:Drivers/STM32F2xx_HAL_Driver/Src/stm32f2xx_hal_spi.c **** HAL_StatusTypeDef HAL_SPI_DMAStop(SPI_HandleTypeDef *hspi)
2351:Drivers/STM32F2xx_HAL_Driver/Src/stm32f2xx_hal_spi.c **** {
2352:Drivers/STM32F2xx_HAL_Driver/Src/stm32f2xx_hal_spi.c ****   HAL_StatusTypeDef errorcode = HAL_OK;
2353:Drivers/STM32F2xx_HAL_Driver/Src/stm32f2xx_hal_spi.c ****   /* The Lock is not implemented on this API to allow the user application
2354:Drivers/STM32F2xx_HAL_Driver/Src/stm32f2xx_hal_spi.c ****      to call the HAL SPI API under callbacks HAL_SPI_TxCpltCallback() or HAL_SPI_RxCpltCallback() o
2355:Drivers/STM32F2xx_HAL_Driver/Src/stm32f2xx_hal_spi.c ****      HAL_SPI_TxRxCpltCallback():
2356:Drivers/STM32F2xx_HAL_Driver/Src/stm32f2xx_hal_spi.c ****      when calling HAL_DMA_Abort() API the DMA TX/RX Transfer complete interrupt is generated
2357:Drivers/STM32F2xx_HAL_Driver/Src/stm32f2xx_hal_spi.c ****      and the correspond call back is executed HAL_SPI_TxCpltCallback() or HAL_SPI_RxCpltCallback() 
2358:Drivers/STM32F2xx_HAL_Driver/Src/stm32f2xx_hal_spi.c ****      HAL_SPI_TxRxCpltCallback()
2359:Drivers/STM32F2xx_HAL_Driver/Src/stm32f2xx_hal_spi.c ****      */
2360:Drivers/STM32F2xx_HAL_Driver/Src/stm32f2xx_hal_spi.c **** 
2361:Drivers/STM32F2xx_HAL_Driver/Src/stm32f2xx_hal_spi.c ****   /* Abort the SPI DMA tx Stream/Channel  */
2362:Drivers/STM32F2xx_HAL_Driver/Src/stm32f2xx_hal_spi.c ****   if (hspi->hdmatx != NULL)
2363:Drivers/STM32F2xx_HAL_Driver/Src/stm32f2xx_hal_spi.c ****   {
2364:Drivers/STM32F2xx_HAL_Driver/Src/stm32f2xx_hal_spi.c ****     if (HAL_OK != HAL_DMA_Abort(hspi->hdmatx))
2365:Drivers/STM32F2xx_HAL_Driver/Src/stm32f2xx_hal_spi.c ****     {
2366:Drivers/STM32F2xx_HAL_Driver/Src/stm32f2xx_hal_spi.c ****       SET_BIT(hspi->ErrorCode, HAL_SPI_ERROR_DMA);
2367:Drivers/STM32F2xx_HAL_Driver/Src/stm32f2xx_hal_spi.c ****       errorcode = HAL_ERROR;
2368:Drivers/STM32F2xx_HAL_Driver/Src/stm32f2xx_hal_spi.c ****     }
2369:Drivers/STM32F2xx_HAL_Driver/Src/stm32f2xx_hal_spi.c ****   }
ARM GAS  /var/folders/8x/_y6g3dfs0698dfd49y4vcg_w0000gn/T//ccpNuCLH.s 			page 43


2370:Drivers/STM32F2xx_HAL_Driver/Src/stm32f2xx_hal_spi.c ****   /* Abort the SPI DMA rx Stream/Channel  */
2371:Drivers/STM32F2xx_HAL_Driver/Src/stm32f2xx_hal_spi.c ****   if (hspi->hdmarx != NULL)
2372:Drivers/STM32F2xx_HAL_Driver/Src/stm32f2xx_hal_spi.c ****   {
2373:Drivers/STM32F2xx_HAL_Driver/Src/stm32f2xx_hal_spi.c ****     if (HAL_OK != HAL_DMA_Abort(hspi->hdmarx))
2374:Drivers/STM32F2xx_HAL_Driver/Src/stm32f2xx_hal_spi.c ****     {
2375:Drivers/STM32F2xx_HAL_Driver/Src/stm32f2xx_hal_spi.c ****       SET_BIT(hspi->ErrorCode, HAL_SPI_ERROR_DMA);
2376:Drivers/STM32F2xx_HAL_Driver/Src/stm32f2xx_hal_spi.c ****       errorcode = HAL_ERROR;
2377:Drivers/STM32F2xx_HAL_Driver/Src/stm32f2xx_hal_spi.c ****     }
2378:Drivers/STM32F2xx_HAL_Driver/Src/stm32f2xx_hal_spi.c ****   }
2379:Drivers/STM32F2xx_HAL_Driver/Src/stm32f2xx_hal_spi.c **** 
2380:Drivers/STM32F2xx_HAL_Driver/Src/stm32f2xx_hal_spi.c ****   /* Disable the SPI DMA Tx & Rx requests */
2381:Drivers/STM32F2xx_HAL_Driver/Src/stm32f2xx_hal_spi.c ****   CLEAR_BIT(hspi->Instance->CR2, SPI_CR2_TXDMAEN | SPI_CR2_RXDMAEN);
2382:Drivers/STM32F2xx_HAL_Driver/Src/stm32f2xx_hal_spi.c ****   hspi->State = HAL_SPI_STATE_READY;
2383:Drivers/STM32F2xx_HAL_Driver/Src/stm32f2xx_hal_spi.c ****   return errorcode;
2384:Drivers/STM32F2xx_HAL_Driver/Src/stm32f2xx_hal_spi.c **** }
2385:Drivers/STM32F2xx_HAL_Driver/Src/stm32f2xx_hal_spi.c **** 
2386:Drivers/STM32F2xx_HAL_Driver/Src/stm32f2xx_hal_spi.c **** /**
2387:Drivers/STM32F2xx_HAL_Driver/Src/stm32f2xx_hal_spi.c ****   * @brief  Handle SPI interrupt request.
2388:Drivers/STM32F2xx_HAL_Driver/Src/stm32f2xx_hal_spi.c ****   * @param  hspi pointer to a SPI_HandleTypeDef structure that contains
2389:Drivers/STM32F2xx_HAL_Driver/Src/stm32f2xx_hal_spi.c ****   *               the configuration information for the specified SPI module.
2390:Drivers/STM32F2xx_HAL_Driver/Src/stm32f2xx_hal_spi.c ****   * @retval None
2391:Drivers/STM32F2xx_HAL_Driver/Src/stm32f2xx_hal_spi.c ****   */
2392:Drivers/STM32F2xx_HAL_Driver/Src/stm32f2xx_hal_spi.c **** void HAL_SPI_IRQHandler(SPI_HandleTypeDef *hspi)
2393:Drivers/STM32F2xx_HAL_Driver/Src/stm32f2xx_hal_spi.c **** {
2394:Drivers/STM32F2xx_HAL_Driver/Src/stm32f2xx_hal_spi.c ****   uint32_t itsource = hspi->Instance->CR2;
2395:Drivers/STM32F2xx_HAL_Driver/Src/stm32f2xx_hal_spi.c ****   uint32_t itflag   = hspi->Instance->SR;
2396:Drivers/STM32F2xx_HAL_Driver/Src/stm32f2xx_hal_spi.c **** 
2397:Drivers/STM32F2xx_HAL_Driver/Src/stm32f2xx_hal_spi.c ****   /* SPI in mode Receiver ----------------------------------------------------*/
2398:Drivers/STM32F2xx_HAL_Driver/Src/stm32f2xx_hal_spi.c ****   if ((SPI_CHECK_FLAG(itflag, SPI_FLAG_OVR) == RESET) &&
2399:Drivers/STM32F2xx_HAL_Driver/Src/stm32f2xx_hal_spi.c ****       (SPI_CHECK_FLAG(itflag, SPI_FLAG_RXNE) != RESET) && (SPI_CHECK_IT_SOURCE(itsource, SPI_IT_RXN
2400:Drivers/STM32F2xx_HAL_Driver/Src/stm32f2xx_hal_spi.c ****   {
2401:Drivers/STM32F2xx_HAL_Driver/Src/stm32f2xx_hal_spi.c ****     hspi->RxISR(hspi);
2402:Drivers/STM32F2xx_HAL_Driver/Src/stm32f2xx_hal_spi.c ****     return;
2403:Drivers/STM32F2xx_HAL_Driver/Src/stm32f2xx_hal_spi.c ****   }
2404:Drivers/STM32F2xx_HAL_Driver/Src/stm32f2xx_hal_spi.c **** 
2405:Drivers/STM32F2xx_HAL_Driver/Src/stm32f2xx_hal_spi.c ****   /* SPI in mode Transmitter -------------------------------------------------*/
2406:Drivers/STM32F2xx_HAL_Driver/Src/stm32f2xx_hal_spi.c ****   if ((SPI_CHECK_FLAG(itflag, SPI_FLAG_TXE) != RESET) && (SPI_CHECK_IT_SOURCE(itsource, SPI_IT_TXE)
2407:Drivers/STM32F2xx_HAL_Driver/Src/stm32f2xx_hal_spi.c ****   {
2408:Drivers/STM32F2xx_HAL_Driver/Src/stm32f2xx_hal_spi.c ****     hspi->TxISR(hspi);
2409:Drivers/STM32F2xx_HAL_Driver/Src/stm32f2xx_hal_spi.c ****     return;
2410:Drivers/STM32F2xx_HAL_Driver/Src/stm32f2xx_hal_spi.c ****   }
2411:Drivers/STM32F2xx_HAL_Driver/Src/stm32f2xx_hal_spi.c **** 
2412:Drivers/STM32F2xx_HAL_Driver/Src/stm32f2xx_hal_spi.c ****   /* SPI in Error Treatment --------------------------------------------------*/
2413:Drivers/STM32F2xx_HAL_Driver/Src/stm32f2xx_hal_spi.c ****   if (((SPI_CHECK_FLAG(itflag, SPI_FLAG_MODF) != RESET) || (SPI_CHECK_FLAG(itflag, SPI_FLAG_OVR) !=
2414:Drivers/STM32F2xx_HAL_Driver/Src/stm32f2xx_hal_spi.c ****        || (SPI_CHECK_FLAG(itflag, SPI_FLAG_FRE) != RESET)) && (SPI_CHECK_IT_SOURCE(itsource, SPI_IT
2415:Drivers/STM32F2xx_HAL_Driver/Src/stm32f2xx_hal_spi.c ****   {
2416:Drivers/STM32F2xx_HAL_Driver/Src/stm32f2xx_hal_spi.c ****     /* SPI Overrun error interrupt occurred ----------------------------------*/
2417:Drivers/STM32F2xx_HAL_Driver/Src/stm32f2xx_hal_spi.c ****     if (SPI_CHECK_FLAG(itflag, SPI_FLAG_OVR) != RESET)
2418:Drivers/STM32F2xx_HAL_Driver/Src/stm32f2xx_hal_spi.c ****     {
2419:Drivers/STM32F2xx_HAL_Driver/Src/stm32f2xx_hal_spi.c ****       if (hspi->State != HAL_SPI_STATE_BUSY_TX)
2420:Drivers/STM32F2xx_HAL_Driver/Src/stm32f2xx_hal_spi.c ****       {
2421:Drivers/STM32F2xx_HAL_Driver/Src/stm32f2xx_hal_spi.c ****         SET_BIT(hspi->ErrorCode, HAL_SPI_ERROR_OVR);
2422:Drivers/STM32F2xx_HAL_Driver/Src/stm32f2xx_hal_spi.c ****         __HAL_SPI_CLEAR_OVRFLAG(hspi);
2423:Drivers/STM32F2xx_HAL_Driver/Src/stm32f2xx_hal_spi.c ****       }
2424:Drivers/STM32F2xx_HAL_Driver/Src/stm32f2xx_hal_spi.c ****       else
2425:Drivers/STM32F2xx_HAL_Driver/Src/stm32f2xx_hal_spi.c ****       {
2426:Drivers/STM32F2xx_HAL_Driver/Src/stm32f2xx_hal_spi.c ****         __HAL_SPI_CLEAR_OVRFLAG(hspi);
ARM GAS  /var/folders/8x/_y6g3dfs0698dfd49y4vcg_w0000gn/T//ccpNuCLH.s 			page 44


2427:Drivers/STM32F2xx_HAL_Driver/Src/stm32f2xx_hal_spi.c ****         return;
2428:Drivers/STM32F2xx_HAL_Driver/Src/stm32f2xx_hal_spi.c ****       }
2429:Drivers/STM32F2xx_HAL_Driver/Src/stm32f2xx_hal_spi.c ****     }
2430:Drivers/STM32F2xx_HAL_Driver/Src/stm32f2xx_hal_spi.c **** 
2431:Drivers/STM32F2xx_HAL_Driver/Src/stm32f2xx_hal_spi.c ****     /* SPI Mode Fault error interrupt occurred -------------------------------*/
2432:Drivers/STM32F2xx_HAL_Driver/Src/stm32f2xx_hal_spi.c ****     if (SPI_CHECK_FLAG(itflag, SPI_FLAG_MODF) != RESET)
2433:Drivers/STM32F2xx_HAL_Driver/Src/stm32f2xx_hal_spi.c ****     {
2434:Drivers/STM32F2xx_HAL_Driver/Src/stm32f2xx_hal_spi.c ****       SET_BIT(hspi->ErrorCode, HAL_SPI_ERROR_MODF);
2435:Drivers/STM32F2xx_HAL_Driver/Src/stm32f2xx_hal_spi.c ****       __HAL_SPI_CLEAR_MODFFLAG(hspi);
2436:Drivers/STM32F2xx_HAL_Driver/Src/stm32f2xx_hal_spi.c ****     }
2437:Drivers/STM32F2xx_HAL_Driver/Src/stm32f2xx_hal_spi.c **** 
2438:Drivers/STM32F2xx_HAL_Driver/Src/stm32f2xx_hal_spi.c ****     /* SPI Frame error interrupt occurred ------------------------------------*/
2439:Drivers/STM32F2xx_HAL_Driver/Src/stm32f2xx_hal_spi.c ****     if (SPI_CHECK_FLAG(itflag, SPI_FLAG_FRE) != RESET)
2440:Drivers/STM32F2xx_HAL_Driver/Src/stm32f2xx_hal_spi.c ****     {
2441:Drivers/STM32F2xx_HAL_Driver/Src/stm32f2xx_hal_spi.c ****       SET_BIT(hspi->ErrorCode, HAL_SPI_ERROR_FRE);
2442:Drivers/STM32F2xx_HAL_Driver/Src/stm32f2xx_hal_spi.c ****       __HAL_SPI_CLEAR_FREFLAG(hspi);
2443:Drivers/STM32F2xx_HAL_Driver/Src/stm32f2xx_hal_spi.c ****     }
2444:Drivers/STM32F2xx_HAL_Driver/Src/stm32f2xx_hal_spi.c **** 
2445:Drivers/STM32F2xx_HAL_Driver/Src/stm32f2xx_hal_spi.c ****     if (hspi->ErrorCode != HAL_SPI_ERROR_NONE)
2446:Drivers/STM32F2xx_HAL_Driver/Src/stm32f2xx_hal_spi.c ****     {
2447:Drivers/STM32F2xx_HAL_Driver/Src/stm32f2xx_hal_spi.c ****       /* Disable all interrupts */
2448:Drivers/STM32F2xx_HAL_Driver/Src/stm32f2xx_hal_spi.c ****       __HAL_SPI_DISABLE_IT(hspi, SPI_IT_RXNE | SPI_IT_TXE | SPI_IT_ERR);
2449:Drivers/STM32F2xx_HAL_Driver/Src/stm32f2xx_hal_spi.c **** 
2450:Drivers/STM32F2xx_HAL_Driver/Src/stm32f2xx_hal_spi.c ****       hspi->State = HAL_SPI_STATE_READY;
2451:Drivers/STM32F2xx_HAL_Driver/Src/stm32f2xx_hal_spi.c ****       /* Disable the SPI DMA requests if enabled */
2452:Drivers/STM32F2xx_HAL_Driver/Src/stm32f2xx_hal_spi.c ****       if ((HAL_IS_BIT_SET(itsource, SPI_CR2_TXDMAEN)) || (HAL_IS_BIT_SET(itsource, SPI_CR2_RXDMAEN)
2453:Drivers/STM32F2xx_HAL_Driver/Src/stm32f2xx_hal_spi.c ****       {
2454:Drivers/STM32F2xx_HAL_Driver/Src/stm32f2xx_hal_spi.c ****         CLEAR_BIT(hspi->Instance->CR2, (SPI_CR2_TXDMAEN | SPI_CR2_RXDMAEN));
2455:Drivers/STM32F2xx_HAL_Driver/Src/stm32f2xx_hal_spi.c **** 
2456:Drivers/STM32F2xx_HAL_Driver/Src/stm32f2xx_hal_spi.c ****         /* Abort the SPI DMA Rx channel */
2457:Drivers/STM32F2xx_HAL_Driver/Src/stm32f2xx_hal_spi.c ****         if (hspi->hdmarx != NULL)
2458:Drivers/STM32F2xx_HAL_Driver/Src/stm32f2xx_hal_spi.c ****         {
2459:Drivers/STM32F2xx_HAL_Driver/Src/stm32f2xx_hal_spi.c ****           /* Set the SPI DMA Abort callback :
2460:Drivers/STM32F2xx_HAL_Driver/Src/stm32f2xx_hal_spi.c ****           will lead to call HAL_SPI_ErrorCallback() at end of DMA abort procedure */
2461:Drivers/STM32F2xx_HAL_Driver/Src/stm32f2xx_hal_spi.c ****           hspi->hdmarx->XferAbortCallback = SPI_DMAAbortOnError;
2462:Drivers/STM32F2xx_HAL_Driver/Src/stm32f2xx_hal_spi.c ****           if (HAL_OK != HAL_DMA_Abort_IT(hspi->hdmarx))
2463:Drivers/STM32F2xx_HAL_Driver/Src/stm32f2xx_hal_spi.c ****           {
2464:Drivers/STM32F2xx_HAL_Driver/Src/stm32f2xx_hal_spi.c ****             SET_BIT(hspi->ErrorCode, HAL_SPI_ERROR_ABORT);
2465:Drivers/STM32F2xx_HAL_Driver/Src/stm32f2xx_hal_spi.c ****           }
2466:Drivers/STM32F2xx_HAL_Driver/Src/stm32f2xx_hal_spi.c ****         }
2467:Drivers/STM32F2xx_HAL_Driver/Src/stm32f2xx_hal_spi.c ****         /* Abort the SPI DMA Tx channel */
2468:Drivers/STM32F2xx_HAL_Driver/Src/stm32f2xx_hal_spi.c ****         if (hspi->hdmatx != NULL)
2469:Drivers/STM32F2xx_HAL_Driver/Src/stm32f2xx_hal_spi.c ****         {
2470:Drivers/STM32F2xx_HAL_Driver/Src/stm32f2xx_hal_spi.c ****           /* Set the SPI DMA Abort callback :
2471:Drivers/STM32F2xx_HAL_Driver/Src/stm32f2xx_hal_spi.c ****           will lead to call HAL_SPI_ErrorCallback() at end of DMA abort procedure */
2472:Drivers/STM32F2xx_HAL_Driver/Src/stm32f2xx_hal_spi.c ****           hspi->hdmatx->XferAbortCallback = SPI_DMAAbortOnError;
2473:Drivers/STM32F2xx_HAL_Driver/Src/stm32f2xx_hal_spi.c ****           if (HAL_OK != HAL_DMA_Abort_IT(hspi->hdmatx))
2474:Drivers/STM32F2xx_HAL_Driver/Src/stm32f2xx_hal_spi.c ****           {
2475:Drivers/STM32F2xx_HAL_Driver/Src/stm32f2xx_hal_spi.c ****             SET_BIT(hspi->ErrorCode, HAL_SPI_ERROR_ABORT);
2476:Drivers/STM32F2xx_HAL_Driver/Src/stm32f2xx_hal_spi.c ****           }
2477:Drivers/STM32F2xx_HAL_Driver/Src/stm32f2xx_hal_spi.c ****         }
2478:Drivers/STM32F2xx_HAL_Driver/Src/stm32f2xx_hal_spi.c ****       }
2479:Drivers/STM32F2xx_HAL_Driver/Src/stm32f2xx_hal_spi.c ****       else
2480:Drivers/STM32F2xx_HAL_Driver/Src/stm32f2xx_hal_spi.c ****       {
2481:Drivers/STM32F2xx_HAL_Driver/Src/stm32f2xx_hal_spi.c ****         /* Call user error callback */
2482:Drivers/STM32F2xx_HAL_Driver/Src/stm32f2xx_hal_spi.c **** #if (USE_HAL_SPI_REGISTER_CALLBACKS == 1U)
2483:Drivers/STM32F2xx_HAL_Driver/Src/stm32f2xx_hal_spi.c ****         hspi->ErrorCallback(hspi);
ARM GAS  /var/folders/8x/_y6g3dfs0698dfd49y4vcg_w0000gn/T//ccpNuCLH.s 			page 45


2484:Drivers/STM32F2xx_HAL_Driver/Src/stm32f2xx_hal_spi.c **** #else
2485:Drivers/STM32F2xx_HAL_Driver/Src/stm32f2xx_hal_spi.c ****         HAL_SPI_ErrorCallback(hspi);
2486:Drivers/STM32F2xx_HAL_Driver/Src/stm32f2xx_hal_spi.c **** #endif /* USE_HAL_SPI_REGISTER_CALLBACKS */
2487:Drivers/STM32F2xx_HAL_Driver/Src/stm32f2xx_hal_spi.c ****       }
2488:Drivers/STM32F2xx_HAL_Driver/Src/stm32f2xx_hal_spi.c ****     }
2489:Drivers/STM32F2xx_HAL_Driver/Src/stm32f2xx_hal_spi.c ****     return;
2490:Drivers/STM32F2xx_HAL_Driver/Src/stm32f2xx_hal_spi.c ****   }
2491:Drivers/STM32F2xx_HAL_Driver/Src/stm32f2xx_hal_spi.c **** }
2492:Drivers/STM32F2xx_HAL_Driver/Src/stm32f2xx_hal_spi.c **** 
2493:Drivers/STM32F2xx_HAL_Driver/Src/stm32f2xx_hal_spi.c **** /**
2494:Drivers/STM32F2xx_HAL_Driver/Src/stm32f2xx_hal_spi.c ****   * @brief  Tx Transfer completed callback.
2495:Drivers/STM32F2xx_HAL_Driver/Src/stm32f2xx_hal_spi.c ****   * @param  hspi pointer to a SPI_HandleTypeDef structure that contains
2496:Drivers/STM32F2xx_HAL_Driver/Src/stm32f2xx_hal_spi.c ****   *               the configuration information for SPI module.
2497:Drivers/STM32F2xx_HAL_Driver/Src/stm32f2xx_hal_spi.c ****   * @retval None
2498:Drivers/STM32F2xx_HAL_Driver/Src/stm32f2xx_hal_spi.c ****   */
2499:Drivers/STM32F2xx_HAL_Driver/Src/stm32f2xx_hal_spi.c **** __weak void HAL_SPI_TxCpltCallback(SPI_HandleTypeDef *hspi)
2500:Drivers/STM32F2xx_HAL_Driver/Src/stm32f2xx_hal_spi.c **** {
2501:Drivers/STM32F2xx_HAL_Driver/Src/stm32f2xx_hal_spi.c ****   /* Prevent unused argument(s) compilation warning */
2502:Drivers/STM32F2xx_HAL_Driver/Src/stm32f2xx_hal_spi.c ****   UNUSED(hspi);
2503:Drivers/STM32F2xx_HAL_Driver/Src/stm32f2xx_hal_spi.c **** 
2504:Drivers/STM32F2xx_HAL_Driver/Src/stm32f2xx_hal_spi.c ****   /* NOTE : This function should not be modified, when the callback is needed,
2505:Drivers/STM32F2xx_HAL_Driver/Src/stm32f2xx_hal_spi.c ****             the HAL_SPI_TxCpltCallback should be implemented in the user file
2506:Drivers/STM32F2xx_HAL_Driver/Src/stm32f2xx_hal_spi.c ****    */
2507:Drivers/STM32F2xx_HAL_Driver/Src/stm32f2xx_hal_spi.c **** }
2508:Drivers/STM32F2xx_HAL_Driver/Src/stm32f2xx_hal_spi.c **** 
2509:Drivers/STM32F2xx_HAL_Driver/Src/stm32f2xx_hal_spi.c **** /**
2510:Drivers/STM32F2xx_HAL_Driver/Src/stm32f2xx_hal_spi.c ****   * @brief  Rx Transfer completed callback.
2511:Drivers/STM32F2xx_HAL_Driver/Src/stm32f2xx_hal_spi.c ****   * @param  hspi pointer to a SPI_HandleTypeDef structure that contains
2512:Drivers/STM32F2xx_HAL_Driver/Src/stm32f2xx_hal_spi.c ****   *               the configuration information for SPI module.
2513:Drivers/STM32F2xx_HAL_Driver/Src/stm32f2xx_hal_spi.c ****   * @retval None
2514:Drivers/STM32F2xx_HAL_Driver/Src/stm32f2xx_hal_spi.c ****   */
2515:Drivers/STM32F2xx_HAL_Driver/Src/stm32f2xx_hal_spi.c **** __weak void HAL_SPI_RxCpltCallback(SPI_HandleTypeDef *hspi)
2516:Drivers/STM32F2xx_HAL_Driver/Src/stm32f2xx_hal_spi.c **** {
2517:Drivers/STM32F2xx_HAL_Driver/Src/stm32f2xx_hal_spi.c ****   /* Prevent unused argument(s) compilation warning */
2518:Drivers/STM32F2xx_HAL_Driver/Src/stm32f2xx_hal_spi.c ****   UNUSED(hspi);
2519:Drivers/STM32F2xx_HAL_Driver/Src/stm32f2xx_hal_spi.c **** 
2520:Drivers/STM32F2xx_HAL_Driver/Src/stm32f2xx_hal_spi.c ****   /* NOTE : This function should not be modified, when the callback is needed,
2521:Drivers/STM32F2xx_HAL_Driver/Src/stm32f2xx_hal_spi.c ****             the HAL_SPI_RxCpltCallback should be implemented in the user file
2522:Drivers/STM32F2xx_HAL_Driver/Src/stm32f2xx_hal_spi.c ****    */
2523:Drivers/STM32F2xx_HAL_Driver/Src/stm32f2xx_hal_spi.c **** }
2524:Drivers/STM32F2xx_HAL_Driver/Src/stm32f2xx_hal_spi.c **** 
2525:Drivers/STM32F2xx_HAL_Driver/Src/stm32f2xx_hal_spi.c **** /**
2526:Drivers/STM32F2xx_HAL_Driver/Src/stm32f2xx_hal_spi.c ****   * @brief  Tx and Rx Transfer completed callback.
2527:Drivers/STM32F2xx_HAL_Driver/Src/stm32f2xx_hal_spi.c ****   * @param  hspi pointer to a SPI_HandleTypeDef structure that contains
2528:Drivers/STM32F2xx_HAL_Driver/Src/stm32f2xx_hal_spi.c ****   *               the configuration information for SPI module.
2529:Drivers/STM32F2xx_HAL_Driver/Src/stm32f2xx_hal_spi.c ****   * @retval None
2530:Drivers/STM32F2xx_HAL_Driver/Src/stm32f2xx_hal_spi.c ****   */
2531:Drivers/STM32F2xx_HAL_Driver/Src/stm32f2xx_hal_spi.c **** __weak void HAL_SPI_TxRxCpltCallback(SPI_HandleTypeDef *hspi)
2532:Drivers/STM32F2xx_HAL_Driver/Src/stm32f2xx_hal_spi.c **** {
2533:Drivers/STM32F2xx_HAL_Driver/Src/stm32f2xx_hal_spi.c ****   /* Prevent unused argument(s) compilation warning */
2534:Drivers/STM32F2xx_HAL_Driver/Src/stm32f2xx_hal_spi.c ****   UNUSED(hspi);
2535:Drivers/STM32F2xx_HAL_Driver/Src/stm32f2xx_hal_spi.c **** 
2536:Drivers/STM32F2xx_HAL_Driver/Src/stm32f2xx_hal_spi.c ****   /* NOTE : This function should not be modified, when the callback is needed,
2537:Drivers/STM32F2xx_HAL_Driver/Src/stm32f2xx_hal_spi.c ****             the HAL_SPI_TxRxCpltCallback should be implemented in the user file
2538:Drivers/STM32F2xx_HAL_Driver/Src/stm32f2xx_hal_spi.c ****    */
2539:Drivers/STM32F2xx_HAL_Driver/Src/stm32f2xx_hal_spi.c **** }
2540:Drivers/STM32F2xx_HAL_Driver/Src/stm32f2xx_hal_spi.c **** 
ARM GAS  /var/folders/8x/_y6g3dfs0698dfd49y4vcg_w0000gn/T//ccpNuCLH.s 			page 46


2541:Drivers/STM32F2xx_HAL_Driver/Src/stm32f2xx_hal_spi.c **** /**
2542:Drivers/STM32F2xx_HAL_Driver/Src/stm32f2xx_hal_spi.c ****   * @brief  Tx Half Transfer completed callback.
2543:Drivers/STM32F2xx_HAL_Driver/Src/stm32f2xx_hal_spi.c ****   * @param  hspi pointer to a SPI_HandleTypeDef structure that contains
2544:Drivers/STM32F2xx_HAL_Driver/Src/stm32f2xx_hal_spi.c ****   *               the configuration information for SPI module.
2545:Drivers/STM32F2xx_HAL_Driver/Src/stm32f2xx_hal_spi.c ****   * @retval None
2546:Drivers/STM32F2xx_HAL_Driver/Src/stm32f2xx_hal_spi.c ****   */
2547:Drivers/STM32F2xx_HAL_Driver/Src/stm32f2xx_hal_spi.c **** __weak void HAL_SPI_TxHalfCpltCallback(SPI_HandleTypeDef *hspi)
2548:Drivers/STM32F2xx_HAL_Driver/Src/stm32f2xx_hal_spi.c **** {
2549:Drivers/STM32F2xx_HAL_Driver/Src/stm32f2xx_hal_spi.c ****   /* Prevent unused argument(s) compilation warning */
2550:Drivers/STM32F2xx_HAL_Driver/Src/stm32f2xx_hal_spi.c ****   UNUSED(hspi);
2551:Drivers/STM32F2xx_HAL_Driver/Src/stm32f2xx_hal_spi.c **** 
2552:Drivers/STM32F2xx_HAL_Driver/Src/stm32f2xx_hal_spi.c ****   /* NOTE : This function should not be modified, when the callback is needed,
2553:Drivers/STM32F2xx_HAL_Driver/Src/stm32f2xx_hal_spi.c ****             the HAL_SPI_TxHalfCpltCallback should be implemented in the user file
2554:Drivers/STM32F2xx_HAL_Driver/Src/stm32f2xx_hal_spi.c ****    */
2555:Drivers/STM32F2xx_HAL_Driver/Src/stm32f2xx_hal_spi.c **** }
2556:Drivers/STM32F2xx_HAL_Driver/Src/stm32f2xx_hal_spi.c **** 
2557:Drivers/STM32F2xx_HAL_Driver/Src/stm32f2xx_hal_spi.c **** /**
2558:Drivers/STM32F2xx_HAL_Driver/Src/stm32f2xx_hal_spi.c ****   * @brief  Rx Half Transfer completed callback.
2559:Drivers/STM32F2xx_HAL_Driver/Src/stm32f2xx_hal_spi.c ****   * @param  hspi pointer to a SPI_HandleTypeDef structure that contains
2560:Drivers/STM32F2xx_HAL_Driver/Src/stm32f2xx_hal_spi.c ****   *               the configuration information for SPI module.
2561:Drivers/STM32F2xx_HAL_Driver/Src/stm32f2xx_hal_spi.c ****   * @retval None
2562:Drivers/STM32F2xx_HAL_Driver/Src/stm32f2xx_hal_spi.c ****   */
2563:Drivers/STM32F2xx_HAL_Driver/Src/stm32f2xx_hal_spi.c **** __weak void HAL_SPI_RxHalfCpltCallback(SPI_HandleTypeDef *hspi)
2564:Drivers/STM32F2xx_HAL_Driver/Src/stm32f2xx_hal_spi.c **** {
2565:Drivers/STM32F2xx_HAL_Driver/Src/stm32f2xx_hal_spi.c ****   /* Prevent unused argument(s) compilation warning */
2566:Drivers/STM32F2xx_HAL_Driver/Src/stm32f2xx_hal_spi.c ****   UNUSED(hspi);
2567:Drivers/STM32F2xx_HAL_Driver/Src/stm32f2xx_hal_spi.c **** 
2568:Drivers/STM32F2xx_HAL_Driver/Src/stm32f2xx_hal_spi.c ****   /* NOTE : This function should not be modified, when the callback is needed,
2569:Drivers/STM32F2xx_HAL_Driver/Src/stm32f2xx_hal_spi.c ****             the HAL_SPI_RxHalfCpltCallback() should be implemented in the user file
2570:Drivers/STM32F2xx_HAL_Driver/Src/stm32f2xx_hal_spi.c ****    */
2571:Drivers/STM32F2xx_HAL_Driver/Src/stm32f2xx_hal_spi.c **** }
2572:Drivers/STM32F2xx_HAL_Driver/Src/stm32f2xx_hal_spi.c **** 
2573:Drivers/STM32F2xx_HAL_Driver/Src/stm32f2xx_hal_spi.c **** /**
2574:Drivers/STM32F2xx_HAL_Driver/Src/stm32f2xx_hal_spi.c ****   * @brief  Tx and Rx Half Transfer callback.
2575:Drivers/STM32F2xx_HAL_Driver/Src/stm32f2xx_hal_spi.c ****   * @param  hspi pointer to a SPI_HandleTypeDef structure that contains
2576:Drivers/STM32F2xx_HAL_Driver/Src/stm32f2xx_hal_spi.c ****   *               the configuration information for SPI module.
2577:Drivers/STM32F2xx_HAL_Driver/Src/stm32f2xx_hal_spi.c ****   * @retval None
2578:Drivers/STM32F2xx_HAL_Driver/Src/stm32f2xx_hal_spi.c ****   */
2579:Drivers/STM32F2xx_HAL_Driver/Src/stm32f2xx_hal_spi.c **** __weak void HAL_SPI_TxRxHalfCpltCallback(SPI_HandleTypeDef *hspi)
2580:Drivers/STM32F2xx_HAL_Driver/Src/stm32f2xx_hal_spi.c **** {
2581:Drivers/STM32F2xx_HAL_Driver/Src/stm32f2xx_hal_spi.c ****   /* Prevent unused argument(s) compilation warning */
2582:Drivers/STM32F2xx_HAL_Driver/Src/stm32f2xx_hal_spi.c ****   UNUSED(hspi);
2583:Drivers/STM32F2xx_HAL_Driver/Src/stm32f2xx_hal_spi.c **** 
2584:Drivers/STM32F2xx_HAL_Driver/Src/stm32f2xx_hal_spi.c ****   /* NOTE : This function should not be modified, when the callback is needed,
2585:Drivers/STM32F2xx_HAL_Driver/Src/stm32f2xx_hal_spi.c ****             the HAL_SPI_TxRxHalfCpltCallback() should be implemented in the user file
2586:Drivers/STM32F2xx_HAL_Driver/Src/stm32f2xx_hal_spi.c ****    */
2587:Drivers/STM32F2xx_HAL_Driver/Src/stm32f2xx_hal_spi.c **** }
2588:Drivers/STM32F2xx_HAL_Driver/Src/stm32f2xx_hal_spi.c **** 
2589:Drivers/STM32F2xx_HAL_Driver/Src/stm32f2xx_hal_spi.c **** /**
2590:Drivers/STM32F2xx_HAL_Driver/Src/stm32f2xx_hal_spi.c ****   * @brief  SPI error callback.
2591:Drivers/STM32F2xx_HAL_Driver/Src/stm32f2xx_hal_spi.c ****   * @param  hspi pointer to a SPI_HandleTypeDef structure that contains
2592:Drivers/STM32F2xx_HAL_Driver/Src/stm32f2xx_hal_spi.c ****   *               the configuration information for SPI module.
2593:Drivers/STM32F2xx_HAL_Driver/Src/stm32f2xx_hal_spi.c ****   * @retval None
2594:Drivers/STM32F2xx_HAL_Driver/Src/stm32f2xx_hal_spi.c ****   */
2595:Drivers/STM32F2xx_HAL_Driver/Src/stm32f2xx_hal_spi.c **** __weak void HAL_SPI_ErrorCallback(SPI_HandleTypeDef *hspi)
2596:Drivers/STM32F2xx_HAL_Driver/Src/stm32f2xx_hal_spi.c **** {
2597:Drivers/STM32F2xx_HAL_Driver/Src/stm32f2xx_hal_spi.c ****   /* Prevent unused argument(s) compilation warning */
ARM GAS  /var/folders/8x/_y6g3dfs0698dfd49y4vcg_w0000gn/T//ccpNuCLH.s 			page 47


2598:Drivers/STM32F2xx_HAL_Driver/Src/stm32f2xx_hal_spi.c ****   UNUSED(hspi);
2599:Drivers/STM32F2xx_HAL_Driver/Src/stm32f2xx_hal_spi.c **** 
2600:Drivers/STM32F2xx_HAL_Driver/Src/stm32f2xx_hal_spi.c ****   /* NOTE : This function should not be modified, when the callback is needed,
2601:Drivers/STM32F2xx_HAL_Driver/Src/stm32f2xx_hal_spi.c ****             the HAL_SPI_ErrorCallback should be implemented in the user file
2602:Drivers/STM32F2xx_HAL_Driver/Src/stm32f2xx_hal_spi.c ****    */
2603:Drivers/STM32F2xx_HAL_Driver/Src/stm32f2xx_hal_spi.c ****   /* NOTE : The ErrorCode parameter in the hspi handle is updated by the SPI processes
2604:Drivers/STM32F2xx_HAL_Driver/Src/stm32f2xx_hal_spi.c ****             and user can use HAL_SPI_GetError() API to check the latest error occurred
2605:Drivers/STM32F2xx_HAL_Driver/Src/stm32f2xx_hal_spi.c ****    */
2606:Drivers/STM32F2xx_HAL_Driver/Src/stm32f2xx_hal_spi.c **** }
2607:Drivers/STM32F2xx_HAL_Driver/Src/stm32f2xx_hal_spi.c **** 
2608:Drivers/STM32F2xx_HAL_Driver/Src/stm32f2xx_hal_spi.c **** /**
2609:Drivers/STM32F2xx_HAL_Driver/Src/stm32f2xx_hal_spi.c ****   * @brief  SPI Abort Complete callback.
2610:Drivers/STM32F2xx_HAL_Driver/Src/stm32f2xx_hal_spi.c ****   * @param  hspi SPI handle.
2611:Drivers/STM32F2xx_HAL_Driver/Src/stm32f2xx_hal_spi.c ****   * @retval None
2612:Drivers/STM32F2xx_HAL_Driver/Src/stm32f2xx_hal_spi.c ****   */
2613:Drivers/STM32F2xx_HAL_Driver/Src/stm32f2xx_hal_spi.c **** __weak void HAL_SPI_AbortCpltCallback(SPI_HandleTypeDef *hspi)
2614:Drivers/STM32F2xx_HAL_Driver/Src/stm32f2xx_hal_spi.c **** {
2615:Drivers/STM32F2xx_HAL_Driver/Src/stm32f2xx_hal_spi.c ****   /* Prevent unused argument(s) compilation warning */
2616:Drivers/STM32F2xx_HAL_Driver/Src/stm32f2xx_hal_spi.c ****   UNUSED(hspi);
2617:Drivers/STM32F2xx_HAL_Driver/Src/stm32f2xx_hal_spi.c **** 
2618:Drivers/STM32F2xx_HAL_Driver/Src/stm32f2xx_hal_spi.c ****   /* NOTE : This function should not be modified, when the callback is needed,
2619:Drivers/STM32F2xx_HAL_Driver/Src/stm32f2xx_hal_spi.c ****             the HAL_SPI_AbortCpltCallback can be implemented in the user file.
2620:Drivers/STM32F2xx_HAL_Driver/Src/stm32f2xx_hal_spi.c ****    */
2621:Drivers/STM32F2xx_HAL_Driver/Src/stm32f2xx_hal_spi.c **** }
2622:Drivers/STM32F2xx_HAL_Driver/Src/stm32f2xx_hal_spi.c **** 
2623:Drivers/STM32F2xx_HAL_Driver/Src/stm32f2xx_hal_spi.c **** /**
2624:Drivers/STM32F2xx_HAL_Driver/Src/stm32f2xx_hal_spi.c ****   * @}
2625:Drivers/STM32F2xx_HAL_Driver/Src/stm32f2xx_hal_spi.c ****   */
2626:Drivers/STM32F2xx_HAL_Driver/Src/stm32f2xx_hal_spi.c **** 
2627:Drivers/STM32F2xx_HAL_Driver/Src/stm32f2xx_hal_spi.c **** /** @defgroup SPI_Exported_Functions_Group3 Peripheral State and Errors functions
2628:Drivers/STM32F2xx_HAL_Driver/Src/stm32f2xx_hal_spi.c ****   * @brief   SPI control functions
2629:Drivers/STM32F2xx_HAL_Driver/Src/stm32f2xx_hal_spi.c ****   *
2630:Drivers/STM32F2xx_HAL_Driver/Src/stm32f2xx_hal_spi.c **** @verbatim
2631:Drivers/STM32F2xx_HAL_Driver/Src/stm32f2xx_hal_spi.c ****  ===============================================================================
2632:Drivers/STM32F2xx_HAL_Driver/Src/stm32f2xx_hal_spi.c ****                       ##### Peripheral State and Errors functions #####
2633:Drivers/STM32F2xx_HAL_Driver/Src/stm32f2xx_hal_spi.c ****  ===============================================================================
2634:Drivers/STM32F2xx_HAL_Driver/Src/stm32f2xx_hal_spi.c ****     [..]
2635:Drivers/STM32F2xx_HAL_Driver/Src/stm32f2xx_hal_spi.c ****     This subsection provides a set of functions allowing to control the SPI.
2636:Drivers/STM32F2xx_HAL_Driver/Src/stm32f2xx_hal_spi.c ****      (+) HAL_SPI_GetState() API can be helpful to check in run-time the state of the SPI peripheral
2637:Drivers/STM32F2xx_HAL_Driver/Src/stm32f2xx_hal_spi.c ****      (+) HAL_SPI_GetError() check in run-time Errors occurring during communication
2638:Drivers/STM32F2xx_HAL_Driver/Src/stm32f2xx_hal_spi.c **** @endverbatim
2639:Drivers/STM32F2xx_HAL_Driver/Src/stm32f2xx_hal_spi.c ****   * @{
2640:Drivers/STM32F2xx_HAL_Driver/Src/stm32f2xx_hal_spi.c ****   */
2641:Drivers/STM32F2xx_HAL_Driver/Src/stm32f2xx_hal_spi.c **** 
2642:Drivers/STM32F2xx_HAL_Driver/Src/stm32f2xx_hal_spi.c **** /**
2643:Drivers/STM32F2xx_HAL_Driver/Src/stm32f2xx_hal_spi.c ****   * @brief  Return the SPI handle state.
2644:Drivers/STM32F2xx_HAL_Driver/Src/stm32f2xx_hal_spi.c ****   * @param  hspi pointer to a SPI_HandleTypeDef structure that contains
2645:Drivers/STM32F2xx_HAL_Driver/Src/stm32f2xx_hal_spi.c ****   *               the configuration information for SPI module.
2646:Drivers/STM32F2xx_HAL_Driver/Src/stm32f2xx_hal_spi.c ****   * @retval SPI state
2647:Drivers/STM32F2xx_HAL_Driver/Src/stm32f2xx_hal_spi.c ****   */
2648:Drivers/STM32F2xx_HAL_Driver/Src/stm32f2xx_hal_spi.c **** HAL_SPI_StateTypeDef HAL_SPI_GetState(const SPI_HandleTypeDef *hspi)
2649:Drivers/STM32F2xx_HAL_Driver/Src/stm32f2xx_hal_spi.c **** {
2650:Drivers/STM32F2xx_HAL_Driver/Src/stm32f2xx_hal_spi.c ****   /* Return SPI handle state */
2651:Drivers/STM32F2xx_HAL_Driver/Src/stm32f2xx_hal_spi.c ****   return hspi->State;
2652:Drivers/STM32F2xx_HAL_Driver/Src/stm32f2xx_hal_spi.c **** }
2653:Drivers/STM32F2xx_HAL_Driver/Src/stm32f2xx_hal_spi.c **** 
2654:Drivers/STM32F2xx_HAL_Driver/Src/stm32f2xx_hal_spi.c **** /**
ARM GAS  /var/folders/8x/_y6g3dfs0698dfd49y4vcg_w0000gn/T//ccpNuCLH.s 			page 48


2655:Drivers/STM32F2xx_HAL_Driver/Src/stm32f2xx_hal_spi.c ****   * @brief  Return the SPI error code.
2656:Drivers/STM32F2xx_HAL_Driver/Src/stm32f2xx_hal_spi.c ****   * @param  hspi pointer to a SPI_HandleTypeDef structure that contains
2657:Drivers/STM32F2xx_HAL_Driver/Src/stm32f2xx_hal_spi.c ****   *               the configuration information for SPI module.
2658:Drivers/STM32F2xx_HAL_Driver/Src/stm32f2xx_hal_spi.c ****   * @retval SPI error code in bitmap format
2659:Drivers/STM32F2xx_HAL_Driver/Src/stm32f2xx_hal_spi.c ****   */
2660:Drivers/STM32F2xx_HAL_Driver/Src/stm32f2xx_hal_spi.c **** uint32_t HAL_SPI_GetError(const SPI_HandleTypeDef *hspi)
2661:Drivers/STM32F2xx_HAL_Driver/Src/stm32f2xx_hal_spi.c **** {
2662:Drivers/STM32F2xx_HAL_Driver/Src/stm32f2xx_hal_spi.c ****   /* Return SPI ErrorCode */
2663:Drivers/STM32F2xx_HAL_Driver/Src/stm32f2xx_hal_spi.c ****   return hspi->ErrorCode;
2664:Drivers/STM32F2xx_HAL_Driver/Src/stm32f2xx_hal_spi.c **** }
2665:Drivers/STM32F2xx_HAL_Driver/Src/stm32f2xx_hal_spi.c **** 
2666:Drivers/STM32F2xx_HAL_Driver/Src/stm32f2xx_hal_spi.c **** /**
2667:Drivers/STM32F2xx_HAL_Driver/Src/stm32f2xx_hal_spi.c ****   * @}
2668:Drivers/STM32F2xx_HAL_Driver/Src/stm32f2xx_hal_spi.c ****   */
2669:Drivers/STM32F2xx_HAL_Driver/Src/stm32f2xx_hal_spi.c **** 
2670:Drivers/STM32F2xx_HAL_Driver/Src/stm32f2xx_hal_spi.c **** /**
2671:Drivers/STM32F2xx_HAL_Driver/Src/stm32f2xx_hal_spi.c ****   * @}
2672:Drivers/STM32F2xx_HAL_Driver/Src/stm32f2xx_hal_spi.c ****   */
2673:Drivers/STM32F2xx_HAL_Driver/Src/stm32f2xx_hal_spi.c **** 
2674:Drivers/STM32F2xx_HAL_Driver/Src/stm32f2xx_hal_spi.c **** /** @addtogroup SPI_Private_Functions
2675:Drivers/STM32F2xx_HAL_Driver/Src/stm32f2xx_hal_spi.c ****   * @brief   Private functions
2676:Drivers/STM32F2xx_HAL_Driver/Src/stm32f2xx_hal_spi.c ****   * @{
2677:Drivers/STM32F2xx_HAL_Driver/Src/stm32f2xx_hal_spi.c ****   */
2678:Drivers/STM32F2xx_HAL_Driver/Src/stm32f2xx_hal_spi.c **** 
2679:Drivers/STM32F2xx_HAL_Driver/Src/stm32f2xx_hal_spi.c **** /**
2680:Drivers/STM32F2xx_HAL_Driver/Src/stm32f2xx_hal_spi.c ****   * @brief  DMA SPI transmit process complete callback.
2681:Drivers/STM32F2xx_HAL_Driver/Src/stm32f2xx_hal_spi.c ****   * @param  hdma pointer to a DMA_HandleTypeDef structure that contains
2682:Drivers/STM32F2xx_HAL_Driver/Src/stm32f2xx_hal_spi.c ****   *               the configuration information for the specified DMA module.
2683:Drivers/STM32F2xx_HAL_Driver/Src/stm32f2xx_hal_spi.c ****   * @retval None
2684:Drivers/STM32F2xx_HAL_Driver/Src/stm32f2xx_hal_spi.c ****   */
2685:Drivers/STM32F2xx_HAL_Driver/Src/stm32f2xx_hal_spi.c **** static void SPI_DMATransmitCplt(DMA_HandleTypeDef *hdma)
2686:Drivers/STM32F2xx_HAL_Driver/Src/stm32f2xx_hal_spi.c **** {
2687:Drivers/STM32F2xx_HAL_Driver/Src/stm32f2xx_hal_spi.c ****   SPI_HandleTypeDef *hspi = (SPI_HandleTypeDef *)(((DMA_HandleTypeDef *)hdma)->Parent);
2688:Drivers/STM32F2xx_HAL_Driver/Src/stm32f2xx_hal_spi.c ****   uint32_t tickstart;
2689:Drivers/STM32F2xx_HAL_Driver/Src/stm32f2xx_hal_spi.c **** 
2690:Drivers/STM32F2xx_HAL_Driver/Src/stm32f2xx_hal_spi.c ****   /* Init tickstart for timeout management*/
2691:Drivers/STM32F2xx_HAL_Driver/Src/stm32f2xx_hal_spi.c ****   tickstart = HAL_GetTick();
2692:Drivers/STM32F2xx_HAL_Driver/Src/stm32f2xx_hal_spi.c **** 
2693:Drivers/STM32F2xx_HAL_Driver/Src/stm32f2xx_hal_spi.c ****   /* DMA Normal Mode */
2694:Drivers/STM32F2xx_HAL_Driver/Src/stm32f2xx_hal_spi.c ****   if ((hdma->Instance->CR & DMA_SxCR_CIRC) != DMA_SxCR_CIRC)
2695:Drivers/STM32F2xx_HAL_Driver/Src/stm32f2xx_hal_spi.c ****   {
2696:Drivers/STM32F2xx_HAL_Driver/Src/stm32f2xx_hal_spi.c ****     /* Disable ERR interrupt */
2697:Drivers/STM32F2xx_HAL_Driver/Src/stm32f2xx_hal_spi.c ****     __HAL_SPI_DISABLE_IT(hspi, SPI_IT_ERR);
2698:Drivers/STM32F2xx_HAL_Driver/Src/stm32f2xx_hal_spi.c **** 
2699:Drivers/STM32F2xx_HAL_Driver/Src/stm32f2xx_hal_spi.c ****     /* Disable Tx DMA Request */
2700:Drivers/STM32F2xx_HAL_Driver/Src/stm32f2xx_hal_spi.c ****     CLEAR_BIT(hspi->Instance->CR2, SPI_CR2_TXDMAEN);
2701:Drivers/STM32F2xx_HAL_Driver/Src/stm32f2xx_hal_spi.c **** 
2702:Drivers/STM32F2xx_HAL_Driver/Src/stm32f2xx_hal_spi.c ****     /* Check the end of the transaction */
2703:Drivers/STM32F2xx_HAL_Driver/Src/stm32f2xx_hal_spi.c ****     if (SPI_EndRxTxTransaction(hspi, SPI_DEFAULT_TIMEOUT, tickstart) != HAL_OK)
2704:Drivers/STM32F2xx_HAL_Driver/Src/stm32f2xx_hal_spi.c ****     {
2705:Drivers/STM32F2xx_HAL_Driver/Src/stm32f2xx_hal_spi.c ****       SET_BIT(hspi->ErrorCode, HAL_SPI_ERROR_FLAG);
2706:Drivers/STM32F2xx_HAL_Driver/Src/stm32f2xx_hal_spi.c ****     }
2707:Drivers/STM32F2xx_HAL_Driver/Src/stm32f2xx_hal_spi.c **** 
2708:Drivers/STM32F2xx_HAL_Driver/Src/stm32f2xx_hal_spi.c ****     /* Clear overrun flag in 2 Lines communication mode because received data is not read */
2709:Drivers/STM32F2xx_HAL_Driver/Src/stm32f2xx_hal_spi.c ****     if (hspi->Init.Direction == SPI_DIRECTION_2LINES)
2710:Drivers/STM32F2xx_HAL_Driver/Src/stm32f2xx_hal_spi.c ****     {
2711:Drivers/STM32F2xx_HAL_Driver/Src/stm32f2xx_hal_spi.c ****       __HAL_SPI_CLEAR_OVRFLAG(hspi);
ARM GAS  /var/folders/8x/_y6g3dfs0698dfd49y4vcg_w0000gn/T//ccpNuCLH.s 			page 49


2712:Drivers/STM32F2xx_HAL_Driver/Src/stm32f2xx_hal_spi.c ****     }
2713:Drivers/STM32F2xx_HAL_Driver/Src/stm32f2xx_hal_spi.c **** 
2714:Drivers/STM32F2xx_HAL_Driver/Src/stm32f2xx_hal_spi.c ****     hspi->TxXferCount = 0U;
2715:Drivers/STM32F2xx_HAL_Driver/Src/stm32f2xx_hal_spi.c ****     hspi->State = HAL_SPI_STATE_READY;
2716:Drivers/STM32F2xx_HAL_Driver/Src/stm32f2xx_hal_spi.c **** 
2717:Drivers/STM32F2xx_HAL_Driver/Src/stm32f2xx_hal_spi.c ****     if (hspi->ErrorCode != HAL_SPI_ERROR_NONE)
2718:Drivers/STM32F2xx_HAL_Driver/Src/stm32f2xx_hal_spi.c ****     {
2719:Drivers/STM32F2xx_HAL_Driver/Src/stm32f2xx_hal_spi.c ****       /* Call user error callback */
2720:Drivers/STM32F2xx_HAL_Driver/Src/stm32f2xx_hal_spi.c **** #if (USE_HAL_SPI_REGISTER_CALLBACKS == 1U)
2721:Drivers/STM32F2xx_HAL_Driver/Src/stm32f2xx_hal_spi.c ****       hspi->ErrorCallback(hspi);
2722:Drivers/STM32F2xx_HAL_Driver/Src/stm32f2xx_hal_spi.c **** #else
2723:Drivers/STM32F2xx_HAL_Driver/Src/stm32f2xx_hal_spi.c ****       HAL_SPI_ErrorCallback(hspi);
2724:Drivers/STM32F2xx_HAL_Driver/Src/stm32f2xx_hal_spi.c **** #endif /* USE_HAL_SPI_REGISTER_CALLBACKS */
2725:Drivers/STM32F2xx_HAL_Driver/Src/stm32f2xx_hal_spi.c ****       return;
2726:Drivers/STM32F2xx_HAL_Driver/Src/stm32f2xx_hal_spi.c ****     }
2727:Drivers/STM32F2xx_HAL_Driver/Src/stm32f2xx_hal_spi.c ****   }
2728:Drivers/STM32F2xx_HAL_Driver/Src/stm32f2xx_hal_spi.c ****   /* Call user Tx complete callback */
2729:Drivers/STM32F2xx_HAL_Driver/Src/stm32f2xx_hal_spi.c **** #if (USE_HAL_SPI_REGISTER_CALLBACKS == 1U)
2730:Drivers/STM32F2xx_HAL_Driver/Src/stm32f2xx_hal_spi.c ****   hspi->TxCpltCallback(hspi);
2731:Drivers/STM32F2xx_HAL_Driver/Src/stm32f2xx_hal_spi.c **** #else
2732:Drivers/STM32F2xx_HAL_Driver/Src/stm32f2xx_hal_spi.c ****   HAL_SPI_TxCpltCallback(hspi);
2733:Drivers/STM32F2xx_HAL_Driver/Src/stm32f2xx_hal_spi.c **** #endif /* USE_HAL_SPI_REGISTER_CALLBACKS */
2734:Drivers/STM32F2xx_HAL_Driver/Src/stm32f2xx_hal_spi.c **** }
2735:Drivers/STM32F2xx_HAL_Driver/Src/stm32f2xx_hal_spi.c **** 
2736:Drivers/STM32F2xx_HAL_Driver/Src/stm32f2xx_hal_spi.c **** /**
2737:Drivers/STM32F2xx_HAL_Driver/Src/stm32f2xx_hal_spi.c ****   * @brief  DMA SPI receive process complete callback.
2738:Drivers/STM32F2xx_HAL_Driver/Src/stm32f2xx_hal_spi.c ****   * @param  hdma pointer to a DMA_HandleTypeDef structure that contains
2739:Drivers/STM32F2xx_HAL_Driver/Src/stm32f2xx_hal_spi.c ****   *               the configuration information for the specified DMA module.
2740:Drivers/STM32F2xx_HAL_Driver/Src/stm32f2xx_hal_spi.c ****   * @retval None
2741:Drivers/STM32F2xx_HAL_Driver/Src/stm32f2xx_hal_spi.c ****   */
2742:Drivers/STM32F2xx_HAL_Driver/Src/stm32f2xx_hal_spi.c **** static void SPI_DMAReceiveCplt(DMA_HandleTypeDef *hdma)
2743:Drivers/STM32F2xx_HAL_Driver/Src/stm32f2xx_hal_spi.c **** {
2744:Drivers/STM32F2xx_HAL_Driver/Src/stm32f2xx_hal_spi.c ****   SPI_HandleTypeDef *hspi = (SPI_HandleTypeDef *)(((DMA_HandleTypeDef *)hdma)->Parent);
2745:Drivers/STM32F2xx_HAL_Driver/Src/stm32f2xx_hal_spi.c ****   uint32_t tickstart;
2746:Drivers/STM32F2xx_HAL_Driver/Src/stm32f2xx_hal_spi.c **** #if (USE_SPI_CRC != 0U)
2747:Drivers/STM32F2xx_HAL_Driver/Src/stm32f2xx_hal_spi.c ****   __IO uint32_t tmpreg = 0U;
2748:Drivers/STM32F2xx_HAL_Driver/Src/stm32f2xx_hal_spi.c **** #endif /* USE_SPI_CRC */
2749:Drivers/STM32F2xx_HAL_Driver/Src/stm32f2xx_hal_spi.c **** 
2750:Drivers/STM32F2xx_HAL_Driver/Src/stm32f2xx_hal_spi.c ****   /* Init tickstart for timeout management*/
2751:Drivers/STM32F2xx_HAL_Driver/Src/stm32f2xx_hal_spi.c ****   tickstart = HAL_GetTick();
2752:Drivers/STM32F2xx_HAL_Driver/Src/stm32f2xx_hal_spi.c **** 
2753:Drivers/STM32F2xx_HAL_Driver/Src/stm32f2xx_hal_spi.c ****   /* DMA Normal Mode */
2754:Drivers/STM32F2xx_HAL_Driver/Src/stm32f2xx_hal_spi.c ****   if ((hdma->Instance->CR & DMA_SxCR_CIRC) != DMA_SxCR_CIRC)
2755:Drivers/STM32F2xx_HAL_Driver/Src/stm32f2xx_hal_spi.c ****   {
2756:Drivers/STM32F2xx_HAL_Driver/Src/stm32f2xx_hal_spi.c ****     /* Disable ERR interrupt */
2757:Drivers/STM32F2xx_HAL_Driver/Src/stm32f2xx_hal_spi.c ****     __HAL_SPI_DISABLE_IT(hspi, SPI_IT_ERR);
2758:Drivers/STM32F2xx_HAL_Driver/Src/stm32f2xx_hal_spi.c **** 
2759:Drivers/STM32F2xx_HAL_Driver/Src/stm32f2xx_hal_spi.c **** #if (USE_SPI_CRC != 0U)
2760:Drivers/STM32F2xx_HAL_Driver/Src/stm32f2xx_hal_spi.c ****     /* CRC handling */
2761:Drivers/STM32F2xx_HAL_Driver/Src/stm32f2xx_hal_spi.c ****     if (hspi->Init.CRCCalculation == SPI_CRCCALCULATION_ENABLE)
2762:Drivers/STM32F2xx_HAL_Driver/Src/stm32f2xx_hal_spi.c ****     {
2763:Drivers/STM32F2xx_HAL_Driver/Src/stm32f2xx_hal_spi.c ****       /* Wait until RXNE flag */
2764:Drivers/STM32F2xx_HAL_Driver/Src/stm32f2xx_hal_spi.c ****       if (SPI_WaitFlagStateUntilTimeout(hspi, SPI_FLAG_RXNE, SET, SPI_DEFAULT_TIMEOUT, tickstart) !
2765:Drivers/STM32F2xx_HAL_Driver/Src/stm32f2xx_hal_spi.c ****       {
2766:Drivers/STM32F2xx_HAL_Driver/Src/stm32f2xx_hal_spi.c ****         /* Error on the CRC reception */
2767:Drivers/STM32F2xx_HAL_Driver/Src/stm32f2xx_hal_spi.c ****         SET_BIT(hspi->ErrorCode, HAL_SPI_ERROR_CRC);
2768:Drivers/STM32F2xx_HAL_Driver/Src/stm32f2xx_hal_spi.c ****       }
ARM GAS  /var/folders/8x/_y6g3dfs0698dfd49y4vcg_w0000gn/T//ccpNuCLH.s 			page 50


2769:Drivers/STM32F2xx_HAL_Driver/Src/stm32f2xx_hal_spi.c ****       /* Read CRC */
2770:Drivers/STM32F2xx_HAL_Driver/Src/stm32f2xx_hal_spi.c ****       tmpreg = READ_REG(hspi->Instance->DR);
2771:Drivers/STM32F2xx_HAL_Driver/Src/stm32f2xx_hal_spi.c ****       /* To avoid GCC warning */
2772:Drivers/STM32F2xx_HAL_Driver/Src/stm32f2xx_hal_spi.c ****       UNUSED(tmpreg);
2773:Drivers/STM32F2xx_HAL_Driver/Src/stm32f2xx_hal_spi.c ****     }
2774:Drivers/STM32F2xx_HAL_Driver/Src/stm32f2xx_hal_spi.c **** #endif /* USE_SPI_CRC */
2775:Drivers/STM32F2xx_HAL_Driver/Src/stm32f2xx_hal_spi.c **** 
2776:Drivers/STM32F2xx_HAL_Driver/Src/stm32f2xx_hal_spi.c ****     /* Check if we are in Master RX 2 line mode */
2777:Drivers/STM32F2xx_HAL_Driver/Src/stm32f2xx_hal_spi.c ****     if ((hspi->Init.Direction == SPI_DIRECTION_2LINES) && (hspi->Init.Mode == SPI_MODE_MASTER))
2778:Drivers/STM32F2xx_HAL_Driver/Src/stm32f2xx_hal_spi.c ****     {
2779:Drivers/STM32F2xx_HAL_Driver/Src/stm32f2xx_hal_spi.c ****       /* Disable Rx/Tx DMA Request (done by default to handle the case master rx direction 2 lines)
2780:Drivers/STM32F2xx_HAL_Driver/Src/stm32f2xx_hal_spi.c ****       CLEAR_BIT(hspi->Instance->CR2, SPI_CR2_TXDMAEN | SPI_CR2_RXDMAEN);
2781:Drivers/STM32F2xx_HAL_Driver/Src/stm32f2xx_hal_spi.c ****     }
2782:Drivers/STM32F2xx_HAL_Driver/Src/stm32f2xx_hal_spi.c ****     else
2783:Drivers/STM32F2xx_HAL_Driver/Src/stm32f2xx_hal_spi.c ****     {
2784:Drivers/STM32F2xx_HAL_Driver/Src/stm32f2xx_hal_spi.c ****       /* Normal case */
2785:Drivers/STM32F2xx_HAL_Driver/Src/stm32f2xx_hal_spi.c ****       CLEAR_BIT(hspi->Instance->CR2, SPI_CR2_RXDMAEN);
2786:Drivers/STM32F2xx_HAL_Driver/Src/stm32f2xx_hal_spi.c ****     }
2787:Drivers/STM32F2xx_HAL_Driver/Src/stm32f2xx_hal_spi.c **** 
2788:Drivers/STM32F2xx_HAL_Driver/Src/stm32f2xx_hal_spi.c ****     /* Check the end of the transaction */
2789:Drivers/STM32F2xx_HAL_Driver/Src/stm32f2xx_hal_spi.c ****     if (SPI_EndRxTransaction(hspi, SPI_DEFAULT_TIMEOUT, tickstart) != HAL_OK)
2790:Drivers/STM32F2xx_HAL_Driver/Src/stm32f2xx_hal_spi.c ****     {
2791:Drivers/STM32F2xx_HAL_Driver/Src/stm32f2xx_hal_spi.c ****       hspi->ErrorCode = HAL_SPI_ERROR_FLAG;
2792:Drivers/STM32F2xx_HAL_Driver/Src/stm32f2xx_hal_spi.c ****     }
2793:Drivers/STM32F2xx_HAL_Driver/Src/stm32f2xx_hal_spi.c **** 
2794:Drivers/STM32F2xx_HAL_Driver/Src/stm32f2xx_hal_spi.c ****     hspi->RxXferCount = 0U;
2795:Drivers/STM32F2xx_HAL_Driver/Src/stm32f2xx_hal_spi.c ****     hspi->State = HAL_SPI_STATE_READY;
2796:Drivers/STM32F2xx_HAL_Driver/Src/stm32f2xx_hal_spi.c **** 
2797:Drivers/STM32F2xx_HAL_Driver/Src/stm32f2xx_hal_spi.c **** #if (USE_SPI_CRC != 0U)
2798:Drivers/STM32F2xx_HAL_Driver/Src/stm32f2xx_hal_spi.c ****     /* Check if CRC error occurred */
2799:Drivers/STM32F2xx_HAL_Driver/Src/stm32f2xx_hal_spi.c ****     if (__HAL_SPI_GET_FLAG(hspi, SPI_FLAG_CRCERR))
2800:Drivers/STM32F2xx_HAL_Driver/Src/stm32f2xx_hal_spi.c ****     {
2801:Drivers/STM32F2xx_HAL_Driver/Src/stm32f2xx_hal_spi.c ****       SET_BIT(hspi->ErrorCode, HAL_SPI_ERROR_CRC);
2802:Drivers/STM32F2xx_HAL_Driver/Src/stm32f2xx_hal_spi.c ****       __HAL_SPI_CLEAR_CRCERRFLAG(hspi);
2803:Drivers/STM32F2xx_HAL_Driver/Src/stm32f2xx_hal_spi.c ****     }
2804:Drivers/STM32F2xx_HAL_Driver/Src/stm32f2xx_hal_spi.c **** #endif /* USE_SPI_CRC */
2805:Drivers/STM32F2xx_HAL_Driver/Src/stm32f2xx_hal_spi.c **** 
2806:Drivers/STM32F2xx_HAL_Driver/Src/stm32f2xx_hal_spi.c ****     if (hspi->ErrorCode != HAL_SPI_ERROR_NONE)
2807:Drivers/STM32F2xx_HAL_Driver/Src/stm32f2xx_hal_spi.c ****     {
2808:Drivers/STM32F2xx_HAL_Driver/Src/stm32f2xx_hal_spi.c ****       /* Call user error callback */
2809:Drivers/STM32F2xx_HAL_Driver/Src/stm32f2xx_hal_spi.c **** #if (USE_HAL_SPI_REGISTER_CALLBACKS == 1U)
2810:Drivers/STM32F2xx_HAL_Driver/Src/stm32f2xx_hal_spi.c ****       hspi->ErrorCallback(hspi);
2811:Drivers/STM32F2xx_HAL_Driver/Src/stm32f2xx_hal_spi.c **** #else
2812:Drivers/STM32F2xx_HAL_Driver/Src/stm32f2xx_hal_spi.c ****       HAL_SPI_ErrorCallback(hspi);
2813:Drivers/STM32F2xx_HAL_Driver/Src/stm32f2xx_hal_spi.c **** #endif /* USE_HAL_SPI_REGISTER_CALLBACKS */
2814:Drivers/STM32F2xx_HAL_Driver/Src/stm32f2xx_hal_spi.c ****       return;
2815:Drivers/STM32F2xx_HAL_Driver/Src/stm32f2xx_hal_spi.c ****     }
2816:Drivers/STM32F2xx_HAL_Driver/Src/stm32f2xx_hal_spi.c ****   }
2817:Drivers/STM32F2xx_HAL_Driver/Src/stm32f2xx_hal_spi.c ****   /* Call user Rx complete callback */
2818:Drivers/STM32F2xx_HAL_Driver/Src/stm32f2xx_hal_spi.c **** #if (USE_HAL_SPI_REGISTER_CALLBACKS == 1U)
2819:Drivers/STM32F2xx_HAL_Driver/Src/stm32f2xx_hal_spi.c ****   hspi->RxCpltCallback(hspi);
2820:Drivers/STM32F2xx_HAL_Driver/Src/stm32f2xx_hal_spi.c **** #else
2821:Drivers/STM32F2xx_HAL_Driver/Src/stm32f2xx_hal_spi.c ****   HAL_SPI_RxCpltCallback(hspi);
2822:Drivers/STM32F2xx_HAL_Driver/Src/stm32f2xx_hal_spi.c **** #endif /* USE_HAL_SPI_REGISTER_CALLBACKS */
2823:Drivers/STM32F2xx_HAL_Driver/Src/stm32f2xx_hal_spi.c **** }
2824:Drivers/STM32F2xx_HAL_Driver/Src/stm32f2xx_hal_spi.c **** 
2825:Drivers/STM32F2xx_HAL_Driver/Src/stm32f2xx_hal_spi.c **** /**
ARM GAS  /var/folders/8x/_y6g3dfs0698dfd49y4vcg_w0000gn/T//ccpNuCLH.s 			page 51


2826:Drivers/STM32F2xx_HAL_Driver/Src/stm32f2xx_hal_spi.c ****   * @brief  DMA SPI transmit receive process complete callback.
2827:Drivers/STM32F2xx_HAL_Driver/Src/stm32f2xx_hal_spi.c ****   * @param  hdma pointer to a DMA_HandleTypeDef structure that contains
2828:Drivers/STM32F2xx_HAL_Driver/Src/stm32f2xx_hal_spi.c ****   *               the configuration information for the specified DMA module.
2829:Drivers/STM32F2xx_HAL_Driver/Src/stm32f2xx_hal_spi.c ****   * @retval None
2830:Drivers/STM32F2xx_HAL_Driver/Src/stm32f2xx_hal_spi.c ****   */
2831:Drivers/STM32F2xx_HAL_Driver/Src/stm32f2xx_hal_spi.c **** static void SPI_DMATransmitReceiveCplt(DMA_HandleTypeDef *hdma)
2832:Drivers/STM32F2xx_HAL_Driver/Src/stm32f2xx_hal_spi.c **** {
2833:Drivers/STM32F2xx_HAL_Driver/Src/stm32f2xx_hal_spi.c ****   SPI_HandleTypeDef *hspi = (SPI_HandleTypeDef *)(((DMA_HandleTypeDef *)hdma)->Parent);
2834:Drivers/STM32F2xx_HAL_Driver/Src/stm32f2xx_hal_spi.c ****   uint32_t tickstart;
2835:Drivers/STM32F2xx_HAL_Driver/Src/stm32f2xx_hal_spi.c **** #if (USE_SPI_CRC != 0U)
2836:Drivers/STM32F2xx_HAL_Driver/Src/stm32f2xx_hal_spi.c ****   __IO uint32_t tmpreg = 0U;
2837:Drivers/STM32F2xx_HAL_Driver/Src/stm32f2xx_hal_spi.c **** #endif /* USE_SPI_CRC */
2838:Drivers/STM32F2xx_HAL_Driver/Src/stm32f2xx_hal_spi.c **** 
2839:Drivers/STM32F2xx_HAL_Driver/Src/stm32f2xx_hal_spi.c ****   /* Init tickstart for timeout management*/
2840:Drivers/STM32F2xx_HAL_Driver/Src/stm32f2xx_hal_spi.c ****   tickstart = HAL_GetTick();
2841:Drivers/STM32F2xx_HAL_Driver/Src/stm32f2xx_hal_spi.c **** 
2842:Drivers/STM32F2xx_HAL_Driver/Src/stm32f2xx_hal_spi.c ****   /* DMA Normal Mode */
2843:Drivers/STM32F2xx_HAL_Driver/Src/stm32f2xx_hal_spi.c ****   if ((hdma->Instance->CR & DMA_SxCR_CIRC) != DMA_SxCR_CIRC)
2844:Drivers/STM32F2xx_HAL_Driver/Src/stm32f2xx_hal_spi.c ****   {
2845:Drivers/STM32F2xx_HAL_Driver/Src/stm32f2xx_hal_spi.c ****     /* Disable ERR interrupt */
2846:Drivers/STM32F2xx_HAL_Driver/Src/stm32f2xx_hal_spi.c ****     __HAL_SPI_DISABLE_IT(hspi, SPI_IT_ERR);
2847:Drivers/STM32F2xx_HAL_Driver/Src/stm32f2xx_hal_spi.c **** 
2848:Drivers/STM32F2xx_HAL_Driver/Src/stm32f2xx_hal_spi.c **** #if (USE_SPI_CRC != 0U)
2849:Drivers/STM32F2xx_HAL_Driver/Src/stm32f2xx_hal_spi.c ****     /* CRC handling */
2850:Drivers/STM32F2xx_HAL_Driver/Src/stm32f2xx_hal_spi.c ****     if (hspi->Init.CRCCalculation == SPI_CRCCALCULATION_ENABLE)
2851:Drivers/STM32F2xx_HAL_Driver/Src/stm32f2xx_hal_spi.c ****     {
2852:Drivers/STM32F2xx_HAL_Driver/Src/stm32f2xx_hal_spi.c ****       /* Wait the CRC data */
2853:Drivers/STM32F2xx_HAL_Driver/Src/stm32f2xx_hal_spi.c ****       if (SPI_WaitFlagStateUntilTimeout(hspi, SPI_FLAG_RXNE, SET, SPI_DEFAULT_TIMEOUT, tickstart) !
2854:Drivers/STM32F2xx_HAL_Driver/Src/stm32f2xx_hal_spi.c ****       {
2855:Drivers/STM32F2xx_HAL_Driver/Src/stm32f2xx_hal_spi.c ****         SET_BIT(hspi->ErrorCode, HAL_SPI_ERROR_CRC);
2856:Drivers/STM32F2xx_HAL_Driver/Src/stm32f2xx_hal_spi.c ****       }
2857:Drivers/STM32F2xx_HAL_Driver/Src/stm32f2xx_hal_spi.c ****       /* Read CRC to Flush DR and RXNE flag */
2858:Drivers/STM32F2xx_HAL_Driver/Src/stm32f2xx_hal_spi.c ****       tmpreg = READ_REG(hspi->Instance->DR);
2859:Drivers/STM32F2xx_HAL_Driver/Src/stm32f2xx_hal_spi.c ****       /* To avoid GCC warning */
2860:Drivers/STM32F2xx_HAL_Driver/Src/stm32f2xx_hal_spi.c ****       UNUSED(tmpreg);
2861:Drivers/STM32F2xx_HAL_Driver/Src/stm32f2xx_hal_spi.c ****     }
2862:Drivers/STM32F2xx_HAL_Driver/Src/stm32f2xx_hal_spi.c **** #endif /* USE_SPI_CRC */
2863:Drivers/STM32F2xx_HAL_Driver/Src/stm32f2xx_hal_spi.c **** 
2864:Drivers/STM32F2xx_HAL_Driver/Src/stm32f2xx_hal_spi.c ****     /* Check the end of the transaction */
2865:Drivers/STM32F2xx_HAL_Driver/Src/stm32f2xx_hal_spi.c ****     if (SPI_EndRxTxTransaction(hspi, SPI_DEFAULT_TIMEOUT, tickstart) != HAL_OK)
2866:Drivers/STM32F2xx_HAL_Driver/Src/stm32f2xx_hal_spi.c ****     {
2867:Drivers/STM32F2xx_HAL_Driver/Src/stm32f2xx_hal_spi.c ****       SET_BIT(hspi->ErrorCode, HAL_SPI_ERROR_FLAG);
2868:Drivers/STM32F2xx_HAL_Driver/Src/stm32f2xx_hal_spi.c ****     }
2869:Drivers/STM32F2xx_HAL_Driver/Src/stm32f2xx_hal_spi.c **** 
2870:Drivers/STM32F2xx_HAL_Driver/Src/stm32f2xx_hal_spi.c ****     /* Disable Rx/Tx DMA Request */
2871:Drivers/STM32F2xx_HAL_Driver/Src/stm32f2xx_hal_spi.c ****     CLEAR_BIT(hspi->Instance->CR2, SPI_CR2_TXDMAEN | SPI_CR2_RXDMAEN);
2872:Drivers/STM32F2xx_HAL_Driver/Src/stm32f2xx_hal_spi.c **** 
2873:Drivers/STM32F2xx_HAL_Driver/Src/stm32f2xx_hal_spi.c ****     hspi->TxXferCount = 0U;
2874:Drivers/STM32F2xx_HAL_Driver/Src/stm32f2xx_hal_spi.c ****     hspi->RxXferCount = 0U;
2875:Drivers/STM32F2xx_HAL_Driver/Src/stm32f2xx_hal_spi.c ****     hspi->State = HAL_SPI_STATE_READY;
2876:Drivers/STM32F2xx_HAL_Driver/Src/stm32f2xx_hal_spi.c **** 
2877:Drivers/STM32F2xx_HAL_Driver/Src/stm32f2xx_hal_spi.c **** #if (USE_SPI_CRC != 0U)
2878:Drivers/STM32F2xx_HAL_Driver/Src/stm32f2xx_hal_spi.c ****     /* Check if CRC error occurred */
2879:Drivers/STM32F2xx_HAL_Driver/Src/stm32f2xx_hal_spi.c ****     if (__HAL_SPI_GET_FLAG(hspi, SPI_FLAG_CRCERR))
2880:Drivers/STM32F2xx_HAL_Driver/Src/stm32f2xx_hal_spi.c ****     {
2881:Drivers/STM32F2xx_HAL_Driver/Src/stm32f2xx_hal_spi.c ****       SET_BIT(hspi->ErrorCode, HAL_SPI_ERROR_CRC);
2882:Drivers/STM32F2xx_HAL_Driver/Src/stm32f2xx_hal_spi.c ****       __HAL_SPI_CLEAR_CRCERRFLAG(hspi);
ARM GAS  /var/folders/8x/_y6g3dfs0698dfd49y4vcg_w0000gn/T//ccpNuCLH.s 			page 52


2883:Drivers/STM32F2xx_HAL_Driver/Src/stm32f2xx_hal_spi.c ****     }
2884:Drivers/STM32F2xx_HAL_Driver/Src/stm32f2xx_hal_spi.c **** #endif /* USE_SPI_CRC */
2885:Drivers/STM32F2xx_HAL_Driver/Src/stm32f2xx_hal_spi.c **** 
2886:Drivers/STM32F2xx_HAL_Driver/Src/stm32f2xx_hal_spi.c ****     if (hspi->ErrorCode != HAL_SPI_ERROR_NONE)
2887:Drivers/STM32F2xx_HAL_Driver/Src/stm32f2xx_hal_spi.c ****     {
2888:Drivers/STM32F2xx_HAL_Driver/Src/stm32f2xx_hal_spi.c ****       /* Call user error callback */
2889:Drivers/STM32F2xx_HAL_Driver/Src/stm32f2xx_hal_spi.c **** #if (USE_HAL_SPI_REGISTER_CALLBACKS == 1U)
2890:Drivers/STM32F2xx_HAL_Driver/Src/stm32f2xx_hal_spi.c ****       hspi->ErrorCallback(hspi);
2891:Drivers/STM32F2xx_HAL_Driver/Src/stm32f2xx_hal_spi.c **** #else
2892:Drivers/STM32F2xx_HAL_Driver/Src/stm32f2xx_hal_spi.c ****       HAL_SPI_ErrorCallback(hspi);
2893:Drivers/STM32F2xx_HAL_Driver/Src/stm32f2xx_hal_spi.c **** #endif /* USE_HAL_SPI_REGISTER_CALLBACKS */
2894:Drivers/STM32F2xx_HAL_Driver/Src/stm32f2xx_hal_spi.c ****       return;
2895:Drivers/STM32F2xx_HAL_Driver/Src/stm32f2xx_hal_spi.c ****     }
2896:Drivers/STM32F2xx_HAL_Driver/Src/stm32f2xx_hal_spi.c ****   }
2897:Drivers/STM32F2xx_HAL_Driver/Src/stm32f2xx_hal_spi.c ****   /* Call user TxRx complete callback */
2898:Drivers/STM32F2xx_HAL_Driver/Src/stm32f2xx_hal_spi.c **** #if (USE_HAL_SPI_REGISTER_CALLBACKS == 1U)
2899:Drivers/STM32F2xx_HAL_Driver/Src/stm32f2xx_hal_spi.c ****   hspi->TxRxCpltCallback(hspi);
2900:Drivers/STM32F2xx_HAL_Driver/Src/stm32f2xx_hal_spi.c **** #else
2901:Drivers/STM32F2xx_HAL_Driver/Src/stm32f2xx_hal_spi.c ****   HAL_SPI_TxRxCpltCallback(hspi);
2902:Drivers/STM32F2xx_HAL_Driver/Src/stm32f2xx_hal_spi.c **** #endif /* USE_HAL_SPI_REGISTER_CALLBACKS */
2903:Drivers/STM32F2xx_HAL_Driver/Src/stm32f2xx_hal_spi.c **** }
2904:Drivers/STM32F2xx_HAL_Driver/Src/stm32f2xx_hal_spi.c **** 
2905:Drivers/STM32F2xx_HAL_Driver/Src/stm32f2xx_hal_spi.c **** /**
2906:Drivers/STM32F2xx_HAL_Driver/Src/stm32f2xx_hal_spi.c ****   * @brief  DMA SPI half transmit process complete callback.
2907:Drivers/STM32F2xx_HAL_Driver/Src/stm32f2xx_hal_spi.c ****   * @param  hdma pointer to a DMA_HandleTypeDef structure that contains
2908:Drivers/STM32F2xx_HAL_Driver/Src/stm32f2xx_hal_spi.c ****   *               the configuration information for the specified DMA module.
2909:Drivers/STM32F2xx_HAL_Driver/Src/stm32f2xx_hal_spi.c ****   * @retval None
2910:Drivers/STM32F2xx_HAL_Driver/Src/stm32f2xx_hal_spi.c ****   */
2911:Drivers/STM32F2xx_HAL_Driver/Src/stm32f2xx_hal_spi.c **** static void SPI_DMAHalfTransmitCplt(DMA_HandleTypeDef *hdma)
2912:Drivers/STM32F2xx_HAL_Driver/Src/stm32f2xx_hal_spi.c **** {
2913:Drivers/STM32F2xx_HAL_Driver/Src/stm32f2xx_hal_spi.c ****   SPI_HandleTypeDef *hspi = (SPI_HandleTypeDef *)(((DMA_HandleTypeDef *)hdma)->Parent);
2914:Drivers/STM32F2xx_HAL_Driver/Src/stm32f2xx_hal_spi.c **** 
2915:Drivers/STM32F2xx_HAL_Driver/Src/stm32f2xx_hal_spi.c ****   /* Call user Tx half complete callback */
2916:Drivers/STM32F2xx_HAL_Driver/Src/stm32f2xx_hal_spi.c **** #if (USE_HAL_SPI_REGISTER_CALLBACKS == 1U)
2917:Drivers/STM32F2xx_HAL_Driver/Src/stm32f2xx_hal_spi.c ****   hspi->TxHalfCpltCallback(hspi);
2918:Drivers/STM32F2xx_HAL_Driver/Src/stm32f2xx_hal_spi.c **** #else
2919:Drivers/STM32F2xx_HAL_Driver/Src/stm32f2xx_hal_spi.c ****   HAL_SPI_TxHalfCpltCallback(hspi);
2920:Drivers/STM32F2xx_HAL_Driver/Src/stm32f2xx_hal_spi.c **** #endif /* USE_HAL_SPI_REGISTER_CALLBACKS */
2921:Drivers/STM32F2xx_HAL_Driver/Src/stm32f2xx_hal_spi.c **** }
2922:Drivers/STM32F2xx_HAL_Driver/Src/stm32f2xx_hal_spi.c **** 
2923:Drivers/STM32F2xx_HAL_Driver/Src/stm32f2xx_hal_spi.c **** /**
2924:Drivers/STM32F2xx_HAL_Driver/Src/stm32f2xx_hal_spi.c ****   * @brief  DMA SPI half receive process complete callback
2925:Drivers/STM32F2xx_HAL_Driver/Src/stm32f2xx_hal_spi.c ****   * @param  hdma pointer to a DMA_HandleTypeDef structure that contains
2926:Drivers/STM32F2xx_HAL_Driver/Src/stm32f2xx_hal_spi.c ****   *               the configuration information for the specified DMA module.
2927:Drivers/STM32F2xx_HAL_Driver/Src/stm32f2xx_hal_spi.c ****   * @retval None
2928:Drivers/STM32F2xx_HAL_Driver/Src/stm32f2xx_hal_spi.c ****   */
2929:Drivers/STM32F2xx_HAL_Driver/Src/stm32f2xx_hal_spi.c **** static void SPI_DMAHalfReceiveCplt(DMA_HandleTypeDef *hdma)
2930:Drivers/STM32F2xx_HAL_Driver/Src/stm32f2xx_hal_spi.c **** {
2931:Drivers/STM32F2xx_HAL_Driver/Src/stm32f2xx_hal_spi.c ****   SPI_HandleTypeDef *hspi = (SPI_HandleTypeDef *)(((DMA_HandleTypeDef *)hdma)->Parent);
2932:Drivers/STM32F2xx_HAL_Driver/Src/stm32f2xx_hal_spi.c **** 
2933:Drivers/STM32F2xx_HAL_Driver/Src/stm32f2xx_hal_spi.c ****   /* Call user Rx half complete callback */
2934:Drivers/STM32F2xx_HAL_Driver/Src/stm32f2xx_hal_spi.c **** #if (USE_HAL_SPI_REGISTER_CALLBACKS == 1U)
2935:Drivers/STM32F2xx_HAL_Driver/Src/stm32f2xx_hal_spi.c ****   hspi->RxHalfCpltCallback(hspi);
2936:Drivers/STM32F2xx_HAL_Driver/Src/stm32f2xx_hal_spi.c **** #else
2937:Drivers/STM32F2xx_HAL_Driver/Src/stm32f2xx_hal_spi.c ****   HAL_SPI_RxHalfCpltCallback(hspi);
2938:Drivers/STM32F2xx_HAL_Driver/Src/stm32f2xx_hal_spi.c **** #endif /* USE_HAL_SPI_REGISTER_CALLBACKS */
2939:Drivers/STM32F2xx_HAL_Driver/Src/stm32f2xx_hal_spi.c **** }
ARM GAS  /var/folders/8x/_y6g3dfs0698dfd49y4vcg_w0000gn/T//ccpNuCLH.s 			page 53


2940:Drivers/STM32F2xx_HAL_Driver/Src/stm32f2xx_hal_spi.c **** 
2941:Drivers/STM32F2xx_HAL_Driver/Src/stm32f2xx_hal_spi.c **** /**
2942:Drivers/STM32F2xx_HAL_Driver/Src/stm32f2xx_hal_spi.c ****   * @brief  DMA SPI half transmit receive process complete callback.
2943:Drivers/STM32F2xx_HAL_Driver/Src/stm32f2xx_hal_spi.c ****   * @param  hdma pointer to a DMA_HandleTypeDef structure that contains
2944:Drivers/STM32F2xx_HAL_Driver/Src/stm32f2xx_hal_spi.c ****   *               the configuration information for the specified DMA module.
2945:Drivers/STM32F2xx_HAL_Driver/Src/stm32f2xx_hal_spi.c ****   * @retval None
2946:Drivers/STM32F2xx_HAL_Driver/Src/stm32f2xx_hal_spi.c ****   */
2947:Drivers/STM32F2xx_HAL_Driver/Src/stm32f2xx_hal_spi.c **** static void SPI_DMAHalfTransmitReceiveCplt(DMA_HandleTypeDef *hdma)
2948:Drivers/STM32F2xx_HAL_Driver/Src/stm32f2xx_hal_spi.c **** {
2949:Drivers/STM32F2xx_HAL_Driver/Src/stm32f2xx_hal_spi.c ****   SPI_HandleTypeDef *hspi = (SPI_HandleTypeDef *)(((DMA_HandleTypeDef *)hdma)->Parent);
2950:Drivers/STM32F2xx_HAL_Driver/Src/stm32f2xx_hal_spi.c **** 
2951:Drivers/STM32F2xx_HAL_Driver/Src/stm32f2xx_hal_spi.c ****   /* Call user TxRx half complete callback */
2952:Drivers/STM32F2xx_HAL_Driver/Src/stm32f2xx_hal_spi.c **** #if (USE_HAL_SPI_REGISTER_CALLBACKS == 1U)
2953:Drivers/STM32F2xx_HAL_Driver/Src/stm32f2xx_hal_spi.c ****   hspi->TxRxHalfCpltCallback(hspi);
2954:Drivers/STM32F2xx_HAL_Driver/Src/stm32f2xx_hal_spi.c **** #else
2955:Drivers/STM32F2xx_HAL_Driver/Src/stm32f2xx_hal_spi.c ****   HAL_SPI_TxRxHalfCpltCallback(hspi);
2956:Drivers/STM32F2xx_HAL_Driver/Src/stm32f2xx_hal_spi.c **** #endif /* USE_HAL_SPI_REGISTER_CALLBACKS */
2957:Drivers/STM32F2xx_HAL_Driver/Src/stm32f2xx_hal_spi.c **** }
2958:Drivers/STM32F2xx_HAL_Driver/Src/stm32f2xx_hal_spi.c **** 
2959:Drivers/STM32F2xx_HAL_Driver/Src/stm32f2xx_hal_spi.c **** /**
2960:Drivers/STM32F2xx_HAL_Driver/Src/stm32f2xx_hal_spi.c ****   * @brief  DMA SPI communication error callback.
2961:Drivers/STM32F2xx_HAL_Driver/Src/stm32f2xx_hal_spi.c ****   * @param  hdma pointer to a DMA_HandleTypeDef structure that contains
2962:Drivers/STM32F2xx_HAL_Driver/Src/stm32f2xx_hal_spi.c ****   *               the configuration information for the specified DMA module.
2963:Drivers/STM32F2xx_HAL_Driver/Src/stm32f2xx_hal_spi.c ****   * @retval None
2964:Drivers/STM32F2xx_HAL_Driver/Src/stm32f2xx_hal_spi.c ****   */
2965:Drivers/STM32F2xx_HAL_Driver/Src/stm32f2xx_hal_spi.c **** static void SPI_DMAError(DMA_HandleTypeDef *hdma)
2966:Drivers/STM32F2xx_HAL_Driver/Src/stm32f2xx_hal_spi.c **** {
2967:Drivers/STM32F2xx_HAL_Driver/Src/stm32f2xx_hal_spi.c ****   SPI_HandleTypeDef *hspi = (SPI_HandleTypeDef *)(((DMA_HandleTypeDef *)hdma)->Parent);
2968:Drivers/STM32F2xx_HAL_Driver/Src/stm32f2xx_hal_spi.c **** 
2969:Drivers/STM32F2xx_HAL_Driver/Src/stm32f2xx_hal_spi.c ****   /* Stop the disable DMA transfer on SPI side */
2970:Drivers/STM32F2xx_HAL_Driver/Src/stm32f2xx_hal_spi.c ****   CLEAR_BIT(hspi->Instance->CR2, SPI_CR2_TXDMAEN | SPI_CR2_RXDMAEN);
2971:Drivers/STM32F2xx_HAL_Driver/Src/stm32f2xx_hal_spi.c **** 
2972:Drivers/STM32F2xx_HAL_Driver/Src/stm32f2xx_hal_spi.c ****   SET_BIT(hspi->ErrorCode, HAL_SPI_ERROR_DMA);
2973:Drivers/STM32F2xx_HAL_Driver/Src/stm32f2xx_hal_spi.c ****   hspi->State = HAL_SPI_STATE_READY;
2974:Drivers/STM32F2xx_HAL_Driver/Src/stm32f2xx_hal_spi.c ****   /* Call user error callback */
2975:Drivers/STM32F2xx_HAL_Driver/Src/stm32f2xx_hal_spi.c **** #if (USE_HAL_SPI_REGISTER_CALLBACKS == 1U)
2976:Drivers/STM32F2xx_HAL_Driver/Src/stm32f2xx_hal_spi.c ****   hspi->ErrorCallback(hspi);
2977:Drivers/STM32F2xx_HAL_Driver/Src/stm32f2xx_hal_spi.c **** #else
2978:Drivers/STM32F2xx_HAL_Driver/Src/stm32f2xx_hal_spi.c ****   HAL_SPI_ErrorCallback(hspi);
2979:Drivers/STM32F2xx_HAL_Driver/Src/stm32f2xx_hal_spi.c **** #endif /* USE_HAL_SPI_REGISTER_CALLBACKS */
2980:Drivers/STM32F2xx_HAL_Driver/Src/stm32f2xx_hal_spi.c **** }
2981:Drivers/STM32F2xx_HAL_Driver/Src/stm32f2xx_hal_spi.c **** 
2982:Drivers/STM32F2xx_HAL_Driver/Src/stm32f2xx_hal_spi.c **** /**
2983:Drivers/STM32F2xx_HAL_Driver/Src/stm32f2xx_hal_spi.c ****   * @brief  DMA SPI communication abort callback, when initiated by HAL services on Error
2984:Drivers/STM32F2xx_HAL_Driver/Src/stm32f2xx_hal_spi.c ****   *         (To be called at end of DMA Abort procedure following error occurrence).
2985:Drivers/STM32F2xx_HAL_Driver/Src/stm32f2xx_hal_spi.c ****   * @param  hdma DMA handle.
2986:Drivers/STM32F2xx_HAL_Driver/Src/stm32f2xx_hal_spi.c ****   * @retval None
2987:Drivers/STM32F2xx_HAL_Driver/Src/stm32f2xx_hal_spi.c ****   */
2988:Drivers/STM32F2xx_HAL_Driver/Src/stm32f2xx_hal_spi.c **** static void SPI_DMAAbortOnError(DMA_HandleTypeDef *hdma)
2989:Drivers/STM32F2xx_HAL_Driver/Src/stm32f2xx_hal_spi.c **** {
2990:Drivers/STM32F2xx_HAL_Driver/Src/stm32f2xx_hal_spi.c ****   SPI_HandleTypeDef *hspi = (SPI_HandleTypeDef *)(((DMA_HandleTypeDef *)hdma)->Parent);
2991:Drivers/STM32F2xx_HAL_Driver/Src/stm32f2xx_hal_spi.c ****   hspi->RxXferCount = 0U;
2992:Drivers/STM32F2xx_HAL_Driver/Src/stm32f2xx_hal_spi.c ****   hspi->TxXferCount = 0U;
2993:Drivers/STM32F2xx_HAL_Driver/Src/stm32f2xx_hal_spi.c **** 
2994:Drivers/STM32F2xx_HAL_Driver/Src/stm32f2xx_hal_spi.c ****   /* Call user error callback */
2995:Drivers/STM32F2xx_HAL_Driver/Src/stm32f2xx_hal_spi.c **** #if (USE_HAL_SPI_REGISTER_CALLBACKS == 1U)
2996:Drivers/STM32F2xx_HAL_Driver/Src/stm32f2xx_hal_spi.c ****   hspi->ErrorCallback(hspi);
ARM GAS  /var/folders/8x/_y6g3dfs0698dfd49y4vcg_w0000gn/T//ccpNuCLH.s 			page 54


2997:Drivers/STM32F2xx_HAL_Driver/Src/stm32f2xx_hal_spi.c **** #else
2998:Drivers/STM32F2xx_HAL_Driver/Src/stm32f2xx_hal_spi.c ****   HAL_SPI_ErrorCallback(hspi);
2999:Drivers/STM32F2xx_HAL_Driver/Src/stm32f2xx_hal_spi.c **** #endif /* USE_HAL_SPI_REGISTER_CALLBACKS */
3000:Drivers/STM32F2xx_HAL_Driver/Src/stm32f2xx_hal_spi.c **** }
3001:Drivers/STM32F2xx_HAL_Driver/Src/stm32f2xx_hal_spi.c **** 
3002:Drivers/STM32F2xx_HAL_Driver/Src/stm32f2xx_hal_spi.c **** /**
3003:Drivers/STM32F2xx_HAL_Driver/Src/stm32f2xx_hal_spi.c ****   * @brief  DMA SPI Tx communication abort callback, when initiated by user
3004:Drivers/STM32F2xx_HAL_Driver/Src/stm32f2xx_hal_spi.c ****   *         (To be called at end of DMA Tx Abort procedure following user abort request).
3005:Drivers/STM32F2xx_HAL_Driver/Src/stm32f2xx_hal_spi.c ****   * @note   When this callback is executed, User Abort complete call back is called only if no
3006:Drivers/STM32F2xx_HAL_Driver/Src/stm32f2xx_hal_spi.c ****   *         Abort still ongoing for Rx DMA Handle.
3007:Drivers/STM32F2xx_HAL_Driver/Src/stm32f2xx_hal_spi.c ****   * @param  hdma DMA handle.
3008:Drivers/STM32F2xx_HAL_Driver/Src/stm32f2xx_hal_spi.c ****   * @retval None
3009:Drivers/STM32F2xx_HAL_Driver/Src/stm32f2xx_hal_spi.c ****   */
3010:Drivers/STM32F2xx_HAL_Driver/Src/stm32f2xx_hal_spi.c **** static void SPI_DMATxAbortCallback(DMA_HandleTypeDef *hdma)
3011:Drivers/STM32F2xx_HAL_Driver/Src/stm32f2xx_hal_spi.c **** {
3012:Drivers/STM32F2xx_HAL_Driver/Src/stm32f2xx_hal_spi.c ****   SPI_HandleTypeDef *hspi = (SPI_HandleTypeDef *)(((DMA_HandleTypeDef *)hdma)->Parent);
3013:Drivers/STM32F2xx_HAL_Driver/Src/stm32f2xx_hal_spi.c ****   __IO uint32_t count;
3014:Drivers/STM32F2xx_HAL_Driver/Src/stm32f2xx_hal_spi.c **** 
3015:Drivers/STM32F2xx_HAL_Driver/Src/stm32f2xx_hal_spi.c ****   hspi->hdmatx->XferAbortCallback = NULL;
3016:Drivers/STM32F2xx_HAL_Driver/Src/stm32f2xx_hal_spi.c ****   count = SPI_DEFAULT_TIMEOUT * (SystemCoreClock / 24U / 1000U);
3017:Drivers/STM32F2xx_HAL_Driver/Src/stm32f2xx_hal_spi.c **** 
3018:Drivers/STM32F2xx_HAL_Driver/Src/stm32f2xx_hal_spi.c ****   /* Disable Tx DMA Request */
3019:Drivers/STM32F2xx_HAL_Driver/Src/stm32f2xx_hal_spi.c ****   CLEAR_BIT(hspi->Instance->CR2, SPI_CR2_TXDMAEN);
3020:Drivers/STM32F2xx_HAL_Driver/Src/stm32f2xx_hal_spi.c **** 
3021:Drivers/STM32F2xx_HAL_Driver/Src/stm32f2xx_hal_spi.c ****   /* Wait until TXE flag is set */
3022:Drivers/STM32F2xx_HAL_Driver/Src/stm32f2xx_hal_spi.c ****   do
3023:Drivers/STM32F2xx_HAL_Driver/Src/stm32f2xx_hal_spi.c ****   {
3024:Drivers/STM32F2xx_HAL_Driver/Src/stm32f2xx_hal_spi.c ****     if (count == 0U)
3025:Drivers/STM32F2xx_HAL_Driver/Src/stm32f2xx_hal_spi.c ****     {
3026:Drivers/STM32F2xx_HAL_Driver/Src/stm32f2xx_hal_spi.c ****       SET_BIT(hspi->ErrorCode, HAL_SPI_ERROR_ABORT);
3027:Drivers/STM32F2xx_HAL_Driver/Src/stm32f2xx_hal_spi.c ****       break;
3028:Drivers/STM32F2xx_HAL_Driver/Src/stm32f2xx_hal_spi.c ****     }
3029:Drivers/STM32F2xx_HAL_Driver/Src/stm32f2xx_hal_spi.c ****     count--;
3030:Drivers/STM32F2xx_HAL_Driver/Src/stm32f2xx_hal_spi.c ****   } while ((hspi->Instance->SR & SPI_FLAG_TXE) == RESET);
3031:Drivers/STM32F2xx_HAL_Driver/Src/stm32f2xx_hal_spi.c **** 
3032:Drivers/STM32F2xx_HAL_Driver/Src/stm32f2xx_hal_spi.c ****   /* Check if an Abort process is still ongoing */
3033:Drivers/STM32F2xx_HAL_Driver/Src/stm32f2xx_hal_spi.c ****   if (hspi->hdmarx != NULL)
3034:Drivers/STM32F2xx_HAL_Driver/Src/stm32f2xx_hal_spi.c ****   {
3035:Drivers/STM32F2xx_HAL_Driver/Src/stm32f2xx_hal_spi.c ****     if (hspi->hdmarx->XferAbortCallback != NULL)
3036:Drivers/STM32F2xx_HAL_Driver/Src/stm32f2xx_hal_spi.c ****     {
3037:Drivers/STM32F2xx_HAL_Driver/Src/stm32f2xx_hal_spi.c ****       return;
3038:Drivers/STM32F2xx_HAL_Driver/Src/stm32f2xx_hal_spi.c ****     }
3039:Drivers/STM32F2xx_HAL_Driver/Src/stm32f2xx_hal_spi.c ****   }
3040:Drivers/STM32F2xx_HAL_Driver/Src/stm32f2xx_hal_spi.c **** 
3041:Drivers/STM32F2xx_HAL_Driver/Src/stm32f2xx_hal_spi.c ****   /* No Abort process still ongoing : All DMA Stream/Channel are aborted, call user Abort Complete 
3042:Drivers/STM32F2xx_HAL_Driver/Src/stm32f2xx_hal_spi.c ****   hspi->RxXferCount = 0U;
3043:Drivers/STM32F2xx_HAL_Driver/Src/stm32f2xx_hal_spi.c ****   hspi->TxXferCount = 0U;
3044:Drivers/STM32F2xx_HAL_Driver/Src/stm32f2xx_hal_spi.c **** 
3045:Drivers/STM32F2xx_HAL_Driver/Src/stm32f2xx_hal_spi.c ****   /* Check no error during Abort procedure */
3046:Drivers/STM32F2xx_HAL_Driver/Src/stm32f2xx_hal_spi.c ****   if (hspi->ErrorCode != HAL_SPI_ERROR_ABORT)
3047:Drivers/STM32F2xx_HAL_Driver/Src/stm32f2xx_hal_spi.c ****   {
3048:Drivers/STM32F2xx_HAL_Driver/Src/stm32f2xx_hal_spi.c ****     /* Reset errorCode */
3049:Drivers/STM32F2xx_HAL_Driver/Src/stm32f2xx_hal_spi.c ****     hspi->ErrorCode = HAL_SPI_ERROR_NONE;
3050:Drivers/STM32F2xx_HAL_Driver/Src/stm32f2xx_hal_spi.c ****   }
3051:Drivers/STM32F2xx_HAL_Driver/Src/stm32f2xx_hal_spi.c **** 
3052:Drivers/STM32F2xx_HAL_Driver/Src/stm32f2xx_hal_spi.c ****   /* Clear the Error flags in the SR register */
3053:Drivers/STM32F2xx_HAL_Driver/Src/stm32f2xx_hal_spi.c ****   __HAL_SPI_CLEAR_OVRFLAG(hspi);
ARM GAS  /var/folders/8x/_y6g3dfs0698dfd49y4vcg_w0000gn/T//ccpNuCLH.s 			page 55


3054:Drivers/STM32F2xx_HAL_Driver/Src/stm32f2xx_hal_spi.c ****   __HAL_SPI_CLEAR_FREFLAG(hspi);
3055:Drivers/STM32F2xx_HAL_Driver/Src/stm32f2xx_hal_spi.c **** 
3056:Drivers/STM32F2xx_HAL_Driver/Src/stm32f2xx_hal_spi.c ****   /* Restore hspi->State to Ready */
3057:Drivers/STM32F2xx_HAL_Driver/Src/stm32f2xx_hal_spi.c ****   hspi->State  = HAL_SPI_STATE_READY;
3058:Drivers/STM32F2xx_HAL_Driver/Src/stm32f2xx_hal_spi.c **** 
3059:Drivers/STM32F2xx_HAL_Driver/Src/stm32f2xx_hal_spi.c ****   /* Call user Abort complete callback */
3060:Drivers/STM32F2xx_HAL_Driver/Src/stm32f2xx_hal_spi.c **** #if (USE_HAL_SPI_REGISTER_CALLBACKS == 1U)
3061:Drivers/STM32F2xx_HAL_Driver/Src/stm32f2xx_hal_spi.c ****   hspi->AbortCpltCallback(hspi);
3062:Drivers/STM32F2xx_HAL_Driver/Src/stm32f2xx_hal_spi.c **** #else
3063:Drivers/STM32F2xx_HAL_Driver/Src/stm32f2xx_hal_spi.c ****   HAL_SPI_AbortCpltCallback(hspi);
3064:Drivers/STM32F2xx_HAL_Driver/Src/stm32f2xx_hal_spi.c **** #endif /* USE_HAL_SPI_REGISTER_CALLBACKS */
3065:Drivers/STM32F2xx_HAL_Driver/Src/stm32f2xx_hal_spi.c **** }
3066:Drivers/STM32F2xx_HAL_Driver/Src/stm32f2xx_hal_spi.c **** 
3067:Drivers/STM32F2xx_HAL_Driver/Src/stm32f2xx_hal_spi.c **** /**
3068:Drivers/STM32F2xx_HAL_Driver/Src/stm32f2xx_hal_spi.c ****   * @brief  DMA SPI Rx communication abort callback, when initiated by user
3069:Drivers/STM32F2xx_HAL_Driver/Src/stm32f2xx_hal_spi.c ****   *         (To be called at end of DMA Rx Abort procedure following user abort request).
3070:Drivers/STM32F2xx_HAL_Driver/Src/stm32f2xx_hal_spi.c ****   * @note   When this callback is executed, User Abort complete call back is called only if no
3071:Drivers/STM32F2xx_HAL_Driver/Src/stm32f2xx_hal_spi.c ****   *         Abort still ongoing for Tx DMA Handle.
3072:Drivers/STM32F2xx_HAL_Driver/Src/stm32f2xx_hal_spi.c ****   * @param  hdma DMA handle.
3073:Drivers/STM32F2xx_HAL_Driver/Src/stm32f2xx_hal_spi.c ****   * @retval None
3074:Drivers/STM32F2xx_HAL_Driver/Src/stm32f2xx_hal_spi.c ****   */
3075:Drivers/STM32F2xx_HAL_Driver/Src/stm32f2xx_hal_spi.c **** static void SPI_DMARxAbortCallback(DMA_HandleTypeDef *hdma)
3076:Drivers/STM32F2xx_HAL_Driver/Src/stm32f2xx_hal_spi.c **** {
3077:Drivers/STM32F2xx_HAL_Driver/Src/stm32f2xx_hal_spi.c ****   SPI_HandleTypeDef *hspi = (SPI_HandleTypeDef *)(((DMA_HandleTypeDef *)hdma)->Parent);
3078:Drivers/STM32F2xx_HAL_Driver/Src/stm32f2xx_hal_spi.c **** 
3079:Drivers/STM32F2xx_HAL_Driver/Src/stm32f2xx_hal_spi.c ****   /* Disable SPI Peripheral */
3080:Drivers/STM32F2xx_HAL_Driver/Src/stm32f2xx_hal_spi.c ****   __HAL_SPI_DISABLE(hspi);
3081:Drivers/STM32F2xx_HAL_Driver/Src/stm32f2xx_hal_spi.c **** 
3082:Drivers/STM32F2xx_HAL_Driver/Src/stm32f2xx_hal_spi.c ****   hspi->hdmarx->XferAbortCallback = NULL;
3083:Drivers/STM32F2xx_HAL_Driver/Src/stm32f2xx_hal_spi.c **** 
3084:Drivers/STM32F2xx_HAL_Driver/Src/stm32f2xx_hal_spi.c ****   /* Disable Rx DMA Request */
3085:Drivers/STM32F2xx_HAL_Driver/Src/stm32f2xx_hal_spi.c ****   CLEAR_BIT(hspi->Instance->CR2, SPI_CR2_RXDMAEN);
3086:Drivers/STM32F2xx_HAL_Driver/Src/stm32f2xx_hal_spi.c **** 
3087:Drivers/STM32F2xx_HAL_Driver/Src/stm32f2xx_hal_spi.c ****   /* Check Busy flag */
3088:Drivers/STM32F2xx_HAL_Driver/Src/stm32f2xx_hal_spi.c ****   if (SPI_EndRxTxTransaction(hspi, SPI_DEFAULT_TIMEOUT, HAL_GetTick()) != HAL_OK)
3089:Drivers/STM32F2xx_HAL_Driver/Src/stm32f2xx_hal_spi.c ****   {
3090:Drivers/STM32F2xx_HAL_Driver/Src/stm32f2xx_hal_spi.c ****     SET_BIT(hspi->ErrorCode, HAL_SPI_ERROR_ABORT);
3091:Drivers/STM32F2xx_HAL_Driver/Src/stm32f2xx_hal_spi.c ****   }
3092:Drivers/STM32F2xx_HAL_Driver/Src/stm32f2xx_hal_spi.c **** 
3093:Drivers/STM32F2xx_HAL_Driver/Src/stm32f2xx_hal_spi.c ****   /* Check if an Abort process is still ongoing */
3094:Drivers/STM32F2xx_HAL_Driver/Src/stm32f2xx_hal_spi.c ****   if (hspi->hdmatx != NULL)
3095:Drivers/STM32F2xx_HAL_Driver/Src/stm32f2xx_hal_spi.c ****   {
3096:Drivers/STM32F2xx_HAL_Driver/Src/stm32f2xx_hal_spi.c ****     if (hspi->hdmatx->XferAbortCallback != NULL)
3097:Drivers/STM32F2xx_HAL_Driver/Src/stm32f2xx_hal_spi.c ****     {
3098:Drivers/STM32F2xx_HAL_Driver/Src/stm32f2xx_hal_spi.c ****       return;
3099:Drivers/STM32F2xx_HAL_Driver/Src/stm32f2xx_hal_spi.c ****     }
3100:Drivers/STM32F2xx_HAL_Driver/Src/stm32f2xx_hal_spi.c ****   }
3101:Drivers/STM32F2xx_HAL_Driver/Src/stm32f2xx_hal_spi.c **** 
3102:Drivers/STM32F2xx_HAL_Driver/Src/stm32f2xx_hal_spi.c ****   /* No Abort process still ongoing : All DMA Stream/Channel are aborted, call user Abort Complete 
3103:Drivers/STM32F2xx_HAL_Driver/Src/stm32f2xx_hal_spi.c ****   hspi->RxXferCount = 0U;
3104:Drivers/STM32F2xx_HAL_Driver/Src/stm32f2xx_hal_spi.c ****   hspi->TxXferCount = 0U;
3105:Drivers/STM32F2xx_HAL_Driver/Src/stm32f2xx_hal_spi.c **** 
3106:Drivers/STM32F2xx_HAL_Driver/Src/stm32f2xx_hal_spi.c ****   /* Check no error during Abort procedure */
3107:Drivers/STM32F2xx_HAL_Driver/Src/stm32f2xx_hal_spi.c ****   if (hspi->ErrorCode != HAL_SPI_ERROR_ABORT)
3108:Drivers/STM32F2xx_HAL_Driver/Src/stm32f2xx_hal_spi.c ****   {
3109:Drivers/STM32F2xx_HAL_Driver/Src/stm32f2xx_hal_spi.c ****     /* Reset errorCode */
3110:Drivers/STM32F2xx_HAL_Driver/Src/stm32f2xx_hal_spi.c ****     hspi->ErrorCode = HAL_SPI_ERROR_NONE;
ARM GAS  /var/folders/8x/_y6g3dfs0698dfd49y4vcg_w0000gn/T//ccpNuCLH.s 			page 56


3111:Drivers/STM32F2xx_HAL_Driver/Src/stm32f2xx_hal_spi.c ****   }
3112:Drivers/STM32F2xx_HAL_Driver/Src/stm32f2xx_hal_spi.c **** 
3113:Drivers/STM32F2xx_HAL_Driver/Src/stm32f2xx_hal_spi.c ****   /* Clear the Error flags in the SR register */
3114:Drivers/STM32F2xx_HAL_Driver/Src/stm32f2xx_hal_spi.c ****   __HAL_SPI_CLEAR_OVRFLAG(hspi);
3115:Drivers/STM32F2xx_HAL_Driver/Src/stm32f2xx_hal_spi.c ****   __HAL_SPI_CLEAR_FREFLAG(hspi);
3116:Drivers/STM32F2xx_HAL_Driver/Src/stm32f2xx_hal_spi.c **** 
3117:Drivers/STM32F2xx_HAL_Driver/Src/stm32f2xx_hal_spi.c ****   /* Restore hspi->State to Ready */
3118:Drivers/STM32F2xx_HAL_Driver/Src/stm32f2xx_hal_spi.c ****   hspi->State  = HAL_SPI_STATE_READY;
3119:Drivers/STM32F2xx_HAL_Driver/Src/stm32f2xx_hal_spi.c **** 
3120:Drivers/STM32F2xx_HAL_Driver/Src/stm32f2xx_hal_spi.c ****   /* Call user Abort complete callback */
3121:Drivers/STM32F2xx_HAL_Driver/Src/stm32f2xx_hal_spi.c **** #if (USE_HAL_SPI_REGISTER_CALLBACKS == 1U)
3122:Drivers/STM32F2xx_HAL_Driver/Src/stm32f2xx_hal_spi.c ****   hspi->AbortCpltCallback(hspi);
3123:Drivers/STM32F2xx_HAL_Driver/Src/stm32f2xx_hal_spi.c **** #else
3124:Drivers/STM32F2xx_HAL_Driver/Src/stm32f2xx_hal_spi.c ****   HAL_SPI_AbortCpltCallback(hspi);
3125:Drivers/STM32F2xx_HAL_Driver/Src/stm32f2xx_hal_spi.c **** #endif /* USE_HAL_SPI_REGISTER_CALLBACKS */
3126:Drivers/STM32F2xx_HAL_Driver/Src/stm32f2xx_hal_spi.c **** }
3127:Drivers/STM32F2xx_HAL_Driver/Src/stm32f2xx_hal_spi.c **** 
3128:Drivers/STM32F2xx_HAL_Driver/Src/stm32f2xx_hal_spi.c **** /**
3129:Drivers/STM32F2xx_HAL_Driver/Src/stm32f2xx_hal_spi.c ****   * @brief  Rx 8-bit handler for Transmit and Receive in Interrupt mode.
3130:Drivers/STM32F2xx_HAL_Driver/Src/stm32f2xx_hal_spi.c ****   * @param  hspi pointer to a SPI_HandleTypeDef structure that contains
3131:Drivers/STM32F2xx_HAL_Driver/Src/stm32f2xx_hal_spi.c ****   *               the configuration information for SPI module.
3132:Drivers/STM32F2xx_HAL_Driver/Src/stm32f2xx_hal_spi.c ****   * @retval None
3133:Drivers/STM32F2xx_HAL_Driver/Src/stm32f2xx_hal_spi.c ****   */
3134:Drivers/STM32F2xx_HAL_Driver/Src/stm32f2xx_hal_spi.c **** static void SPI_2linesRxISR_8BIT(struct __SPI_HandleTypeDef *hspi)
3135:Drivers/STM32F2xx_HAL_Driver/Src/stm32f2xx_hal_spi.c **** {
3136:Drivers/STM32F2xx_HAL_Driver/Src/stm32f2xx_hal_spi.c ****   /* Receive data in 8bit mode */
3137:Drivers/STM32F2xx_HAL_Driver/Src/stm32f2xx_hal_spi.c ****   *hspi->pRxBuffPtr = *((__IO uint8_t *)&hspi->Instance->DR);
3138:Drivers/STM32F2xx_HAL_Driver/Src/stm32f2xx_hal_spi.c ****   hspi->pRxBuffPtr++;
3139:Drivers/STM32F2xx_HAL_Driver/Src/stm32f2xx_hal_spi.c ****   hspi->RxXferCount--;
3140:Drivers/STM32F2xx_HAL_Driver/Src/stm32f2xx_hal_spi.c **** 
3141:Drivers/STM32F2xx_HAL_Driver/Src/stm32f2xx_hal_spi.c ****   /* Check end of the reception */
3142:Drivers/STM32F2xx_HAL_Driver/Src/stm32f2xx_hal_spi.c ****   if (hspi->RxXferCount == 0U)
3143:Drivers/STM32F2xx_HAL_Driver/Src/stm32f2xx_hal_spi.c ****   {
3144:Drivers/STM32F2xx_HAL_Driver/Src/stm32f2xx_hal_spi.c **** #if (USE_SPI_CRC != 0U)
3145:Drivers/STM32F2xx_HAL_Driver/Src/stm32f2xx_hal_spi.c ****     if (hspi->Init.CRCCalculation == SPI_CRCCALCULATION_ENABLE)
3146:Drivers/STM32F2xx_HAL_Driver/Src/stm32f2xx_hal_spi.c ****     {
3147:Drivers/STM32F2xx_HAL_Driver/Src/stm32f2xx_hal_spi.c ****       hspi->RxISR =  SPI_2linesRxISR_8BITCRC;
3148:Drivers/STM32F2xx_HAL_Driver/Src/stm32f2xx_hal_spi.c ****       return;
3149:Drivers/STM32F2xx_HAL_Driver/Src/stm32f2xx_hal_spi.c ****     }
3150:Drivers/STM32F2xx_HAL_Driver/Src/stm32f2xx_hal_spi.c **** #endif /* USE_SPI_CRC */
3151:Drivers/STM32F2xx_HAL_Driver/Src/stm32f2xx_hal_spi.c **** 
3152:Drivers/STM32F2xx_HAL_Driver/Src/stm32f2xx_hal_spi.c ****     /* Disable RXNE  and ERR interrupt */
3153:Drivers/STM32F2xx_HAL_Driver/Src/stm32f2xx_hal_spi.c ****     __HAL_SPI_DISABLE_IT(hspi, (SPI_IT_RXNE | SPI_IT_ERR));
3154:Drivers/STM32F2xx_HAL_Driver/Src/stm32f2xx_hal_spi.c **** 
3155:Drivers/STM32F2xx_HAL_Driver/Src/stm32f2xx_hal_spi.c ****     if (hspi->TxXferCount == 0U)
3156:Drivers/STM32F2xx_HAL_Driver/Src/stm32f2xx_hal_spi.c ****     {
3157:Drivers/STM32F2xx_HAL_Driver/Src/stm32f2xx_hal_spi.c ****       SPI_CloseRxTx_ISR(hspi);
3158:Drivers/STM32F2xx_HAL_Driver/Src/stm32f2xx_hal_spi.c ****     }
3159:Drivers/STM32F2xx_HAL_Driver/Src/stm32f2xx_hal_spi.c ****   }
3160:Drivers/STM32F2xx_HAL_Driver/Src/stm32f2xx_hal_spi.c **** }
3161:Drivers/STM32F2xx_HAL_Driver/Src/stm32f2xx_hal_spi.c **** 
3162:Drivers/STM32F2xx_HAL_Driver/Src/stm32f2xx_hal_spi.c **** #if (USE_SPI_CRC != 0U)
3163:Drivers/STM32F2xx_HAL_Driver/Src/stm32f2xx_hal_spi.c **** /**
3164:Drivers/STM32F2xx_HAL_Driver/Src/stm32f2xx_hal_spi.c ****   * @brief  Rx 8-bit handler for Transmit and Receive in Interrupt mode.
3165:Drivers/STM32F2xx_HAL_Driver/Src/stm32f2xx_hal_spi.c ****   * @param  hspi pointer to a SPI_HandleTypeDef structure that contains
3166:Drivers/STM32F2xx_HAL_Driver/Src/stm32f2xx_hal_spi.c ****   *               the configuration information for SPI module.
3167:Drivers/STM32F2xx_HAL_Driver/Src/stm32f2xx_hal_spi.c ****   * @retval None
ARM GAS  /var/folders/8x/_y6g3dfs0698dfd49y4vcg_w0000gn/T//ccpNuCLH.s 			page 57


3168:Drivers/STM32F2xx_HAL_Driver/Src/stm32f2xx_hal_spi.c ****   */
3169:Drivers/STM32F2xx_HAL_Driver/Src/stm32f2xx_hal_spi.c **** static void SPI_2linesRxISR_8BITCRC(struct __SPI_HandleTypeDef *hspi)
3170:Drivers/STM32F2xx_HAL_Driver/Src/stm32f2xx_hal_spi.c **** {
3171:Drivers/STM32F2xx_HAL_Driver/Src/stm32f2xx_hal_spi.c ****   __IO uint8_t  *ptmpreg8;
3172:Drivers/STM32F2xx_HAL_Driver/Src/stm32f2xx_hal_spi.c ****   __IO uint8_t  tmpreg8 = 0;
3173:Drivers/STM32F2xx_HAL_Driver/Src/stm32f2xx_hal_spi.c **** 
3174:Drivers/STM32F2xx_HAL_Driver/Src/stm32f2xx_hal_spi.c ****   /* Initialize the 8bit temporary pointer */
3175:Drivers/STM32F2xx_HAL_Driver/Src/stm32f2xx_hal_spi.c ****   ptmpreg8 = (__IO uint8_t *)&hspi->Instance->DR;
3176:Drivers/STM32F2xx_HAL_Driver/Src/stm32f2xx_hal_spi.c ****   /* Read 8bit CRC to flush Data Register */
3177:Drivers/STM32F2xx_HAL_Driver/Src/stm32f2xx_hal_spi.c ****   tmpreg8 = *ptmpreg8;
3178:Drivers/STM32F2xx_HAL_Driver/Src/stm32f2xx_hal_spi.c ****   /* To avoid GCC warning */
3179:Drivers/STM32F2xx_HAL_Driver/Src/stm32f2xx_hal_spi.c ****   UNUSED(tmpreg8);
3180:Drivers/STM32F2xx_HAL_Driver/Src/stm32f2xx_hal_spi.c **** 
3181:Drivers/STM32F2xx_HAL_Driver/Src/stm32f2xx_hal_spi.c ****   /* Disable RXNE and ERR interrupt */
3182:Drivers/STM32F2xx_HAL_Driver/Src/stm32f2xx_hal_spi.c ****   __HAL_SPI_DISABLE_IT(hspi, (SPI_IT_RXNE | SPI_IT_ERR));
3183:Drivers/STM32F2xx_HAL_Driver/Src/stm32f2xx_hal_spi.c **** 
3184:Drivers/STM32F2xx_HAL_Driver/Src/stm32f2xx_hal_spi.c ****   if (hspi->TxXferCount == 0U)
3185:Drivers/STM32F2xx_HAL_Driver/Src/stm32f2xx_hal_spi.c ****   {
3186:Drivers/STM32F2xx_HAL_Driver/Src/stm32f2xx_hal_spi.c ****     SPI_CloseRxTx_ISR(hspi);
3187:Drivers/STM32F2xx_HAL_Driver/Src/stm32f2xx_hal_spi.c ****   }
3188:Drivers/STM32F2xx_HAL_Driver/Src/stm32f2xx_hal_spi.c **** }
3189:Drivers/STM32F2xx_HAL_Driver/Src/stm32f2xx_hal_spi.c **** #endif /* USE_SPI_CRC */
3190:Drivers/STM32F2xx_HAL_Driver/Src/stm32f2xx_hal_spi.c **** 
3191:Drivers/STM32F2xx_HAL_Driver/Src/stm32f2xx_hal_spi.c **** /**
3192:Drivers/STM32F2xx_HAL_Driver/Src/stm32f2xx_hal_spi.c ****   * @brief  Tx 8-bit handler for Transmit and Receive in Interrupt mode.
3193:Drivers/STM32F2xx_HAL_Driver/Src/stm32f2xx_hal_spi.c ****   * @param  hspi pointer to a SPI_HandleTypeDef structure that contains
3194:Drivers/STM32F2xx_HAL_Driver/Src/stm32f2xx_hal_spi.c ****   *               the configuration information for SPI module.
3195:Drivers/STM32F2xx_HAL_Driver/Src/stm32f2xx_hal_spi.c ****   * @retval None
3196:Drivers/STM32F2xx_HAL_Driver/Src/stm32f2xx_hal_spi.c ****   */
3197:Drivers/STM32F2xx_HAL_Driver/Src/stm32f2xx_hal_spi.c **** static void SPI_2linesTxISR_8BIT(struct __SPI_HandleTypeDef *hspi)
3198:Drivers/STM32F2xx_HAL_Driver/Src/stm32f2xx_hal_spi.c **** {
3199:Drivers/STM32F2xx_HAL_Driver/Src/stm32f2xx_hal_spi.c ****   *(__IO uint8_t *)&hspi->Instance->DR = *((const uint8_t *)hspi->pTxBuffPtr);
3200:Drivers/STM32F2xx_HAL_Driver/Src/stm32f2xx_hal_spi.c ****   hspi->pTxBuffPtr++;
3201:Drivers/STM32F2xx_HAL_Driver/Src/stm32f2xx_hal_spi.c ****   hspi->TxXferCount--;
3202:Drivers/STM32F2xx_HAL_Driver/Src/stm32f2xx_hal_spi.c **** 
3203:Drivers/STM32F2xx_HAL_Driver/Src/stm32f2xx_hal_spi.c ****   /* Check the end of the transmission */
3204:Drivers/STM32F2xx_HAL_Driver/Src/stm32f2xx_hal_spi.c ****   if (hspi->TxXferCount == 0U)
3205:Drivers/STM32F2xx_HAL_Driver/Src/stm32f2xx_hal_spi.c ****   {
3206:Drivers/STM32F2xx_HAL_Driver/Src/stm32f2xx_hal_spi.c **** #if (USE_SPI_CRC != 0U)
3207:Drivers/STM32F2xx_HAL_Driver/Src/stm32f2xx_hal_spi.c ****     if (hspi->Init.CRCCalculation == SPI_CRCCALCULATION_ENABLE)
3208:Drivers/STM32F2xx_HAL_Driver/Src/stm32f2xx_hal_spi.c ****     {
3209:Drivers/STM32F2xx_HAL_Driver/Src/stm32f2xx_hal_spi.c ****       /* Set CRC Next Bit to send CRC */
3210:Drivers/STM32F2xx_HAL_Driver/Src/stm32f2xx_hal_spi.c ****       SET_BIT(hspi->Instance->CR1, SPI_CR1_CRCNEXT);
3211:Drivers/STM32F2xx_HAL_Driver/Src/stm32f2xx_hal_spi.c ****       /* Disable TXE interrupt */
3212:Drivers/STM32F2xx_HAL_Driver/Src/stm32f2xx_hal_spi.c ****       __HAL_SPI_DISABLE_IT(hspi, SPI_IT_TXE);
3213:Drivers/STM32F2xx_HAL_Driver/Src/stm32f2xx_hal_spi.c ****       return;
3214:Drivers/STM32F2xx_HAL_Driver/Src/stm32f2xx_hal_spi.c ****     }
3215:Drivers/STM32F2xx_HAL_Driver/Src/stm32f2xx_hal_spi.c **** #endif /* USE_SPI_CRC */
3216:Drivers/STM32F2xx_HAL_Driver/Src/stm32f2xx_hal_spi.c **** 
3217:Drivers/STM32F2xx_HAL_Driver/Src/stm32f2xx_hal_spi.c ****     /* Disable TXE interrupt */
3218:Drivers/STM32F2xx_HAL_Driver/Src/stm32f2xx_hal_spi.c ****     __HAL_SPI_DISABLE_IT(hspi, SPI_IT_TXE);
3219:Drivers/STM32F2xx_HAL_Driver/Src/stm32f2xx_hal_spi.c **** 
3220:Drivers/STM32F2xx_HAL_Driver/Src/stm32f2xx_hal_spi.c ****     if (hspi->RxXferCount == 0U)
3221:Drivers/STM32F2xx_HAL_Driver/Src/stm32f2xx_hal_spi.c ****     {
3222:Drivers/STM32F2xx_HAL_Driver/Src/stm32f2xx_hal_spi.c ****       SPI_CloseRxTx_ISR(hspi);
3223:Drivers/STM32F2xx_HAL_Driver/Src/stm32f2xx_hal_spi.c ****     }
3224:Drivers/STM32F2xx_HAL_Driver/Src/stm32f2xx_hal_spi.c ****   }
ARM GAS  /var/folders/8x/_y6g3dfs0698dfd49y4vcg_w0000gn/T//ccpNuCLH.s 			page 58


3225:Drivers/STM32F2xx_HAL_Driver/Src/stm32f2xx_hal_spi.c **** }
3226:Drivers/STM32F2xx_HAL_Driver/Src/stm32f2xx_hal_spi.c **** 
3227:Drivers/STM32F2xx_HAL_Driver/Src/stm32f2xx_hal_spi.c **** /**
3228:Drivers/STM32F2xx_HAL_Driver/Src/stm32f2xx_hal_spi.c ****   * @brief  Rx 16-bit handler for Transmit and Receive in Interrupt mode.
3229:Drivers/STM32F2xx_HAL_Driver/Src/stm32f2xx_hal_spi.c ****   * @param  hspi pointer to a SPI_HandleTypeDef structure that contains
3230:Drivers/STM32F2xx_HAL_Driver/Src/stm32f2xx_hal_spi.c ****   *               the configuration information for SPI module.
3231:Drivers/STM32F2xx_HAL_Driver/Src/stm32f2xx_hal_spi.c ****   * @retval None
3232:Drivers/STM32F2xx_HAL_Driver/Src/stm32f2xx_hal_spi.c ****   */
3233:Drivers/STM32F2xx_HAL_Driver/Src/stm32f2xx_hal_spi.c **** static void SPI_2linesRxISR_16BIT(struct __SPI_HandleTypeDef *hspi)
3234:Drivers/STM32F2xx_HAL_Driver/Src/stm32f2xx_hal_spi.c **** {
3235:Drivers/STM32F2xx_HAL_Driver/Src/stm32f2xx_hal_spi.c ****   /* Receive data in 16 Bit mode */
3236:Drivers/STM32F2xx_HAL_Driver/Src/stm32f2xx_hal_spi.c ****   *((uint16_t *)hspi->pRxBuffPtr) = (uint16_t)(hspi->Instance->DR);
3237:Drivers/STM32F2xx_HAL_Driver/Src/stm32f2xx_hal_spi.c ****   hspi->pRxBuffPtr += sizeof(uint16_t);
3238:Drivers/STM32F2xx_HAL_Driver/Src/stm32f2xx_hal_spi.c ****   hspi->RxXferCount--;
3239:Drivers/STM32F2xx_HAL_Driver/Src/stm32f2xx_hal_spi.c **** 
3240:Drivers/STM32F2xx_HAL_Driver/Src/stm32f2xx_hal_spi.c ****   if (hspi->RxXferCount == 0U)
3241:Drivers/STM32F2xx_HAL_Driver/Src/stm32f2xx_hal_spi.c ****   {
3242:Drivers/STM32F2xx_HAL_Driver/Src/stm32f2xx_hal_spi.c **** #if (USE_SPI_CRC != 0U)
3243:Drivers/STM32F2xx_HAL_Driver/Src/stm32f2xx_hal_spi.c ****     if (hspi->Init.CRCCalculation == SPI_CRCCALCULATION_ENABLE)
3244:Drivers/STM32F2xx_HAL_Driver/Src/stm32f2xx_hal_spi.c ****     {
3245:Drivers/STM32F2xx_HAL_Driver/Src/stm32f2xx_hal_spi.c ****       hspi->RxISR =  SPI_2linesRxISR_16BITCRC;
3246:Drivers/STM32F2xx_HAL_Driver/Src/stm32f2xx_hal_spi.c ****       return;
3247:Drivers/STM32F2xx_HAL_Driver/Src/stm32f2xx_hal_spi.c ****     }
3248:Drivers/STM32F2xx_HAL_Driver/Src/stm32f2xx_hal_spi.c **** #endif /* USE_SPI_CRC */
3249:Drivers/STM32F2xx_HAL_Driver/Src/stm32f2xx_hal_spi.c **** 
3250:Drivers/STM32F2xx_HAL_Driver/Src/stm32f2xx_hal_spi.c ****     /* Disable RXNE interrupt */
3251:Drivers/STM32F2xx_HAL_Driver/Src/stm32f2xx_hal_spi.c ****     __HAL_SPI_DISABLE_IT(hspi, SPI_IT_RXNE);
3252:Drivers/STM32F2xx_HAL_Driver/Src/stm32f2xx_hal_spi.c **** 
3253:Drivers/STM32F2xx_HAL_Driver/Src/stm32f2xx_hal_spi.c ****     if (hspi->TxXferCount == 0U)
3254:Drivers/STM32F2xx_HAL_Driver/Src/stm32f2xx_hal_spi.c ****     {
3255:Drivers/STM32F2xx_HAL_Driver/Src/stm32f2xx_hal_spi.c ****       SPI_CloseRxTx_ISR(hspi);
3256:Drivers/STM32F2xx_HAL_Driver/Src/stm32f2xx_hal_spi.c ****     }
3257:Drivers/STM32F2xx_HAL_Driver/Src/stm32f2xx_hal_spi.c ****   }
3258:Drivers/STM32F2xx_HAL_Driver/Src/stm32f2xx_hal_spi.c **** }
3259:Drivers/STM32F2xx_HAL_Driver/Src/stm32f2xx_hal_spi.c **** 
3260:Drivers/STM32F2xx_HAL_Driver/Src/stm32f2xx_hal_spi.c **** #if (USE_SPI_CRC != 0U)
3261:Drivers/STM32F2xx_HAL_Driver/Src/stm32f2xx_hal_spi.c **** /**
3262:Drivers/STM32F2xx_HAL_Driver/Src/stm32f2xx_hal_spi.c ****   * @brief  Manage the CRC 16-bit receive for Transmit and Receive in Interrupt mode.
3263:Drivers/STM32F2xx_HAL_Driver/Src/stm32f2xx_hal_spi.c ****   * @param  hspi pointer to a SPI_HandleTypeDef structure that contains
3264:Drivers/STM32F2xx_HAL_Driver/Src/stm32f2xx_hal_spi.c ****   *               the configuration information for SPI module.
3265:Drivers/STM32F2xx_HAL_Driver/Src/stm32f2xx_hal_spi.c ****   * @retval None
3266:Drivers/STM32F2xx_HAL_Driver/Src/stm32f2xx_hal_spi.c ****   */
3267:Drivers/STM32F2xx_HAL_Driver/Src/stm32f2xx_hal_spi.c **** static void SPI_2linesRxISR_16BITCRC(struct __SPI_HandleTypeDef *hspi)
3268:Drivers/STM32F2xx_HAL_Driver/Src/stm32f2xx_hal_spi.c **** {
3269:Drivers/STM32F2xx_HAL_Driver/Src/stm32f2xx_hal_spi.c ****   __IO uint32_t tmpreg = 0U;
3270:Drivers/STM32F2xx_HAL_Driver/Src/stm32f2xx_hal_spi.c **** 
3271:Drivers/STM32F2xx_HAL_Driver/Src/stm32f2xx_hal_spi.c ****   /* Read 16bit CRC to flush Data Register */
3272:Drivers/STM32F2xx_HAL_Driver/Src/stm32f2xx_hal_spi.c ****   tmpreg = READ_REG(hspi->Instance->DR);
3273:Drivers/STM32F2xx_HAL_Driver/Src/stm32f2xx_hal_spi.c ****   /* To avoid GCC warning */
3274:Drivers/STM32F2xx_HAL_Driver/Src/stm32f2xx_hal_spi.c ****   UNUSED(tmpreg);
3275:Drivers/STM32F2xx_HAL_Driver/Src/stm32f2xx_hal_spi.c **** 
3276:Drivers/STM32F2xx_HAL_Driver/Src/stm32f2xx_hal_spi.c ****   /* Disable RXNE interrupt */
3277:Drivers/STM32F2xx_HAL_Driver/Src/stm32f2xx_hal_spi.c ****   __HAL_SPI_DISABLE_IT(hspi, SPI_IT_RXNE);
3278:Drivers/STM32F2xx_HAL_Driver/Src/stm32f2xx_hal_spi.c **** 
3279:Drivers/STM32F2xx_HAL_Driver/Src/stm32f2xx_hal_spi.c ****   SPI_CloseRxTx_ISR(hspi);
3280:Drivers/STM32F2xx_HAL_Driver/Src/stm32f2xx_hal_spi.c **** }
3281:Drivers/STM32F2xx_HAL_Driver/Src/stm32f2xx_hal_spi.c **** #endif /* USE_SPI_CRC */
ARM GAS  /var/folders/8x/_y6g3dfs0698dfd49y4vcg_w0000gn/T//ccpNuCLH.s 			page 59


3282:Drivers/STM32F2xx_HAL_Driver/Src/stm32f2xx_hal_spi.c **** 
3283:Drivers/STM32F2xx_HAL_Driver/Src/stm32f2xx_hal_spi.c **** /**
3284:Drivers/STM32F2xx_HAL_Driver/Src/stm32f2xx_hal_spi.c ****   * @brief  Tx 16-bit handler for Transmit and Receive in Interrupt mode.
3285:Drivers/STM32F2xx_HAL_Driver/Src/stm32f2xx_hal_spi.c ****   * @param  hspi pointer to a SPI_HandleTypeDef structure that contains
3286:Drivers/STM32F2xx_HAL_Driver/Src/stm32f2xx_hal_spi.c ****   *               the configuration information for SPI module.
3287:Drivers/STM32F2xx_HAL_Driver/Src/stm32f2xx_hal_spi.c ****   * @retval None
3288:Drivers/STM32F2xx_HAL_Driver/Src/stm32f2xx_hal_spi.c ****   */
3289:Drivers/STM32F2xx_HAL_Driver/Src/stm32f2xx_hal_spi.c **** static void SPI_2linesTxISR_16BIT(struct __SPI_HandleTypeDef *hspi)
3290:Drivers/STM32F2xx_HAL_Driver/Src/stm32f2xx_hal_spi.c **** {
3291:Drivers/STM32F2xx_HAL_Driver/Src/stm32f2xx_hal_spi.c ****   /* Transmit data in 16 Bit mode */
3292:Drivers/STM32F2xx_HAL_Driver/Src/stm32f2xx_hal_spi.c ****   hspi->Instance->DR = *((const uint16_t *)hspi->pTxBuffPtr);
3293:Drivers/STM32F2xx_HAL_Driver/Src/stm32f2xx_hal_spi.c ****   hspi->pTxBuffPtr += sizeof(uint16_t);
3294:Drivers/STM32F2xx_HAL_Driver/Src/stm32f2xx_hal_spi.c ****   hspi->TxXferCount--;
3295:Drivers/STM32F2xx_HAL_Driver/Src/stm32f2xx_hal_spi.c **** 
3296:Drivers/STM32F2xx_HAL_Driver/Src/stm32f2xx_hal_spi.c ****   /* Enable CRC Transmission */
3297:Drivers/STM32F2xx_HAL_Driver/Src/stm32f2xx_hal_spi.c ****   if (hspi->TxXferCount == 0U)
3298:Drivers/STM32F2xx_HAL_Driver/Src/stm32f2xx_hal_spi.c ****   {
3299:Drivers/STM32F2xx_HAL_Driver/Src/stm32f2xx_hal_spi.c **** #if (USE_SPI_CRC != 0U)
3300:Drivers/STM32F2xx_HAL_Driver/Src/stm32f2xx_hal_spi.c ****     if (hspi->Init.CRCCalculation == SPI_CRCCALCULATION_ENABLE)
3301:Drivers/STM32F2xx_HAL_Driver/Src/stm32f2xx_hal_spi.c ****     {
3302:Drivers/STM32F2xx_HAL_Driver/Src/stm32f2xx_hal_spi.c ****       /* Set CRC Next Bit to send CRC */
3303:Drivers/STM32F2xx_HAL_Driver/Src/stm32f2xx_hal_spi.c ****       SET_BIT(hspi->Instance->CR1, SPI_CR1_CRCNEXT);
3304:Drivers/STM32F2xx_HAL_Driver/Src/stm32f2xx_hal_spi.c ****       /* Disable TXE interrupt */
3305:Drivers/STM32F2xx_HAL_Driver/Src/stm32f2xx_hal_spi.c ****       __HAL_SPI_DISABLE_IT(hspi, SPI_IT_TXE);
3306:Drivers/STM32F2xx_HAL_Driver/Src/stm32f2xx_hal_spi.c ****       return;
3307:Drivers/STM32F2xx_HAL_Driver/Src/stm32f2xx_hal_spi.c ****     }
3308:Drivers/STM32F2xx_HAL_Driver/Src/stm32f2xx_hal_spi.c **** #endif /* USE_SPI_CRC */
3309:Drivers/STM32F2xx_HAL_Driver/Src/stm32f2xx_hal_spi.c **** 
3310:Drivers/STM32F2xx_HAL_Driver/Src/stm32f2xx_hal_spi.c ****     /* Disable TXE interrupt */
3311:Drivers/STM32F2xx_HAL_Driver/Src/stm32f2xx_hal_spi.c ****     __HAL_SPI_DISABLE_IT(hspi, SPI_IT_TXE);
3312:Drivers/STM32F2xx_HAL_Driver/Src/stm32f2xx_hal_spi.c **** 
3313:Drivers/STM32F2xx_HAL_Driver/Src/stm32f2xx_hal_spi.c ****     if (hspi->RxXferCount == 0U)
3314:Drivers/STM32F2xx_HAL_Driver/Src/stm32f2xx_hal_spi.c ****     {
3315:Drivers/STM32F2xx_HAL_Driver/Src/stm32f2xx_hal_spi.c ****       SPI_CloseRxTx_ISR(hspi);
3316:Drivers/STM32F2xx_HAL_Driver/Src/stm32f2xx_hal_spi.c ****     }
3317:Drivers/STM32F2xx_HAL_Driver/Src/stm32f2xx_hal_spi.c ****   }
3318:Drivers/STM32F2xx_HAL_Driver/Src/stm32f2xx_hal_spi.c **** }
3319:Drivers/STM32F2xx_HAL_Driver/Src/stm32f2xx_hal_spi.c **** 
3320:Drivers/STM32F2xx_HAL_Driver/Src/stm32f2xx_hal_spi.c **** #if (USE_SPI_CRC != 0U)
3321:Drivers/STM32F2xx_HAL_Driver/Src/stm32f2xx_hal_spi.c **** /**
3322:Drivers/STM32F2xx_HAL_Driver/Src/stm32f2xx_hal_spi.c ****   * @brief  Manage the CRC 8-bit receive in Interrupt context.
3323:Drivers/STM32F2xx_HAL_Driver/Src/stm32f2xx_hal_spi.c ****   * @param  hspi pointer to a SPI_HandleTypeDef structure that contains
3324:Drivers/STM32F2xx_HAL_Driver/Src/stm32f2xx_hal_spi.c ****   *               the configuration information for SPI module.
3325:Drivers/STM32F2xx_HAL_Driver/Src/stm32f2xx_hal_spi.c ****   * @retval None
3326:Drivers/STM32F2xx_HAL_Driver/Src/stm32f2xx_hal_spi.c ****   */
3327:Drivers/STM32F2xx_HAL_Driver/Src/stm32f2xx_hal_spi.c **** static void SPI_RxISR_8BITCRC(struct __SPI_HandleTypeDef *hspi)
3328:Drivers/STM32F2xx_HAL_Driver/Src/stm32f2xx_hal_spi.c **** {
3329:Drivers/STM32F2xx_HAL_Driver/Src/stm32f2xx_hal_spi.c ****   __IO uint8_t  *ptmpreg8;
3330:Drivers/STM32F2xx_HAL_Driver/Src/stm32f2xx_hal_spi.c ****   __IO uint8_t  tmpreg8 = 0;
3331:Drivers/STM32F2xx_HAL_Driver/Src/stm32f2xx_hal_spi.c **** 
3332:Drivers/STM32F2xx_HAL_Driver/Src/stm32f2xx_hal_spi.c ****   /* Initialize the 8bit temporary pointer */
3333:Drivers/STM32F2xx_HAL_Driver/Src/stm32f2xx_hal_spi.c ****   ptmpreg8 = (__IO uint8_t *)&hspi->Instance->DR;
3334:Drivers/STM32F2xx_HAL_Driver/Src/stm32f2xx_hal_spi.c ****   /* Read 8bit CRC to flush Data Register */
3335:Drivers/STM32F2xx_HAL_Driver/Src/stm32f2xx_hal_spi.c ****   tmpreg8 = *ptmpreg8;
3336:Drivers/STM32F2xx_HAL_Driver/Src/stm32f2xx_hal_spi.c ****   /* To avoid GCC warning */
3337:Drivers/STM32F2xx_HAL_Driver/Src/stm32f2xx_hal_spi.c ****   UNUSED(tmpreg8);
3338:Drivers/STM32F2xx_HAL_Driver/Src/stm32f2xx_hal_spi.c **** 
ARM GAS  /var/folders/8x/_y6g3dfs0698dfd49y4vcg_w0000gn/T//ccpNuCLH.s 			page 60


3339:Drivers/STM32F2xx_HAL_Driver/Src/stm32f2xx_hal_spi.c ****   SPI_CloseRx_ISR(hspi);
3340:Drivers/STM32F2xx_HAL_Driver/Src/stm32f2xx_hal_spi.c **** }
3341:Drivers/STM32F2xx_HAL_Driver/Src/stm32f2xx_hal_spi.c **** #endif /* USE_SPI_CRC */
3342:Drivers/STM32F2xx_HAL_Driver/Src/stm32f2xx_hal_spi.c **** 
3343:Drivers/STM32F2xx_HAL_Driver/Src/stm32f2xx_hal_spi.c **** /**
3344:Drivers/STM32F2xx_HAL_Driver/Src/stm32f2xx_hal_spi.c ****   * @brief  Manage the receive 8-bit in Interrupt context.
3345:Drivers/STM32F2xx_HAL_Driver/Src/stm32f2xx_hal_spi.c ****   * @param  hspi pointer to a SPI_HandleTypeDef structure that contains
3346:Drivers/STM32F2xx_HAL_Driver/Src/stm32f2xx_hal_spi.c ****   *               the configuration information for SPI module.
3347:Drivers/STM32F2xx_HAL_Driver/Src/stm32f2xx_hal_spi.c ****   * @retval None
3348:Drivers/STM32F2xx_HAL_Driver/Src/stm32f2xx_hal_spi.c ****   */
3349:Drivers/STM32F2xx_HAL_Driver/Src/stm32f2xx_hal_spi.c **** static void SPI_RxISR_8BIT(struct __SPI_HandleTypeDef *hspi)
3350:Drivers/STM32F2xx_HAL_Driver/Src/stm32f2xx_hal_spi.c **** {
3351:Drivers/STM32F2xx_HAL_Driver/Src/stm32f2xx_hal_spi.c ****   *hspi->pRxBuffPtr = (*(__IO uint8_t *)&hspi->Instance->DR);
3352:Drivers/STM32F2xx_HAL_Driver/Src/stm32f2xx_hal_spi.c ****   hspi->pRxBuffPtr++;
3353:Drivers/STM32F2xx_HAL_Driver/Src/stm32f2xx_hal_spi.c ****   hspi->RxXferCount--;
3354:Drivers/STM32F2xx_HAL_Driver/Src/stm32f2xx_hal_spi.c **** 
3355:Drivers/STM32F2xx_HAL_Driver/Src/stm32f2xx_hal_spi.c **** #if (USE_SPI_CRC != 0U)
3356:Drivers/STM32F2xx_HAL_Driver/Src/stm32f2xx_hal_spi.c ****   /* Enable CRC Transmission */
3357:Drivers/STM32F2xx_HAL_Driver/Src/stm32f2xx_hal_spi.c ****   if ((hspi->RxXferCount == 1U) && (hspi->Init.CRCCalculation == SPI_CRCCALCULATION_ENABLE))
3358:Drivers/STM32F2xx_HAL_Driver/Src/stm32f2xx_hal_spi.c ****   {
3359:Drivers/STM32F2xx_HAL_Driver/Src/stm32f2xx_hal_spi.c ****     SET_BIT(hspi->Instance->CR1, SPI_CR1_CRCNEXT);
3360:Drivers/STM32F2xx_HAL_Driver/Src/stm32f2xx_hal_spi.c ****   }
3361:Drivers/STM32F2xx_HAL_Driver/Src/stm32f2xx_hal_spi.c **** #endif /* USE_SPI_CRC */
3362:Drivers/STM32F2xx_HAL_Driver/Src/stm32f2xx_hal_spi.c **** 
3363:Drivers/STM32F2xx_HAL_Driver/Src/stm32f2xx_hal_spi.c ****   if (hspi->RxXferCount == 0U)
3364:Drivers/STM32F2xx_HAL_Driver/Src/stm32f2xx_hal_spi.c ****   {
3365:Drivers/STM32F2xx_HAL_Driver/Src/stm32f2xx_hal_spi.c **** #if (USE_SPI_CRC != 0U)
3366:Drivers/STM32F2xx_HAL_Driver/Src/stm32f2xx_hal_spi.c ****     if (hspi->Init.CRCCalculation == SPI_CRCCALCULATION_ENABLE)
3367:Drivers/STM32F2xx_HAL_Driver/Src/stm32f2xx_hal_spi.c ****     {
3368:Drivers/STM32F2xx_HAL_Driver/Src/stm32f2xx_hal_spi.c ****       hspi->RxISR =  SPI_RxISR_8BITCRC;
3369:Drivers/STM32F2xx_HAL_Driver/Src/stm32f2xx_hal_spi.c ****       return;
3370:Drivers/STM32F2xx_HAL_Driver/Src/stm32f2xx_hal_spi.c ****     }
3371:Drivers/STM32F2xx_HAL_Driver/Src/stm32f2xx_hal_spi.c **** #endif /* USE_SPI_CRC */
3372:Drivers/STM32F2xx_HAL_Driver/Src/stm32f2xx_hal_spi.c ****     SPI_CloseRx_ISR(hspi);
3373:Drivers/STM32F2xx_HAL_Driver/Src/stm32f2xx_hal_spi.c ****   }
3374:Drivers/STM32F2xx_HAL_Driver/Src/stm32f2xx_hal_spi.c **** }
3375:Drivers/STM32F2xx_HAL_Driver/Src/stm32f2xx_hal_spi.c **** 
3376:Drivers/STM32F2xx_HAL_Driver/Src/stm32f2xx_hal_spi.c **** #if (USE_SPI_CRC != 0U)
3377:Drivers/STM32F2xx_HAL_Driver/Src/stm32f2xx_hal_spi.c **** /**
3378:Drivers/STM32F2xx_HAL_Driver/Src/stm32f2xx_hal_spi.c ****   * @brief  Manage the CRC 16-bit receive in Interrupt context.
3379:Drivers/STM32F2xx_HAL_Driver/Src/stm32f2xx_hal_spi.c ****   * @param  hspi pointer to a SPI_HandleTypeDef structure that contains
3380:Drivers/STM32F2xx_HAL_Driver/Src/stm32f2xx_hal_spi.c ****   *               the configuration information for SPI module.
3381:Drivers/STM32F2xx_HAL_Driver/Src/stm32f2xx_hal_spi.c ****   * @retval None
3382:Drivers/STM32F2xx_HAL_Driver/Src/stm32f2xx_hal_spi.c ****   */
3383:Drivers/STM32F2xx_HAL_Driver/Src/stm32f2xx_hal_spi.c **** static void SPI_RxISR_16BITCRC(struct __SPI_HandleTypeDef *hspi)
3384:Drivers/STM32F2xx_HAL_Driver/Src/stm32f2xx_hal_spi.c **** {
3385:Drivers/STM32F2xx_HAL_Driver/Src/stm32f2xx_hal_spi.c ****   __IO uint32_t tmpreg = 0U;
3386:Drivers/STM32F2xx_HAL_Driver/Src/stm32f2xx_hal_spi.c **** 
3387:Drivers/STM32F2xx_HAL_Driver/Src/stm32f2xx_hal_spi.c ****   /* Read 16bit CRC to flush Data Register */
3388:Drivers/STM32F2xx_HAL_Driver/Src/stm32f2xx_hal_spi.c ****   tmpreg = READ_REG(hspi->Instance->DR);
3389:Drivers/STM32F2xx_HAL_Driver/Src/stm32f2xx_hal_spi.c ****   /* To avoid GCC warning */
3390:Drivers/STM32F2xx_HAL_Driver/Src/stm32f2xx_hal_spi.c ****   UNUSED(tmpreg);
3391:Drivers/STM32F2xx_HAL_Driver/Src/stm32f2xx_hal_spi.c **** 
3392:Drivers/STM32F2xx_HAL_Driver/Src/stm32f2xx_hal_spi.c ****   /* Disable RXNE and ERR interrupt */
3393:Drivers/STM32F2xx_HAL_Driver/Src/stm32f2xx_hal_spi.c ****   __HAL_SPI_DISABLE_IT(hspi, (SPI_IT_RXNE | SPI_IT_ERR));
3394:Drivers/STM32F2xx_HAL_Driver/Src/stm32f2xx_hal_spi.c **** 
3395:Drivers/STM32F2xx_HAL_Driver/Src/stm32f2xx_hal_spi.c ****   SPI_CloseRx_ISR(hspi);
ARM GAS  /var/folders/8x/_y6g3dfs0698dfd49y4vcg_w0000gn/T//ccpNuCLH.s 			page 61


3396:Drivers/STM32F2xx_HAL_Driver/Src/stm32f2xx_hal_spi.c **** }
3397:Drivers/STM32F2xx_HAL_Driver/Src/stm32f2xx_hal_spi.c **** #endif /* USE_SPI_CRC */
3398:Drivers/STM32F2xx_HAL_Driver/Src/stm32f2xx_hal_spi.c **** 
3399:Drivers/STM32F2xx_HAL_Driver/Src/stm32f2xx_hal_spi.c **** /**
3400:Drivers/STM32F2xx_HAL_Driver/Src/stm32f2xx_hal_spi.c ****   * @brief  Manage the 16-bit receive in Interrupt context.
3401:Drivers/STM32F2xx_HAL_Driver/Src/stm32f2xx_hal_spi.c ****   * @param  hspi pointer to a SPI_HandleTypeDef structure that contains
3402:Drivers/STM32F2xx_HAL_Driver/Src/stm32f2xx_hal_spi.c ****   *               the configuration information for SPI module.
3403:Drivers/STM32F2xx_HAL_Driver/Src/stm32f2xx_hal_spi.c ****   * @retval None
3404:Drivers/STM32F2xx_HAL_Driver/Src/stm32f2xx_hal_spi.c ****   */
3405:Drivers/STM32F2xx_HAL_Driver/Src/stm32f2xx_hal_spi.c **** static void SPI_RxISR_16BIT(struct __SPI_HandleTypeDef *hspi)
3406:Drivers/STM32F2xx_HAL_Driver/Src/stm32f2xx_hal_spi.c **** {
3407:Drivers/STM32F2xx_HAL_Driver/Src/stm32f2xx_hal_spi.c ****   *((uint16_t *)hspi->pRxBuffPtr) = (uint16_t)(hspi->Instance->DR);
3408:Drivers/STM32F2xx_HAL_Driver/Src/stm32f2xx_hal_spi.c ****   hspi->pRxBuffPtr += sizeof(uint16_t);
3409:Drivers/STM32F2xx_HAL_Driver/Src/stm32f2xx_hal_spi.c ****   hspi->RxXferCount--;
3410:Drivers/STM32F2xx_HAL_Driver/Src/stm32f2xx_hal_spi.c **** 
3411:Drivers/STM32F2xx_HAL_Driver/Src/stm32f2xx_hal_spi.c **** #if (USE_SPI_CRC != 0U)
3412:Drivers/STM32F2xx_HAL_Driver/Src/stm32f2xx_hal_spi.c ****   /* Enable CRC Transmission */
3413:Drivers/STM32F2xx_HAL_Driver/Src/stm32f2xx_hal_spi.c ****   if ((hspi->RxXferCount == 1U) && (hspi->Init.CRCCalculation == SPI_CRCCALCULATION_ENABLE))
3414:Drivers/STM32F2xx_HAL_Driver/Src/stm32f2xx_hal_spi.c ****   {
3415:Drivers/STM32F2xx_HAL_Driver/Src/stm32f2xx_hal_spi.c ****     SET_BIT(hspi->Instance->CR1, SPI_CR1_CRCNEXT);
3416:Drivers/STM32F2xx_HAL_Driver/Src/stm32f2xx_hal_spi.c ****   }
3417:Drivers/STM32F2xx_HAL_Driver/Src/stm32f2xx_hal_spi.c **** #endif /* USE_SPI_CRC */
3418:Drivers/STM32F2xx_HAL_Driver/Src/stm32f2xx_hal_spi.c **** 
3419:Drivers/STM32F2xx_HAL_Driver/Src/stm32f2xx_hal_spi.c ****   if (hspi->RxXferCount == 0U)
3420:Drivers/STM32F2xx_HAL_Driver/Src/stm32f2xx_hal_spi.c ****   {
3421:Drivers/STM32F2xx_HAL_Driver/Src/stm32f2xx_hal_spi.c **** #if (USE_SPI_CRC != 0U)
3422:Drivers/STM32F2xx_HAL_Driver/Src/stm32f2xx_hal_spi.c ****     if (hspi->Init.CRCCalculation == SPI_CRCCALCULATION_ENABLE)
3423:Drivers/STM32F2xx_HAL_Driver/Src/stm32f2xx_hal_spi.c ****     {
3424:Drivers/STM32F2xx_HAL_Driver/Src/stm32f2xx_hal_spi.c ****       hspi->RxISR = SPI_RxISR_16BITCRC;
3425:Drivers/STM32F2xx_HAL_Driver/Src/stm32f2xx_hal_spi.c ****       return;
3426:Drivers/STM32F2xx_HAL_Driver/Src/stm32f2xx_hal_spi.c ****     }
3427:Drivers/STM32F2xx_HAL_Driver/Src/stm32f2xx_hal_spi.c **** #endif /* USE_SPI_CRC */
3428:Drivers/STM32F2xx_HAL_Driver/Src/stm32f2xx_hal_spi.c ****     SPI_CloseRx_ISR(hspi);
3429:Drivers/STM32F2xx_HAL_Driver/Src/stm32f2xx_hal_spi.c ****   }
3430:Drivers/STM32F2xx_HAL_Driver/Src/stm32f2xx_hal_spi.c **** }
3431:Drivers/STM32F2xx_HAL_Driver/Src/stm32f2xx_hal_spi.c **** 
3432:Drivers/STM32F2xx_HAL_Driver/Src/stm32f2xx_hal_spi.c **** /**
3433:Drivers/STM32F2xx_HAL_Driver/Src/stm32f2xx_hal_spi.c ****   * @brief  Handle the data 8-bit transmit in Interrupt mode.
3434:Drivers/STM32F2xx_HAL_Driver/Src/stm32f2xx_hal_spi.c ****   * @param  hspi pointer to a SPI_HandleTypeDef structure that contains
3435:Drivers/STM32F2xx_HAL_Driver/Src/stm32f2xx_hal_spi.c ****   *               the configuration information for SPI module.
3436:Drivers/STM32F2xx_HAL_Driver/Src/stm32f2xx_hal_spi.c ****   * @retval None
3437:Drivers/STM32F2xx_HAL_Driver/Src/stm32f2xx_hal_spi.c ****   */
3438:Drivers/STM32F2xx_HAL_Driver/Src/stm32f2xx_hal_spi.c **** static void SPI_TxISR_8BIT(struct __SPI_HandleTypeDef *hspi)
3439:Drivers/STM32F2xx_HAL_Driver/Src/stm32f2xx_hal_spi.c **** {
3440:Drivers/STM32F2xx_HAL_Driver/Src/stm32f2xx_hal_spi.c ****   *(__IO uint8_t *)&hspi->Instance->DR = *((const uint8_t *)hspi->pTxBuffPtr);
3441:Drivers/STM32F2xx_HAL_Driver/Src/stm32f2xx_hal_spi.c ****   hspi->pTxBuffPtr++;
3442:Drivers/STM32F2xx_HAL_Driver/Src/stm32f2xx_hal_spi.c ****   hspi->TxXferCount--;
3443:Drivers/STM32F2xx_HAL_Driver/Src/stm32f2xx_hal_spi.c **** 
3444:Drivers/STM32F2xx_HAL_Driver/Src/stm32f2xx_hal_spi.c ****   if (hspi->TxXferCount == 0U)
3445:Drivers/STM32F2xx_HAL_Driver/Src/stm32f2xx_hal_spi.c ****   {
3446:Drivers/STM32F2xx_HAL_Driver/Src/stm32f2xx_hal_spi.c **** #if (USE_SPI_CRC != 0U)
3447:Drivers/STM32F2xx_HAL_Driver/Src/stm32f2xx_hal_spi.c ****     if (hspi->Init.CRCCalculation == SPI_CRCCALCULATION_ENABLE)
3448:Drivers/STM32F2xx_HAL_Driver/Src/stm32f2xx_hal_spi.c ****     {
3449:Drivers/STM32F2xx_HAL_Driver/Src/stm32f2xx_hal_spi.c ****       /* Enable CRC Transmission */
3450:Drivers/STM32F2xx_HAL_Driver/Src/stm32f2xx_hal_spi.c ****       SET_BIT(hspi->Instance->CR1, SPI_CR1_CRCNEXT);
3451:Drivers/STM32F2xx_HAL_Driver/Src/stm32f2xx_hal_spi.c ****     }
3452:Drivers/STM32F2xx_HAL_Driver/Src/stm32f2xx_hal_spi.c **** #endif /* USE_SPI_CRC */
ARM GAS  /var/folders/8x/_y6g3dfs0698dfd49y4vcg_w0000gn/T//ccpNuCLH.s 			page 62


3453:Drivers/STM32F2xx_HAL_Driver/Src/stm32f2xx_hal_spi.c ****     SPI_CloseTx_ISR(hspi);
3454:Drivers/STM32F2xx_HAL_Driver/Src/stm32f2xx_hal_spi.c ****   }
3455:Drivers/STM32F2xx_HAL_Driver/Src/stm32f2xx_hal_spi.c **** }
3456:Drivers/STM32F2xx_HAL_Driver/Src/stm32f2xx_hal_spi.c **** 
3457:Drivers/STM32F2xx_HAL_Driver/Src/stm32f2xx_hal_spi.c **** /**
3458:Drivers/STM32F2xx_HAL_Driver/Src/stm32f2xx_hal_spi.c ****   * @brief  Handle the data 16-bit transmit in Interrupt mode.
3459:Drivers/STM32F2xx_HAL_Driver/Src/stm32f2xx_hal_spi.c ****   * @param  hspi pointer to a SPI_HandleTypeDef structure that contains
3460:Drivers/STM32F2xx_HAL_Driver/Src/stm32f2xx_hal_spi.c ****   *               the configuration information for SPI module.
3461:Drivers/STM32F2xx_HAL_Driver/Src/stm32f2xx_hal_spi.c ****   * @retval None
3462:Drivers/STM32F2xx_HAL_Driver/Src/stm32f2xx_hal_spi.c ****   */
3463:Drivers/STM32F2xx_HAL_Driver/Src/stm32f2xx_hal_spi.c **** static void SPI_TxISR_16BIT(struct __SPI_HandleTypeDef *hspi)
3464:Drivers/STM32F2xx_HAL_Driver/Src/stm32f2xx_hal_spi.c **** {
3465:Drivers/STM32F2xx_HAL_Driver/Src/stm32f2xx_hal_spi.c ****   /* Transmit data in 16 Bit mode */
3466:Drivers/STM32F2xx_HAL_Driver/Src/stm32f2xx_hal_spi.c ****   hspi->Instance->DR = *((const uint16_t *)hspi->pTxBuffPtr);
3467:Drivers/STM32F2xx_HAL_Driver/Src/stm32f2xx_hal_spi.c ****   hspi->pTxBuffPtr += sizeof(uint16_t);
3468:Drivers/STM32F2xx_HAL_Driver/Src/stm32f2xx_hal_spi.c ****   hspi->TxXferCount--;
3469:Drivers/STM32F2xx_HAL_Driver/Src/stm32f2xx_hal_spi.c **** 
3470:Drivers/STM32F2xx_HAL_Driver/Src/stm32f2xx_hal_spi.c ****   if (hspi->TxXferCount == 0U)
3471:Drivers/STM32F2xx_HAL_Driver/Src/stm32f2xx_hal_spi.c ****   {
3472:Drivers/STM32F2xx_HAL_Driver/Src/stm32f2xx_hal_spi.c **** #if (USE_SPI_CRC != 0U)
3473:Drivers/STM32F2xx_HAL_Driver/Src/stm32f2xx_hal_spi.c ****     if (hspi->Init.CRCCalculation == SPI_CRCCALCULATION_ENABLE)
3474:Drivers/STM32F2xx_HAL_Driver/Src/stm32f2xx_hal_spi.c ****     {
3475:Drivers/STM32F2xx_HAL_Driver/Src/stm32f2xx_hal_spi.c ****       /* Enable CRC Transmission */
3476:Drivers/STM32F2xx_HAL_Driver/Src/stm32f2xx_hal_spi.c ****       SET_BIT(hspi->Instance->CR1, SPI_CR1_CRCNEXT);
3477:Drivers/STM32F2xx_HAL_Driver/Src/stm32f2xx_hal_spi.c ****     }
3478:Drivers/STM32F2xx_HAL_Driver/Src/stm32f2xx_hal_spi.c **** #endif /* USE_SPI_CRC */
3479:Drivers/STM32F2xx_HAL_Driver/Src/stm32f2xx_hal_spi.c ****     SPI_CloseTx_ISR(hspi);
3480:Drivers/STM32F2xx_HAL_Driver/Src/stm32f2xx_hal_spi.c ****   }
3481:Drivers/STM32F2xx_HAL_Driver/Src/stm32f2xx_hal_spi.c **** }
3482:Drivers/STM32F2xx_HAL_Driver/Src/stm32f2xx_hal_spi.c **** 
3483:Drivers/STM32F2xx_HAL_Driver/Src/stm32f2xx_hal_spi.c **** /**
3484:Drivers/STM32F2xx_HAL_Driver/Src/stm32f2xx_hal_spi.c ****   * @brief  Handle SPI Communication Timeout.
3485:Drivers/STM32F2xx_HAL_Driver/Src/stm32f2xx_hal_spi.c ****   * @param  hspi pointer to a SPI_HandleTypeDef structure that contains
3486:Drivers/STM32F2xx_HAL_Driver/Src/stm32f2xx_hal_spi.c ****   *              the configuration information for SPI module.
3487:Drivers/STM32F2xx_HAL_Driver/Src/stm32f2xx_hal_spi.c ****   * @param  Flag SPI flag to check
3488:Drivers/STM32F2xx_HAL_Driver/Src/stm32f2xx_hal_spi.c ****   * @param  State flag state to check
3489:Drivers/STM32F2xx_HAL_Driver/Src/stm32f2xx_hal_spi.c ****   * @param  Timeout Timeout duration
3490:Drivers/STM32F2xx_HAL_Driver/Src/stm32f2xx_hal_spi.c ****   * @param  Tickstart tick start value
3491:Drivers/STM32F2xx_HAL_Driver/Src/stm32f2xx_hal_spi.c ****   * @retval HAL status
3492:Drivers/STM32F2xx_HAL_Driver/Src/stm32f2xx_hal_spi.c ****   */
3493:Drivers/STM32F2xx_HAL_Driver/Src/stm32f2xx_hal_spi.c **** static HAL_StatusTypeDef SPI_WaitFlagStateUntilTimeout(SPI_HandleTypeDef *hspi, uint32_t Flag, Flag
3494:Drivers/STM32F2xx_HAL_Driver/Src/stm32f2xx_hal_spi.c ****                                                        uint32_t Timeout, uint32_t Tickstart)
3495:Drivers/STM32F2xx_HAL_Driver/Src/stm32f2xx_hal_spi.c **** {
3496:Drivers/STM32F2xx_HAL_Driver/Src/stm32f2xx_hal_spi.c ****   __IO uint32_t count;
3497:Drivers/STM32F2xx_HAL_Driver/Src/stm32f2xx_hal_spi.c ****   uint32_t tmp_timeout;
3498:Drivers/STM32F2xx_HAL_Driver/Src/stm32f2xx_hal_spi.c ****   uint32_t tmp_tickstart;
3499:Drivers/STM32F2xx_HAL_Driver/Src/stm32f2xx_hal_spi.c **** 
3500:Drivers/STM32F2xx_HAL_Driver/Src/stm32f2xx_hal_spi.c ****   /* Adjust Timeout value  in case of end of transfer */
3501:Drivers/STM32F2xx_HAL_Driver/Src/stm32f2xx_hal_spi.c ****   tmp_timeout   = Timeout - (HAL_GetTick() - Tickstart);
3502:Drivers/STM32F2xx_HAL_Driver/Src/stm32f2xx_hal_spi.c ****   tmp_tickstart = HAL_GetTick();
3503:Drivers/STM32F2xx_HAL_Driver/Src/stm32f2xx_hal_spi.c **** 
3504:Drivers/STM32F2xx_HAL_Driver/Src/stm32f2xx_hal_spi.c ****   /* Calculate Timeout based on a software loop to avoid blocking issue if Systick is disabled */
3505:Drivers/STM32F2xx_HAL_Driver/Src/stm32f2xx_hal_spi.c ****   count = tmp_timeout * ((SystemCoreClock * 32U) >> 20U);
3506:Drivers/STM32F2xx_HAL_Driver/Src/stm32f2xx_hal_spi.c **** 
3507:Drivers/STM32F2xx_HAL_Driver/Src/stm32f2xx_hal_spi.c ****   while ((__HAL_SPI_GET_FLAG(hspi, Flag) ? SET : RESET) != State)
3508:Drivers/STM32F2xx_HAL_Driver/Src/stm32f2xx_hal_spi.c ****   {
3509:Drivers/STM32F2xx_HAL_Driver/Src/stm32f2xx_hal_spi.c ****     if (Timeout != HAL_MAX_DELAY)
ARM GAS  /var/folders/8x/_y6g3dfs0698dfd49y4vcg_w0000gn/T//ccpNuCLH.s 			page 63


3510:Drivers/STM32F2xx_HAL_Driver/Src/stm32f2xx_hal_spi.c ****     {
3511:Drivers/STM32F2xx_HAL_Driver/Src/stm32f2xx_hal_spi.c ****       if (((HAL_GetTick() - tmp_tickstart) >= tmp_timeout) || (tmp_timeout == 0U))
3512:Drivers/STM32F2xx_HAL_Driver/Src/stm32f2xx_hal_spi.c ****       {
3513:Drivers/STM32F2xx_HAL_Driver/Src/stm32f2xx_hal_spi.c ****         /* Disable the SPI and reset the CRC: the CRC value should be cleared
3514:Drivers/STM32F2xx_HAL_Driver/Src/stm32f2xx_hal_spi.c ****            on both master and slave sides in order to resynchronize the master
3515:Drivers/STM32F2xx_HAL_Driver/Src/stm32f2xx_hal_spi.c ****            and slave for their respective CRC calculation */
3516:Drivers/STM32F2xx_HAL_Driver/Src/stm32f2xx_hal_spi.c **** 
3517:Drivers/STM32F2xx_HAL_Driver/Src/stm32f2xx_hal_spi.c ****         /* Disable TXE, RXNE and ERR interrupts for the interrupt process */
3518:Drivers/STM32F2xx_HAL_Driver/Src/stm32f2xx_hal_spi.c ****         __HAL_SPI_DISABLE_IT(hspi, (SPI_IT_TXE | SPI_IT_RXNE | SPI_IT_ERR));
3519:Drivers/STM32F2xx_HAL_Driver/Src/stm32f2xx_hal_spi.c **** 
3520:Drivers/STM32F2xx_HAL_Driver/Src/stm32f2xx_hal_spi.c ****         if ((hspi->Init.Mode == SPI_MODE_MASTER) && ((hspi->Init.Direction == SPI_DIRECTION_1LINE)
3521:Drivers/STM32F2xx_HAL_Driver/Src/stm32f2xx_hal_spi.c ****                                                      || (hspi->Init.Direction == SPI_DIRECTION_2LIN
3522:Drivers/STM32F2xx_HAL_Driver/Src/stm32f2xx_hal_spi.c ****         {
3523:Drivers/STM32F2xx_HAL_Driver/Src/stm32f2xx_hal_spi.c ****           /* Disable SPI peripheral */
3524:Drivers/STM32F2xx_HAL_Driver/Src/stm32f2xx_hal_spi.c ****           __HAL_SPI_DISABLE(hspi);
3525:Drivers/STM32F2xx_HAL_Driver/Src/stm32f2xx_hal_spi.c ****         }
3526:Drivers/STM32F2xx_HAL_Driver/Src/stm32f2xx_hal_spi.c **** 
3527:Drivers/STM32F2xx_HAL_Driver/Src/stm32f2xx_hal_spi.c ****         /* Reset CRC Calculation */
3528:Drivers/STM32F2xx_HAL_Driver/Src/stm32f2xx_hal_spi.c ****         if (hspi->Init.CRCCalculation == SPI_CRCCALCULATION_ENABLE)
3529:Drivers/STM32F2xx_HAL_Driver/Src/stm32f2xx_hal_spi.c ****         {
3530:Drivers/STM32F2xx_HAL_Driver/Src/stm32f2xx_hal_spi.c ****           SPI_RESET_CRC(hspi);
3531:Drivers/STM32F2xx_HAL_Driver/Src/stm32f2xx_hal_spi.c ****         }
3532:Drivers/STM32F2xx_HAL_Driver/Src/stm32f2xx_hal_spi.c **** 
3533:Drivers/STM32F2xx_HAL_Driver/Src/stm32f2xx_hal_spi.c ****         hspi->State = HAL_SPI_STATE_READY;
3534:Drivers/STM32F2xx_HAL_Driver/Src/stm32f2xx_hal_spi.c **** 
3535:Drivers/STM32F2xx_HAL_Driver/Src/stm32f2xx_hal_spi.c ****         /* Process Unlocked */
3536:Drivers/STM32F2xx_HAL_Driver/Src/stm32f2xx_hal_spi.c ****         __HAL_UNLOCK(hspi);
3537:Drivers/STM32F2xx_HAL_Driver/Src/stm32f2xx_hal_spi.c **** 
3538:Drivers/STM32F2xx_HAL_Driver/Src/stm32f2xx_hal_spi.c ****         return HAL_TIMEOUT;
3539:Drivers/STM32F2xx_HAL_Driver/Src/stm32f2xx_hal_spi.c ****       }
3540:Drivers/STM32F2xx_HAL_Driver/Src/stm32f2xx_hal_spi.c ****       /* If Systick is disabled or not incremented, deactivate timeout to go in disable loop proced
3541:Drivers/STM32F2xx_HAL_Driver/Src/stm32f2xx_hal_spi.c ****       if (count == 0U)
3542:Drivers/STM32F2xx_HAL_Driver/Src/stm32f2xx_hal_spi.c ****       {
3543:Drivers/STM32F2xx_HAL_Driver/Src/stm32f2xx_hal_spi.c ****         tmp_timeout = 0U;
3544:Drivers/STM32F2xx_HAL_Driver/Src/stm32f2xx_hal_spi.c ****       }
3545:Drivers/STM32F2xx_HAL_Driver/Src/stm32f2xx_hal_spi.c ****       count--;
3546:Drivers/STM32F2xx_HAL_Driver/Src/stm32f2xx_hal_spi.c ****     }
3547:Drivers/STM32F2xx_HAL_Driver/Src/stm32f2xx_hal_spi.c ****   }
3548:Drivers/STM32F2xx_HAL_Driver/Src/stm32f2xx_hal_spi.c **** 
3549:Drivers/STM32F2xx_HAL_Driver/Src/stm32f2xx_hal_spi.c ****   return HAL_OK;
3550:Drivers/STM32F2xx_HAL_Driver/Src/stm32f2xx_hal_spi.c **** }
3551:Drivers/STM32F2xx_HAL_Driver/Src/stm32f2xx_hal_spi.c **** 
3552:Drivers/STM32F2xx_HAL_Driver/Src/stm32f2xx_hal_spi.c **** /**
3553:Drivers/STM32F2xx_HAL_Driver/Src/stm32f2xx_hal_spi.c ****   * @brief  Handle the check of the RX transaction complete.
3554:Drivers/STM32F2xx_HAL_Driver/Src/stm32f2xx_hal_spi.c ****   * @param  hspi pointer to a SPI_HandleTypeDef structure that contains
3555:Drivers/STM32F2xx_HAL_Driver/Src/stm32f2xx_hal_spi.c ****   *               the configuration information for SPI module.
3556:Drivers/STM32F2xx_HAL_Driver/Src/stm32f2xx_hal_spi.c ****   * @param  Timeout Timeout duration
3557:Drivers/STM32F2xx_HAL_Driver/Src/stm32f2xx_hal_spi.c ****   * @param  Tickstart tick start value
3558:Drivers/STM32F2xx_HAL_Driver/Src/stm32f2xx_hal_spi.c ****   * @retval HAL status
3559:Drivers/STM32F2xx_HAL_Driver/Src/stm32f2xx_hal_spi.c ****   */
3560:Drivers/STM32F2xx_HAL_Driver/Src/stm32f2xx_hal_spi.c **** static HAL_StatusTypeDef SPI_EndRxTransaction(SPI_HandleTypeDef *hspi,  uint32_t Timeout, uint32_t 
3561:Drivers/STM32F2xx_HAL_Driver/Src/stm32f2xx_hal_spi.c **** {
3562:Drivers/STM32F2xx_HAL_Driver/Src/stm32f2xx_hal_spi.c ****   if ((hspi->Init.Mode == SPI_MODE_MASTER) && ((hspi->Init.Direction == SPI_DIRECTION_1LINE)
3563:Drivers/STM32F2xx_HAL_Driver/Src/stm32f2xx_hal_spi.c ****                                                || (hspi->Init.Direction == SPI_DIRECTION_2LINES_RXO
3564:Drivers/STM32F2xx_HAL_Driver/Src/stm32f2xx_hal_spi.c ****   {
3565:Drivers/STM32F2xx_HAL_Driver/Src/stm32f2xx_hal_spi.c ****     /* Disable SPI peripheral */
3566:Drivers/STM32F2xx_HAL_Driver/Src/stm32f2xx_hal_spi.c ****     __HAL_SPI_DISABLE(hspi);
ARM GAS  /var/folders/8x/_y6g3dfs0698dfd49y4vcg_w0000gn/T//ccpNuCLH.s 			page 64


3567:Drivers/STM32F2xx_HAL_Driver/Src/stm32f2xx_hal_spi.c ****   }
3568:Drivers/STM32F2xx_HAL_Driver/Src/stm32f2xx_hal_spi.c **** 
3569:Drivers/STM32F2xx_HAL_Driver/Src/stm32f2xx_hal_spi.c ****   /* Control the BSY flag */
3570:Drivers/STM32F2xx_HAL_Driver/Src/stm32f2xx_hal_spi.c ****   if (SPI_WaitFlagStateUntilTimeout(hspi, SPI_FLAG_BSY, RESET, Timeout, Tickstart) != HAL_OK)
3571:Drivers/STM32F2xx_HAL_Driver/Src/stm32f2xx_hal_spi.c ****   {
3572:Drivers/STM32F2xx_HAL_Driver/Src/stm32f2xx_hal_spi.c ****     SET_BIT(hspi->ErrorCode, HAL_SPI_ERROR_FLAG);
3573:Drivers/STM32F2xx_HAL_Driver/Src/stm32f2xx_hal_spi.c ****     return HAL_TIMEOUT;
3574:Drivers/STM32F2xx_HAL_Driver/Src/stm32f2xx_hal_spi.c ****   }
3575:Drivers/STM32F2xx_HAL_Driver/Src/stm32f2xx_hal_spi.c ****   return HAL_OK;
3576:Drivers/STM32F2xx_HAL_Driver/Src/stm32f2xx_hal_spi.c **** }
3577:Drivers/STM32F2xx_HAL_Driver/Src/stm32f2xx_hal_spi.c **** 
3578:Drivers/STM32F2xx_HAL_Driver/Src/stm32f2xx_hal_spi.c **** /**
3579:Drivers/STM32F2xx_HAL_Driver/Src/stm32f2xx_hal_spi.c ****   * @brief  Handle the check of the RXTX or TX transaction complete.
3580:Drivers/STM32F2xx_HAL_Driver/Src/stm32f2xx_hal_spi.c ****   * @param  hspi SPI handle
3581:Drivers/STM32F2xx_HAL_Driver/Src/stm32f2xx_hal_spi.c ****   * @param  Timeout Timeout duration
3582:Drivers/STM32F2xx_HAL_Driver/Src/stm32f2xx_hal_spi.c ****   * @param  Tickstart tick start value
3583:Drivers/STM32F2xx_HAL_Driver/Src/stm32f2xx_hal_spi.c ****   * @retval HAL status
3584:Drivers/STM32F2xx_HAL_Driver/Src/stm32f2xx_hal_spi.c ****   */
3585:Drivers/STM32F2xx_HAL_Driver/Src/stm32f2xx_hal_spi.c **** static HAL_StatusTypeDef SPI_EndRxTxTransaction(SPI_HandleTypeDef *hspi, uint32_t Timeout, uint32_t
3586:Drivers/STM32F2xx_HAL_Driver/Src/stm32f2xx_hal_spi.c **** {
3587:Drivers/STM32F2xx_HAL_Driver/Src/stm32f2xx_hal_spi.c ****   /* Wait until TXE flag */
3588:Drivers/STM32F2xx_HAL_Driver/Src/stm32f2xx_hal_spi.c ****   if (SPI_WaitFlagStateUntilTimeout(hspi, SPI_FLAG_TXE, SET, Timeout, Tickstart) != HAL_OK)
3589:Drivers/STM32F2xx_HAL_Driver/Src/stm32f2xx_hal_spi.c ****   {
3590:Drivers/STM32F2xx_HAL_Driver/Src/stm32f2xx_hal_spi.c ****     SET_BIT(hspi->ErrorCode, HAL_SPI_ERROR_FLAG);
3591:Drivers/STM32F2xx_HAL_Driver/Src/stm32f2xx_hal_spi.c ****     return HAL_TIMEOUT;
3592:Drivers/STM32F2xx_HAL_Driver/Src/stm32f2xx_hal_spi.c ****   }
3593:Drivers/STM32F2xx_HAL_Driver/Src/stm32f2xx_hal_spi.c **** 
3594:Drivers/STM32F2xx_HAL_Driver/Src/stm32f2xx_hal_spi.c ****   /* Control the BSY flag */
3595:Drivers/STM32F2xx_HAL_Driver/Src/stm32f2xx_hal_spi.c ****   if (SPI_WaitFlagStateUntilTimeout(hspi, SPI_FLAG_BSY, RESET, Timeout, Tickstart) != HAL_OK)
3596:Drivers/STM32F2xx_HAL_Driver/Src/stm32f2xx_hal_spi.c ****   {
3597:Drivers/STM32F2xx_HAL_Driver/Src/stm32f2xx_hal_spi.c ****     SET_BIT(hspi->ErrorCode, HAL_SPI_ERROR_FLAG);
3598:Drivers/STM32F2xx_HAL_Driver/Src/stm32f2xx_hal_spi.c ****     return HAL_TIMEOUT;
3599:Drivers/STM32F2xx_HAL_Driver/Src/stm32f2xx_hal_spi.c ****   }
3600:Drivers/STM32F2xx_HAL_Driver/Src/stm32f2xx_hal_spi.c ****   return HAL_OK;
3601:Drivers/STM32F2xx_HAL_Driver/Src/stm32f2xx_hal_spi.c **** }
3602:Drivers/STM32F2xx_HAL_Driver/Src/stm32f2xx_hal_spi.c **** 
3603:Drivers/STM32F2xx_HAL_Driver/Src/stm32f2xx_hal_spi.c **** /**
3604:Drivers/STM32F2xx_HAL_Driver/Src/stm32f2xx_hal_spi.c ****   * @brief  Handle the end of the RXTX transaction.
3605:Drivers/STM32F2xx_HAL_Driver/Src/stm32f2xx_hal_spi.c ****   * @param  hspi pointer to a SPI_HandleTypeDef structure that contains
3606:Drivers/STM32F2xx_HAL_Driver/Src/stm32f2xx_hal_spi.c ****   *               the configuration information for SPI module.
3607:Drivers/STM32F2xx_HAL_Driver/Src/stm32f2xx_hal_spi.c ****   * @retval None
3608:Drivers/STM32F2xx_HAL_Driver/Src/stm32f2xx_hal_spi.c ****   */
3609:Drivers/STM32F2xx_HAL_Driver/Src/stm32f2xx_hal_spi.c **** static void SPI_CloseRxTx_ISR(SPI_HandleTypeDef *hspi)
3610:Drivers/STM32F2xx_HAL_Driver/Src/stm32f2xx_hal_spi.c **** {
3611:Drivers/STM32F2xx_HAL_Driver/Src/stm32f2xx_hal_spi.c ****   uint32_t tickstart;
3612:Drivers/STM32F2xx_HAL_Driver/Src/stm32f2xx_hal_spi.c ****   __IO uint32_t count = SPI_DEFAULT_TIMEOUT * (SystemCoreClock / 24U / 1000U);
3613:Drivers/STM32F2xx_HAL_Driver/Src/stm32f2xx_hal_spi.c **** 
3614:Drivers/STM32F2xx_HAL_Driver/Src/stm32f2xx_hal_spi.c ****   /* Init tickstart for timeout management */
3615:Drivers/STM32F2xx_HAL_Driver/Src/stm32f2xx_hal_spi.c ****   tickstart = HAL_GetTick();
3616:Drivers/STM32F2xx_HAL_Driver/Src/stm32f2xx_hal_spi.c **** 
3617:Drivers/STM32F2xx_HAL_Driver/Src/stm32f2xx_hal_spi.c ****   /* Disable ERR interrupt */
3618:Drivers/STM32F2xx_HAL_Driver/Src/stm32f2xx_hal_spi.c ****   __HAL_SPI_DISABLE_IT(hspi, SPI_IT_ERR);
3619:Drivers/STM32F2xx_HAL_Driver/Src/stm32f2xx_hal_spi.c **** 
3620:Drivers/STM32F2xx_HAL_Driver/Src/stm32f2xx_hal_spi.c ****   /* Wait until TXE flag is set */
3621:Drivers/STM32F2xx_HAL_Driver/Src/stm32f2xx_hal_spi.c ****   do
3622:Drivers/STM32F2xx_HAL_Driver/Src/stm32f2xx_hal_spi.c ****   {
3623:Drivers/STM32F2xx_HAL_Driver/Src/stm32f2xx_hal_spi.c ****     if (count == 0U)
ARM GAS  /var/folders/8x/_y6g3dfs0698dfd49y4vcg_w0000gn/T//ccpNuCLH.s 			page 65


3624:Drivers/STM32F2xx_HAL_Driver/Src/stm32f2xx_hal_spi.c ****     {
3625:Drivers/STM32F2xx_HAL_Driver/Src/stm32f2xx_hal_spi.c ****       SET_BIT(hspi->ErrorCode, HAL_SPI_ERROR_FLAG);
3626:Drivers/STM32F2xx_HAL_Driver/Src/stm32f2xx_hal_spi.c ****       break;
3627:Drivers/STM32F2xx_HAL_Driver/Src/stm32f2xx_hal_spi.c ****     }
3628:Drivers/STM32F2xx_HAL_Driver/Src/stm32f2xx_hal_spi.c ****     count--;
3629:Drivers/STM32F2xx_HAL_Driver/Src/stm32f2xx_hal_spi.c ****   } while ((hspi->Instance->SR & SPI_FLAG_TXE) == RESET);
3630:Drivers/STM32F2xx_HAL_Driver/Src/stm32f2xx_hal_spi.c **** 
3631:Drivers/STM32F2xx_HAL_Driver/Src/stm32f2xx_hal_spi.c ****   /* Check the end of the transaction */
3632:Drivers/STM32F2xx_HAL_Driver/Src/stm32f2xx_hal_spi.c ****   if (SPI_EndRxTxTransaction(hspi, SPI_DEFAULT_TIMEOUT, tickstart) != HAL_OK)
3633:Drivers/STM32F2xx_HAL_Driver/Src/stm32f2xx_hal_spi.c ****   {
3634:Drivers/STM32F2xx_HAL_Driver/Src/stm32f2xx_hal_spi.c ****     SET_BIT(hspi->ErrorCode, HAL_SPI_ERROR_FLAG);
3635:Drivers/STM32F2xx_HAL_Driver/Src/stm32f2xx_hal_spi.c ****   }
3636:Drivers/STM32F2xx_HAL_Driver/Src/stm32f2xx_hal_spi.c **** 
3637:Drivers/STM32F2xx_HAL_Driver/Src/stm32f2xx_hal_spi.c ****   /* Clear overrun flag in 2 Lines communication mode because received is not read */
3638:Drivers/STM32F2xx_HAL_Driver/Src/stm32f2xx_hal_spi.c ****   if (hspi->Init.Direction == SPI_DIRECTION_2LINES)
3639:Drivers/STM32F2xx_HAL_Driver/Src/stm32f2xx_hal_spi.c ****   {
3640:Drivers/STM32F2xx_HAL_Driver/Src/stm32f2xx_hal_spi.c ****     __HAL_SPI_CLEAR_OVRFLAG(hspi);
3641:Drivers/STM32F2xx_HAL_Driver/Src/stm32f2xx_hal_spi.c ****   }
3642:Drivers/STM32F2xx_HAL_Driver/Src/stm32f2xx_hal_spi.c **** 
3643:Drivers/STM32F2xx_HAL_Driver/Src/stm32f2xx_hal_spi.c **** #if (USE_SPI_CRC != 0U)
3644:Drivers/STM32F2xx_HAL_Driver/Src/stm32f2xx_hal_spi.c ****   /* Check if CRC error occurred */
3645:Drivers/STM32F2xx_HAL_Driver/Src/stm32f2xx_hal_spi.c ****   if (__HAL_SPI_GET_FLAG(hspi, SPI_FLAG_CRCERR) != RESET)
3646:Drivers/STM32F2xx_HAL_Driver/Src/stm32f2xx_hal_spi.c ****   {
3647:Drivers/STM32F2xx_HAL_Driver/Src/stm32f2xx_hal_spi.c ****     hspi->State = HAL_SPI_STATE_READY;
3648:Drivers/STM32F2xx_HAL_Driver/Src/stm32f2xx_hal_spi.c ****     SET_BIT(hspi->ErrorCode, HAL_SPI_ERROR_CRC);
3649:Drivers/STM32F2xx_HAL_Driver/Src/stm32f2xx_hal_spi.c ****     __HAL_SPI_CLEAR_CRCERRFLAG(hspi);
3650:Drivers/STM32F2xx_HAL_Driver/Src/stm32f2xx_hal_spi.c ****     /* Call user error callback */
3651:Drivers/STM32F2xx_HAL_Driver/Src/stm32f2xx_hal_spi.c **** #if (USE_HAL_SPI_REGISTER_CALLBACKS == 1U)
3652:Drivers/STM32F2xx_HAL_Driver/Src/stm32f2xx_hal_spi.c ****     hspi->ErrorCallback(hspi);
3653:Drivers/STM32F2xx_HAL_Driver/Src/stm32f2xx_hal_spi.c **** #else
3654:Drivers/STM32F2xx_HAL_Driver/Src/stm32f2xx_hal_spi.c ****     HAL_SPI_ErrorCallback(hspi);
3655:Drivers/STM32F2xx_HAL_Driver/Src/stm32f2xx_hal_spi.c **** #endif /* USE_HAL_SPI_REGISTER_CALLBACKS */
3656:Drivers/STM32F2xx_HAL_Driver/Src/stm32f2xx_hal_spi.c ****   }
3657:Drivers/STM32F2xx_HAL_Driver/Src/stm32f2xx_hal_spi.c ****   else
3658:Drivers/STM32F2xx_HAL_Driver/Src/stm32f2xx_hal_spi.c ****   {
3659:Drivers/STM32F2xx_HAL_Driver/Src/stm32f2xx_hal_spi.c **** #endif /* USE_SPI_CRC */
3660:Drivers/STM32F2xx_HAL_Driver/Src/stm32f2xx_hal_spi.c ****     if (hspi->ErrorCode == HAL_SPI_ERROR_NONE)
3661:Drivers/STM32F2xx_HAL_Driver/Src/stm32f2xx_hal_spi.c ****     {
3662:Drivers/STM32F2xx_HAL_Driver/Src/stm32f2xx_hal_spi.c ****       if (hspi->State == HAL_SPI_STATE_BUSY_RX)
3663:Drivers/STM32F2xx_HAL_Driver/Src/stm32f2xx_hal_spi.c ****       {
3664:Drivers/STM32F2xx_HAL_Driver/Src/stm32f2xx_hal_spi.c ****         hspi->State = HAL_SPI_STATE_READY;
3665:Drivers/STM32F2xx_HAL_Driver/Src/stm32f2xx_hal_spi.c ****         /* Call user Rx complete callback */
3666:Drivers/STM32F2xx_HAL_Driver/Src/stm32f2xx_hal_spi.c **** #if (USE_HAL_SPI_REGISTER_CALLBACKS == 1U)
3667:Drivers/STM32F2xx_HAL_Driver/Src/stm32f2xx_hal_spi.c ****         hspi->RxCpltCallback(hspi);
3668:Drivers/STM32F2xx_HAL_Driver/Src/stm32f2xx_hal_spi.c **** #else
3669:Drivers/STM32F2xx_HAL_Driver/Src/stm32f2xx_hal_spi.c ****         HAL_SPI_RxCpltCallback(hspi);
3670:Drivers/STM32F2xx_HAL_Driver/Src/stm32f2xx_hal_spi.c **** #endif /* USE_HAL_SPI_REGISTER_CALLBACKS */
3671:Drivers/STM32F2xx_HAL_Driver/Src/stm32f2xx_hal_spi.c ****       }
3672:Drivers/STM32F2xx_HAL_Driver/Src/stm32f2xx_hal_spi.c ****       else
3673:Drivers/STM32F2xx_HAL_Driver/Src/stm32f2xx_hal_spi.c ****       {
3674:Drivers/STM32F2xx_HAL_Driver/Src/stm32f2xx_hal_spi.c ****         hspi->State = HAL_SPI_STATE_READY;
3675:Drivers/STM32F2xx_HAL_Driver/Src/stm32f2xx_hal_spi.c ****         /* Call user TxRx complete callback */
3676:Drivers/STM32F2xx_HAL_Driver/Src/stm32f2xx_hal_spi.c **** #if (USE_HAL_SPI_REGISTER_CALLBACKS == 1U)
3677:Drivers/STM32F2xx_HAL_Driver/Src/stm32f2xx_hal_spi.c ****         hspi->TxRxCpltCallback(hspi);
3678:Drivers/STM32F2xx_HAL_Driver/Src/stm32f2xx_hal_spi.c **** #else
3679:Drivers/STM32F2xx_HAL_Driver/Src/stm32f2xx_hal_spi.c ****         HAL_SPI_TxRxCpltCallback(hspi);
3680:Drivers/STM32F2xx_HAL_Driver/Src/stm32f2xx_hal_spi.c **** #endif /* USE_HAL_SPI_REGISTER_CALLBACKS */
ARM GAS  /var/folders/8x/_y6g3dfs0698dfd49y4vcg_w0000gn/T//ccpNuCLH.s 			page 66


3681:Drivers/STM32F2xx_HAL_Driver/Src/stm32f2xx_hal_spi.c ****       }
3682:Drivers/STM32F2xx_HAL_Driver/Src/stm32f2xx_hal_spi.c ****     }
3683:Drivers/STM32F2xx_HAL_Driver/Src/stm32f2xx_hal_spi.c ****     else
3684:Drivers/STM32F2xx_HAL_Driver/Src/stm32f2xx_hal_spi.c ****     {
3685:Drivers/STM32F2xx_HAL_Driver/Src/stm32f2xx_hal_spi.c ****       hspi->State = HAL_SPI_STATE_READY;
3686:Drivers/STM32F2xx_HAL_Driver/Src/stm32f2xx_hal_spi.c ****       /* Call user error callback */
3687:Drivers/STM32F2xx_HAL_Driver/Src/stm32f2xx_hal_spi.c **** #if (USE_HAL_SPI_REGISTER_CALLBACKS == 1U)
3688:Drivers/STM32F2xx_HAL_Driver/Src/stm32f2xx_hal_spi.c ****       hspi->ErrorCallback(hspi);
3689:Drivers/STM32F2xx_HAL_Driver/Src/stm32f2xx_hal_spi.c **** #else
3690:Drivers/STM32F2xx_HAL_Driver/Src/stm32f2xx_hal_spi.c ****       HAL_SPI_ErrorCallback(hspi);
3691:Drivers/STM32F2xx_HAL_Driver/Src/stm32f2xx_hal_spi.c **** #endif /* USE_HAL_SPI_REGISTER_CALLBACKS */
3692:Drivers/STM32F2xx_HAL_Driver/Src/stm32f2xx_hal_spi.c ****     }
3693:Drivers/STM32F2xx_HAL_Driver/Src/stm32f2xx_hal_spi.c **** #if (USE_SPI_CRC != 0U)
3694:Drivers/STM32F2xx_HAL_Driver/Src/stm32f2xx_hal_spi.c ****   }
3695:Drivers/STM32F2xx_HAL_Driver/Src/stm32f2xx_hal_spi.c **** #endif /* USE_SPI_CRC */
3696:Drivers/STM32F2xx_HAL_Driver/Src/stm32f2xx_hal_spi.c **** }
3697:Drivers/STM32F2xx_HAL_Driver/Src/stm32f2xx_hal_spi.c **** 
3698:Drivers/STM32F2xx_HAL_Driver/Src/stm32f2xx_hal_spi.c **** /**
3699:Drivers/STM32F2xx_HAL_Driver/Src/stm32f2xx_hal_spi.c ****   * @brief  Handle the end of the RX transaction.
3700:Drivers/STM32F2xx_HAL_Driver/Src/stm32f2xx_hal_spi.c ****   * @param  hspi pointer to a SPI_HandleTypeDef structure that contains
3701:Drivers/STM32F2xx_HAL_Driver/Src/stm32f2xx_hal_spi.c ****   *               the configuration information for SPI module.
3702:Drivers/STM32F2xx_HAL_Driver/Src/stm32f2xx_hal_spi.c ****   * @retval None
3703:Drivers/STM32F2xx_HAL_Driver/Src/stm32f2xx_hal_spi.c ****   */
3704:Drivers/STM32F2xx_HAL_Driver/Src/stm32f2xx_hal_spi.c **** static void SPI_CloseRx_ISR(SPI_HandleTypeDef *hspi)
3705:Drivers/STM32F2xx_HAL_Driver/Src/stm32f2xx_hal_spi.c **** {
3706:Drivers/STM32F2xx_HAL_Driver/Src/stm32f2xx_hal_spi.c ****   /* Disable RXNE and ERR interrupt */
3707:Drivers/STM32F2xx_HAL_Driver/Src/stm32f2xx_hal_spi.c ****   __HAL_SPI_DISABLE_IT(hspi, (SPI_IT_RXNE | SPI_IT_ERR));
3708:Drivers/STM32F2xx_HAL_Driver/Src/stm32f2xx_hal_spi.c **** 
3709:Drivers/STM32F2xx_HAL_Driver/Src/stm32f2xx_hal_spi.c ****   /* Check the end of the transaction */
3710:Drivers/STM32F2xx_HAL_Driver/Src/stm32f2xx_hal_spi.c ****   if (SPI_EndRxTransaction(hspi, SPI_DEFAULT_TIMEOUT, HAL_GetTick()) != HAL_OK)
3711:Drivers/STM32F2xx_HAL_Driver/Src/stm32f2xx_hal_spi.c ****   {
3712:Drivers/STM32F2xx_HAL_Driver/Src/stm32f2xx_hal_spi.c ****     SET_BIT(hspi->ErrorCode, HAL_SPI_ERROR_FLAG);
3713:Drivers/STM32F2xx_HAL_Driver/Src/stm32f2xx_hal_spi.c ****   }
3714:Drivers/STM32F2xx_HAL_Driver/Src/stm32f2xx_hal_spi.c **** 
3715:Drivers/STM32F2xx_HAL_Driver/Src/stm32f2xx_hal_spi.c ****   /* Clear overrun flag in 2 Lines communication mode because received is not read */
3716:Drivers/STM32F2xx_HAL_Driver/Src/stm32f2xx_hal_spi.c ****   if (hspi->Init.Direction == SPI_DIRECTION_2LINES)
3717:Drivers/STM32F2xx_HAL_Driver/Src/stm32f2xx_hal_spi.c ****   {
3718:Drivers/STM32F2xx_HAL_Driver/Src/stm32f2xx_hal_spi.c ****     __HAL_SPI_CLEAR_OVRFLAG(hspi);
3719:Drivers/STM32F2xx_HAL_Driver/Src/stm32f2xx_hal_spi.c ****   }
3720:Drivers/STM32F2xx_HAL_Driver/Src/stm32f2xx_hal_spi.c ****   hspi->State = HAL_SPI_STATE_READY;
3721:Drivers/STM32F2xx_HAL_Driver/Src/stm32f2xx_hal_spi.c **** 
3722:Drivers/STM32F2xx_HAL_Driver/Src/stm32f2xx_hal_spi.c **** #if (USE_SPI_CRC != 0U)
3723:Drivers/STM32F2xx_HAL_Driver/Src/stm32f2xx_hal_spi.c ****   /* Check if CRC error occurred */
3724:Drivers/STM32F2xx_HAL_Driver/Src/stm32f2xx_hal_spi.c ****   if (__HAL_SPI_GET_FLAG(hspi, SPI_FLAG_CRCERR) != RESET)
3725:Drivers/STM32F2xx_HAL_Driver/Src/stm32f2xx_hal_spi.c ****   {
3726:Drivers/STM32F2xx_HAL_Driver/Src/stm32f2xx_hal_spi.c ****     SET_BIT(hspi->ErrorCode, HAL_SPI_ERROR_CRC);
3727:Drivers/STM32F2xx_HAL_Driver/Src/stm32f2xx_hal_spi.c ****     __HAL_SPI_CLEAR_CRCERRFLAG(hspi);
3728:Drivers/STM32F2xx_HAL_Driver/Src/stm32f2xx_hal_spi.c ****     /* Call user error callback */
3729:Drivers/STM32F2xx_HAL_Driver/Src/stm32f2xx_hal_spi.c **** #if (USE_HAL_SPI_REGISTER_CALLBACKS == 1U)
3730:Drivers/STM32F2xx_HAL_Driver/Src/stm32f2xx_hal_spi.c ****     hspi->ErrorCallback(hspi);
3731:Drivers/STM32F2xx_HAL_Driver/Src/stm32f2xx_hal_spi.c **** #else
3732:Drivers/STM32F2xx_HAL_Driver/Src/stm32f2xx_hal_spi.c ****     HAL_SPI_ErrorCallback(hspi);
3733:Drivers/STM32F2xx_HAL_Driver/Src/stm32f2xx_hal_spi.c **** #endif /* USE_HAL_SPI_REGISTER_CALLBACKS */
3734:Drivers/STM32F2xx_HAL_Driver/Src/stm32f2xx_hal_spi.c ****   }
3735:Drivers/STM32F2xx_HAL_Driver/Src/stm32f2xx_hal_spi.c ****   else
3736:Drivers/STM32F2xx_HAL_Driver/Src/stm32f2xx_hal_spi.c ****   {
3737:Drivers/STM32F2xx_HAL_Driver/Src/stm32f2xx_hal_spi.c **** #endif /* USE_SPI_CRC */
ARM GAS  /var/folders/8x/_y6g3dfs0698dfd49y4vcg_w0000gn/T//ccpNuCLH.s 			page 67


3738:Drivers/STM32F2xx_HAL_Driver/Src/stm32f2xx_hal_spi.c ****     if (hspi->ErrorCode == HAL_SPI_ERROR_NONE)
3739:Drivers/STM32F2xx_HAL_Driver/Src/stm32f2xx_hal_spi.c ****     {
3740:Drivers/STM32F2xx_HAL_Driver/Src/stm32f2xx_hal_spi.c ****       /* Call user Rx complete callback */
3741:Drivers/STM32F2xx_HAL_Driver/Src/stm32f2xx_hal_spi.c **** #if (USE_HAL_SPI_REGISTER_CALLBACKS == 1U)
3742:Drivers/STM32F2xx_HAL_Driver/Src/stm32f2xx_hal_spi.c ****       hspi->RxCpltCallback(hspi);
3743:Drivers/STM32F2xx_HAL_Driver/Src/stm32f2xx_hal_spi.c **** #else
3744:Drivers/STM32F2xx_HAL_Driver/Src/stm32f2xx_hal_spi.c ****       HAL_SPI_RxCpltCallback(hspi);
3745:Drivers/STM32F2xx_HAL_Driver/Src/stm32f2xx_hal_spi.c **** #endif /* USE_HAL_SPI_REGISTER_CALLBACKS */
3746:Drivers/STM32F2xx_HAL_Driver/Src/stm32f2xx_hal_spi.c ****     }
3747:Drivers/STM32F2xx_HAL_Driver/Src/stm32f2xx_hal_spi.c ****     else
3748:Drivers/STM32F2xx_HAL_Driver/Src/stm32f2xx_hal_spi.c ****     {
3749:Drivers/STM32F2xx_HAL_Driver/Src/stm32f2xx_hal_spi.c ****       /* Call user error callback */
3750:Drivers/STM32F2xx_HAL_Driver/Src/stm32f2xx_hal_spi.c **** #if (USE_HAL_SPI_REGISTER_CALLBACKS == 1U)
3751:Drivers/STM32F2xx_HAL_Driver/Src/stm32f2xx_hal_spi.c ****       hspi->ErrorCallback(hspi);
3752:Drivers/STM32F2xx_HAL_Driver/Src/stm32f2xx_hal_spi.c **** #else
3753:Drivers/STM32F2xx_HAL_Driver/Src/stm32f2xx_hal_spi.c ****       HAL_SPI_ErrorCallback(hspi);
3754:Drivers/STM32F2xx_HAL_Driver/Src/stm32f2xx_hal_spi.c **** #endif /* USE_HAL_SPI_REGISTER_CALLBACKS */
3755:Drivers/STM32F2xx_HAL_Driver/Src/stm32f2xx_hal_spi.c ****     }
3756:Drivers/STM32F2xx_HAL_Driver/Src/stm32f2xx_hal_spi.c **** #if (USE_SPI_CRC != 0U)
3757:Drivers/STM32F2xx_HAL_Driver/Src/stm32f2xx_hal_spi.c ****   }
3758:Drivers/STM32F2xx_HAL_Driver/Src/stm32f2xx_hal_spi.c **** #endif /* USE_SPI_CRC */
3759:Drivers/STM32F2xx_HAL_Driver/Src/stm32f2xx_hal_spi.c **** }
3760:Drivers/STM32F2xx_HAL_Driver/Src/stm32f2xx_hal_spi.c **** 
3761:Drivers/STM32F2xx_HAL_Driver/Src/stm32f2xx_hal_spi.c **** /**
3762:Drivers/STM32F2xx_HAL_Driver/Src/stm32f2xx_hal_spi.c ****   * @brief  Handle the end of the TX transaction.
3763:Drivers/STM32F2xx_HAL_Driver/Src/stm32f2xx_hal_spi.c ****   * @param  hspi pointer to a SPI_HandleTypeDef structure that contains
3764:Drivers/STM32F2xx_HAL_Driver/Src/stm32f2xx_hal_spi.c ****   *               the configuration information for SPI module.
3765:Drivers/STM32F2xx_HAL_Driver/Src/stm32f2xx_hal_spi.c ****   * @retval None
3766:Drivers/STM32F2xx_HAL_Driver/Src/stm32f2xx_hal_spi.c ****   */
3767:Drivers/STM32F2xx_HAL_Driver/Src/stm32f2xx_hal_spi.c **** static void SPI_CloseTx_ISR(SPI_HandleTypeDef *hspi)
3768:Drivers/STM32F2xx_HAL_Driver/Src/stm32f2xx_hal_spi.c **** {
3769:Drivers/STM32F2xx_HAL_Driver/Src/stm32f2xx_hal_spi.c ****   uint32_t tickstart;
3770:Drivers/STM32F2xx_HAL_Driver/Src/stm32f2xx_hal_spi.c ****   __IO uint32_t count = SPI_DEFAULT_TIMEOUT * (SystemCoreClock / 24U / 1000U);
3771:Drivers/STM32F2xx_HAL_Driver/Src/stm32f2xx_hal_spi.c **** 
3772:Drivers/STM32F2xx_HAL_Driver/Src/stm32f2xx_hal_spi.c ****   /* Init tickstart for timeout management*/
3773:Drivers/STM32F2xx_HAL_Driver/Src/stm32f2xx_hal_spi.c ****   tickstart = HAL_GetTick();
3774:Drivers/STM32F2xx_HAL_Driver/Src/stm32f2xx_hal_spi.c **** 
3775:Drivers/STM32F2xx_HAL_Driver/Src/stm32f2xx_hal_spi.c ****   /* Wait until TXE flag is set */
3776:Drivers/STM32F2xx_HAL_Driver/Src/stm32f2xx_hal_spi.c ****   do
3777:Drivers/STM32F2xx_HAL_Driver/Src/stm32f2xx_hal_spi.c ****   {
3778:Drivers/STM32F2xx_HAL_Driver/Src/stm32f2xx_hal_spi.c ****     if (count == 0U)
3779:Drivers/STM32F2xx_HAL_Driver/Src/stm32f2xx_hal_spi.c ****     {
3780:Drivers/STM32F2xx_HAL_Driver/Src/stm32f2xx_hal_spi.c ****       SET_BIT(hspi->ErrorCode, HAL_SPI_ERROR_FLAG);
3781:Drivers/STM32F2xx_HAL_Driver/Src/stm32f2xx_hal_spi.c ****       break;
3782:Drivers/STM32F2xx_HAL_Driver/Src/stm32f2xx_hal_spi.c ****     }
3783:Drivers/STM32F2xx_HAL_Driver/Src/stm32f2xx_hal_spi.c ****     count--;
3784:Drivers/STM32F2xx_HAL_Driver/Src/stm32f2xx_hal_spi.c ****   } while ((hspi->Instance->SR & SPI_FLAG_TXE) == RESET);
3785:Drivers/STM32F2xx_HAL_Driver/Src/stm32f2xx_hal_spi.c **** 
3786:Drivers/STM32F2xx_HAL_Driver/Src/stm32f2xx_hal_spi.c ****   /* Disable TXE and ERR interrupt */
3787:Drivers/STM32F2xx_HAL_Driver/Src/stm32f2xx_hal_spi.c ****   __HAL_SPI_DISABLE_IT(hspi, (SPI_IT_TXE | SPI_IT_ERR));
3788:Drivers/STM32F2xx_HAL_Driver/Src/stm32f2xx_hal_spi.c **** 
3789:Drivers/STM32F2xx_HAL_Driver/Src/stm32f2xx_hal_spi.c ****   /* Check the end of the transaction */
3790:Drivers/STM32F2xx_HAL_Driver/Src/stm32f2xx_hal_spi.c ****   if (SPI_EndRxTxTransaction(hspi, SPI_DEFAULT_TIMEOUT, tickstart) != HAL_OK)
3791:Drivers/STM32F2xx_HAL_Driver/Src/stm32f2xx_hal_spi.c ****   {
3792:Drivers/STM32F2xx_HAL_Driver/Src/stm32f2xx_hal_spi.c ****     SET_BIT(hspi->ErrorCode, HAL_SPI_ERROR_FLAG);
3793:Drivers/STM32F2xx_HAL_Driver/Src/stm32f2xx_hal_spi.c ****   }
3794:Drivers/STM32F2xx_HAL_Driver/Src/stm32f2xx_hal_spi.c **** 
ARM GAS  /var/folders/8x/_y6g3dfs0698dfd49y4vcg_w0000gn/T//ccpNuCLH.s 			page 68


3795:Drivers/STM32F2xx_HAL_Driver/Src/stm32f2xx_hal_spi.c ****   /* Clear overrun flag in 2 Lines communication mode because received is not read */
3796:Drivers/STM32F2xx_HAL_Driver/Src/stm32f2xx_hal_spi.c ****   if (hspi->Init.Direction == SPI_DIRECTION_2LINES)
3797:Drivers/STM32F2xx_HAL_Driver/Src/stm32f2xx_hal_spi.c ****   {
3798:Drivers/STM32F2xx_HAL_Driver/Src/stm32f2xx_hal_spi.c ****     __HAL_SPI_CLEAR_OVRFLAG(hspi);
3799:Drivers/STM32F2xx_HAL_Driver/Src/stm32f2xx_hal_spi.c ****   }
3800:Drivers/STM32F2xx_HAL_Driver/Src/stm32f2xx_hal_spi.c **** 
3801:Drivers/STM32F2xx_HAL_Driver/Src/stm32f2xx_hal_spi.c ****   hspi->State = HAL_SPI_STATE_READY;
3802:Drivers/STM32F2xx_HAL_Driver/Src/stm32f2xx_hal_spi.c ****   if (hspi->ErrorCode != HAL_SPI_ERROR_NONE)
3803:Drivers/STM32F2xx_HAL_Driver/Src/stm32f2xx_hal_spi.c ****   {
3804:Drivers/STM32F2xx_HAL_Driver/Src/stm32f2xx_hal_spi.c ****     /* Call user error callback */
3805:Drivers/STM32F2xx_HAL_Driver/Src/stm32f2xx_hal_spi.c **** #if (USE_HAL_SPI_REGISTER_CALLBACKS == 1U)
3806:Drivers/STM32F2xx_HAL_Driver/Src/stm32f2xx_hal_spi.c ****     hspi->ErrorCallback(hspi);
3807:Drivers/STM32F2xx_HAL_Driver/Src/stm32f2xx_hal_spi.c **** #else
3808:Drivers/STM32F2xx_HAL_Driver/Src/stm32f2xx_hal_spi.c ****     HAL_SPI_ErrorCallback(hspi);
3809:Drivers/STM32F2xx_HAL_Driver/Src/stm32f2xx_hal_spi.c **** #endif /* USE_HAL_SPI_REGISTER_CALLBACKS */
3810:Drivers/STM32F2xx_HAL_Driver/Src/stm32f2xx_hal_spi.c ****   }
3811:Drivers/STM32F2xx_HAL_Driver/Src/stm32f2xx_hal_spi.c ****   else
3812:Drivers/STM32F2xx_HAL_Driver/Src/stm32f2xx_hal_spi.c ****   {
3813:Drivers/STM32F2xx_HAL_Driver/Src/stm32f2xx_hal_spi.c ****     /* Call user Rx complete callback */
3814:Drivers/STM32F2xx_HAL_Driver/Src/stm32f2xx_hal_spi.c **** #if (USE_HAL_SPI_REGISTER_CALLBACKS == 1U)
3815:Drivers/STM32F2xx_HAL_Driver/Src/stm32f2xx_hal_spi.c ****     hspi->TxCpltCallback(hspi);
3816:Drivers/STM32F2xx_HAL_Driver/Src/stm32f2xx_hal_spi.c **** #else
3817:Drivers/STM32F2xx_HAL_Driver/Src/stm32f2xx_hal_spi.c ****     HAL_SPI_TxCpltCallback(hspi);
3818:Drivers/STM32F2xx_HAL_Driver/Src/stm32f2xx_hal_spi.c **** #endif /* USE_HAL_SPI_REGISTER_CALLBACKS */
3819:Drivers/STM32F2xx_HAL_Driver/Src/stm32f2xx_hal_spi.c ****   }
3820:Drivers/STM32F2xx_HAL_Driver/Src/stm32f2xx_hal_spi.c **** }
3821:Drivers/STM32F2xx_HAL_Driver/Src/stm32f2xx_hal_spi.c **** 
3822:Drivers/STM32F2xx_HAL_Driver/Src/stm32f2xx_hal_spi.c **** /**
3823:Drivers/STM32F2xx_HAL_Driver/Src/stm32f2xx_hal_spi.c ****   * @brief  Handle abort a Rx transaction.
3824:Drivers/STM32F2xx_HAL_Driver/Src/stm32f2xx_hal_spi.c ****   * @param  hspi pointer to a SPI_HandleTypeDef structure that contains
3825:Drivers/STM32F2xx_HAL_Driver/Src/stm32f2xx_hal_spi.c ****   *               the configuration information for SPI module.
3826:Drivers/STM32F2xx_HAL_Driver/Src/stm32f2xx_hal_spi.c ****   * @retval None
3827:Drivers/STM32F2xx_HAL_Driver/Src/stm32f2xx_hal_spi.c ****   */
3828:Drivers/STM32F2xx_HAL_Driver/Src/stm32f2xx_hal_spi.c **** static void SPI_AbortRx_ISR(SPI_HandleTypeDef *hspi)
3829:Drivers/STM32F2xx_HAL_Driver/Src/stm32f2xx_hal_spi.c **** {
  27              		.loc 1 3829 1 view -0
  28              		.cfi_startproc
  29              		@ args = 0, pretend = 0, frame = 8
  30              		@ frame_needed = 0, uses_anonymous_args = 0
  31              		@ link register save eliminated.
  32              		.loc 1 3829 1 is_stmt 0 view .LVU1
  33 0000 82B0     		sub	sp, sp, #8
  34              	.LCFI0:
  35              		.cfi_def_cfa_offset 8
3830:Drivers/STM32F2xx_HAL_Driver/Src/stm32f2xx_hal_spi.c ****   __IO uint32_t tmpreg = 0U;
  36              		.loc 1 3830 3 is_stmt 1 view .LVU2
  37              		.loc 1 3830 17 is_stmt 0 view .LVU3
  38 0002 0023     		movs	r3, #0
  39 0004 0193     		str	r3, [sp, #4]
3831:Drivers/STM32F2xx_HAL_Driver/Src/stm32f2xx_hal_spi.c ****   __IO uint32_t count = SPI_DEFAULT_TIMEOUT * (SystemCoreClock / 24U / 1000U);
  40              		.loc 1 3831 3 is_stmt 1 view .LVU4
  41              		.loc 1 3831 70 is_stmt 0 view .LVU5
  42 0006 164B     		ldr	r3, .L7
  43 0008 1B68     		ldr	r3, [r3]
  44 000a 164A     		ldr	r2, .L7+4
  45 000c A2FB0323 		umull	r2, r3, r2, r3
  46 0010 5B0A     		lsrs	r3, r3, #9
ARM GAS  /var/folders/8x/_y6g3dfs0698dfd49y4vcg_w0000gn/T//ccpNuCLH.s 			page 69


  47              		.loc 1 3831 45 view .LVU6
  48 0012 6422     		movs	r2, #100
  49 0014 02FB03F3 		mul	r3, r2, r3
  50              		.loc 1 3831 17 view .LVU7
  51 0018 0093     		str	r3, [sp]
  52              	.L4:
3832:Drivers/STM32F2xx_HAL_Driver/Src/stm32f2xx_hal_spi.c **** 
3833:Drivers/STM32F2xx_HAL_Driver/Src/stm32f2xx_hal_spi.c ****   /* Wait until TXE flag is set */
3834:Drivers/STM32F2xx_HAL_Driver/Src/stm32f2xx_hal_spi.c ****   do
  53              		.loc 1 3834 3 is_stmt 1 view .LVU8
3835:Drivers/STM32F2xx_HAL_Driver/Src/stm32f2xx_hal_spi.c ****   {
3836:Drivers/STM32F2xx_HAL_Driver/Src/stm32f2xx_hal_spi.c ****     if (count == 0U)
  54              		.loc 1 3836 5 view .LVU9
  55              		.loc 1 3836 15 is_stmt 0 view .LVU10
  56 001a 009B     		ldr	r3, [sp]
  57              		.loc 1 3836 8 view .LVU11
  58 001c 43B1     		cbz	r3, .L6
3837:Drivers/STM32F2xx_HAL_Driver/Src/stm32f2xx_hal_spi.c ****     {
3838:Drivers/STM32F2xx_HAL_Driver/Src/stm32f2xx_hal_spi.c ****       SET_BIT(hspi->ErrorCode, HAL_SPI_ERROR_ABORT);
3839:Drivers/STM32F2xx_HAL_Driver/Src/stm32f2xx_hal_spi.c ****       break;
3840:Drivers/STM32F2xx_HAL_Driver/Src/stm32f2xx_hal_spi.c ****     }
3841:Drivers/STM32F2xx_HAL_Driver/Src/stm32f2xx_hal_spi.c ****     count--;
  59              		.loc 1 3841 5 is_stmt 1 view .LVU12
  60              		.loc 1 3841 10 is_stmt 0 view .LVU13
  61 001e 009B     		ldr	r3, [sp]
  62 0020 013B     		subs	r3, r3, #1
  63 0022 0093     		str	r3, [sp]
3842:Drivers/STM32F2xx_HAL_Driver/Src/stm32f2xx_hal_spi.c ****   } while ((hspi->Instance->SR & SPI_FLAG_TXE) == RESET);
  64              		.loc 1 3842 48 is_stmt 1 view .LVU14
  65              		.loc 1 3842 17 is_stmt 0 view .LVU15
  66 0024 0368     		ldr	r3, [r0]
  67              		.loc 1 3842 27 view .LVU16
  68 0026 9B68     		ldr	r3, [r3, #8]
  69              		.loc 1 3842 48 view .LVU17
  70 0028 13F0020F 		tst	r3, #2
  71 002c F5D0     		beq	.L4
  72 002e 03E0     		b	.L3
  73              	.L6:
3838:Drivers/STM32F2xx_HAL_Driver/Src/stm32f2xx_hal_spi.c ****       break;
  74              		.loc 1 3838 7 is_stmt 1 view .LVU18
  75 0030 436D     		ldr	r3, [r0, #84]
  76 0032 43F04003 		orr	r3, r3, #64
  77 0036 4365     		str	r3, [r0, #84]
3839:Drivers/STM32F2xx_HAL_Driver/Src/stm32f2xx_hal_spi.c ****     }
  78              		.loc 1 3839 7 view .LVU19
  79              	.L3:
3843:Drivers/STM32F2xx_HAL_Driver/Src/stm32f2xx_hal_spi.c **** 
3844:Drivers/STM32F2xx_HAL_Driver/Src/stm32f2xx_hal_spi.c ****   /* Disable SPI Peripheral */
3845:Drivers/STM32F2xx_HAL_Driver/Src/stm32f2xx_hal_spi.c ****   __HAL_SPI_DISABLE(hspi);
  80              		.loc 1 3845 3 view .LVU20
  81 0038 0268     		ldr	r2, [r0]
  82 003a 1368     		ldr	r3, [r2]
  83 003c 23F04003 		bic	r3, r3, #64
  84 0040 1360     		str	r3, [r2]
3846:Drivers/STM32F2xx_HAL_Driver/Src/stm32f2xx_hal_spi.c **** 
3847:Drivers/STM32F2xx_HAL_Driver/Src/stm32f2xx_hal_spi.c ****   /* Disable TXEIE, RXNEIE and ERRIE(mode fault event, overrun error, TI frame error) interrupts */
3848:Drivers/STM32F2xx_HAL_Driver/Src/stm32f2xx_hal_spi.c ****   CLEAR_BIT(hspi->Instance->CR2, (SPI_CR2_TXEIE | SPI_CR2_RXNEIE | SPI_CR2_ERRIE));
ARM GAS  /var/folders/8x/_y6g3dfs0698dfd49y4vcg_w0000gn/T//ccpNuCLH.s 			page 70


  85              		.loc 1 3848 3 view .LVU21
  86 0042 0268     		ldr	r2, [r0]
  87 0044 5368     		ldr	r3, [r2, #4]
  88 0046 23F0E003 		bic	r3, r3, #224
  89 004a 5360     		str	r3, [r2, #4]
3849:Drivers/STM32F2xx_HAL_Driver/Src/stm32f2xx_hal_spi.c **** 
3850:Drivers/STM32F2xx_HAL_Driver/Src/stm32f2xx_hal_spi.c ****   /* Flush Data Register by a blank read */
3851:Drivers/STM32F2xx_HAL_Driver/Src/stm32f2xx_hal_spi.c ****   tmpreg = READ_REG(hspi->Instance->DR);
  90              		.loc 1 3851 3 view .LVU22
  91              		.loc 1 3851 12 is_stmt 0 view .LVU23
  92 004c 0368     		ldr	r3, [r0]
  93 004e DB68     		ldr	r3, [r3, #12]
  94              		.loc 1 3851 10 view .LVU24
  95 0050 0193     		str	r3, [sp, #4]
3852:Drivers/STM32F2xx_HAL_Driver/Src/stm32f2xx_hal_spi.c ****   /* To avoid GCC warning */
3853:Drivers/STM32F2xx_HAL_Driver/Src/stm32f2xx_hal_spi.c ****   UNUSED(tmpreg);
  96              		.loc 1 3853 3 is_stmt 1 view .LVU25
  97 0052 019B     		ldr	r3, [sp, #4]
3854:Drivers/STM32F2xx_HAL_Driver/Src/stm32f2xx_hal_spi.c **** 
3855:Drivers/STM32F2xx_HAL_Driver/Src/stm32f2xx_hal_spi.c ****   hspi->State = HAL_SPI_STATE_ABORT;
  98              		.loc 1 3855 3 view .LVU26
  99              		.loc 1 3855 15 is_stmt 0 view .LVU27
 100 0054 0723     		movs	r3, #7
 101 0056 80F85130 		strb	r3, [r0, #81]
3856:Drivers/STM32F2xx_HAL_Driver/Src/stm32f2xx_hal_spi.c **** }
 102              		.loc 1 3856 1 view .LVU28
 103 005a 02B0     		add	sp, sp, #8
 104              	.LCFI1:
 105              		.cfi_def_cfa_offset 0
 106              		@ sp needed
 107 005c 7047     		bx	lr
 108              	.L8:
 109 005e 00BF     		.align	2
 110              	.L7:
 111 0060 00000000 		.word	SystemCoreClock
 112 0064 F1197605 		.word	91625969
 113              		.cfi_endproc
 114              	.LFE125:
 116              		.section	.text.SPI_AbortTx_ISR,"ax",%progbits
 117              		.align	1
 118              		.syntax unified
 119              		.thumb
 120              		.thumb_func
 122              	SPI_AbortTx_ISR:
 123              	.LVL1:
 124              	.LFB126:
3857:Drivers/STM32F2xx_HAL_Driver/Src/stm32f2xx_hal_spi.c **** 
3858:Drivers/STM32F2xx_HAL_Driver/Src/stm32f2xx_hal_spi.c **** /**
3859:Drivers/STM32F2xx_HAL_Driver/Src/stm32f2xx_hal_spi.c ****   * @brief  Handle abort a Tx or Rx/Tx transaction.
3860:Drivers/STM32F2xx_HAL_Driver/Src/stm32f2xx_hal_spi.c ****   * @param  hspi pointer to a SPI_HandleTypeDef structure that contains
3861:Drivers/STM32F2xx_HAL_Driver/Src/stm32f2xx_hal_spi.c ****   *               the configuration information for SPI module.
3862:Drivers/STM32F2xx_HAL_Driver/Src/stm32f2xx_hal_spi.c ****   * @retval None
3863:Drivers/STM32F2xx_HAL_Driver/Src/stm32f2xx_hal_spi.c ****   */
3864:Drivers/STM32F2xx_HAL_Driver/Src/stm32f2xx_hal_spi.c **** static void SPI_AbortTx_ISR(SPI_HandleTypeDef *hspi)
3865:Drivers/STM32F2xx_HAL_Driver/Src/stm32f2xx_hal_spi.c **** {
 125              		.loc 1 3865 1 is_stmt 1 view -0
 126              		.cfi_startproc
ARM GAS  /var/folders/8x/_y6g3dfs0698dfd49y4vcg_w0000gn/T//ccpNuCLH.s 			page 71


 127              		@ args = 0, pretend = 0, frame = 0
 128              		@ frame_needed = 0, uses_anonymous_args = 0
 129              		@ link register save eliminated.
3866:Drivers/STM32F2xx_HAL_Driver/Src/stm32f2xx_hal_spi.c ****   /* Disable TXEIE interrupt */
3867:Drivers/STM32F2xx_HAL_Driver/Src/stm32f2xx_hal_spi.c ****   CLEAR_BIT(hspi->Instance->CR2, (SPI_CR2_TXEIE));
 130              		.loc 1 3867 3 view .LVU30
 131 0000 0268     		ldr	r2, [r0]
 132 0002 5368     		ldr	r3, [r2, #4]
 133 0004 23F08003 		bic	r3, r3, #128
 134 0008 5360     		str	r3, [r2, #4]
3868:Drivers/STM32F2xx_HAL_Driver/Src/stm32f2xx_hal_spi.c **** 
3869:Drivers/STM32F2xx_HAL_Driver/Src/stm32f2xx_hal_spi.c ****   /* Disable SPI Peripheral */
3870:Drivers/STM32F2xx_HAL_Driver/Src/stm32f2xx_hal_spi.c ****   __HAL_SPI_DISABLE(hspi);
 135              		.loc 1 3870 3 view .LVU31
 136 000a 0268     		ldr	r2, [r0]
 137 000c 1368     		ldr	r3, [r2]
 138 000e 23F04003 		bic	r3, r3, #64
 139 0012 1360     		str	r3, [r2]
3871:Drivers/STM32F2xx_HAL_Driver/Src/stm32f2xx_hal_spi.c **** 
3872:Drivers/STM32F2xx_HAL_Driver/Src/stm32f2xx_hal_spi.c ****   hspi->State = HAL_SPI_STATE_ABORT;
 140              		.loc 1 3872 3 view .LVU32
 141              		.loc 1 3872 15 is_stmt 0 view .LVU33
 142 0014 0723     		movs	r3, #7
 143 0016 80F85130 		strb	r3, [r0, #81]
3873:Drivers/STM32F2xx_HAL_Driver/Src/stm32f2xx_hal_spi.c **** }
 144              		.loc 1 3873 1 view .LVU34
 145 001a 7047     		bx	lr
 146              		.cfi_endproc
 147              	.LFE126:
 149              		.section	.text.SPI_WaitFlagStateUntilTimeout,"ax",%progbits
 150              		.align	1
 151              		.syntax unified
 152              		.thumb
 153              		.thumb_func
 155              	SPI_WaitFlagStateUntilTimeout:
 156              	.LVL2:
 157              	.LFB119:
3495:Drivers/STM32F2xx_HAL_Driver/Src/stm32f2xx_hal_spi.c ****   __IO uint32_t count;
 158              		.loc 1 3495 1 is_stmt 1 view -0
 159              		.cfi_startproc
 160              		@ args = 4, pretend = 0, frame = 8
 161              		@ frame_needed = 0, uses_anonymous_args = 0
3495:Drivers/STM32F2xx_HAL_Driver/Src/stm32f2xx_hal_spi.c ****   __IO uint32_t count;
 162              		.loc 1 3495 1 is_stmt 0 view .LVU36
 163 0000 2DE9F047 		push	{r4, r5, r6, r7, r8, r9, r10, lr}
 164              	.LCFI2:
 165              		.cfi_def_cfa_offset 32
 166              		.cfi_offset 4, -32
 167              		.cfi_offset 5, -28
 168              		.cfi_offset 6, -24
 169              		.cfi_offset 7, -20
 170              		.cfi_offset 8, -16
 171              		.cfi_offset 9, -12
 172              		.cfi_offset 10, -8
 173              		.cfi_offset 14, -4
 174 0004 82B0     		sub	sp, sp, #8
 175              	.LCFI3:
ARM GAS  /var/folders/8x/_y6g3dfs0698dfd49y4vcg_w0000gn/T//ccpNuCLH.s 			page 72


 176              		.cfi_def_cfa_offset 40
 177 0006 0546     		mov	r5, r0
 178 0008 8846     		mov	r8, r1
 179 000a 1746     		mov	r7, r2
 180 000c 1E46     		mov	r6, r3
3496:Drivers/STM32F2xx_HAL_Driver/Src/stm32f2xx_hal_spi.c ****   uint32_t tmp_timeout;
 181              		.loc 1 3496 3 is_stmt 1 view .LVU37
3497:Drivers/STM32F2xx_HAL_Driver/Src/stm32f2xx_hal_spi.c ****   uint32_t tmp_tickstart;
 182              		.loc 1 3497 3 view .LVU38
3498:Drivers/STM32F2xx_HAL_Driver/Src/stm32f2xx_hal_spi.c **** 
 183              		.loc 1 3498 3 view .LVU39
3501:Drivers/STM32F2xx_HAL_Driver/Src/stm32f2xx_hal_spi.c ****   tmp_tickstart = HAL_GetTick();
 184              		.loc 1 3501 3 view .LVU40
3501:Drivers/STM32F2xx_HAL_Driver/Src/stm32f2xx_hal_spi.c ****   tmp_tickstart = HAL_GetTick();
 185              		.loc 1 3501 30 is_stmt 0 view .LVU41
 186 000e FFF7FEFF 		bl	HAL_GetTick
 187              	.LVL3:
3501:Drivers/STM32F2xx_HAL_Driver/Src/stm32f2xx_hal_spi.c ****   tmp_tickstart = HAL_GetTick();
 188              		.loc 1 3501 44 discriminator 1 view .LVU42
 189 0012 0A9B     		ldr	r3, [sp, #40]
 190 0014 1B1A     		subs	r3, r3, r0
3501:Drivers/STM32F2xx_HAL_Driver/Src/stm32f2xx_hal_spi.c ****   tmp_tickstart = HAL_GetTick();
 191              		.loc 1 3501 17 discriminator 1 view .LVU43
 192 0016 03EB0609 		add	r9, r3, r6
 193              	.LVL4:
3502:Drivers/STM32F2xx_HAL_Driver/Src/stm32f2xx_hal_spi.c **** 
 194              		.loc 1 3502 3 is_stmt 1 view .LVU44
3502:Drivers/STM32F2xx_HAL_Driver/Src/stm32f2xx_hal_spi.c **** 
 195              		.loc 1 3502 19 is_stmt 0 view .LVU45
 196 001a FFF7FEFF 		bl	HAL_GetTick
 197              	.LVL5:
 198 001e 8246     		mov	r10, r0
 199              	.LVL6:
3505:Drivers/STM32F2xx_HAL_Driver/Src/stm32f2xx_hal_spi.c **** 
 200              		.loc 1 3505 3 is_stmt 1 view .LVU46
3505:Drivers/STM32F2xx_HAL_Driver/Src/stm32f2xx_hal_spi.c **** 
 201              		.loc 1 3505 43 is_stmt 0 view .LVU47
 202 0020 284B     		ldr	r3, .L25
 203 0022 1B68     		ldr	r3, [r3]
3505:Drivers/STM32F2xx_HAL_Driver/Src/stm32f2xx_hal_spi.c **** 
 204              		.loc 1 3505 50 view .LVU48
 205 0024 C3F3CB33 		ubfx	r3, r3, #15, #12
3505:Drivers/STM32F2xx_HAL_Driver/Src/stm32f2xx_hal_spi.c **** 
 206              		.loc 1 3505 23 view .LVU49
 207 0028 09FB03F3 		mul	r3, r9, r3
3505:Drivers/STM32F2xx_HAL_Driver/Src/stm32f2xx_hal_spi.c **** 
 208              		.loc 1 3505 9 view .LVU50
 209 002c 0193     		str	r3, [sp, #4]
3507:Drivers/STM32F2xx_HAL_Driver/Src/stm32f2xx_hal_spi.c ****   {
 210              		.loc 1 3507 3 is_stmt 1 view .LVU51
 211              	.LVL7:
 212              	.L12:
3507:Drivers/STM32F2xx_HAL_Driver/Src/stm32f2xx_hal_spi.c ****   {
 213              		.loc 1 3507 57 view .LVU52
3507:Drivers/STM32F2xx_HAL_Driver/Src/stm32f2xx_hal_spi.c ****   {
 214              		.loc 1 3507 11 is_stmt 0 view .LVU53
 215 002e 2B68     		ldr	r3, [r5]
ARM GAS  /var/folders/8x/_y6g3dfs0698dfd49y4vcg_w0000gn/T//ccpNuCLH.s 			page 73


 216 0030 9C68     		ldr	r4, [r3, #8]
3507:Drivers/STM32F2xx_HAL_Driver/Src/stm32f2xx_hal_spi.c ****   {
 217              		.loc 1 3507 48 view .LVU54
 218 0032 38EA0404 		bics	r4, r8, r4
 219 0036 0CBF     		ite	eq
 220 0038 0123     		moveq	r3, #1
 221 003a 0023     		movne	r3, #0
3507:Drivers/STM32F2xx_HAL_Driver/Src/stm32f2xx_hal_spi.c ****   {
 222              		.loc 1 3507 57 view .LVU55
 223 003c BB42     		cmp	r3, r7
 224 003e 3DD0     		beq	.L21
3509:Drivers/STM32F2xx_HAL_Driver/Src/stm32f2xx_hal_spi.c ****     {
 225              		.loc 1 3509 5 is_stmt 1 view .LVU56
3509:Drivers/STM32F2xx_HAL_Driver/Src/stm32f2xx_hal_spi.c ****     {
 226              		.loc 1 3509 8 is_stmt 0 view .LVU57
 227 0040 B6F1FF3F 		cmp	r6, #-1
 228 0044 F3D0     		beq	.L12
3511:Drivers/STM32F2xx_HAL_Driver/Src/stm32f2xx_hal_spi.c ****       {
 229              		.loc 1 3511 7 is_stmt 1 view .LVU58
3511:Drivers/STM32F2xx_HAL_Driver/Src/stm32f2xx_hal_spi.c ****       {
 230              		.loc 1 3511 13 is_stmt 0 view .LVU59
 231 0046 FFF7FEFF 		bl	HAL_GetTick
 232              	.LVL8:
3511:Drivers/STM32F2xx_HAL_Driver/Src/stm32f2xx_hal_spi.c ****       {
 233              		.loc 1 3511 27 discriminator 1 view .LVU60
 234 004a A0EB0A00 		sub	r0, r0, r10
3511:Drivers/STM32F2xx_HAL_Driver/Src/stm32f2xx_hal_spi.c ****       {
 235              		.loc 1 3511 10 discriminator 1 view .LVU61
 236 004e 4845     		cmp	r0, r9
 237 0050 07D2     		bcs	.L22
3541:Drivers/STM32F2xx_HAL_Driver/Src/stm32f2xx_hal_spi.c ****       {
 238              		.loc 1 3541 7 is_stmt 1 view .LVU62
3541:Drivers/STM32F2xx_HAL_Driver/Src/stm32f2xx_hal_spi.c ****       {
 239              		.loc 1 3541 17 is_stmt 0 view .LVU63
 240 0052 019A     		ldr	r2, [sp, #4]
3541:Drivers/STM32F2xx_HAL_Driver/Src/stm32f2xx_hal_spi.c ****       {
 241              		.loc 1 3541 10 view .LVU64
 242 0054 02B1     		cbz	r2, .L18
 243 0056 4A46     		mov	r2, r9
 244              	.L18:
 245              	.LVL9:
3545:Drivers/STM32F2xx_HAL_Driver/Src/stm32f2xx_hal_spi.c ****     }
 246              		.loc 1 3545 7 is_stmt 1 view .LVU65
3545:Drivers/STM32F2xx_HAL_Driver/Src/stm32f2xx_hal_spi.c ****     }
 247              		.loc 1 3545 12 is_stmt 0 view .LVU66
 248 0058 019B     		ldr	r3, [sp, #4]
 249 005a 013B     		subs	r3, r3, #1
 250 005c 0193     		str	r3, [sp, #4]
 251 005e 9146     		mov	r9, r2
 252 0060 E5E7     		b	.L12
 253              	.LVL10:
 254              	.L22:
3518:Drivers/STM32F2xx_HAL_Driver/Src/stm32f2xx_hal_spi.c **** 
 255              		.loc 1 3518 9 is_stmt 1 view .LVU67
 256 0062 2A68     		ldr	r2, [r5]
 257 0064 5368     		ldr	r3, [r2, #4]
 258 0066 23F0E003 		bic	r3, r3, #224
ARM GAS  /var/folders/8x/_y6g3dfs0698dfd49y4vcg_w0000gn/T//ccpNuCLH.s 			page 74


 259 006a 5360     		str	r3, [r2, #4]
3520:Drivers/STM32F2xx_HAL_Driver/Src/stm32f2xx_hal_spi.c ****                                                      || (hspi->Init.Direction == SPI_DIRECTION_2LIN
 260              		.loc 1 3520 9 view .LVU68
3520:Drivers/STM32F2xx_HAL_Driver/Src/stm32f2xx_hal_spi.c ****                                                      || (hspi->Init.Direction == SPI_DIRECTION_2LIN
 261              		.loc 1 3520 24 is_stmt 0 view .LVU69
 262 006c 6B68     		ldr	r3, [r5, #4]
3520:Drivers/STM32F2xx_HAL_Driver/Src/stm32f2xx_hal_spi.c ****                                                      || (hspi->Init.Direction == SPI_DIRECTION_2LIN
 263              		.loc 1 3520 12 view .LVU70
 264 006e B3F5827F 		cmp	r3, #260
 265 0072 0BD0     		beq	.L23
 266              	.L14:
3528:Drivers/STM32F2xx_HAL_Driver/Src/stm32f2xx_hal_spi.c ****         {
 267              		.loc 1 3528 9 is_stmt 1 view .LVU71
3528:Drivers/STM32F2xx_HAL_Driver/Src/stm32f2xx_hal_spi.c ****         {
 268              		.loc 1 3528 23 is_stmt 0 view .LVU72
 269 0074 AB6A     		ldr	r3, [r5, #40]
3528:Drivers/STM32F2xx_HAL_Driver/Src/stm32f2xx_hal_spi.c ****         {
 270              		.loc 1 3528 12 view .LVU73
 271 0076 B3F5005F 		cmp	r3, #8192
 272 007a 14D0     		beq	.L24
 273              	.L16:
3530:Drivers/STM32F2xx_HAL_Driver/Src/stm32f2xx_hal_spi.c ****         }
 274              		.loc 1 3530 11 is_stmt 1 discriminator 1 view .LVU74
3533:Drivers/STM32F2xx_HAL_Driver/Src/stm32f2xx_hal_spi.c **** 
 275              		.loc 1 3533 9 view .LVU75
3533:Drivers/STM32F2xx_HAL_Driver/Src/stm32f2xx_hal_spi.c **** 
 276              		.loc 1 3533 21 is_stmt 0 view .LVU76
 277 007c 0123     		movs	r3, #1
 278 007e 85F85130 		strb	r3, [r5, #81]
3536:Drivers/STM32F2xx_HAL_Driver/Src/stm32f2xx_hal_spi.c **** 
 279              		.loc 1 3536 9 is_stmt 1 view .LVU77
3536:Drivers/STM32F2xx_HAL_Driver/Src/stm32f2xx_hal_spi.c **** 
 280              		.loc 1 3536 9 view .LVU78
 281 0082 0023     		movs	r3, #0
 282 0084 85F85030 		strb	r3, [r5, #80]
3536:Drivers/STM32F2xx_HAL_Driver/Src/stm32f2xx_hal_spi.c **** 
 283              		.loc 1 3536 9 view .LVU79
3538:Drivers/STM32F2xx_HAL_Driver/Src/stm32f2xx_hal_spi.c ****       }
 284              		.loc 1 3538 9 view .LVU80
3538:Drivers/STM32F2xx_HAL_Driver/Src/stm32f2xx_hal_spi.c ****       }
 285              		.loc 1 3538 16 is_stmt 0 view .LVU81
 286 0088 0320     		movs	r0, #3
 287 008a 18E0     		b	.L17
 288              	.L23:
3520:Drivers/STM32F2xx_HAL_Driver/Src/stm32f2xx_hal_spi.c ****                                                      || (hspi->Init.Direction == SPI_DIRECTION_2LIN
 289              		.loc 1 3520 65 discriminator 1 view .LVU82
 290 008c AB68     		ldr	r3, [r5, #8]
3520:Drivers/STM32F2xx_HAL_Driver/Src/stm32f2xx_hal_spi.c ****                                                      || (hspi->Init.Direction == SPI_DIRECTION_2LIN
 291              		.loc 1 3520 50 discriminator 1 view .LVU83
 292 008e B3F5004F 		cmp	r3, #32768
 293 0092 02D0     		beq	.L15
3521:Drivers/STM32F2xx_HAL_Driver/Src/stm32f2xx_hal_spi.c ****         {
 294              		.loc 1 3521 54 view .LVU84
 295 0094 B3F5806F 		cmp	r3, #1024
 296 0098 ECD1     		bne	.L14
 297              	.L15:
3524:Drivers/STM32F2xx_HAL_Driver/Src/stm32f2xx_hal_spi.c ****         }
ARM GAS  /var/folders/8x/_y6g3dfs0698dfd49y4vcg_w0000gn/T//ccpNuCLH.s 			page 75


 298              		.loc 1 3524 11 is_stmt 1 view .LVU85
 299 009a 2A68     		ldr	r2, [r5]
 300 009c 1368     		ldr	r3, [r2]
 301 009e 23F04003 		bic	r3, r3, #64
 302 00a2 1360     		str	r3, [r2]
 303 00a4 E6E7     		b	.L14
 304              	.L24:
3530:Drivers/STM32F2xx_HAL_Driver/Src/stm32f2xx_hal_spi.c ****         }
 305              		.loc 1 3530 11 view .LVU86
3530:Drivers/STM32F2xx_HAL_Driver/Src/stm32f2xx_hal_spi.c ****         }
 306              		.loc 1 3530 11 view .LVU87
 307 00a6 2A68     		ldr	r2, [r5]
 308 00a8 1368     		ldr	r3, [r2]
 309 00aa 23F40053 		bic	r3, r3, #8192
 310 00ae 1360     		str	r3, [r2]
3530:Drivers/STM32F2xx_HAL_Driver/Src/stm32f2xx_hal_spi.c ****         }
 311              		.loc 1 3530 11 view .LVU88
 312 00b0 2A68     		ldr	r2, [r5]
 313 00b2 1368     		ldr	r3, [r2]
 314 00b4 43F40053 		orr	r3, r3, #8192
 315 00b8 1360     		str	r3, [r2]
 316 00ba DFE7     		b	.L16
 317              	.L21:
3549:Drivers/STM32F2xx_HAL_Driver/Src/stm32f2xx_hal_spi.c **** }
 318              		.loc 1 3549 10 is_stmt 0 view .LVU89
 319 00bc 0020     		movs	r0, #0
 320              	.L17:
3550:Drivers/STM32F2xx_HAL_Driver/Src/stm32f2xx_hal_spi.c **** 
 321              		.loc 1 3550 1 view .LVU90
 322 00be 02B0     		add	sp, sp, #8
 323              	.LCFI4:
 324              		.cfi_def_cfa_offset 32
 325              		@ sp needed
 326 00c0 BDE8F087 		pop	{r4, r5, r6, r7, r8, r9, r10, pc}
 327              	.LVL11:
 328              	.L26:
3550:Drivers/STM32F2xx_HAL_Driver/Src/stm32f2xx_hal_spi.c **** 
 329              		.loc 1 3550 1 view .LVU91
 330              		.align	2
 331              	.L25:
 332 00c4 00000000 		.word	SystemCoreClock
 333              		.cfi_endproc
 334              	.LFE119:
 336              		.section	.text.SPI_EndRxTxTransaction,"ax",%progbits
 337              		.align	1
 338              		.syntax unified
 339              		.thumb
 340              		.thumb_func
 342              	SPI_EndRxTxTransaction:
 343              	.LVL12:
 344              	.LFB121:
3586:Drivers/STM32F2xx_HAL_Driver/Src/stm32f2xx_hal_spi.c ****   /* Wait until TXE flag */
 345              		.loc 1 3586 1 is_stmt 1 view -0
 346              		.cfi_startproc
 347              		@ args = 0, pretend = 0, frame = 0
 348              		@ frame_needed = 0, uses_anonymous_args = 0
3586:Drivers/STM32F2xx_HAL_Driver/Src/stm32f2xx_hal_spi.c ****   /* Wait until TXE flag */
ARM GAS  /var/folders/8x/_y6g3dfs0698dfd49y4vcg_w0000gn/T//ccpNuCLH.s 			page 76


 349              		.loc 1 3586 1 is_stmt 0 view .LVU93
 350 0000 70B5     		push	{r4, r5, r6, lr}
 351              	.LCFI5:
 352              		.cfi_def_cfa_offset 16
 353              		.cfi_offset 4, -16
 354              		.cfi_offset 5, -12
 355              		.cfi_offset 6, -8
 356              		.cfi_offset 14, -4
 357 0002 82B0     		sub	sp, sp, #8
 358              	.LCFI6:
 359              		.cfi_def_cfa_offset 24
 360 0004 0646     		mov	r6, r0
 361 0006 0C46     		mov	r4, r1
 362 0008 1546     		mov	r5, r2
3588:Drivers/STM32F2xx_HAL_Driver/Src/stm32f2xx_hal_spi.c ****   {
 363              		.loc 1 3588 3 is_stmt 1 view .LVU94
3588:Drivers/STM32F2xx_HAL_Driver/Src/stm32f2xx_hal_spi.c ****   {
 364              		.loc 1 3588 7 is_stmt 0 view .LVU95
 365 000a 0092     		str	r2, [sp]
 366 000c 0B46     		mov	r3, r1
 367 000e 0122     		movs	r2, #1
 368              	.LVL13:
3588:Drivers/STM32F2xx_HAL_Driver/Src/stm32f2xx_hal_spi.c ****   {
 369              		.loc 1 3588 7 view .LVU96
 370 0010 0221     		movs	r1, #2
 371              	.LVL14:
3588:Drivers/STM32F2xx_HAL_Driver/Src/stm32f2xx_hal_spi.c ****   {
 372              		.loc 1 3588 7 view .LVU97
 373 0012 FFF7FEFF 		bl	SPI_WaitFlagStateUntilTimeout
 374              	.LVL15:
3588:Drivers/STM32F2xx_HAL_Driver/Src/stm32f2xx_hal_spi.c ****   {
 375              		.loc 1 3588 6 discriminator 1 view .LVU98
 376 0016 48B9     		cbnz	r0, .L31
3595:Drivers/STM32F2xx_HAL_Driver/Src/stm32f2xx_hal_spi.c ****   {
 377              		.loc 1 3595 3 is_stmt 1 view .LVU99
3595:Drivers/STM32F2xx_HAL_Driver/Src/stm32f2xx_hal_spi.c ****   {
 378              		.loc 1 3595 7 is_stmt 0 view .LVU100
 379 0018 0095     		str	r5, [sp]
 380 001a 2346     		mov	r3, r4
 381 001c 0022     		movs	r2, #0
 382 001e 8021     		movs	r1, #128
 383 0020 3046     		mov	r0, r6
 384 0022 FFF7FEFF 		bl	SPI_WaitFlagStateUntilTimeout
 385              	.LVL16:
3595:Drivers/STM32F2xx_HAL_Driver/Src/stm32f2xx_hal_spi.c ****   {
 386              		.loc 1 3595 6 discriminator 1 view .LVU101
 387 0026 38B9     		cbnz	r0, .L32
 388              	.L29:
3601:Drivers/STM32F2xx_HAL_Driver/Src/stm32f2xx_hal_spi.c **** 
 389              		.loc 1 3601 1 view .LVU102
 390 0028 02B0     		add	sp, sp, #8
 391              	.LCFI7:
 392              		.cfi_remember_state
 393              		.cfi_def_cfa_offset 16
 394              		@ sp needed
 395 002a 70BD     		pop	{r4, r5, r6, pc}
 396              	.LVL17:
ARM GAS  /var/folders/8x/_y6g3dfs0698dfd49y4vcg_w0000gn/T//ccpNuCLH.s 			page 77


 397              	.L31:
 398              	.LCFI8:
 399              		.cfi_restore_state
3590:Drivers/STM32F2xx_HAL_Driver/Src/stm32f2xx_hal_spi.c ****     return HAL_TIMEOUT;
 400              		.loc 1 3590 5 is_stmt 1 view .LVU103
 401 002c 736D     		ldr	r3, [r6, #84]
 402 002e 43F02003 		orr	r3, r3, #32
 403 0032 7365     		str	r3, [r6, #84]
3591:Drivers/STM32F2xx_HAL_Driver/Src/stm32f2xx_hal_spi.c ****   }
 404              		.loc 1 3591 5 view .LVU104
3591:Drivers/STM32F2xx_HAL_Driver/Src/stm32f2xx_hal_spi.c ****   }
 405              		.loc 1 3591 12 is_stmt 0 view .LVU105
 406 0034 0320     		movs	r0, #3
 407 0036 F7E7     		b	.L29
 408              	.L32:
3597:Drivers/STM32F2xx_HAL_Driver/Src/stm32f2xx_hal_spi.c ****     return HAL_TIMEOUT;
 409              		.loc 1 3597 5 is_stmt 1 view .LVU106
 410 0038 736D     		ldr	r3, [r6, #84]
 411 003a 43F02003 		orr	r3, r3, #32
 412 003e 7365     		str	r3, [r6, #84]
3598:Drivers/STM32F2xx_HAL_Driver/Src/stm32f2xx_hal_spi.c ****   }
 413              		.loc 1 3598 5 view .LVU107
3598:Drivers/STM32F2xx_HAL_Driver/Src/stm32f2xx_hal_spi.c ****   }
 414              		.loc 1 3598 12 is_stmt 0 view .LVU108
 415 0040 0320     		movs	r0, #3
 416 0042 F1E7     		b	.L29
 417              		.cfi_endproc
 418              	.LFE121:
 420              		.section	.text.SPI_EndRxTransaction,"ax",%progbits
 421              		.align	1
 422              		.syntax unified
 423              		.thumb
 424              		.thumb_func
 426              	SPI_EndRxTransaction:
 427              	.LVL18:
 428              	.LFB120:
3561:Drivers/STM32F2xx_HAL_Driver/Src/stm32f2xx_hal_spi.c ****   if ((hspi->Init.Mode == SPI_MODE_MASTER) && ((hspi->Init.Direction == SPI_DIRECTION_1LINE)
 429              		.loc 1 3561 1 is_stmt 1 view -0
 430              		.cfi_startproc
 431              		@ args = 0, pretend = 0, frame = 0
 432              		@ frame_needed = 0, uses_anonymous_args = 0
3561:Drivers/STM32F2xx_HAL_Driver/Src/stm32f2xx_hal_spi.c ****   if ((hspi->Init.Mode == SPI_MODE_MASTER) && ((hspi->Init.Direction == SPI_DIRECTION_1LINE)
 433              		.loc 1 3561 1 is_stmt 0 view .LVU110
 434 0000 10B5     		push	{r4, lr}
 435              	.LCFI9:
 436              		.cfi_def_cfa_offset 8
 437              		.cfi_offset 4, -8
 438              		.cfi_offset 14, -4
 439 0002 82B0     		sub	sp, sp, #8
 440              	.LCFI10:
 441              		.cfi_def_cfa_offset 16
 442 0004 0446     		mov	r4, r0
 443 0006 0B46     		mov	r3, r1
3562:Drivers/STM32F2xx_HAL_Driver/Src/stm32f2xx_hal_spi.c ****                                                || (hspi->Init.Direction == SPI_DIRECTION_2LINES_RXO
 444              		.loc 1 3562 3 is_stmt 1 view .LVU111
3562:Drivers/STM32F2xx_HAL_Driver/Src/stm32f2xx_hal_spi.c ****                                                || (hspi->Init.Direction == SPI_DIRECTION_2LINES_RXO
 445              		.loc 1 3562 18 is_stmt 0 view .LVU112
ARM GAS  /var/folders/8x/_y6g3dfs0698dfd49y4vcg_w0000gn/T//ccpNuCLH.s 			page 78


 446 0008 4168     		ldr	r1, [r0, #4]
 447              	.LVL19:
3562:Drivers/STM32F2xx_HAL_Driver/Src/stm32f2xx_hal_spi.c ****                                                || (hspi->Init.Direction == SPI_DIRECTION_2LINES_RXO
 448              		.loc 1 3562 6 view .LVU113
 449 000a B1F5827F 		cmp	r1, #260
 450 000e 08D0     		beq	.L38
 451              	.LVL20:
 452              	.L34:
3570:Drivers/STM32F2xx_HAL_Driver/Src/stm32f2xx_hal_spi.c ****   {
 453              		.loc 1 3570 3 is_stmt 1 view .LVU114
3570:Drivers/STM32F2xx_HAL_Driver/Src/stm32f2xx_hal_spi.c ****   {
 454              		.loc 1 3570 7 is_stmt 0 view .LVU115
 455 0010 0092     		str	r2, [sp]
 456 0012 0022     		movs	r2, #0
 457              	.LVL21:
3570:Drivers/STM32F2xx_HAL_Driver/Src/stm32f2xx_hal_spi.c ****   {
 458              		.loc 1 3570 7 view .LVU116
 459 0014 8021     		movs	r1, #128
 460 0016 2046     		mov	r0, r4
 461 0018 FFF7FEFF 		bl	SPI_WaitFlagStateUntilTimeout
 462              	.LVL22:
3570:Drivers/STM32F2xx_HAL_Driver/Src/stm32f2xx_hal_spi.c ****   {
 463              		.loc 1 3570 6 discriminator 1 view .LVU117
 464 001c 70B9     		cbnz	r0, .L39
 465              	.L36:
3576:Drivers/STM32F2xx_HAL_Driver/Src/stm32f2xx_hal_spi.c **** 
 466              		.loc 1 3576 1 view .LVU118
 467 001e 02B0     		add	sp, sp, #8
 468              	.LCFI11:
 469              		.cfi_remember_state
 470              		.cfi_def_cfa_offset 8
 471              		@ sp needed
 472 0020 10BD     		pop	{r4, pc}
 473              	.LVL23:
 474              	.L38:
 475              	.LCFI12:
 476              		.cfi_restore_state
3562:Drivers/STM32F2xx_HAL_Driver/Src/stm32f2xx_hal_spi.c ****                                                || (hspi->Init.Direction == SPI_DIRECTION_2LINES_RXO
 477              		.loc 1 3562 59 discriminator 1 view .LVU119
 478 0022 8168     		ldr	r1, [r0, #8]
3562:Drivers/STM32F2xx_HAL_Driver/Src/stm32f2xx_hal_spi.c ****                                                || (hspi->Init.Direction == SPI_DIRECTION_2LINES_RXO
 479              		.loc 1 3562 44 discriminator 1 view .LVU120
 480 0024 B1F5004F 		cmp	r1, #32768
 481 0028 02D0     		beq	.L35
3563:Drivers/STM32F2xx_HAL_Driver/Src/stm32f2xx_hal_spi.c ****   {
 482              		.loc 1 3563 48 view .LVU121
 483 002a B1F5806F 		cmp	r1, #1024
 484 002e EFD1     		bne	.L34
 485              	.L35:
3566:Drivers/STM32F2xx_HAL_Driver/Src/stm32f2xx_hal_spi.c ****   }
 486              		.loc 1 3566 5 is_stmt 1 view .LVU122
 487 0030 2068     		ldr	r0, [r4]
 488              	.LVL24:
3566:Drivers/STM32F2xx_HAL_Driver/Src/stm32f2xx_hal_spi.c ****   }
 489              		.loc 1 3566 5 is_stmt 0 view .LVU123
 490 0032 0168     		ldr	r1, [r0]
 491 0034 21F04001 		bic	r1, r1, #64
ARM GAS  /var/folders/8x/_y6g3dfs0698dfd49y4vcg_w0000gn/T//ccpNuCLH.s 			page 79


 492 0038 0160     		str	r1, [r0]
 493 003a E9E7     		b	.L34
 494              	.LVL25:
 495              	.L39:
3572:Drivers/STM32F2xx_HAL_Driver/Src/stm32f2xx_hal_spi.c ****     return HAL_TIMEOUT;
 496              		.loc 1 3572 5 is_stmt 1 view .LVU124
 497 003c 636D     		ldr	r3, [r4, #84]
 498 003e 43F02003 		orr	r3, r3, #32
 499 0042 6365     		str	r3, [r4, #84]
3573:Drivers/STM32F2xx_HAL_Driver/Src/stm32f2xx_hal_spi.c ****   }
 500              		.loc 1 3573 5 view .LVU125
3573:Drivers/STM32F2xx_HAL_Driver/Src/stm32f2xx_hal_spi.c ****   }
 501              		.loc 1 3573 12 is_stmt 0 view .LVU126
 502 0044 0320     		movs	r0, #3
 503 0046 EAE7     		b	.L36
 504              		.cfi_endproc
 505              	.LFE120:
 507              		.section	.text.HAL_SPI_MspInit,"ax",%progbits
 508              		.align	1
 509              		.weak	HAL_SPI_MspInit
 510              		.syntax unified
 511              		.thumb
 512              		.thumb_func
 514              	HAL_SPI_MspInit:
 515              	.LVL26:
 516              	.LFB74:
 483:Drivers/STM32F2xx_HAL_Driver/Src/stm32f2xx_hal_spi.c ****   /* Prevent unused argument(s) compilation warning */
 517              		.loc 1 483 1 is_stmt 1 view -0
 518              		.cfi_startproc
 519              		@ args = 0, pretend = 0, frame = 0
 520              		@ frame_needed = 0, uses_anonymous_args = 0
 521              		@ link register save eliminated.
 485:Drivers/STM32F2xx_HAL_Driver/Src/stm32f2xx_hal_spi.c **** 
 522              		.loc 1 485 3 view .LVU128
 490:Drivers/STM32F2xx_HAL_Driver/Src/stm32f2xx_hal_spi.c **** 
 523              		.loc 1 490 1 is_stmt 0 view .LVU129
 524 0000 7047     		bx	lr
 525              		.cfi_endproc
 526              	.LFE74:
 528              		.section	.text.HAL_SPI_Init,"ax",%progbits
 529              		.align	1
 530              		.global	HAL_SPI_Init
 531              		.syntax unified
 532              		.thumb
 533              		.thumb_func
 535              	HAL_SPI_Init:
 536              	.LVL27:
 537              	.LFB72:
 313:Drivers/STM32F2xx_HAL_Driver/Src/stm32f2xx_hal_spi.c ****   /* Check the SPI handle allocation */
 538              		.loc 1 313 1 is_stmt 1 view -0
 539              		.cfi_startproc
 540              		@ args = 0, pretend = 0, frame = 0
 541              		@ frame_needed = 0, uses_anonymous_args = 0
 315:Drivers/STM32F2xx_HAL_Driver/Src/stm32f2xx_hal_spi.c ****   {
 542              		.loc 1 315 3 view .LVU131
 315:Drivers/STM32F2xx_HAL_Driver/Src/stm32f2xx_hal_spi.c ****   {
 543              		.loc 1 315 6 is_stmt 0 view .LVU132
ARM GAS  /var/folders/8x/_y6g3dfs0698dfd49y4vcg_w0000gn/T//ccpNuCLH.s 			page 80


 544 0000 0028     		cmp	r0, #0
 545 0002 5AD0     		beq	.L46
 313:Drivers/STM32F2xx_HAL_Driver/Src/stm32f2xx_hal_spi.c ****   /* Check the SPI handle allocation */
 546              		.loc 1 313 1 view .LVU133
 547 0004 10B5     		push	{r4, lr}
 548              	.LCFI13:
 549              		.cfi_def_cfa_offset 8
 550              		.cfi_offset 4, -8
 551              		.cfi_offset 14, -4
 552 0006 0446     		mov	r4, r0
 321:Drivers/STM32F2xx_HAL_Driver/Src/stm32f2xx_hal_spi.c ****   assert_param(IS_SPI_MODE(hspi->Init.Mode));
 553              		.loc 1 321 3 is_stmt 1 view .LVU134
 322:Drivers/STM32F2xx_HAL_Driver/Src/stm32f2xx_hal_spi.c ****   assert_param(IS_SPI_DIRECTION(hspi->Init.Direction));
 554              		.loc 1 322 3 view .LVU135
 323:Drivers/STM32F2xx_HAL_Driver/Src/stm32f2xx_hal_spi.c ****   assert_param(IS_SPI_DATASIZE(hspi->Init.DataSize));
 555              		.loc 1 323 3 view .LVU136
 324:Drivers/STM32F2xx_HAL_Driver/Src/stm32f2xx_hal_spi.c ****   assert_param(IS_SPI_NSS(hspi->Init.NSS));
 556              		.loc 1 324 3 view .LVU137
 325:Drivers/STM32F2xx_HAL_Driver/Src/stm32f2xx_hal_spi.c ****   assert_param(IS_SPI_BAUDRATE_PRESCALER(hspi->Init.BaudRatePrescaler));
 557              		.loc 1 325 3 view .LVU138
 326:Drivers/STM32F2xx_HAL_Driver/Src/stm32f2xx_hal_spi.c ****   assert_param(IS_SPI_FIRST_BIT(hspi->Init.FirstBit));
 558              		.loc 1 326 3 view .LVU139
 327:Drivers/STM32F2xx_HAL_Driver/Src/stm32f2xx_hal_spi.c ****   assert_param(IS_SPI_TIMODE(hspi->Init.TIMode));
 559              		.loc 1 327 3 view .LVU140
 328:Drivers/STM32F2xx_HAL_Driver/Src/stm32f2xx_hal_spi.c ****   if (hspi->Init.TIMode == SPI_TIMODE_DISABLE)
 560              		.loc 1 328 3 view .LVU141
 329:Drivers/STM32F2xx_HAL_Driver/Src/stm32f2xx_hal_spi.c ****   {
 561              		.loc 1 329 3 view .LVU142
 329:Drivers/STM32F2xx_HAL_Driver/Src/stm32f2xx_hal_spi.c ****   {
 562              		.loc 1 329 17 is_stmt 0 view .LVU143
 563 0008 436A     		ldr	r3, [r0, #36]
 329:Drivers/STM32F2xx_HAL_Driver/Src/stm32f2xx_hal_spi.c ****   {
 564              		.loc 1 329 6 view .LVU144
 565 000a 33B9     		cbnz	r3, .L43
 331:Drivers/STM32F2xx_HAL_Driver/Src/stm32f2xx_hal_spi.c ****     assert_param(IS_SPI_CPHA(hspi->Init.CLKPhase));
 566              		.loc 1 331 5 is_stmt 1 view .LVU145
 332:Drivers/STM32F2xx_HAL_Driver/Src/stm32f2xx_hal_spi.c **** 
 567              		.loc 1 332 5 view .LVU146
 334:Drivers/STM32F2xx_HAL_Driver/Src/stm32f2xx_hal_spi.c ****     {
 568              		.loc 1 334 5 view .LVU147
 334:Drivers/STM32F2xx_HAL_Driver/Src/stm32f2xx_hal_spi.c ****     {
 569              		.loc 1 334 19 is_stmt 0 view .LVU148
 570 000c 4368     		ldr	r3, [r0, #4]
 334:Drivers/STM32F2xx_HAL_Driver/Src/stm32f2xx_hal_spi.c ****     {
 571              		.loc 1 334 8 view .LVU149
 572 000e B3F5827F 		cmp	r3, #260
 573 0012 05D0     		beq	.L44
 341:Drivers/STM32F2xx_HAL_Driver/Src/stm32f2xx_hal_spi.c ****     }
 574              		.loc 1 341 7 is_stmt 1 view .LVU150
 341:Drivers/STM32F2xx_HAL_Driver/Src/stm32f2xx_hal_spi.c ****     }
 575              		.loc 1 341 36 is_stmt 0 view .LVU151
 576 0014 0023     		movs	r3, #0
 577 0016 C361     		str	r3, [r0, #28]
 578 0018 02E0     		b	.L44
 579              	.L43:
 346:Drivers/STM32F2xx_HAL_Driver/Src/stm32f2xx_hal_spi.c **** 
 580              		.loc 1 346 5 is_stmt 1 view .LVU152
ARM GAS  /var/folders/8x/_y6g3dfs0698dfd49y4vcg_w0000gn/T//ccpNuCLH.s 			page 81


 349:Drivers/STM32F2xx_HAL_Driver/Src/stm32f2xx_hal_spi.c ****     hspi->Init.CLKPhase    = SPI_PHASE_1EDGE;
 581              		.loc 1 349 5 view .LVU153
 349:Drivers/STM32F2xx_HAL_Driver/Src/stm32f2xx_hal_spi.c ****     hspi->Init.CLKPhase    = SPI_PHASE_1EDGE;
 582              		.loc 1 349 28 is_stmt 0 view .LVU154
 583 001a 0023     		movs	r3, #0
 584 001c 0361     		str	r3, [r0, #16]
 350:Drivers/STM32F2xx_HAL_Driver/Src/stm32f2xx_hal_spi.c ****   }
 585              		.loc 1 350 5 is_stmt 1 view .LVU155
 350:Drivers/STM32F2xx_HAL_Driver/Src/stm32f2xx_hal_spi.c ****   }
 586              		.loc 1 350 28 is_stmt 0 view .LVU156
 587 001e 4361     		str	r3, [r0, #20]
 588              	.L44:
 359:Drivers/STM32F2xx_HAL_Driver/Src/stm32f2xx_hal_spi.c **** #endif /* USE_SPI_CRC */
 589              		.loc 1 359 3 is_stmt 1 view .LVU157
 359:Drivers/STM32F2xx_HAL_Driver/Src/stm32f2xx_hal_spi.c **** #endif /* USE_SPI_CRC */
 590              		.loc 1 359 29 is_stmt 0 view .LVU158
 591 0020 0023     		movs	r3, #0
 592 0022 A362     		str	r3, [r4, #40]
 362:Drivers/STM32F2xx_HAL_Driver/Src/stm32f2xx_hal_spi.c ****   {
 593              		.loc 1 362 3 is_stmt 1 view .LVU159
 362:Drivers/STM32F2xx_HAL_Driver/Src/stm32f2xx_hal_spi.c ****   {
 594              		.loc 1 362 11 is_stmt 0 view .LVU160
 595 0024 94F85130 		ldrb	r3, [r4, #81]	@ zero_extendqisi2
 362:Drivers/STM32F2xx_HAL_Driver/Src/stm32f2xx_hal_spi.c ****   {
 596              		.loc 1 362 6 view .LVU161
 597 0028 002B     		cmp	r3, #0
 598 002a 40D0     		beq	.L51
 599              	.LVL28:
 600              	.L45:
 391:Drivers/STM32F2xx_HAL_Driver/Src/stm32f2xx_hal_spi.c **** 
 601              		.loc 1 391 3 is_stmt 1 view .LVU162
 391:Drivers/STM32F2xx_HAL_Driver/Src/stm32f2xx_hal_spi.c **** 
 602              		.loc 1 391 15 is_stmt 0 view .LVU163
 603 002c 0223     		movs	r3, #2
 604 002e 84F85130 		strb	r3, [r4, #81]
 394:Drivers/STM32F2xx_HAL_Driver/Src/stm32f2xx_hal_spi.c **** 
 605              		.loc 1 394 3 is_stmt 1 view .LVU164
 606 0032 2268     		ldr	r2, [r4]
 607 0034 1368     		ldr	r3, [r2]
 608 0036 23F04003 		bic	r3, r3, #64
 609 003a 1360     		str	r3, [r2]
 399:Drivers/STM32F2xx_HAL_Driver/Src/stm32f2xx_hal_spi.c ****                                   (hspi->Init.Direction & (SPI_CR1_RXONLY | SPI_CR1_BIDIMODE)) |
 610              		.loc 1 399 3 view .LVU165
 611 003c 6368     		ldr	r3, [r4, #4]
 612 003e 03F48273 		and	r3, r3, #260
 613 0042 A268     		ldr	r2, [r4, #8]
 614 0044 02F40442 		and	r2, r2, #33792
 615 0048 1343     		orrs	r3, r3, r2
 616 004a E268     		ldr	r2, [r4, #12]
 617 004c 02F40062 		and	r2, r2, #2048
 618 0050 1343     		orrs	r3, r3, r2
 619 0052 2269     		ldr	r2, [r4, #16]
 620 0054 02F00202 		and	r2, r2, #2
 621 0058 1343     		orrs	r3, r3, r2
 622 005a 6269     		ldr	r2, [r4, #20]
 623 005c 02F00102 		and	r2, r2, #1
 624 0060 1343     		orrs	r3, r3, r2
ARM GAS  /var/folders/8x/_y6g3dfs0698dfd49y4vcg_w0000gn/T//ccpNuCLH.s 			page 82


 625 0062 A269     		ldr	r2, [r4, #24]
 626 0064 02F40072 		and	r2, r2, #512
 627 0068 1343     		orrs	r3, r3, r2
 628 006a E269     		ldr	r2, [r4, #28]
 629 006c 02F03802 		and	r2, r2, #56
 630 0070 1343     		orrs	r3, r3, r2
 631 0072 226A     		ldr	r2, [r4, #32]
 632 0074 02F08002 		and	r2, r2, #128
 633 0078 1343     		orrs	r3, r3, r2
 634 007a A26A     		ldr	r2, [r4, #40]
 635 007c 02F40052 		and	r2, r2, #8192
 636 0080 2168     		ldr	r1, [r4]
 637 0082 1343     		orrs	r3, r3, r2
 638 0084 0B60     		str	r3, [r1]
 410:Drivers/STM32F2xx_HAL_Driver/Src/stm32f2xx_hal_spi.c **** 
 639              		.loc 1 410 3 view .LVU166
 640 0086 638B     		ldrh	r3, [r4, #26]
 641 0088 03F00403 		and	r3, r3, #4
 642 008c 626A     		ldr	r2, [r4, #36]
 643 008e 02F01002 		and	r2, r2, #16
 644 0092 2168     		ldr	r1, [r4]
 645 0094 1343     		orrs	r3, r3, r2
 646 0096 4B60     		str	r3, [r1, #4]
 423:Drivers/STM32F2xx_HAL_Driver/Src/stm32f2xx_hal_spi.c **** #endif /* SPI_I2SCFGR_I2SMOD */
 647              		.loc 1 423 3 view .LVU167
 648 0098 2268     		ldr	r2, [r4]
 649 009a D369     		ldr	r3, [r2, #28]
 650 009c 23F40063 		bic	r3, r3, #2048
 651 00a0 D361     		str	r3, [r2, #28]
 426:Drivers/STM32F2xx_HAL_Driver/Src/stm32f2xx_hal_spi.c ****   hspi->State     = HAL_SPI_STATE_READY;
 652              		.loc 1 426 3 view .LVU168
 426:Drivers/STM32F2xx_HAL_Driver/Src/stm32f2xx_hal_spi.c ****   hspi->State     = HAL_SPI_STATE_READY;
 653              		.loc 1 426 19 is_stmt 0 view .LVU169
 654 00a2 0020     		movs	r0, #0
 655 00a4 6065     		str	r0, [r4, #84]
 427:Drivers/STM32F2xx_HAL_Driver/Src/stm32f2xx_hal_spi.c **** 
 656              		.loc 1 427 3 is_stmt 1 view .LVU170
 427:Drivers/STM32F2xx_HAL_Driver/Src/stm32f2xx_hal_spi.c **** 
 657              		.loc 1 427 19 is_stmt 0 view .LVU171
 658 00a6 0123     		movs	r3, #1
 659 00a8 84F85130 		strb	r3, [r4, #81]
 429:Drivers/STM32F2xx_HAL_Driver/Src/stm32f2xx_hal_spi.c **** }
 660              		.loc 1 429 3 is_stmt 1 view .LVU172
 430:Drivers/STM32F2xx_HAL_Driver/Src/stm32f2xx_hal_spi.c **** 
 661              		.loc 1 430 1 is_stmt 0 view .LVU173
 662 00ac 10BD     		pop	{r4, pc}
 663              	.LVL29:
 664              	.L51:
 365:Drivers/STM32F2xx_HAL_Driver/Src/stm32f2xx_hal_spi.c **** 
 665              		.loc 1 365 5 is_stmt 1 view .LVU174
 365:Drivers/STM32F2xx_HAL_Driver/Src/stm32f2xx_hal_spi.c **** 
 666              		.loc 1 365 16 is_stmt 0 view .LVU175
 667 00ae 84F85030 		strb	r3, [r4, #80]
 387:Drivers/STM32F2xx_HAL_Driver/Src/stm32f2xx_hal_spi.c **** #endif /* USE_HAL_SPI_REGISTER_CALLBACKS */
 668              		.loc 1 387 5 is_stmt 1 view .LVU176
 669 00b2 2046     		mov	r0, r4
 670              	.LVL30:
ARM GAS  /var/folders/8x/_y6g3dfs0698dfd49y4vcg_w0000gn/T//ccpNuCLH.s 			page 83


 387:Drivers/STM32F2xx_HAL_Driver/Src/stm32f2xx_hal_spi.c **** #endif /* USE_HAL_SPI_REGISTER_CALLBACKS */
 671              		.loc 1 387 5 is_stmt 0 view .LVU177
 672 00b4 FFF7FEFF 		bl	HAL_SPI_MspInit
 673              	.LVL31:
 674 00b8 B8E7     		b	.L45
 675              	.LVL32:
 676              	.L46:
 677              	.LCFI14:
 678              		.cfi_def_cfa_offset 0
 679              		.cfi_restore 4
 680              		.cfi_restore 14
 317:Drivers/STM32F2xx_HAL_Driver/Src/stm32f2xx_hal_spi.c ****   }
 681              		.loc 1 317 12 view .LVU178
 682 00ba 0120     		movs	r0, #1
 683              	.LVL33:
 430:Drivers/STM32F2xx_HAL_Driver/Src/stm32f2xx_hal_spi.c **** 
 684              		.loc 1 430 1 view .LVU179
 685 00bc 7047     		bx	lr
 686              		.cfi_endproc
 687              	.LFE72:
 689              		.section	.text.HAL_SPI_MspDeInit,"ax",%progbits
 690              		.align	1
 691              		.weak	HAL_SPI_MspDeInit
 692              		.syntax unified
 693              		.thumb
 694              		.thumb_func
 696              	HAL_SPI_MspDeInit:
 697              	.LVL34:
 698              	.LFB75:
 499:Drivers/STM32F2xx_HAL_Driver/Src/stm32f2xx_hal_spi.c ****   /* Prevent unused argument(s) compilation warning */
 699              		.loc 1 499 1 is_stmt 1 view -0
 700              		.cfi_startproc
 701              		@ args = 0, pretend = 0, frame = 0
 702              		@ frame_needed = 0, uses_anonymous_args = 0
 703              		@ link register save eliminated.
 501:Drivers/STM32F2xx_HAL_Driver/Src/stm32f2xx_hal_spi.c **** 
 704              		.loc 1 501 3 view .LVU181
 506:Drivers/STM32F2xx_HAL_Driver/Src/stm32f2xx_hal_spi.c **** 
 705              		.loc 1 506 1 is_stmt 0 view .LVU182
 706 0000 7047     		bx	lr
 707              		.cfi_endproc
 708              	.LFE75:
 710              		.section	.text.HAL_SPI_DeInit,"ax",%progbits
 711              		.align	1
 712              		.global	HAL_SPI_DeInit
 713              		.syntax unified
 714              		.thumb
 715              		.thumb_func
 717              	HAL_SPI_DeInit:
 718              	.LVL35:
 719              	.LFB73:
 439:Drivers/STM32F2xx_HAL_Driver/Src/stm32f2xx_hal_spi.c ****   /* Check the SPI handle allocation */
 720              		.loc 1 439 1 is_stmt 1 view -0
 721              		.cfi_startproc
 722              		@ args = 0, pretend = 0, frame = 0
 723              		@ frame_needed = 0, uses_anonymous_args = 0
 441:Drivers/STM32F2xx_HAL_Driver/Src/stm32f2xx_hal_spi.c ****   {
ARM GAS  /var/folders/8x/_y6g3dfs0698dfd49y4vcg_w0000gn/T//ccpNuCLH.s 			page 84


 724              		.loc 1 441 3 view .LVU184
 441:Drivers/STM32F2xx_HAL_Driver/Src/stm32f2xx_hal_spi.c ****   {
 725              		.loc 1 441 6 is_stmt 0 view .LVU185
 726 0000 90B1     		cbz	r0, .L55
 439:Drivers/STM32F2xx_HAL_Driver/Src/stm32f2xx_hal_spi.c ****   /* Check the SPI handle allocation */
 727              		.loc 1 439 1 view .LVU186
 728 0002 10B5     		push	{r4, lr}
 729              	.LCFI15:
 730              		.cfi_def_cfa_offset 8
 731              		.cfi_offset 4, -8
 732              		.cfi_offset 14, -4
 733 0004 0446     		mov	r4, r0
 447:Drivers/STM32F2xx_HAL_Driver/Src/stm32f2xx_hal_spi.c **** 
 734              		.loc 1 447 3 is_stmt 1 view .LVU187
 449:Drivers/STM32F2xx_HAL_Driver/Src/stm32f2xx_hal_spi.c **** 
 735              		.loc 1 449 3 view .LVU188
 449:Drivers/STM32F2xx_HAL_Driver/Src/stm32f2xx_hal_spi.c **** 
 736              		.loc 1 449 15 is_stmt 0 view .LVU189
 737 0006 0223     		movs	r3, #2
 738 0008 80F85130 		strb	r3, [r0, #81]
 452:Drivers/STM32F2xx_HAL_Driver/Src/stm32f2xx_hal_spi.c **** 
 739              		.loc 1 452 3 is_stmt 1 view .LVU190
 740 000c 0268     		ldr	r2, [r0]
 741 000e 1368     		ldr	r3, [r2]
 742 0010 23F04003 		bic	r3, r3, #64
 743 0014 1360     		str	r3, [r2]
 464:Drivers/STM32F2xx_HAL_Driver/Src/stm32f2xx_hal_spi.c **** #endif /* USE_HAL_SPI_REGISTER_CALLBACKS */
 744              		.loc 1 464 3 view .LVU191
 745 0016 FFF7FEFF 		bl	HAL_SPI_MspDeInit
 746              	.LVL36:
 467:Drivers/STM32F2xx_HAL_Driver/Src/stm32f2xx_hal_spi.c ****   hspi->State = HAL_SPI_STATE_RESET;
 747              		.loc 1 467 3 view .LVU192
 467:Drivers/STM32F2xx_HAL_Driver/Src/stm32f2xx_hal_spi.c ****   hspi->State = HAL_SPI_STATE_RESET;
 748              		.loc 1 467 19 is_stmt 0 view .LVU193
 749 001a 0020     		movs	r0, #0
 750 001c 6065     		str	r0, [r4, #84]
 468:Drivers/STM32F2xx_HAL_Driver/Src/stm32f2xx_hal_spi.c **** 
 751              		.loc 1 468 3 is_stmt 1 view .LVU194
 468:Drivers/STM32F2xx_HAL_Driver/Src/stm32f2xx_hal_spi.c **** 
 752              		.loc 1 468 15 is_stmt 0 view .LVU195
 753 001e 84F85100 		strb	r0, [r4, #81]
 471:Drivers/STM32F2xx_HAL_Driver/Src/stm32f2xx_hal_spi.c **** 
 754              		.loc 1 471 3 is_stmt 1 view .LVU196
 471:Drivers/STM32F2xx_HAL_Driver/Src/stm32f2xx_hal_spi.c **** 
 755              		.loc 1 471 3 view .LVU197
 756 0022 84F85000 		strb	r0, [r4, #80]
 471:Drivers/STM32F2xx_HAL_Driver/Src/stm32f2xx_hal_spi.c **** 
 757              		.loc 1 471 3 view .LVU198
 473:Drivers/STM32F2xx_HAL_Driver/Src/stm32f2xx_hal_spi.c **** }
 758              		.loc 1 473 3 view .LVU199
 474:Drivers/STM32F2xx_HAL_Driver/Src/stm32f2xx_hal_spi.c **** 
 759              		.loc 1 474 1 is_stmt 0 view .LVU200
 760 0026 10BD     		pop	{r4, pc}
 761              	.LVL37:
 762              	.L55:
 763              	.LCFI16:
 764              		.cfi_def_cfa_offset 0
ARM GAS  /var/folders/8x/_y6g3dfs0698dfd49y4vcg_w0000gn/T//ccpNuCLH.s 			page 85


 765              		.cfi_restore 4
 766              		.cfi_restore 14
 443:Drivers/STM32F2xx_HAL_Driver/Src/stm32f2xx_hal_spi.c ****   }
 767              		.loc 1 443 12 view .LVU201
 768 0028 0120     		movs	r0, #1
 769              	.LVL38:
 474:Drivers/STM32F2xx_HAL_Driver/Src/stm32f2xx_hal_spi.c **** 
 770              		.loc 1 474 1 view .LVU202
 771 002a 7047     		bx	lr
 772              		.cfi_endproc
 773              	.LFE73:
 775              		.section	.text.HAL_SPI_Transmit,"ax",%progbits
 776              		.align	1
 777              		.global	HAL_SPI_Transmit
 778              		.syntax unified
 779              		.thumb
 780              		.thumb_func
 782              	HAL_SPI_Transmit:
 783              	.LVL39:
 784              	.LFB76:
 771:Drivers/STM32F2xx_HAL_Driver/Src/stm32f2xx_hal_spi.c ****   uint32_t tickstart;
 785              		.loc 1 771 1 is_stmt 1 view -0
 786              		.cfi_startproc
 787              		@ args = 0, pretend = 0, frame = 8
 788              		@ frame_needed = 0, uses_anonymous_args = 0
 771:Drivers/STM32F2xx_HAL_Driver/Src/stm32f2xx_hal_spi.c ****   uint32_t tickstart;
 789              		.loc 1 771 1 is_stmt 0 view .LVU204
 790 0000 2DE9F043 		push	{r4, r5, r6, r7, r8, r9, lr}
 791              	.LCFI17:
 792              		.cfi_def_cfa_offset 28
 793              		.cfi_offset 4, -28
 794              		.cfi_offset 5, -24
 795              		.cfi_offset 6, -20
 796              		.cfi_offset 7, -16
 797              		.cfi_offset 8, -12
 798              		.cfi_offset 9, -8
 799              		.cfi_offset 14, -4
 800 0004 83B0     		sub	sp, sp, #12
 801              	.LCFI18:
 802              		.cfi_def_cfa_offset 40
 803 0006 0446     		mov	r4, r0
 804 0008 8946     		mov	r9, r1
 805 000a 9046     		mov	r8, r2
 806 000c 1D46     		mov	r5, r3
 772:Drivers/STM32F2xx_HAL_Driver/Src/stm32f2xx_hal_spi.c ****   uint16_t initial_TxXferCount;
 807              		.loc 1 772 3 is_stmt 1 view .LVU205
 773:Drivers/STM32F2xx_HAL_Driver/Src/stm32f2xx_hal_spi.c **** 
 808              		.loc 1 773 3 view .LVU206
 776:Drivers/STM32F2xx_HAL_Driver/Src/stm32f2xx_hal_spi.c **** 
 809              		.loc 1 776 3 view .LVU207
 779:Drivers/STM32F2xx_HAL_Driver/Src/stm32f2xx_hal_spi.c ****   initial_TxXferCount = Size;
 810              		.loc 1 779 3 view .LVU208
 779:Drivers/STM32F2xx_HAL_Driver/Src/stm32f2xx_hal_spi.c ****   initial_TxXferCount = Size;
 811              		.loc 1 779 15 is_stmt 0 view .LVU209
 812 000e FFF7FEFF 		bl	HAL_GetTick
 813              	.LVL40:
 780:Drivers/STM32F2xx_HAL_Driver/Src/stm32f2xx_hal_spi.c **** 
ARM GAS  /var/folders/8x/_y6g3dfs0698dfd49y4vcg_w0000gn/T//ccpNuCLH.s 			page 86


 814              		.loc 1 780 3 is_stmt 1 view .LVU210
 782:Drivers/STM32F2xx_HAL_Driver/Src/stm32f2xx_hal_spi.c ****   {
 815              		.loc 1 782 3 view .LVU211
 782:Drivers/STM32F2xx_HAL_Driver/Src/stm32f2xx_hal_spi.c ****   {
 816              		.loc 1 782 11 is_stmt 0 view .LVU212
 817 0012 94F85160 		ldrb	r6, [r4, #81]	@ zero_extendqisi2
 818 0016 F6B2     		uxtb	r6, r6
 782:Drivers/STM32F2xx_HAL_Driver/Src/stm32f2xx_hal_spi.c ****   {
 819              		.loc 1 782 6 view .LVU213
 820 0018 012E     		cmp	r6, #1
 821 001a 40F0CC80 		bne	.L84
 822 001e 0746     		mov	r7, r0
 787:Drivers/STM32F2xx_HAL_Driver/Src/stm32f2xx_hal_spi.c ****   {
 823              		.loc 1 787 3 is_stmt 1 view .LVU214
 787:Drivers/STM32F2xx_HAL_Driver/Src/stm32f2xx_hal_spi.c ****   {
 824              		.loc 1 787 6 is_stmt 0 view .LVU215
 825 0020 B9F1000F 		cmp	r9, #0
 826 0024 00F0C880 		beq	.L61
 787:Drivers/STM32F2xx_HAL_Driver/Src/stm32f2xx_hal_spi.c ****   {
 827              		.loc 1 787 23 discriminator 1 view .LVU216
 828 0028 B8F1000F 		cmp	r8, #0
 829 002c 00F0C480 		beq	.L61
 793:Drivers/STM32F2xx_HAL_Driver/Src/stm32f2xx_hal_spi.c **** 
 830              		.loc 1 793 3 is_stmt 1 view .LVU217
 793:Drivers/STM32F2xx_HAL_Driver/Src/stm32f2xx_hal_spi.c **** 
 831              		.loc 1 793 3 view .LVU218
 832 0030 94F85030 		ldrb	r3, [r4, #80]	@ zero_extendqisi2
 833 0034 012B     		cmp	r3, #1
 834 0036 00F0C380 		beq	.L85
 793:Drivers/STM32F2xx_HAL_Driver/Src/stm32f2xx_hal_spi.c **** 
 835              		.loc 1 793 3 discriminator 2 view .LVU219
 836 003a 0123     		movs	r3, #1
 837 003c 84F85030 		strb	r3, [r4, #80]
 793:Drivers/STM32F2xx_HAL_Driver/Src/stm32f2xx_hal_spi.c **** 
 838              		.loc 1 793 3 discriminator 2 view .LVU220
 796:Drivers/STM32F2xx_HAL_Driver/Src/stm32f2xx_hal_spi.c ****   hspi->ErrorCode   = HAL_SPI_ERROR_NONE;
 839              		.loc 1 796 3 view .LVU221
 796:Drivers/STM32F2xx_HAL_Driver/Src/stm32f2xx_hal_spi.c ****   hspi->ErrorCode   = HAL_SPI_ERROR_NONE;
 840              		.loc 1 796 21 is_stmt 0 view .LVU222
 841 0040 0323     		movs	r3, #3
 842 0042 84F85130 		strb	r3, [r4, #81]
 797:Drivers/STM32F2xx_HAL_Driver/Src/stm32f2xx_hal_spi.c ****   hspi->pTxBuffPtr  = (const uint8_t *)pData;
 843              		.loc 1 797 3 is_stmt 1 view .LVU223
 797:Drivers/STM32F2xx_HAL_Driver/Src/stm32f2xx_hal_spi.c ****   hspi->pTxBuffPtr  = (const uint8_t *)pData;
 844              		.loc 1 797 21 is_stmt 0 view .LVU224
 845 0046 0023     		movs	r3, #0
 846 0048 6365     		str	r3, [r4, #84]
 798:Drivers/STM32F2xx_HAL_Driver/Src/stm32f2xx_hal_spi.c ****   hspi->TxXferSize  = Size;
 847              		.loc 1 798 3 is_stmt 1 view .LVU225
 798:Drivers/STM32F2xx_HAL_Driver/Src/stm32f2xx_hal_spi.c ****   hspi->TxXferSize  = Size;
 848              		.loc 1 798 21 is_stmt 0 view .LVU226
 849 004a C4F83090 		str	r9, [r4, #48]
 799:Drivers/STM32F2xx_HAL_Driver/Src/stm32f2xx_hal_spi.c ****   hspi->TxXferCount = Size;
 850              		.loc 1 799 3 is_stmt 1 view .LVU227
 799:Drivers/STM32F2xx_HAL_Driver/Src/stm32f2xx_hal_spi.c ****   hspi->TxXferCount = Size;
 851              		.loc 1 799 21 is_stmt 0 view .LVU228
 852 004e A4F83480 		strh	r8, [r4, #52]	@ movhi
ARM GAS  /var/folders/8x/_y6g3dfs0698dfd49y4vcg_w0000gn/T//ccpNuCLH.s 			page 87


 800:Drivers/STM32F2xx_HAL_Driver/Src/stm32f2xx_hal_spi.c **** 
 853              		.loc 1 800 3 is_stmt 1 view .LVU229
 800:Drivers/STM32F2xx_HAL_Driver/Src/stm32f2xx_hal_spi.c **** 
 854              		.loc 1 800 21 is_stmt 0 view .LVU230
 855 0052 A4F83680 		strh	r8, [r4, #54]	@ movhi
 803:Drivers/STM32F2xx_HAL_Driver/Src/stm32f2xx_hal_spi.c ****   hspi->RxXferSize  = 0U;
 856              		.loc 1 803 3 is_stmt 1 view .LVU231
 803:Drivers/STM32F2xx_HAL_Driver/Src/stm32f2xx_hal_spi.c ****   hspi->RxXferSize  = 0U;
 857              		.loc 1 803 21 is_stmt 0 view .LVU232
 858 0056 A363     		str	r3, [r4, #56]
 804:Drivers/STM32F2xx_HAL_Driver/Src/stm32f2xx_hal_spi.c ****   hspi->RxXferCount = 0U;
 859              		.loc 1 804 3 is_stmt 1 view .LVU233
 804:Drivers/STM32F2xx_HAL_Driver/Src/stm32f2xx_hal_spi.c ****   hspi->RxXferCount = 0U;
 860              		.loc 1 804 21 is_stmt 0 view .LVU234
 861 0058 A387     		strh	r3, [r4, #60]	@ movhi
 805:Drivers/STM32F2xx_HAL_Driver/Src/stm32f2xx_hal_spi.c ****   hspi->TxISR       = NULL;
 862              		.loc 1 805 3 is_stmt 1 view .LVU235
 805:Drivers/STM32F2xx_HAL_Driver/Src/stm32f2xx_hal_spi.c ****   hspi->TxISR       = NULL;
 863              		.loc 1 805 21 is_stmt 0 view .LVU236
 864 005a E387     		strh	r3, [r4, #62]	@ movhi
 806:Drivers/STM32F2xx_HAL_Driver/Src/stm32f2xx_hal_spi.c ****   hspi->RxISR       = NULL;
 865              		.loc 1 806 3 is_stmt 1 view .LVU237
 806:Drivers/STM32F2xx_HAL_Driver/Src/stm32f2xx_hal_spi.c ****   hspi->RxISR       = NULL;
 866              		.loc 1 806 21 is_stmt 0 view .LVU238
 867 005c 6364     		str	r3, [r4, #68]
 807:Drivers/STM32F2xx_HAL_Driver/Src/stm32f2xx_hal_spi.c **** 
 868              		.loc 1 807 3 is_stmt 1 view .LVU239
 807:Drivers/STM32F2xx_HAL_Driver/Src/stm32f2xx_hal_spi.c **** 
 869              		.loc 1 807 21 is_stmt 0 view .LVU240
 870 005e 2364     		str	r3, [r4, #64]
 810:Drivers/STM32F2xx_HAL_Driver/Src/stm32f2xx_hal_spi.c ****   {
 871              		.loc 1 810 3 is_stmt 1 view .LVU241
 810:Drivers/STM32F2xx_HAL_Driver/Src/stm32f2xx_hal_spi.c ****   {
 872              		.loc 1 810 17 is_stmt 0 view .LVU242
 873 0060 A368     		ldr	r3, [r4, #8]
 810:Drivers/STM32F2xx_HAL_Driver/Src/stm32f2xx_hal_spi.c ****   {
 874              		.loc 1 810 6 view .LVU243
 875 0062 B3F5004F 		cmp	r3, #32768
 876 0066 1ED0     		beq	.L88
 877              	.L62:
 826:Drivers/STM32F2xx_HAL_Driver/Src/stm32f2xx_hal_spi.c ****   {
 878              		.loc 1 826 3 is_stmt 1 view .LVU244
 826:Drivers/STM32F2xx_HAL_Driver/Src/stm32f2xx_hal_spi.c ****   {
 879              		.loc 1 826 12 is_stmt 0 view .LVU245
 880 0068 2368     		ldr	r3, [r4]
 826:Drivers/STM32F2xx_HAL_Driver/Src/stm32f2xx_hal_spi.c ****   {
 881              		.loc 1 826 22 view .LVU246
 882 006a 1A68     		ldr	r2, [r3]
 826:Drivers/STM32F2xx_HAL_Driver/Src/stm32f2xx_hal_spi.c ****   {
 883              		.loc 1 826 6 view .LVU247
 884 006c 12F0400F 		tst	r2, #64
 885 0070 03D1     		bne	.L63
 829:Drivers/STM32F2xx_HAL_Driver/Src/stm32f2xx_hal_spi.c ****   }
 886              		.loc 1 829 5 is_stmt 1 view .LVU248
 887 0072 1A68     		ldr	r2, [r3]
 888 0074 42F04002 		orr	r2, r2, #64
 889 0078 1A60     		str	r2, [r3]
ARM GAS  /var/folders/8x/_y6g3dfs0698dfd49y4vcg_w0000gn/T//ccpNuCLH.s 			page 88


 890              	.L63:
 833:Drivers/STM32F2xx_HAL_Driver/Src/stm32f2xx_hal_spi.c ****   {
 891              		.loc 1 833 3 view .LVU249
 833:Drivers/STM32F2xx_HAL_Driver/Src/stm32f2xx_hal_spi.c ****   {
 892              		.loc 1 833 17 is_stmt 0 view .LVU250
 893 007a E368     		ldr	r3, [r4, #12]
 833:Drivers/STM32F2xx_HAL_Driver/Src/stm32f2xx_hal_spi.c ****   {
 894              		.loc 1 833 6 view .LVU251
 895 007c B3F5006F 		cmp	r3, #2048
 896 0080 1CD0     		beq	.L89
 866:Drivers/STM32F2xx_HAL_Driver/Src/stm32f2xx_hal_spi.c ****     {
 897              		.loc 1 866 5 is_stmt 1 view .LVU252
 866:Drivers/STM32F2xx_HAL_Driver/Src/stm32f2xx_hal_spi.c ****     {
 898              		.loc 1 866 20 is_stmt 0 view .LVU253
 899 0082 6368     		ldr	r3, [r4, #4]
 866:Drivers/STM32F2xx_HAL_Driver/Src/stm32f2xx_hal_spi.c ****     {
 900              		.loc 1 866 8 view .LVU254
 901 0084 13B1     		cbz	r3, .L74
 866:Drivers/STM32F2xx_HAL_Driver/Src/stm32f2xx_hal_spi.c ****     {
 902              		.loc 1 866 45 discriminator 1 view .LVU255
 903 0086 B8F1010F 		cmp	r8, #1
 904 008a 5FD1     		bne	.L76
 905              	.L74:
 868:Drivers/STM32F2xx_HAL_Driver/Src/stm32f2xx_hal_spi.c ****       hspi->pTxBuffPtr += sizeof(uint8_t);
 906              		.loc 1 868 7 is_stmt 1 view .LVU256
 868:Drivers/STM32F2xx_HAL_Driver/Src/stm32f2xx_hal_spi.c ****       hspi->pTxBuffPtr += sizeof(uint8_t);
 907              		.loc 1 868 71 is_stmt 0 view .LVU257
 908 008c 226B     		ldr	r2, [r4, #48]
 868:Drivers/STM32F2xx_HAL_Driver/Src/stm32f2xx_hal_spi.c ****       hspi->pTxBuffPtr += sizeof(uint8_t);
 909              		.loc 1 868 30 view .LVU258
 910 008e 2368     		ldr	r3, [r4]
 868:Drivers/STM32F2xx_HAL_Driver/Src/stm32f2xx_hal_spi.c ****       hspi->pTxBuffPtr += sizeof(uint8_t);
 911              		.loc 1 868 48 view .LVU259
 912 0090 1278     		ldrb	r2, [r2]	@ zero_extendqisi2
 868:Drivers/STM32F2xx_HAL_Driver/Src/stm32f2xx_hal_spi.c ****       hspi->pTxBuffPtr += sizeof(uint8_t);
 913              		.loc 1 868 46 view .LVU260
 914 0092 1A73     		strb	r2, [r3, #12]
 869:Drivers/STM32F2xx_HAL_Driver/Src/stm32f2xx_hal_spi.c ****       hspi->TxXferCount--;
 915              		.loc 1 869 7 is_stmt 1 view .LVU261
 869:Drivers/STM32F2xx_HAL_Driver/Src/stm32f2xx_hal_spi.c ****       hspi->TxXferCount--;
 916              		.loc 1 869 11 is_stmt 0 view .LVU262
 917 0094 236B     		ldr	r3, [r4, #48]
 869:Drivers/STM32F2xx_HAL_Driver/Src/stm32f2xx_hal_spi.c ****       hspi->TxXferCount--;
 918              		.loc 1 869 24 view .LVU263
 919 0096 0133     		adds	r3, r3, #1
 920 0098 2363     		str	r3, [r4, #48]
 870:Drivers/STM32F2xx_HAL_Driver/Src/stm32f2xx_hal_spi.c ****     }
 921              		.loc 1 870 7 is_stmt 1 view .LVU264
 870:Drivers/STM32F2xx_HAL_Driver/Src/stm32f2xx_hal_spi.c ****     }
 922              		.loc 1 870 11 is_stmt 0 view .LVU265
 923 009a E38E     		ldrh	r3, [r4, #54]
 924 009c 9BB2     		uxth	r3, r3
 870:Drivers/STM32F2xx_HAL_Driver/Src/stm32f2xx_hal_spi.c ****     }
 925              		.loc 1 870 24 view .LVU266
 926 009e 013B     		subs	r3, r3, #1
 927 00a0 9BB2     		uxth	r3, r3
 928 00a2 E386     		strh	r3, [r4, #54]	@ movhi
ARM GAS  /var/folders/8x/_y6g3dfs0698dfd49y4vcg_w0000gn/T//ccpNuCLH.s 			page 89


 929 00a4 52E0     		b	.L76
 930              	.L88:
 813:Drivers/STM32F2xx_HAL_Driver/Src/stm32f2xx_hal_spi.c ****     SPI_1LINE_TX(hspi);
 931              		.loc 1 813 5 is_stmt 1 view .LVU267
 932 00a6 2268     		ldr	r2, [r4]
 933 00a8 1368     		ldr	r3, [r2]
 934 00aa 23F04003 		bic	r3, r3, #64
 935 00ae 1360     		str	r3, [r2]
 814:Drivers/STM32F2xx_HAL_Driver/Src/stm32f2xx_hal_spi.c ****   }
 936              		.loc 1 814 5 view .LVU268
 937 00b0 2268     		ldr	r2, [r4]
 938 00b2 1368     		ldr	r3, [r2]
 939 00b4 43F48043 		orr	r3, r3, #16384
 940 00b8 1360     		str	r3, [r2]
 941 00ba D5E7     		b	.L62
 942              	.L89:
 835:Drivers/STM32F2xx_HAL_Driver/Src/stm32f2xx_hal_spi.c ****     {
 943              		.loc 1 835 5 view .LVU269
 835:Drivers/STM32F2xx_HAL_Driver/Src/stm32f2xx_hal_spi.c ****     {
 944              		.loc 1 835 20 is_stmt 0 view .LVU270
 945 00bc 6368     		ldr	r3, [r4, #4]
 835:Drivers/STM32F2xx_HAL_Driver/Src/stm32f2xx_hal_spi.c ****     {
 946              		.loc 1 835 8 view .LVU271
 947 00be 13B1     		cbz	r3, .L65
 835:Drivers/STM32F2xx_HAL_Driver/Src/stm32f2xx_hal_spi.c ****     {
 948              		.loc 1 835 45 discriminator 1 view .LVU272
 949 00c0 B8F1010F 		cmp	r8, #1
 950 00c4 15D1     		bne	.L67
 951              	.L65:
 837:Drivers/STM32F2xx_HAL_Driver/Src/stm32f2xx_hal_spi.c ****       hspi->pTxBuffPtr += sizeof(uint16_t);
 952              		.loc 1 837 7 is_stmt 1 view .LVU273
 837:Drivers/STM32F2xx_HAL_Driver/Src/stm32f2xx_hal_spi.c ****       hspi->pTxBuffPtr += sizeof(uint16_t);
 953              		.loc 1 837 52 is_stmt 0 view .LVU274
 954 00c6 226B     		ldr	r2, [r4, #48]
 837:Drivers/STM32F2xx_HAL_Driver/Src/stm32f2xx_hal_spi.c ****       hspi->pTxBuffPtr += sizeof(uint16_t);
 955              		.loc 1 837 11 view .LVU275
 956 00c8 2368     		ldr	r3, [r4]
 837:Drivers/STM32F2xx_HAL_Driver/Src/stm32f2xx_hal_spi.c ****       hspi->pTxBuffPtr += sizeof(uint16_t);
 957              		.loc 1 837 28 view .LVU276
 958 00ca 1288     		ldrh	r2, [r2]
 837:Drivers/STM32F2xx_HAL_Driver/Src/stm32f2xx_hal_spi.c ****       hspi->pTxBuffPtr += sizeof(uint16_t);
 959              		.loc 1 837 26 view .LVU277
 960 00cc DA60     		str	r2, [r3, #12]
 838:Drivers/STM32F2xx_HAL_Driver/Src/stm32f2xx_hal_spi.c ****       hspi->TxXferCount--;
 961              		.loc 1 838 7 is_stmt 1 view .LVU278
 838:Drivers/STM32F2xx_HAL_Driver/Src/stm32f2xx_hal_spi.c ****       hspi->TxXferCount--;
 962              		.loc 1 838 11 is_stmt 0 view .LVU279
 963 00ce 236B     		ldr	r3, [r4, #48]
 838:Drivers/STM32F2xx_HAL_Driver/Src/stm32f2xx_hal_spi.c ****       hspi->TxXferCount--;
 964              		.loc 1 838 24 view .LVU280
 965 00d0 0233     		adds	r3, r3, #2
 966 00d2 2363     		str	r3, [r4, #48]
 839:Drivers/STM32F2xx_HAL_Driver/Src/stm32f2xx_hal_spi.c ****     }
 967              		.loc 1 839 7 is_stmt 1 view .LVU281
 839:Drivers/STM32F2xx_HAL_Driver/Src/stm32f2xx_hal_spi.c ****     }
 968              		.loc 1 839 11 is_stmt 0 view .LVU282
 969 00d4 E38E     		ldrh	r3, [r4, #54]
ARM GAS  /var/folders/8x/_y6g3dfs0698dfd49y4vcg_w0000gn/T//ccpNuCLH.s 			page 90


 970 00d6 9BB2     		uxth	r3, r3
 839:Drivers/STM32F2xx_HAL_Driver/Src/stm32f2xx_hal_spi.c ****     }
 971              		.loc 1 839 24 view .LVU283
 972 00d8 013B     		subs	r3, r3, #1
 973 00da 9BB2     		uxth	r3, r3
 974 00dc E386     		strh	r3, [r4, #54]	@ movhi
 975 00de 08E0     		b	.L67
 976              	.LVL41:
 977              	.L68:
 854:Drivers/STM32F2xx_HAL_Driver/Src/stm32f2xx_hal_spi.c ****         {
 978              		.loc 1 854 9 is_stmt 1 view .LVU284
 854:Drivers/STM32F2xx_HAL_Driver/Src/stm32f2xx_hal_spi.c ****         {
 979              		.loc 1 854 16 is_stmt 0 view .LVU285
 980 00e0 FFF7FEFF 		bl	HAL_GetTick
 981              	.LVL42:
 854:Drivers/STM32F2xx_HAL_Driver/Src/stm32f2xx_hal_spi.c ****         {
 982              		.loc 1 854 30 discriminator 1 view .LVU286
 983 00e4 C01B     		subs	r0, r0, r7
 854:Drivers/STM32F2xx_HAL_Driver/Src/stm32f2xx_hal_spi.c ****         {
 984              		.loc 1 854 12 discriminator 1 view .LVU287
 985 00e6 A842     		cmp	r0, r5
 986 00e8 02D3     		bcc	.L70
 854:Drivers/STM32F2xx_HAL_Driver/Src/stm32f2xx_hal_spi.c ****         {
 987              		.loc 1 854 56 discriminator 1 view .LVU288
 988 00ea B5F1FF3F 		cmp	r5, #-1
 989 00ee 15D1     		bne	.L71
 990              	.L70:
 854:Drivers/STM32F2xx_HAL_Driver/Src/stm32f2xx_hal_spi.c ****         {
 991              		.loc 1 854 87 discriminator 3 view .LVU289
 992 00f0 A5B1     		cbz	r5, .L71
 993              	.L67:
 842:Drivers/STM32F2xx_HAL_Driver/Src/stm32f2xx_hal_spi.c ****     {
 994              		.loc 1 842 30 is_stmt 1 view .LVU290
 842:Drivers/STM32F2xx_HAL_Driver/Src/stm32f2xx_hal_spi.c ****     {
 995              		.loc 1 842 16 is_stmt 0 view .LVU291
 996 00f2 E38E     		ldrh	r3, [r4, #54]
 997 00f4 9BB2     		uxth	r3, r3
 842:Drivers/STM32F2xx_HAL_Driver/Src/stm32f2xx_hal_spi.c ****     {
 998              		.loc 1 842 30 view .LVU292
 999 00f6 002B     		cmp	r3, #0
 1000 00f8 42D0     		beq	.L73
 845:Drivers/STM32F2xx_HAL_Driver/Src/stm32f2xx_hal_spi.c ****       {
 1001              		.loc 1 845 7 is_stmt 1 view .LVU293
 845:Drivers/STM32F2xx_HAL_Driver/Src/stm32f2xx_hal_spi.c ****       {
 1002              		.loc 1 845 11 is_stmt 0 view .LVU294
 1003 00fa 2368     		ldr	r3, [r4]
 1004 00fc 9A68     		ldr	r2, [r3, #8]
 845:Drivers/STM32F2xx_HAL_Driver/Src/stm32f2xx_hal_spi.c ****       {
 1005              		.loc 1 845 10 view .LVU295
 1006 00fe 12F0020F 		tst	r2, #2
 1007 0102 EDD0     		beq	.L68
 847:Drivers/STM32F2xx_HAL_Driver/Src/stm32f2xx_hal_spi.c ****         hspi->pTxBuffPtr += sizeof(uint16_t);
 1008              		.loc 1 847 9 is_stmt 1 view .LVU296
 847:Drivers/STM32F2xx_HAL_Driver/Src/stm32f2xx_hal_spi.c ****         hspi->pTxBuffPtr += sizeof(uint16_t);
 1009              		.loc 1 847 54 is_stmt 0 view .LVU297
 1010 0104 226B     		ldr	r2, [r4, #48]
 847:Drivers/STM32F2xx_HAL_Driver/Src/stm32f2xx_hal_spi.c ****         hspi->pTxBuffPtr += sizeof(uint16_t);
ARM GAS  /var/folders/8x/_y6g3dfs0698dfd49y4vcg_w0000gn/T//ccpNuCLH.s 			page 91


 1011              		.loc 1 847 30 view .LVU298
 1012 0106 1288     		ldrh	r2, [r2]
 847:Drivers/STM32F2xx_HAL_Driver/Src/stm32f2xx_hal_spi.c ****         hspi->pTxBuffPtr += sizeof(uint16_t);
 1013              		.loc 1 847 28 view .LVU299
 1014 0108 DA60     		str	r2, [r3, #12]
 848:Drivers/STM32F2xx_HAL_Driver/Src/stm32f2xx_hal_spi.c ****         hspi->TxXferCount--;
 1015              		.loc 1 848 9 is_stmt 1 view .LVU300
 848:Drivers/STM32F2xx_HAL_Driver/Src/stm32f2xx_hal_spi.c ****         hspi->TxXferCount--;
 1016              		.loc 1 848 13 is_stmt 0 view .LVU301
 1017 010a 236B     		ldr	r3, [r4, #48]
 848:Drivers/STM32F2xx_HAL_Driver/Src/stm32f2xx_hal_spi.c ****         hspi->TxXferCount--;
 1018              		.loc 1 848 26 view .LVU302
 1019 010c 0233     		adds	r3, r3, #2
 1020 010e 2363     		str	r3, [r4, #48]
 849:Drivers/STM32F2xx_HAL_Driver/Src/stm32f2xx_hal_spi.c ****       }
 1021              		.loc 1 849 9 is_stmt 1 view .LVU303
 849:Drivers/STM32F2xx_HAL_Driver/Src/stm32f2xx_hal_spi.c ****       }
 1022              		.loc 1 849 13 is_stmt 0 view .LVU304
 1023 0110 E38E     		ldrh	r3, [r4, #54]
 1024 0112 9BB2     		uxth	r3, r3
 849:Drivers/STM32F2xx_HAL_Driver/Src/stm32f2xx_hal_spi.c ****       }
 1025              		.loc 1 849 26 view .LVU305
 1026 0114 013B     		subs	r3, r3, #1
 1027 0116 9BB2     		uxth	r3, r3
 1028 0118 E386     		strh	r3, [r4, #54]	@ movhi
 1029 011a EAE7     		b	.L67
 1030              	.L71:
 856:Drivers/STM32F2xx_HAL_Driver/Src/stm32f2xx_hal_spi.c ****           __HAL_UNLOCK(hspi);
 1031              		.loc 1 856 11 is_stmt 1 view .LVU306
 856:Drivers/STM32F2xx_HAL_Driver/Src/stm32f2xx_hal_spi.c ****           __HAL_UNLOCK(hspi);
 1032              		.loc 1 856 23 is_stmt 0 view .LVU307
 1033 011c 0123     		movs	r3, #1
 1034 011e 84F85130 		strb	r3, [r4, #81]
 857:Drivers/STM32F2xx_HAL_Driver/Src/stm32f2xx_hal_spi.c ****           return HAL_TIMEOUT;
 1035              		.loc 1 857 11 is_stmt 1 view .LVU308
 857:Drivers/STM32F2xx_HAL_Driver/Src/stm32f2xx_hal_spi.c ****           return HAL_TIMEOUT;
 1036              		.loc 1 857 11 view .LVU309
 1037 0122 0023     		movs	r3, #0
 1038 0124 84F85030 		strb	r3, [r4, #80]
 857:Drivers/STM32F2xx_HAL_Driver/Src/stm32f2xx_hal_spi.c ****           return HAL_TIMEOUT;
 1039              		.loc 1 857 11 view .LVU310
 858:Drivers/STM32F2xx_HAL_Driver/Src/stm32f2xx_hal_spi.c ****         }
 1040              		.loc 1 858 11 view .LVU311
 858:Drivers/STM32F2xx_HAL_Driver/Src/stm32f2xx_hal_spi.c ****         }
 1041              		.loc 1 858 18 is_stmt 0 view .LVU312
 1042 0128 0326     		movs	r6, #3
 1043 012a 45E0     		b	.L61
 1044              	.L90:
 877:Drivers/STM32F2xx_HAL_Driver/Src/stm32f2xx_hal_spi.c ****         hspi->pTxBuffPtr += sizeof(uint8_t);
 1045              		.loc 1 877 9 is_stmt 1 view .LVU313
 877:Drivers/STM32F2xx_HAL_Driver/Src/stm32f2xx_hal_spi.c ****         hspi->pTxBuffPtr += sizeof(uint8_t);
 1046              		.loc 1 877 73 is_stmt 0 view .LVU314
 1047 012c 226B     		ldr	r2, [r4, #48]
 877:Drivers/STM32F2xx_HAL_Driver/Src/stm32f2xx_hal_spi.c ****         hspi->pTxBuffPtr += sizeof(uint8_t);
 1048              		.loc 1 877 50 view .LVU315
 1049 012e 1278     		ldrb	r2, [r2]	@ zero_extendqisi2
 877:Drivers/STM32F2xx_HAL_Driver/Src/stm32f2xx_hal_spi.c ****         hspi->pTxBuffPtr += sizeof(uint8_t);
ARM GAS  /var/folders/8x/_y6g3dfs0698dfd49y4vcg_w0000gn/T//ccpNuCLH.s 			page 92


 1050              		.loc 1 877 48 view .LVU316
 1051 0130 1A73     		strb	r2, [r3, #12]
 878:Drivers/STM32F2xx_HAL_Driver/Src/stm32f2xx_hal_spi.c ****         hspi->TxXferCount--;
 1052              		.loc 1 878 9 is_stmt 1 view .LVU317
 878:Drivers/STM32F2xx_HAL_Driver/Src/stm32f2xx_hal_spi.c ****         hspi->TxXferCount--;
 1053              		.loc 1 878 13 is_stmt 0 view .LVU318
 1054 0132 236B     		ldr	r3, [r4, #48]
 878:Drivers/STM32F2xx_HAL_Driver/Src/stm32f2xx_hal_spi.c ****         hspi->TxXferCount--;
 1055              		.loc 1 878 26 view .LVU319
 1056 0134 0133     		adds	r3, r3, #1
 1057 0136 2363     		str	r3, [r4, #48]
 879:Drivers/STM32F2xx_HAL_Driver/Src/stm32f2xx_hal_spi.c ****       }
 1058              		.loc 1 879 9 is_stmt 1 view .LVU320
 879:Drivers/STM32F2xx_HAL_Driver/Src/stm32f2xx_hal_spi.c ****       }
 1059              		.loc 1 879 13 is_stmt 0 view .LVU321
 1060 0138 B4F836C0 		ldrh	ip, [r4, #54]
 1061 013c 1FFA8CFC 		uxth	ip, ip
 879:Drivers/STM32F2xx_HAL_Driver/Src/stm32f2xx_hal_spi.c ****       }
 1062              		.loc 1 879 26 view .LVU322
 1063 0140 0CF1FF3C 		add	ip, ip, #-1
 1064 0144 1FFA8CFC 		uxth	ip, ip
 1065 0148 A4F836C0 		strh	ip, [r4, #54]	@ movhi
 1066              	.L76:
 872:Drivers/STM32F2xx_HAL_Driver/Src/stm32f2xx_hal_spi.c ****     {
 1067              		.loc 1 872 30 is_stmt 1 view .LVU323
 872:Drivers/STM32F2xx_HAL_Driver/Src/stm32f2xx_hal_spi.c ****     {
 1068              		.loc 1 872 16 is_stmt 0 view .LVU324
 1069 014c E38E     		ldrh	r3, [r4, #54]
 1070 014e 9BB2     		uxth	r3, r3
 872:Drivers/STM32F2xx_HAL_Driver/Src/stm32f2xx_hal_spi.c ****     {
 1071              		.loc 1 872 30 view .LVU325
 1072 0150 B3B1     		cbz	r3, .L73
 875:Drivers/STM32F2xx_HAL_Driver/Src/stm32f2xx_hal_spi.c ****       {
 1073              		.loc 1 875 7 is_stmt 1 view .LVU326
 875:Drivers/STM32F2xx_HAL_Driver/Src/stm32f2xx_hal_spi.c ****       {
 1074              		.loc 1 875 11 is_stmt 0 view .LVU327
 1075 0152 2368     		ldr	r3, [r4]
 1076 0154 9A68     		ldr	r2, [r3, #8]
 875:Drivers/STM32F2xx_HAL_Driver/Src/stm32f2xx_hal_spi.c ****       {
 1077              		.loc 1 875 10 view .LVU328
 1078 0156 12F0020F 		tst	r2, #2
 1079 015a E7D1     		bne	.L90
 884:Drivers/STM32F2xx_HAL_Driver/Src/stm32f2xx_hal_spi.c ****         {
 1080              		.loc 1 884 9 is_stmt 1 view .LVU329
 884:Drivers/STM32F2xx_HAL_Driver/Src/stm32f2xx_hal_spi.c ****         {
 1081              		.loc 1 884 16 is_stmt 0 view .LVU330
 1082 015c FFF7FEFF 		bl	HAL_GetTick
 1083              	.LVL43:
 884:Drivers/STM32F2xx_HAL_Driver/Src/stm32f2xx_hal_spi.c ****         {
 1084              		.loc 1 884 30 discriminator 1 view .LVU331
 1085 0160 C01B     		subs	r0, r0, r7
 884:Drivers/STM32F2xx_HAL_Driver/Src/stm32f2xx_hal_spi.c ****         {
 1086              		.loc 1 884 12 discriminator 1 view .LVU332
 1087 0162 A842     		cmp	r0, r5
 1088 0164 02D3     		bcc	.L79
 884:Drivers/STM32F2xx_HAL_Driver/Src/stm32f2xx_hal_spi.c ****         {
 1089              		.loc 1 884 56 discriminator 1 view .LVU333
ARM GAS  /var/folders/8x/_y6g3dfs0698dfd49y4vcg_w0000gn/T//ccpNuCLH.s 			page 93


 1090 0166 B5F1FF3F 		cmp	r5, #-1
 1091 016a 01D1     		bne	.L80
 1092              	.L79:
 884:Drivers/STM32F2xx_HAL_Driver/Src/stm32f2xx_hal_spi.c ****         {
 1093              		.loc 1 884 87 discriminator 3 view .LVU334
 1094 016c 002D     		cmp	r5, #0
 1095 016e EDD1     		bne	.L76
 1096              	.L80:
 886:Drivers/STM32F2xx_HAL_Driver/Src/stm32f2xx_hal_spi.c ****           __HAL_UNLOCK(hspi);
 1097              		.loc 1 886 11 is_stmt 1 view .LVU335
 886:Drivers/STM32F2xx_HAL_Driver/Src/stm32f2xx_hal_spi.c ****           __HAL_UNLOCK(hspi);
 1098              		.loc 1 886 23 is_stmt 0 view .LVU336
 1099 0170 0123     		movs	r3, #1
 1100 0172 84F85130 		strb	r3, [r4, #81]
 887:Drivers/STM32F2xx_HAL_Driver/Src/stm32f2xx_hal_spi.c ****           return HAL_TIMEOUT;
 1101              		.loc 1 887 11 is_stmt 1 view .LVU337
 887:Drivers/STM32F2xx_HAL_Driver/Src/stm32f2xx_hal_spi.c ****           return HAL_TIMEOUT;
 1102              		.loc 1 887 11 view .LVU338
 1103 0176 0023     		movs	r3, #0
 1104 0178 84F85030 		strb	r3, [r4, #80]
 887:Drivers/STM32F2xx_HAL_Driver/Src/stm32f2xx_hal_spi.c ****           return HAL_TIMEOUT;
 1105              		.loc 1 887 11 view .LVU339
 888:Drivers/STM32F2xx_HAL_Driver/Src/stm32f2xx_hal_spi.c ****         }
 1106              		.loc 1 888 11 view .LVU340
 888:Drivers/STM32F2xx_HAL_Driver/Src/stm32f2xx_hal_spi.c ****         }
 1107              		.loc 1 888 18 is_stmt 0 view .LVU341
 1108 017c 0326     		movs	r6, #3
 1109 017e 1BE0     		b	.L61
 1110              	.L73:
 902:Drivers/STM32F2xx_HAL_Driver/Src/stm32f2xx_hal_spi.c ****   {
 1111              		.loc 1 902 3 is_stmt 1 view .LVU342
 902:Drivers/STM32F2xx_HAL_Driver/Src/stm32f2xx_hal_spi.c ****   {
 1112              		.loc 1 902 7 is_stmt 0 view .LVU343
 1113 0180 3A46     		mov	r2, r7
 1114 0182 2946     		mov	r1, r5
 1115 0184 2046     		mov	r0, r4
 1116 0186 FFF7FEFF 		bl	SPI_EndRxTxTransaction
 1117              	.LVL44:
 902:Drivers/STM32F2xx_HAL_Driver/Src/stm32f2xx_hal_spi.c ****   {
 1118              		.loc 1 902 6 discriminator 1 view .LVU344
 1119 018a 08B1     		cbz	r0, .L82
 904:Drivers/STM32F2xx_HAL_Driver/Src/stm32f2xx_hal_spi.c ****   }
 1120              		.loc 1 904 5 is_stmt 1 view .LVU345
 904:Drivers/STM32F2xx_HAL_Driver/Src/stm32f2xx_hal_spi.c ****   }
 1121              		.loc 1 904 21 is_stmt 0 view .LVU346
 1122 018c 2023     		movs	r3, #32
 1123 018e 6365     		str	r3, [r4, #84]
 1124              	.L82:
 908:Drivers/STM32F2xx_HAL_Driver/Src/stm32f2xx_hal_spi.c ****   {
 1125              		.loc 1 908 3 is_stmt 1 view .LVU347
 908:Drivers/STM32F2xx_HAL_Driver/Src/stm32f2xx_hal_spi.c ****   {
 1126              		.loc 1 908 17 is_stmt 0 view .LVU348
 1127 0190 A368     		ldr	r3, [r4, #8]
 908:Drivers/STM32F2xx_HAL_Driver/Src/stm32f2xx_hal_spi.c ****   {
 1128              		.loc 1 908 6 view .LVU349
 1129 0192 33B9     		cbnz	r3, .L83
 910:Drivers/STM32F2xx_HAL_Driver/Src/stm32f2xx_hal_spi.c ****   }
ARM GAS  /var/folders/8x/_y6g3dfs0698dfd49y4vcg_w0000gn/T//ccpNuCLH.s 			page 94


 1130              		.loc 1 910 5 is_stmt 1 view .LVU350
 1131              	.LBB2:
 910:Drivers/STM32F2xx_HAL_Driver/Src/stm32f2xx_hal_spi.c ****   }
 1132              		.loc 1 910 5 view .LVU351
 1133 0194 0193     		str	r3, [sp, #4]
 910:Drivers/STM32F2xx_HAL_Driver/Src/stm32f2xx_hal_spi.c ****   }
 1134              		.loc 1 910 5 view .LVU352
 1135 0196 2368     		ldr	r3, [r4]
 1136 0198 DA68     		ldr	r2, [r3, #12]
 1137 019a 0192     		str	r2, [sp, #4]
 910:Drivers/STM32F2xx_HAL_Driver/Src/stm32f2xx_hal_spi.c ****   }
 1138              		.loc 1 910 5 view .LVU353
 1139 019c 9B68     		ldr	r3, [r3, #8]
 1140 019e 0193     		str	r3, [sp, #4]
 910:Drivers/STM32F2xx_HAL_Driver/Src/stm32f2xx_hal_spi.c ****   }
 1141              		.loc 1 910 5 view .LVU354
 1142 01a0 019B     		ldr	r3, [sp, #4]
 1143              	.L83:
 1144              	.LBE2:
 910:Drivers/STM32F2xx_HAL_Driver/Src/stm32f2xx_hal_spi.c ****   }
 1145              		.loc 1 910 5 discriminator 1 view .LVU355
 913:Drivers/STM32F2xx_HAL_Driver/Src/stm32f2xx_hal_spi.c ****   /* Process Unlocked */
 1146              		.loc 1 913 3 view .LVU356
 913:Drivers/STM32F2xx_HAL_Driver/Src/stm32f2xx_hal_spi.c ****   /* Process Unlocked */
 1147              		.loc 1 913 15 is_stmt 0 view .LVU357
 1148 01a2 0123     		movs	r3, #1
 1149 01a4 84F85130 		strb	r3, [r4, #81]
 915:Drivers/STM32F2xx_HAL_Driver/Src/stm32f2xx_hal_spi.c **** 
 1150              		.loc 1 915 3 is_stmt 1 view .LVU358
 915:Drivers/STM32F2xx_HAL_Driver/Src/stm32f2xx_hal_spi.c **** 
 1151              		.loc 1 915 3 view .LVU359
 1152 01a8 0023     		movs	r3, #0
 1153 01aa 84F85030 		strb	r3, [r4, #80]
 915:Drivers/STM32F2xx_HAL_Driver/Src/stm32f2xx_hal_spi.c **** 
 1154              		.loc 1 915 3 view .LVU360
 917:Drivers/STM32F2xx_HAL_Driver/Src/stm32f2xx_hal_spi.c ****   {
 1155              		.loc 1 917 3 view .LVU361
 917:Drivers/STM32F2xx_HAL_Driver/Src/stm32f2xx_hal_spi.c ****   {
 1156              		.loc 1 917 11 is_stmt 0 view .LVU362
 1157 01ae 636D     		ldr	r3, [r4, #84]
 917:Drivers/STM32F2xx_HAL_Driver/Src/stm32f2xx_hal_spi.c ****   {
 1158              		.loc 1 917 6 view .LVU363
 1159 01b0 13B9     		cbnz	r3, .L61
 923:Drivers/STM32F2xx_HAL_Driver/Src/stm32f2xx_hal_spi.c ****   }
 1160              		.loc 1 923 12 view .LVU364
 1161 01b2 0026     		movs	r6, #0
 1162 01b4 00E0     		b	.L61
 1163              	.LVL45:
 1164              	.L84:
 784:Drivers/STM32F2xx_HAL_Driver/Src/stm32f2xx_hal_spi.c ****   }
 1165              		.loc 1 784 12 view .LVU365
 1166 01b6 0226     		movs	r6, #2
 1167              	.LVL46:
 1168              	.L61:
 925:Drivers/STM32F2xx_HAL_Driver/Src/stm32f2xx_hal_spi.c **** 
 1169              		.loc 1 925 1 view .LVU366
 1170 01b8 3046     		mov	r0, r6
ARM GAS  /var/folders/8x/_y6g3dfs0698dfd49y4vcg_w0000gn/T//ccpNuCLH.s 			page 95


 1171 01ba 03B0     		add	sp, sp, #12
 1172              	.LCFI19:
 1173              		.cfi_remember_state
 1174              		.cfi_def_cfa_offset 28
 1175              		@ sp needed
 1176 01bc BDE8F083 		pop	{r4, r5, r6, r7, r8, r9, pc}
 1177              	.LVL47:
 1178              	.L85:
 1179              	.LCFI20:
 1180              		.cfi_restore_state
 793:Drivers/STM32F2xx_HAL_Driver/Src/stm32f2xx_hal_spi.c **** 
 1181              		.loc 1 793 3 discriminator 1 view .LVU367
 1182 01c0 0226     		movs	r6, #2
 1183 01c2 F9E7     		b	.L61
 1184              		.cfi_endproc
 1185              	.LFE76:
 1187              		.section	.text.HAL_SPI_TransmitReceive,"ax",%progbits
 1188              		.align	1
 1189              		.global	HAL_SPI_TransmitReceive
 1190              		.syntax unified
 1191              		.thumb
 1192              		.thumb_func
 1194              	HAL_SPI_TransmitReceive:
 1195              	.LVL48:
 1196              	.LFB78:
1138:Drivers/STM32F2xx_HAL_Driver/Src/stm32f2xx_hal_spi.c ****   uint16_t             initial_TxXferCount;
 1197              		.loc 1 1138 1 is_stmt 1 view -0
 1198              		.cfi_startproc
 1199              		@ args = 4, pretend = 0, frame = 8
 1200              		@ frame_needed = 0, uses_anonymous_args = 0
1138:Drivers/STM32F2xx_HAL_Driver/Src/stm32f2xx_hal_spi.c ****   uint16_t             initial_TxXferCount;
 1201              		.loc 1 1138 1 is_stmt 0 view .LVU369
 1202 0000 2DE9F043 		push	{r4, r5, r6, r7, r8, r9, lr}
 1203              	.LCFI21:
 1204              		.cfi_def_cfa_offset 28
 1205              		.cfi_offset 4, -28
 1206              		.cfi_offset 5, -24
 1207              		.cfi_offset 6, -20
 1208              		.cfi_offset 7, -16
 1209              		.cfi_offset 8, -12
 1210              		.cfi_offset 9, -8
 1211              		.cfi_offset 14, -4
 1212 0004 83B0     		sub	sp, sp, #12
 1213              	.LCFI22:
 1214              		.cfi_def_cfa_offset 40
 1215 0006 0446     		mov	r4, r0
 1216 0008 8846     		mov	r8, r1
 1217 000a 9146     		mov	r9, r2
 1218 000c 1F46     		mov	r7, r3
 1219 000e 0A9D     		ldr	r5, [sp, #40]
1139:Drivers/STM32F2xx_HAL_Driver/Src/stm32f2xx_hal_spi.c ****   uint32_t             tmp_mode;
 1220              		.loc 1 1139 3 is_stmt 1 view .LVU370
1140:Drivers/STM32F2xx_HAL_Driver/Src/stm32f2xx_hal_spi.c ****   HAL_SPI_StateTypeDef tmp_state;
 1221              		.loc 1 1140 3 view .LVU371
1141:Drivers/STM32F2xx_HAL_Driver/Src/stm32f2xx_hal_spi.c ****   uint32_t             tickstart;
 1222              		.loc 1 1141 3 view .LVU372
1142:Drivers/STM32F2xx_HAL_Driver/Src/stm32f2xx_hal_spi.c **** #if (USE_SPI_CRC != 0U)
ARM GAS  /var/folders/8x/_y6g3dfs0698dfd49y4vcg_w0000gn/T//ccpNuCLH.s 			page 96


 1223              		.loc 1 1142 3 view .LVU373
1148:Drivers/STM32F2xx_HAL_Driver/Src/stm32f2xx_hal_spi.c **** 
 1224              		.loc 1 1148 3 view .LVU374
 1225              	.LVL49:
1151:Drivers/STM32F2xx_HAL_Driver/Src/stm32f2xx_hal_spi.c **** 
 1226              		.loc 1 1151 3 view .LVU375
1154:Drivers/STM32F2xx_HAL_Driver/Src/stm32f2xx_hal_spi.c **** 
 1227              		.loc 1 1154 3 view .LVU376
1154:Drivers/STM32F2xx_HAL_Driver/Src/stm32f2xx_hal_spi.c **** 
 1228              		.loc 1 1154 15 is_stmt 0 view .LVU377
 1229 0010 FFF7FEFF 		bl	HAL_GetTick
 1230              	.LVL50:
1154:Drivers/STM32F2xx_HAL_Driver/Src/stm32f2xx_hal_spi.c **** 
 1231              		.loc 1 1154 15 view .LVU378
 1232 0014 0646     		mov	r6, r0
 1233              	.LVL51:
1157:Drivers/STM32F2xx_HAL_Driver/Src/stm32f2xx_hal_spi.c ****   tmp_mode            = hspi->Init.Mode;
 1234              		.loc 1 1157 3 is_stmt 1 view .LVU379
1157:Drivers/STM32F2xx_HAL_Driver/Src/stm32f2xx_hal_spi.c ****   tmp_mode            = hspi->Init.Mode;
 1235              		.loc 1 1157 23 is_stmt 0 view .LVU380
 1236 0016 94F85130 		ldrb	r3, [r4, #81]	@ zero_extendqisi2
 1237 001a DBB2     		uxtb	r3, r3
 1238              	.LVL52:
1158:Drivers/STM32F2xx_HAL_Driver/Src/stm32f2xx_hal_spi.c ****   initial_TxXferCount = Size;
 1239              		.loc 1 1158 3 is_stmt 1 view .LVU381
1158:Drivers/STM32F2xx_HAL_Driver/Src/stm32f2xx_hal_spi.c ****   initial_TxXferCount = Size;
 1240              		.loc 1 1158 23 is_stmt 0 view .LVU382
 1241 001c 6268     		ldr	r2, [r4, #4]
 1242              	.LVL53:
1159:Drivers/STM32F2xx_HAL_Driver/Src/stm32f2xx_hal_spi.c **** 
 1243              		.loc 1 1159 3 is_stmt 1 view .LVU383
1161:Drivers/STM32F2xx_HAL_Driver/Src/stm32f2xx_hal_spi.c ****         ((tmp_mode == SPI_MODE_MASTER) && (hspi->Init.Direction == SPI_DIRECTION_2LINES) &&
 1244              		.loc 1 1161 3 view .LVU384
1161:Drivers/STM32F2xx_HAL_Driver/Src/stm32f2xx_hal_spi.c ****         ((tmp_mode == SPI_MODE_MASTER) && (hspi->Init.Direction == SPI_DIRECTION_2LINES) &&
 1245              		.loc 1 1161 6 is_stmt 0 view .LVU385
 1246 001e 012B     		cmp	r3, #1
 1247 0020 0AD0     		beq	.L92
1161:Drivers/STM32F2xx_HAL_Driver/Src/stm32f2xx_hal_spi.c ****         ((tmp_mode == SPI_MODE_MASTER) && (hspi->Init.Direction == SPI_DIRECTION_2LINES) &&
 1248              		.loc 1 1161 7 discriminator 1 view .LVU386
 1249 0022 B2F5827F 		cmp	r2, #260
 1250 0026 40F00581 		bne	.L114
1162:Drivers/STM32F2xx_HAL_Driver/Src/stm32f2xx_hal_spi.c ****          (tmp_state == HAL_SPI_STATE_BUSY_RX))))
 1251              		.loc 1 1162 54 view .LVU387
 1252 002a A268     		ldr	r2, [r4, #8]
 1253              	.LVL54:
1162:Drivers/STM32F2xx_HAL_Driver/Src/stm32f2xx_hal_spi.c ****          (tmp_state == HAL_SPI_STATE_BUSY_RX))))
 1254              		.loc 1 1162 40 view .LVU388
 1255 002c 002A     		cmp	r2, #0
 1256 002e 40F00581 		bne	.L115
1162:Drivers/STM32F2xx_HAL_Driver/Src/stm32f2xx_hal_spi.c ****          (tmp_state == HAL_SPI_STATE_BUSY_RX))))
 1257              		.loc 1 1162 90 discriminator 1 view .LVU389
 1258 0032 042B     		cmp	r3, #4
 1259 0034 40F00481 		bne	.L116
 1260              	.L92:
1168:Drivers/STM32F2xx_HAL_Driver/Src/stm32f2xx_hal_spi.c ****   {
 1261              		.loc 1 1168 3 is_stmt 1 view .LVU390
1168:Drivers/STM32F2xx_HAL_Driver/Src/stm32f2xx_hal_spi.c ****   {
ARM GAS  /var/folders/8x/_y6g3dfs0698dfd49y4vcg_w0000gn/T//ccpNuCLH.s 			page 97


 1262              		.loc 1 1168 6 is_stmt 0 view .LVU391
 1263 0038 B8F1000F 		cmp	r8, #0
 1264 003c 00F00281 		beq	.L117
1168:Drivers/STM32F2xx_HAL_Driver/Src/stm32f2xx_hal_spi.c ****   {
 1265              		.loc 1 1168 25 discriminator 1 view .LVU392
 1266 0040 B9F1000F 		cmp	r9, #0
 1267 0044 00F00081 		beq	.L118
1168:Drivers/STM32F2xx_HAL_Driver/Src/stm32f2xx_hal_spi.c ****   {
 1268              		.loc 1 1168 46 discriminator 2 view .LVU393
 1269 0048 002F     		cmp	r7, #0
 1270 004a 00F0FF80 		beq	.L119
1174:Drivers/STM32F2xx_HAL_Driver/Src/stm32f2xx_hal_spi.c **** 
 1271              		.loc 1 1174 3 is_stmt 1 view .LVU394
1174:Drivers/STM32F2xx_HAL_Driver/Src/stm32f2xx_hal_spi.c **** 
 1272              		.loc 1 1174 3 view .LVU395
 1273 004e 94F85030 		ldrb	r3, [r4, #80]	@ zero_extendqisi2
 1274              	.LVL55:
1174:Drivers/STM32F2xx_HAL_Driver/Src/stm32f2xx_hal_spi.c **** 
 1275              		.loc 1 1174 3 is_stmt 0 view .LVU396
 1276 0052 012B     		cmp	r3, #1
 1277 0054 00F0FC80 		beq	.L120
1174:Drivers/STM32F2xx_HAL_Driver/Src/stm32f2xx_hal_spi.c **** 
 1278              		.loc 1 1174 3 is_stmt 1 discriminator 2 view .LVU397
 1279 0058 0123     		movs	r3, #1
 1280 005a 84F85030 		strb	r3, [r4, #80]
1174:Drivers/STM32F2xx_HAL_Driver/Src/stm32f2xx_hal_spi.c **** 
 1281              		.loc 1 1174 3 discriminator 2 view .LVU398
1177:Drivers/STM32F2xx_HAL_Driver/Src/stm32f2xx_hal_spi.c ****   {
 1282              		.loc 1 1177 3 view .LVU399
1177:Drivers/STM32F2xx_HAL_Driver/Src/stm32f2xx_hal_spi.c ****   {
 1283              		.loc 1 1177 11 is_stmt 0 view .LVU400
 1284 005e 94F85130 		ldrb	r3, [r4, #81]	@ zero_extendqisi2
 1285 0062 DBB2     		uxtb	r3, r3
1177:Drivers/STM32F2xx_HAL_Driver/Src/stm32f2xx_hal_spi.c ****   {
 1286              		.loc 1 1177 6 view .LVU401
 1287 0064 042B     		cmp	r3, #4
 1288 0066 02D0     		beq	.L94
1179:Drivers/STM32F2xx_HAL_Driver/Src/stm32f2xx_hal_spi.c ****   }
 1289              		.loc 1 1179 5 is_stmt 1 view .LVU402
1179:Drivers/STM32F2xx_HAL_Driver/Src/stm32f2xx_hal_spi.c ****   }
 1290              		.loc 1 1179 17 is_stmt 0 view .LVU403
 1291 0068 0523     		movs	r3, #5
 1292 006a 84F85130 		strb	r3, [r4, #81]
 1293              	.L94:
1183:Drivers/STM32F2xx_HAL_Driver/Src/stm32f2xx_hal_spi.c ****   hspi->pRxBuffPtr  = (uint8_t *)pRxData;
 1294              		.loc 1 1183 3 is_stmt 1 view .LVU404
1183:Drivers/STM32F2xx_HAL_Driver/Src/stm32f2xx_hal_spi.c ****   hspi->pRxBuffPtr  = (uint8_t *)pRxData;
 1295              		.loc 1 1183 21 is_stmt 0 view .LVU405
 1296 006e 0023     		movs	r3, #0
 1297 0070 6365     		str	r3, [r4, #84]
1184:Drivers/STM32F2xx_HAL_Driver/Src/stm32f2xx_hal_spi.c ****   hspi->RxXferCount = Size;
 1298              		.loc 1 1184 3 is_stmt 1 view .LVU406
1184:Drivers/STM32F2xx_HAL_Driver/Src/stm32f2xx_hal_spi.c ****   hspi->RxXferCount = Size;
 1299              		.loc 1 1184 21 is_stmt 0 view .LVU407
 1300 0072 C4F83890 		str	r9, [r4, #56]
1185:Drivers/STM32F2xx_HAL_Driver/Src/stm32f2xx_hal_spi.c ****   hspi->RxXferSize  = Size;
 1301              		.loc 1 1185 3 is_stmt 1 view .LVU408
ARM GAS  /var/folders/8x/_y6g3dfs0698dfd49y4vcg_w0000gn/T//ccpNuCLH.s 			page 98


1185:Drivers/STM32F2xx_HAL_Driver/Src/stm32f2xx_hal_spi.c ****   hspi->RxXferSize  = Size;
 1302              		.loc 1 1185 21 is_stmt 0 view .LVU409
 1303 0076 E787     		strh	r7, [r4, #62]	@ movhi
1186:Drivers/STM32F2xx_HAL_Driver/Src/stm32f2xx_hal_spi.c ****   hspi->pTxBuffPtr  = (const uint8_t *)pTxData;
 1304              		.loc 1 1186 3 is_stmt 1 view .LVU410
1186:Drivers/STM32F2xx_HAL_Driver/Src/stm32f2xx_hal_spi.c ****   hspi->pTxBuffPtr  = (const uint8_t *)pTxData;
 1305              		.loc 1 1186 21 is_stmt 0 view .LVU411
 1306 0078 A787     		strh	r7, [r4, #60]	@ movhi
1187:Drivers/STM32F2xx_HAL_Driver/Src/stm32f2xx_hal_spi.c ****   hspi->TxXferCount = Size;
 1307              		.loc 1 1187 3 is_stmt 1 view .LVU412
1187:Drivers/STM32F2xx_HAL_Driver/Src/stm32f2xx_hal_spi.c ****   hspi->TxXferCount = Size;
 1308              		.loc 1 1187 21 is_stmt 0 view .LVU413
 1309 007a C4F83080 		str	r8, [r4, #48]
1188:Drivers/STM32F2xx_HAL_Driver/Src/stm32f2xx_hal_spi.c ****   hspi->TxXferSize  = Size;
 1310              		.loc 1 1188 3 is_stmt 1 view .LVU414
1188:Drivers/STM32F2xx_HAL_Driver/Src/stm32f2xx_hal_spi.c ****   hspi->TxXferSize  = Size;
 1311              		.loc 1 1188 21 is_stmt 0 view .LVU415
 1312 007e E786     		strh	r7, [r4, #54]	@ movhi
1189:Drivers/STM32F2xx_HAL_Driver/Src/stm32f2xx_hal_spi.c **** 
 1313              		.loc 1 1189 3 is_stmt 1 view .LVU416
1189:Drivers/STM32F2xx_HAL_Driver/Src/stm32f2xx_hal_spi.c **** 
 1314              		.loc 1 1189 21 is_stmt 0 view .LVU417
 1315 0080 A786     		strh	r7, [r4, #52]	@ movhi
1192:Drivers/STM32F2xx_HAL_Driver/Src/stm32f2xx_hal_spi.c ****   hspi->TxISR       = NULL;
 1316              		.loc 1 1192 3 is_stmt 1 view .LVU418
1192:Drivers/STM32F2xx_HAL_Driver/Src/stm32f2xx_hal_spi.c ****   hspi->TxISR       = NULL;
 1317              		.loc 1 1192 21 is_stmt 0 view .LVU419
 1318 0082 2364     		str	r3, [r4, #64]
1193:Drivers/STM32F2xx_HAL_Driver/Src/stm32f2xx_hal_spi.c **** 
 1319              		.loc 1 1193 3 is_stmt 1 view .LVU420
1193:Drivers/STM32F2xx_HAL_Driver/Src/stm32f2xx_hal_spi.c **** 
 1320              		.loc 1 1193 21 is_stmt 0 view .LVU421
 1321 0084 6364     		str	r3, [r4, #68]
1204:Drivers/STM32F2xx_HAL_Driver/Src/stm32f2xx_hal_spi.c ****   {
 1322              		.loc 1 1204 3 is_stmt 1 view .LVU422
1204:Drivers/STM32F2xx_HAL_Driver/Src/stm32f2xx_hal_spi.c ****   {
 1323              		.loc 1 1204 12 is_stmt 0 view .LVU423
 1324 0086 2368     		ldr	r3, [r4]
1204:Drivers/STM32F2xx_HAL_Driver/Src/stm32f2xx_hal_spi.c ****   {
 1325              		.loc 1 1204 22 view .LVU424
 1326 0088 1A68     		ldr	r2, [r3]
1204:Drivers/STM32F2xx_HAL_Driver/Src/stm32f2xx_hal_spi.c ****   {
 1327              		.loc 1 1204 6 view .LVU425
 1328 008a 12F0400F 		tst	r2, #64
 1329 008e 03D1     		bne	.L95
1207:Drivers/STM32F2xx_HAL_Driver/Src/stm32f2xx_hal_spi.c ****   }
 1330              		.loc 1 1207 5 is_stmt 1 view .LVU426
 1331 0090 1A68     		ldr	r2, [r3]
 1332 0092 42F04002 		orr	r2, r2, #64
 1333 0096 1A60     		str	r2, [r3]
 1334              	.LVL56:
 1335              	.L95:
1211:Drivers/STM32F2xx_HAL_Driver/Src/stm32f2xx_hal_spi.c ****   {
 1336              		.loc 1 1211 3 view .LVU427
1211:Drivers/STM32F2xx_HAL_Driver/Src/stm32f2xx_hal_spi.c ****   {
 1337              		.loc 1 1211 17 is_stmt 0 view .LVU428
 1338 0098 E368     		ldr	r3, [r4, #12]
ARM GAS  /var/folders/8x/_y6g3dfs0698dfd49y4vcg_w0000gn/T//ccpNuCLH.s 			page 99


1211:Drivers/STM32F2xx_HAL_Driver/Src/stm32f2xx_hal_spi.c ****   {
 1339              		.loc 1 1211 6 view .LVU429
 1340 009a B3F5006F 		cmp	r3, #2048
 1341 009e 11D0     		beq	.L122
1268:Drivers/STM32F2xx_HAL_Driver/Src/stm32f2xx_hal_spi.c ****     {
 1342              		.loc 1 1268 5 is_stmt 1 view .LVU430
1268:Drivers/STM32F2xx_HAL_Driver/Src/stm32f2xx_hal_spi.c ****     {
 1343              		.loc 1 1268 20 is_stmt 0 view .LVU431
 1344 00a0 6368     		ldr	r3, [r4, #4]
1268:Drivers/STM32F2xx_HAL_Driver/Src/stm32f2xx_hal_spi.c ****     {
 1345              		.loc 1 1268 8 view .LVU432
 1346 00a2 0BB1     		cbz	r3, .L104
1268:Drivers/STM32F2xx_HAL_Driver/Src/stm32f2xx_hal_spi.c ****     {
 1347              		.loc 1 1268 45 discriminator 1 view .LVU433
 1348 00a4 012F     		cmp	r7, #1
 1349 00a6 0BD1     		bne	.L105
 1350              	.L104:
1270:Drivers/STM32F2xx_HAL_Driver/Src/stm32f2xx_hal_spi.c ****       hspi->pTxBuffPtr += sizeof(uint8_t);
 1351              		.loc 1 1270 7 is_stmt 1 view .LVU434
1270:Drivers/STM32F2xx_HAL_Driver/Src/stm32f2xx_hal_spi.c ****       hspi->pTxBuffPtr += sizeof(uint8_t);
 1352              		.loc 1 1270 71 is_stmt 0 view .LVU435
 1353 00a8 226B     		ldr	r2, [r4, #48]
1270:Drivers/STM32F2xx_HAL_Driver/Src/stm32f2xx_hal_spi.c ****       hspi->pTxBuffPtr += sizeof(uint8_t);
 1354              		.loc 1 1270 30 view .LVU436
 1355 00aa 2368     		ldr	r3, [r4]
1270:Drivers/STM32F2xx_HAL_Driver/Src/stm32f2xx_hal_spi.c ****       hspi->pTxBuffPtr += sizeof(uint8_t);
 1356              		.loc 1 1270 48 view .LVU437
 1357 00ac 1278     		ldrb	r2, [r2]	@ zero_extendqisi2
1270:Drivers/STM32F2xx_HAL_Driver/Src/stm32f2xx_hal_spi.c ****       hspi->pTxBuffPtr += sizeof(uint8_t);
 1358              		.loc 1 1270 46 view .LVU438
 1359 00ae 1A73     		strb	r2, [r3, #12]
1271:Drivers/STM32F2xx_HAL_Driver/Src/stm32f2xx_hal_spi.c ****       hspi->TxXferCount--;
 1360              		.loc 1 1271 7 is_stmt 1 view .LVU439
1271:Drivers/STM32F2xx_HAL_Driver/Src/stm32f2xx_hal_spi.c ****       hspi->TxXferCount--;
 1361              		.loc 1 1271 11 is_stmt 0 view .LVU440
 1362 00b0 236B     		ldr	r3, [r4, #48]
1271:Drivers/STM32F2xx_HAL_Driver/Src/stm32f2xx_hal_spi.c ****       hspi->TxXferCount--;
 1363              		.loc 1 1271 24 view .LVU441
 1364 00b2 0133     		adds	r3, r3, #1
 1365 00b4 2363     		str	r3, [r4, #48]
1272:Drivers/STM32F2xx_HAL_Driver/Src/stm32f2xx_hal_spi.c **** 
 1366              		.loc 1 1272 7 is_stmt 1 view .LVU442
1272:Drivers/STM32F2xx_HAL_Driver/Src/stm32f2xx_hal_spi.c **** 
 1367              		.loc 1 1272 11 is_stmt 0 view .LVU443
 1368 00b6 E38E     		ldrh	r3, [r4, #54]
 1369 00b8 9BB2     		uxth	r3, r3
1272:Drivers/STM32F2xx_HAL_Driver/Src/stm32f2xx_hal_spi.c **** 
 1370              		.loc 1 1272 24 view .LVU444
 1371 00ba 013B     		subs	r3, r3, #1
 1372 00bc 9BB2     		uxth	r3, r3
 1373 00be E386     		strh	r3, [r4, #54]	@ movhi
 1374              	.L105:
1309:Drivers/STM32F2xx_HAL_Driver/Src/stm32f2xx_hal_spi.c ****       }
 1375              		.loc 1 1309 19 view .LVU445
 1376 00c0 0127     		movs	r7, #1
 1377              	.LVL57:
1309:Drivers/STM32F2xx_HAL_Driver/Src/stm32f2xx_hal_spi.c ****       }
ARM GAS  /var/folders/8x/_y6g3dfs0698dfd49y4vcg_w0000gn/T//ccpNuCLH.s 			page 100


 1378              		.loc 1 1309 19 view .LVU446
 1379 00c2 71E0     		b	.L110
 1380              	.LVL58:
 1381              	.L122:
1213:Drivers/STM32F2xx_HAL_Driver/Src/stm32f2xx_hal_spi.c ****     {
 1382              		.loc 1 1213 5 is_stmt 1 view .LVU447
1213:Drivers/STM32F2xx_HAL_Driver/Src/stm32f2xx_hal_spi.c ****     {
 1383              		.loc 1 1213 20 is_stmt 0 view .LVU448
 1384 00c4 6368     		ldr	r3, [r4, #4]
1213:Drivers/STM32F2xx_HAL_Driver/Src/stm32f2xx_hal_spi.c ****     {
 1385              		.loc 1 1213 8 view .LVU449
 1386 00c6 0BB1     		cbz	r3, .L97
1213:Drivers/STM32F2xx_HAL_Driver/Src/stm32f2xx_hal_spi.c ****     {
 1387              		.loc 1 1213 45 discriminator 1 view .LVU450
 1388 00c8 012F     		cmp	r7, #1
 1389 00ca 0BD1     		bne	.L98
 1390              	.L97:
1215:Drivers/STM32F2xx_HAL_Driver/Src/stm32f2xx_hal_spi.c ****       hspi->pTxBuffPtr += sizeof(uint16_t);
 1391              		.loc 1 1215 7 is_stmt 1 view .LVU451
1215:Drivers/STM32F2xx_HAL_Driver/Src/stm32f2xx_hal_spi.c ****       hspi->pTxBuffPtr += sizeof(uint16_t);
 1392              		.loc 1 1215 52 is_stmt 0 view .LVU452
 1393 00cc 226B     		ldr	r2, [r4, #48]
1215:Drivers/STM32F2xx_HAL_Driver/Src/stm32f2xx_hal_spi.c ****       hspi->pTxBuffPtr += sizeof(uint16_t);
 1394              		.loc 1 1215 11 view .LVU453
 1395 00ce 2368     		ldr	r3, [r4]
1215:Drivers/STM32F2xx_HAL_Driver/Src/stm32f2xx_hal_spi.c ****       hspi->pTxBuffPtr += sizeof(uint16_t);
 1396              		.loc 1 1215 28 view .LVU454
 1397 00d0 1288     		ldrh	r2, [r2]
1215:Drivers/STM32F2xx_HAL_Driver/Src/stm32f2xx_hal_spi.c ****       hspi->pTxBuffPtr += sizeof(uint16_t);
 1398              		.loc 1 1215 26 view .LVU455
 1399 00d2 DA60     		str	r2, [r3, #12]
1216:Drivers/STM32F2xx_HAL_Driver/Src/stm32f2xx_hal_spi.c ****       hspi->TxXferCount--;
 1400              		.loc 1 1216 7 is_stmt 1 view .LVU456
1216:Drivers/STM32F2xx_HAL_Driver/Src/stm32f2xx_hal_spi.c ****       hspi->TxXferCount--;
 1401              		.loc 1 1216 11 is_stmt 0 view .LVU457
 1402 00d4 236B     		ldr	r3, [r4, #48]
1216:Drivers/STM32F2xx_HAL_Driver/Src/stm32f2xx_hal_spi.c ****       hspi->TxXferCount--;
 1403              		.loc 1 1216 24 view .LVU458
 1404 00d6 0233     		adds	r3, r3, #2
 1405 00d8 2363     		str	r3, [r4, #48]
1217:Drivers/STM32F2xx_HAL_Driver/Src/stm32f2xx_hal_spi.c **** 
 1406              		.loc 1 1217 7 is_stmt 1 view .LVU459
1217:Drivers/STM32F2xx_HAL_Driver/Src/stm32f2xx_hal_spi.c **** 
 1407              		.loc 1 1217 11 is_stmt 0 view .LVU460
 1408 00da E38E     		ldrh	r3, [r4, #54]
 1409 00dc 9BB2     		uxth	r3, r3
1217:Drivers/STM32F2xx_HAL_Driver/Src/stm32f2xx_hal_spi.c **** 
 1410              		.loc 1 1217 24 view .LVU461
 1411 00de 013B     		subs	r3, r3, #1
 1412 00e0 9BB2     		uxth	r3, r3
 1413 00e2 E386     		strh	r3, [r4, #54]	@ movhi
 1414              	.L98:
1255:Drivers/STM32F2xx_HAL_Driver/Src/stm32f2xx_hal_spi.c ****       }
 1415              		.loc 1 1255 19 view .LVU462
 1416 00e4 0127     		movs	r7, #1
 1417              	.LVL59:
1255:Drivers/STM32F2xx_HAL_Driver/Src/stm32f2xx_hal_spi.c ****       }
ARM GAS  /var/folders/8x/_y6g3dfs0698dfd49y4vcg_w0000gn/T//ccpNuCLH.s 			page 101


 1418              		.loc 1 1255 19 view .LVU463
 1419 00e6 1BE0     		b	.L99
 1420              	.LVL60:
 1421              	.L100:
1249:Drivers/STM32F2xx_HAL_Driver/Src/stm32f2xx_hal_spi.c ****       {
 1422              		.loc 1 1249 7 is_stmt 1 view .LVU464
1249:Drivers/STM32F2xx_HAL_Driver/Src/stm32f2xx_hal_spi.c ****       {
 1423              		.loc 1 1249 12 is_stmt 0 view .LVU465
 1424 00e8 2368     		ldr	r3, [r4]
 1425 00ea 9A68     		ldr	r2, [r3, #8]
1249:Drivers/STM32F2xx_HAL_Driver/Src/stm32f2xx_hal_spi.c ****       {
 1426              		.loc 1 1249 10 view .LVU466
 1427 00ec 12F0010F 		tst	r2, #1
 1428 00f0 0ED0     		beq	.L101
1249:Drivers/STM32F2xx_HAL_Driver/Src/stm32f2xx_hal_spi.c ****       {
 1429              		.loc 1 1249 61 discriminator 1 view .LVU467
 1430 00f2 E28F     		ldrh	r2, [r4, #62]
 1431 00f4 92B2     		uxth	r2, r2
1249:Drivers/STM32F2xx_HAL_Driver/Src/stm32f2xx_hal_spi.c ****       {
 1432              		.loc 1 1249 53 discriminator 1 view .LVU468
 1433 00f6 5AB1     		cbz	r2, .L101
1251:Drivers/STM32F2xx_HAL_Driver/Src/stm32f2xx_hal_spi.c ****         hspi->pRxBuffPtr += sizeof(uint16_t);
 1434              		.loc 1 1251 9 is_stmt 1 view .LVU469
1251:Drivers/STM32F2xx_HAL_Driver/Src/stm32f2xx_hal_spi.c ****         hspi->pRxBuffPtr += sizeof(uint16_t);
 1435              		.loc 1 1251 67 is_stmt 0 view .LVU470
 1436 00f8 DA68     		ldr	r2, [r3, #12]
1251:Drivers/STM32F2xx_HAL_Driver/Src/stm32f2xx_hal_spi.c ****         hspi->pRxBuffPtr += sizeof(uint16_t);
 1437              		.loc 1 1251 27 view .LVU471
 1438 00fa A36B     		ldr	r3, [r4, #56]
1251:Drivers/STM32F2xx_HAL_Driver/Src/stm32f2xx_hal_spi.c ****         hspi->pRxBuffPtr += sizeof(uint16_t);
 1439              		.loc 1 1251 41 view .LVU472
 1440 00fc 1A80     		strh	r2, [r3]	@ movhi
1252:Drivers/STM32F2xx_HAL_Driver/Src/stm32f2xx_hal_spi.c ****         hspi->RxXferCount--;
 1441              		.loc 1 1252 9 is_stmt 1 view .LVU473
1252:Drivers/STM32F2xx_HAL_Driver/Src/stm32f2xx_hal_spi.c ****         hspi->RxXferCount--;
 1442              		.loc 1 1252 13 is_stmt 0 view .LVU474
 1443 00fe A36B     		ldr	r3, [r4, #56]
1252:Drivers/STM32F2xx_HAL_Driver/Src/stm32f2xx_hal_spi.c ****         hspi->RxXferCount--;
 1444              		.loc 1 1252 26 view .LVU475
 1445 0100 0233     		adds	r3, r3, #2
 1446 0102 A363     		str	r3, [r4, #56]
1253:Drivers/STM32F2xx_HAL_Driver/Src/stm32f2xx_hal_spi.c ****         /* Next Data is a Transmission (Tx). Tx is allowed */
 1447              		.loc 1 1253 9 is_stmt 1 view .LVU476
1253:Drivers/STM32F2xx_HAL_Driver/Src/stm32f2xx_hal_spi.c ****         /* Next Data is a Transmission (Tx). Tx is allowed */
 1448              		.loc 1 1253 13 is_stmt 0 view .LVU477
 1449 0104 E38F     		ldrh	r3, [r4, #62]
 1450 0106 9BB2     		uxth	r3, r3
1253:Drivers/STM32F2xx_HAL_Driver/Src/stm32f2xx_hal_spi.c ****         /* Next Data is a Transmission (Tx). Tx is allowed */
 1451              		.loc 1 1253 26 view .LVU478
 1452 0108 013B     		subs	r3, r3, #1
 1453 010a 9BB2     		uxth	r3, r3
 1454 010c E387     		strh	r3, [r4, #62]	@ movhi
1255:Drivers/STM32F2xx_HAL_Driver/Src/stm32f2xx_hal_spi.c ****       }
 1455              		.loc 1 1255 9 is_stmt 1 view .LVU479
 1456              	.LVL61:
1255:Drivers/STM32F2xx_HAL_Driver/Src/stm32f2xx_hal_spi.c ****       }
 1457              		.loc 1 1255 19 is_stmt 0 view .LVU480
ARM GAS  /var/folders/8x/_y6g3dfs0698dfd49y4vcg_w0000gn/T//ccpNuCLH.s 			page 102


 1458 010e 0127     		movs	r7, #1
 1459              	.LVL62:
 1460              	.L101:
1257:Drivers/STM32F2xx_HAL_Driver/Src/stm32f2xx_hal_spi.c ****       {
 1461              		.loc 1 1257 7 is_stmt 1 view .LVU481
1257:Drivers/STM32F2xx_HAL_Driver/Src/stm32f2xx_hal_spi.c ****       {
 1462              		.loc 1 1257 13 is_stmt 0 view .LVU482
 1463 0110 FFF7FEFF 		bl	HAL_GetTick
 1464              	.LVL63:
1257:Drivers/STM32F2xx_HAL_Driver/Src/stm32f2xx_hal_spi.c ****       {
 1465              		.loc 1 1257 27 discriminator 1 view .LVU483
 1466 0114 801B     		subs	r0, r0, r6
1257:Drivers/STM32F2xx_HAL_Driver/Src/stm32f2xx_hal_spi.c ****       {
 1467              		.loc 1 1257 10 discriminator 1 view .LVU484
 1468 0116 A842     		cmp	r0, r5
 1469 0118 02D3     		bcc	.L99
1257:Drivers/STM32F2xx_HAL_Driver/Src/stm32f2xx_hal_spi.c ****       {
 1470              		.loc 1 1257 53 discriminator 1 view .LVU485
 1471 011a B5F1FF3F 		cmp	r5, #-1
 1472 011e 1ED1     		bne	.L123
 1473              	.LVL64:
 1474              	.L99:
1228:Drivers/STM32F2xx_HAL_Driver/Src/stm32f2xx_hal_spi.c ****     {
 1475              		.loc 1 1228 37 is_stmt 1 view .LVU486
1228:Drivers/STM32F2xx_HAL_Driver/Src/stm32f2xx_hal_spi.c ****     {
 1476              		.loc 1 1228 17 is_stmt 0 view .LVU487
 1477 0120 E38E     		ldrh	r3, [r4, #54]
 1478 0122 9BB2     		uxth	r3, r3
1228:Drivers/STM32F2xx_HAL_Driver/Src/stm32f2xx_hal_spi.c ****     {
 1479              		.loc 1 1228 37 view .LVU488
 1480 0124 1BB9     		cbnz	r3, .L102
1228:Drivers/STM32F2xx_HAL_Driver/Src/stm32f2xx_hal_spi.c ****     {
 1481              		.loc 1 1228 45 discriminator 1 view .LVU489
 1482 0126 E38F     		ldrh	r3, [r4, #62]
 1483 0128 9BB2     		uxth	r3, r3
1228:Drivers/STM32F2xx_HAL_Driver/Src/stm32f2xx_hal_spi.c ****     {
 1484              		.loc 1 1228 37 discriminator 1 view .LVU490
 1485 012a 002B     		cmp	r3, #0
 1486 012c 62D0     		beq	.L103
 1487              	.L102:
1231:Drivers/STM32F2xx_HAL_Driver/Src/stm32f2xx_hal_spi.c ****       {
 1488              		.loc 1 1231 7 is_stmt 1 view .LVU491
1231:Drivers/STM32F2xx_HAL_Driver/Src/stm32f2xx_hal_spi.c ****       {
 1489              		.loc 1 1231 12 is_stmt 0 view .LVU492
 1490 012e 2368     		ldr	r3, [r4]
 1491 0130 9A68     		ldr	r2, [r3, #8]
1231:Drivers/STM32F2xx_HAL_Driver/Src/stm32f2xx_hal_spi.c ****       {
 1492              		.loc 1 1231 10 view .LVU493
 1493 0132 12F0020F 		tst	r2, #2
 1494 0136 D7D0     		beq	.L100
1231:Drivers/STM32F2xx_HAL_Driver/Src/stm32f2xx_hal_spi.c ****       {
 1495              		.loc 1 1231 60 discriminator 1 view .LVU494
 1496 0138 E28E     		ldrh	r2, [r4, #54]
 1497 013a 92B2     		uxth	r2, r2
1231:Drivers/STM32F2xx_HAL_Driver/Src/stm32f2xx_hal_spi.c ****       {
 1498              		.loc 1 1231 52 discriminator 1 view .LVU495
 1499 013c 002A     		cmp	r2, #0
ARM GAS  /var/folders/8x/_y6g3dfs0698dfd49y4vcg_w0000gn/T//ccpNuCLH.s 			page 103


 1500 013e D3D0     		beq	.L100
1231:Drivers/STM32F2xx_HAL_Driver/Src/stm32f2xx_hal_spi.c ****       {
 1501              		.loc 1 1231 80 discriminator 2 view .LVU496
 1502 0140 002F     		cmp	r7, #0
 1503 0142 D1D0     		beq	.L100
1233:Drivers/STM32F2xx_HAL_Driver/Src/stm32f2xx_hal_spi.c ****         hspi->pTxBuffPtr += sizeof(uint16_t);
 1504              		.loc 1 1233 9 is_stmt 1 view .LVU497
1233:Drivers/STM32F2xx_HAL_Driver/Src/stm32f2xx_hal_spi.c ****         hspi->pTxBuffPtr += sizeof(uint16_t);
 1505              		.loc 1 1233 54 is_stmt 0 view .LVU498
 1506 0144 226B     		ldr	r2, [r4, #48]
1233:Drivers/STM32F2xx_HAL_Driver/Src/stm32f2xx_hal_spi.c ****         hspi->pTxBuffPtr += sizeof(uint16_t);
 1507              		.loc 1 1233 30 view .LVU499
 1508 0146 1288     		ldrh	r2, [r2]
1233:Drivers/STM32F2xx_HAL_Driver/Src/stm32f2xx_hal_spi.c ****         hspi->pTxBuffPtr += sizeof(uint16_t);
 1509              		.loc 1 1233 28 view .LVU500
 1510 0148 DA60     		str	r2, [r3, #12]
1234:Drivers/STM32F2xx_HAL_Driver/Src/stm32f2xx_hal_spi.c ****         hspi->TxXferCount--;
 1511              		.loc 1 1234 9 is_stmt 1 view .LVU501
1234:Drivers/STM32F2xx_HAL_Driver/Src/stm32f2xx_hal_spi.c ****         hspi->TxXferCount--;
 1512              		.loc 1 1234 13 is_stmt 0 view .LVU502
 1513 014a 236B     		ldr	r3, [r4, #48]
1234:Drivers/STM32F2xx_HAL_Driver/Src/stm32f2xx_hal_spi.c ****         hspi->TxXferCount--;
 1514              		.loc 1 1234 26 view .LVU503
 1515 014c 0233     		adds	r3, r3, #2
 1516 014e 2363     		str	r3, [r4, #48]
1235:Drivers/STM32F2xx_HAL_Driver/Src/stm32f2xx_hal_spi.c ****         /* Next Data is a reception (Rx). Tx not allowed */
 1517              		.loc 1 1235 9 is_stmt 1 view .LVU504
1235:Drivers/STM32F2xx_HAL_Driver/Src/stm32f2xx_hal_spi.c ****         /* Next Data is a reception (Rx). Tx not allowed */
 1518              		.loc 1 1235 13 is_stmt 0 view .LVU505
 1519 0150 E38E     		ldrh	r3, [r4, #54]
 1520 0152 9BB2     		uxth	r3, r3
1235:Drivers/STM32F2xx_HAL_Driver/Src/stm32f2xx_hal_spi.c ****         /* Next Data is a reception (Rx). Tx not allowed */
 1521              		.loc 1 1235 26 view .LVU506
 1522 0154 013B     		subs	r3, r3, #1
 1523 0156 9BB2     		uxth	r3, r3
 1524 0158 E386     		strh	r3, [r4, #54]	@ movhi
1237:Drivers/STM32F2xx_HAL_Driver/Src/stm32f2xx_hal_spi.c **** 
 1525              		.loc 1 1237 9 is_stmt 1 view .LVU507
 1526              	.LVL65:
1237:Drivers/STM32F2xx_HAL_Driver/Src/stm32f2xx_hal_spi.c **** 
 1527              		.loc 1 1237 19 is_stmt 0 view .LVU508
 1528 015a 0027     		movs	r7, #0
 1529 015c C4E7     		b	.L100
 1530              	.LVL66:
 1531              	.L123:
1259:Drivers/STM32F2xx_HAL_Driver/Src/stm32f2xx_hal_spi.c ****         __HAL_UNLOCK(hspi);
 1532              		.loc 1 1259 9 is_stmt 1 view .LVU509
1259:Drivers/STM32F2xx_HAL_Driver/Src/stm32f2xx_hal_spi.c ****         __HAL_UNLOCK(hspi);
 1533              		.loc 1 1259 21 is_stmt 0 view .LVU510
 1534 015e 0123     		movs	r3, #1
 1535 0160 84F85130 		strb	r3, [r4, #81]
1260:Drivers/STM32F2xx_HAL_Driver/Src/stm32f2xx_hal_spi.c ****         return HAL_TIMEOUT;
 1536              		.loc 1 1260 9 is_stmt 1 view .LVU511
1260:Drivers/STM32F2xx_HAL_Driver/Src/stm32f2xx_hal_spi.c ****         return HAL_TIMEOUT;
 1537              		.loc 1 1260 9 view .LVU512
 1538 0164 0023     		movs	r3, #0
 1539 0166 84F85030 		strb	r3, [r4, #80]
ARM GAS  /var/folders/8x/_y6g3dfs0698dfd49y4vcg_w0000gn/T//ccpNuCLH.s 			page 104


1260:Drivers/STM32F2xx_HAL_Driver/Src/stm32f2xx_hal_spi.c ****         return HAL_TIMEOUT;
 1540              		.loc 1 1260 9 view .LVU513
1261:Drivers/STM32F2xx_HAL_Driver/Src/stm32f2xx_hal_spi.c ****       }
 1541              		.loc 1 1261 9 view .LVU514
1261:Drivers/STM32F2xx_HAL_Driver/Src/stm32f2xx_hal_spi.c ****       }
 1542              		.loc 1 1261 16 is_stmt 0 view .LVU515
 1543 016a 0320     		movs	r0, #3
 1544 016c 63E0     		b	.L93
 1545              	.LVL67:
 1546              	.L106:
1303:Drivers/STM32F2xx_HAL_Driver/Src/stm32f2xx_hal_spi.c ****       {
 1547              		.loc 1 1303 7 is_stmt 1 view .LVU516
1303:Drivers/STM32F2xx_HAL_Driver/Src/stm32f2xx_hal_spi.c ****       {
 1548              		.loc 1 1303 12 is_stmt 0 view .LVU517
 1549 016e 2368     		ldr	r3, [r4]
 1550 0170 9A68     		ldr	r2, [r3, #8]
1303:Drivers/STM32F2xx_HAL_Driver/Src/stm32f2xx_hal_spi.c ****       {
 1551              		.loc 1 1303 10 view .LVU518
 1552 0172 12F0010F 		tst	r2, #1
 1553 0176 0ED0     		beq	.L107
1303:Drivers/STM32F2xx_HAL_Driver/Src/stm32f2xx_hal_spi.c ****       {
 1554              		.loc 1 1303 61 discriminator 1 view .LVU519
 1555 0178 E28F     		ldrh	r2, [r4, #62]
 1556 017a 92B2     		uxth	r2, r2
1303:Drivers/STM32F2xx_HAL_Driver/Src/stm32f2xx_hal_spi.c ****       {
 1557              		.loc 1 1303 53 discriminator 1 view .LVU520
 1558 017c 5AB1     		cbz	r2, .L107
1305:Drivers/STM32F2xx_HAL_Driver/Src/stm32f2xx_hal_spi.c ****         hspi->pRxBuffPtr++;
 1559              		.loc 1 1305 9 is_stmt 1 view .LVU521
1305:Drivers/STM32F2xx_HAL_Driver/Src/stm32f2xx_hal_spi.c ****         hspi->pRxBuffPtr++;
 1560              		.loc 1 1305 56 is_stmt 0 view .LVU522
 1561 017e DA68     		ldr	r2, [r3, #12]
1305:Drivers/STM32F2xx_HAL_Driver/Src/stm32f2xx_hal_spi.c ****         hspi->pRxBuffPtr++;
 1562              		.loc 1 1305 26 view .LVU523
 1563 0180 A36B     		ldr	r3, [r4, #56]
1305:Drivers/STM32F2xx_HAL_Driver/Src/stm32f2xx_hal_spi.c ****         hspi->pRxBuffPtr++;
 1564              		.loc 1 1305 40 view .LVU524
 1565 0182 1A70     		strb	r2, [r3]
1306:Drivers/STM32F2xx_HAL_Driver/Src/stm32f2xx_hal_spi.c ****         hspi->RxXferCount--;
 1566              		.loc 1 1306 9 is_stmt 1 view .LVU525
1306:Drivers/STM32F2xx_HAL_Driver/Src/stm32f2xx_hal_spi.c ****         hspi->RxXferCount--;
 1567              		.loc 1 1306 13 is_stmt 0 view .LVU526
 1568 0184 A36B     		ldr	r3, [r4, #56]
1306:Drivers/STM32F2xx_HAL_Driver/Src/stm32f2xx_hal_spi.c ****         hspi->RxXferCount--;
 1569              		.loc 1 1306 25 view .LVU527
 1570 0186 0133     		adds	r3, r3, #1
 1571 0188 A363     		str	r3, [r4, #56]
1307:Drivers/STM32F2xx_HAL_Driver/Src/stm32f2xx_hal_spi.c ****         /* Next Data is a Transmission (Tx). Tx is allowed */
 1572              		.loc 1 1307 9 is_stmt 1 view .LVU528
1307:Drivers/STM32F2xx_HAL_Driver/Src/stm32f2xx_hal_spi.c ****         /* Next Data is a Transmission (Tx). Tx is allowed */
 1573              		.loc 1 1307 13 is_stmt 0 view .LVU529
 1574 018a E38F     		ldrh	r3, [r4, #62]
 1575 018c 9BB2     		uxth	r3, r3
1307:Drivers/STM32F2xx_HAL_Driver/Src/stm32f2xx_hal_spi.c ****         /* Next Data is a Transmission (Tx). Tx is allowed */
 1576              		.loc 1 1307 26 view .LVU530
 1577 018e 013B     		subs	r3, r3, #1
 1578 0190 9BB2     		uxth	r3, r3
ARM GAS  /var/folders/8x/_y6g3dfs0698dfd49y4vcg_w0000gn/T//ccpNuCLH.s 			page 105


 1579 0192 E387     		strh	r3, [r4, #62]	@ movhi
1309:Drivers/STM32F2xx_HAL_Driver/Src/stm32f2xx_hal_spi.c ****       }
 1580              		.loc 1 1309 9 is_stmt 1 view .LVU531
 1581              	.LVL68:
1309:Drivers/STM32F2xx_HAL_Driver/Src/stm32f2xx_hal_spi.c ****       }
 1582              		.loc 1 1309 19 is_stmt 0 view .LVU532
 1583 0194 0127     		movs	r7, #1
 1584              	.LVL69:
 1585              	.L107:
1311:Drivers/STM32F2xx_HAL_Driver/Src/stm32f2xx_hal_spi.c ****       {
 1586              		.loc 1 1311 7 is_stmt 1 view .LVU533
1311:Drivers/STM32F2xx_HAL_Driver/Src/stm32f2xx_hal_spi.c ****       {
 1587              		.loc 1 1311 14 is_stmt 0 view .LVU534
 1588 0196 FFF7FEFF 		bl	HAL_GetTick
 1589              	.LVL70:
1311:Drivers/STM32F2xx_HAL_Driver/Src/stm32f2xx_hal_spi.c ****       {
 1590              		.loc 1 1311 28 discriminator 1 view .LVU535
 1591 019a 831B     		subs	r3, r0, r6
1311:Drivers/STM32F2xx_HAL_Driver/Src/stm32f2xx_hal_spi.c ****       {
 1592              		.loc 1 1311 10 discriminator 1 view .LVU536
 1593 019c AB42     		cmp	r3, r5
 1594 019e 02D3     		bcc	.L108
1311:Drivers/STM32F2xx_HAL_Driver/Src/stm32f2xx_hal_spi.c ****       {
 1595              		.loc 1 1311 54 discriminator 1 view .LVU537
 1596 01a0 B5F1FF3F 		cmp	r5, #-1
 1597 01a4 1ED1     		bne	.L109
 1598              	.L108:
1311:Drivers/STM32F2xx_HAL_Driver/Src/stm32f2xx_hal_spi.c ****       {
 1599              		.loc 1 1311 87 discriminator 3 view .LVU538
 1600 01a6 EDB1     		cbz	r5, .L109
 1601              	.LVL71:
 1602              	.L110:
1282:Drivers/STM32F2xx_HAL_Driver/Src/stm32f2xx_hal_spi.c ****     {
 1603              		.loc 1 1282 37 is_stmt 1 view .LVU539
1282:Drivers/STM32F2xx_HAL_Driver/Src/stm32f2xx_hal_spi.c ****     {
 1604              		.loc 1 1282 17 is_stmt 0 view .LVU540
 1605 01a8 E38E     		ldrh	r3, [r4, #54]
 1606 01aa 9BB2     		uxth	r3, r3
1282:Drivers/STM32F2xx_HAL_Driver/Src/stm32f2xx_hal_spi.c ****     {
 1607              		.loc 1 1282 37 view .LVU541
 1608 01ac 13B9     		cbnz	r3, .L111
1282:Drivers/STM32F2xx_HAL_Driver/Src/stm32f2xx_hal_spi.c ****     {
 1609              		.loc 1 1282 45 discriminator 1 view .LVU542
 1610 01ae E38F     		ldrh	r3, [r4, #62]
 1611 01b0 9BB2     		uxth	r3, r3
1282:Drivers/STM32F2xx_HAL_Driver/Src/stm32f2xx_hal_spi.c ****     {
 1612              		.loc 1 1282 37 discriminator 1 view .LVU543
 1613 01b2 FBB1     		cbz	r3, .L103
 1614              	.L111:
1285:Drivers/STM32F2xx_HAL_Driver/Src/stm32f2xx_hal_spi.c ****       {
 1615              		.loc 1 1285 7 is_stmt 1 view .LVU544
1285:Drivers/STM32F2xx_HAL_Driver/Src/stm32f2xx_hal_spi.c ****       {
 1616              		.loc 1 1285 12 is_stmt 0 view .LVU545
 1617 01b4 2368     		ldr	r3, [r4]
 1618 01b6 9A68     		ldr	r2, [r3, #8]
1285:Drivers/STM32F2xx_HAL_Driver/Src/stm32f2xx_hal_spi.c ****       {
 1619              		.loc 1 1285 10 view .LVU546
ARM GAS  /var/folders/8x/_y6g3dfs0698dfd49y4vcg_w0000gn/T//ccpNuCLH.s 			page 106


 1620 01b8 12F0020F 		tst	r2, #2
 1621 01bc D7D0     		beq	.L106
1285:Drivers/STM32F2xx_HAL_Driver/Src/stm32f2xx_hal_spi.c ****       {
 1622              		.loc 1 1285 60 discriminator 1 view .LVU547
 1623 01be E28E     		ldrh	r2, [r4, #54]
 1624 01c0 92B2     		uxth	r2, r2
1285:Drivers/STM32F2xx_HAL_Driver/Src/stm32f2xx_hal_spi.c ****       {
 1625              		.loc 1 1285 52 discriminator 1 view .LVU548
 1626 01c2 002A     		cmp	r2, #0
 1627 01c4 D3D0     		beq	.L106
1285:Drivers/STM32F2xx_HAL_Driver/Src/stm32f2xx_hal_spi.c ****       {
 1628              		.loc 1 1285 80 discriminator 2 view .LVU549
 1629 01c6 002F     		cmp	r7, #0
 1630 01c8 D1D0     		beq	.L106
1287:Drivers/STM32F2xx_HAL_Driver/Src/stm32f2xx_hal_spi.c ****         hspi->pTxBuffPtr++;
 1631              		.loc 1 1287 9 is_stmt 1 view .LVU550
1287:Drivers/STM32F2xx_HAL_Driver/Src/stm32f2xx_hal_spi.c ****         hspi->pTxBuffPtr++;
 1632              		.loc 1 1287 71 is_stmt 0 view .LVU551
 1633 01ca 226B     		ldr	r2, [r4, #48]
1287:Drivers/STM32F2xx_HAL_Driver/Src/stm32f2xx_hal_spi.c ****         hspi->pTxBuffPtr++;
 1634              		.loc 1 1287 48 view .LVU552
 1635 01cc 1278     		ldrb	r2, [r2]	@ zero_extendqisi2
1287:Drivers/STM32F2xx_HAL_Driver/Src/stm32f2xx_hal_spi.c ****         hspi->pTxBuffPtr++;
 1636              		.loc 1 1287 46 view .LVU553
 1637 01ce 1A73     		strb	r2, [r3, #12]
1288:Drivers/STM32F2xx_HAL_Driver/Src/stm32f2xx_hal_spi.c ****         hspi->TxXferCount--;
 1638              		.loc 1 1288 9 is_stmt 1 view .LVU554
1288:Drivers/STM32F2xx_HAL_Driver/Src/stm32f2xx_hal_spi.c ****         hspi->TxXferCount--;
 1639              		.loc 1 1288 13 is_stmt 0 view .LVU555
 1640 01d0 236B     		ldr	r3, [r4, #48]
1288:Drivers/STM32F2xx_HAL_Driver/Src/stm32f2xx_hal_spi.c ****         hspi->TxXferCount--;
 1641              		.loc 1 1288 25 view .LVU556
 1642 01d2 0133     		adds	r3, r3, #1
 1643 01d4 2363     		str	r3, [r4, #48]
1289:Drivers/STM32F2xx_HAL_Driver/Src/stm32f2xx_hal_spi.c ****         /* Next Data is a reception (Rx). Tx not allowed */
 1644              		.loc 1 1289 9 is_stmt 1 view .LVU557
1289:Drivers/STM32F2xx_HAL_Driver/Src/stm32f2xx_hal_spi.c ****         /* Next Data is a reception (Rx). Tx not allowed */
 1645              		.loc 1 1289 13 is_stmt 0 view .LVU558
 1646 01d6 E38E     		ldrh	r3, [r4, #54]
 1647 01d8 9BB2     		uxth	r3, r3
1289:Drivers/STM32F2xx_HAL_Driver/Src/stm32f2xx_hal_spi.c ****         /* Next Data is a reception (Rx). Tx not allowed */
 1648              		.loc 1 1289 26 view .LVU559
 1649 01da 013B     		subs	r3, r3, #1
 1650 01dc 9BB2     		uxth	r3, r3
 1651 01de E386     		strh	r3, [r4, #54]	@ movhi
1291:Drivers/STM32F2xx_HAL_Driver/Src/stm32f2xx_hal_spi.c **** 
 1652              		.loc 1 1291 9 is_stmt 1 view .LVU560
 1653              	.LVL72:
1291:Drivers/STM32F2xx_HAL_Driver/Src/stm32f2xx_hal_spi.c **** 
 1654              		.loc 1 1291 19 is_stmt 0 view .LVU561
 1655 01e0 0027     		movs	r7, #0
 1656 01e2 C4E7     		b	.L106
 1657              	.LVL73:
 1658              	.L109:
1313:Drivers/STM32F2xx_HAL_Driver/Src/stm32f2xx_hal_spi.c ****         __HAL_UNLOCK(hspi);
 1659              		.loc 1 1313 9 is_stmt 1 view .LVU562
1313:Drivers/STM32F2xx_HAL_Driver/Src/stm32f2xx_hal_spi.c ****         __HAL_UNLOCK(hspi);
ARM GAS  /var/folders/8x/_y6g3dfs0698dfd49y4vcg_w0000gn/T//ccpNuCLH.s 			page 107


 1660              		.loc 1 1313 21 is_stmt 0 view .LVU563
 1661 01e4 0123     		movs	r3, #1
 1662 01e6 84F85130 		strb	r3, [r4, #81]
1314:Drivers/STM32F2xx_HAL_Driver/Src/stm32f2xx_hal_spi.c ****         return HAL_TIMEOUT;
 1663              		.loc 1 1314 9 is_stmt 1 view .LVU564
1314:Drivers/STM32F2xx_HAL_Driver/Src/stm32f2xx_hal_spi.c ****         return HAL_TIMEOUT;
 1664              		.loc 1 1314 9 view .LVU565
 1665 01ea 0023     		movs	r3, #0
 1666 01ec 84F85030 		strb	r3, [r4, #80]
1314:Drivers/STM32F2xx_HAL_Driver/Src/stm32f2xx_hal_spi.c ****         return HAL_TIMEOUT;
 1667              		.loc 1 1314 9 view .LVU566
1315:Drivers/STM32F2xx_HAL_Driver/Src/stm32f2xx_hal_spi.c ****       }
 1668              		.loc 1 1315 9 view .LVU567
1315:Drivers/STM32F2xx_HAL_Driver/Src/stm32f2xx_hal_spi.c ****       }
 1669              		.loc 1 1315 16 is_stmt 0 view .LVU568
 1670 01f0 0320     		movs	r0, #3
 1671 01f2 20E0     		b	.L93
 1672              	.L103:
1351:Drivers/STM32F2xx_HAL_Driver/Src/stm32f2xx_hal_spi.c ****   {
 1673              		.loc 1 1351 3 is_stmt 1 view .LVU569
1351:Drivers/STM32F2xx_HAL_Driver/Src/stm32f2xx_hal_spi.c ****   {
 1674              		.loc 1 1351 7 is_stmt 0 view .LVU570
 1675 01f4 3246     		mov	r2, r6
 1676 01f6 2946     		mov	r1, r5
 1677 01f8 2046     		mov	r0, r4
 1678 01fa FFF7FEFF 		bl	SPI_EndRxTxTransaction
 1679              	.LVL74:
1351:Drivers/STM32F2xx_HAL_Driver/Src/stm32f2xx_hal_spi.c ****   {
 1680              		.loc 1 1351 6 discriminator 1 view .LVU571
 1681 01fe 90B9     		cbnz	r0, .L124
1359:Drivers/STM32F2xx_HAL_Driver/Src/stm32f2xx_hal_spi.c ****   {
 1682              		.loc 1 1359 3 is_stmt 1 view .LVU572
1359:Drivers/STM32F2xx_HAL_Driver/Src/stm32f2xx_hal_spi.c ****   {
 1683              		.loc 1 1359 17 is_stmt 0 view .LVU573
 1684 0200 A368     		ldr	r3, [r4, #8]
1359:Drivers/STM32F2xx_HAL_Driver/Src/stm32f2xx_hal_spi.c ****   {
 1685              		.loc 1 1359 6 view .LVU574
 1686 0202 33B9     		cbnz	r3, .L113
1361:Drivers/STM32F2xx_HAL_Driver/Src/stm32f2xx_hal_spi.c ****   }
 1687              		.loc 1 1361 5 is_stmt 1 view .LVU575
 1688              	.LBB3:
1361:Drivers/STM32F2xx_HAL_Driver/Src/stm32f2xx_hal_spi.c ****   }
 1689              		.loc 1 1361 5 view .LVU576
 1690 0204 0193     		str	r3, [sp, #4]
1361:Drivers/STM32F2xx_HAL_Driver/Src/stm32f2xx_hal_spi.c ****   }
 1691              		.loc 1 1361 5 view .LVU577
 1692 0206 2368     		ldr	r3, [r4]
 1693 0208 DA68     		ldr	r2, [r3, #12]
 1694 020a 0192     		str	r2, [sp, #4]
1361:Drivers/STM32F2xx_HAL_Driver/Src/stm32f2xx_hal_spi.c ****   }
 1695              		.loc 1 1361 5 view .LVU578
 1696 020c 9B68     		ldr	r3, [r3, #8]
 1697 020e 0193     		str	r3, [sp, #4]
1361:Drivers/STM32F2xx_HAL_Driver/Src/stm32f2xx_hal_spi.c ****   }
 1698              		.loc 1 1361 5 view .LVU579
 1699 0210 019B     		ldr	r3, [sp, #4]
 1700              	.L113:
ARM GAS  /var/folders/8x/_y6g3dfs0698dfd49y4vcg_w0000gn/T//ccpNuCLH.s 			page 108


 1701              	.LBE3:
1361:Drivers/STM32F2xx_HAL_Driver/Src/stm32f2xx_hal_spi.c ****   }
 1702              		.loc 1 1361 5 discriminator 1 view .LVU580
1365:Drivers/STM32F2xx_HAL_Driver/Src/stm32f2xx_hal_spi.c ****   /* Unlock the process */
 1703              		.loc 1 1365 3 view .LVU581
1365:Drivers/STM32F2xx_HAL_Driver/Src/stm32f2xx_hal_spi.c ****   /* Unlock the process */
 1704              		.loc 1 1365 15 is_stmt 0 view .LVU582
 1705 0212 0123     		movs	r3, #1
 1706 0214 84F85130 		strb	r3, [r4, #81]
1367:Drivers/STM32F2xx_HAL_Driver/Src/stm32f2xx_hal_spi.c **** 
 1707              		.loc 1 1367 3 is_stmt 1 view .LVU583
1367:Drivers/STM32F2xx_HAL_Driver/Src/stm32f2xx_hal_spi.c **** 
 1708              		.loc 1 1367 3 view .LVU584
 1709 0218 0023     		movs	r3, #0
 1710 021a 84F85030 		strb	r3, [r4, #80]
1367:Drivers/STM32F2xx_HAL_Driver/Src/stm32f2xx_hal_spi.c **** 
 1711              		.loc 1 1367 3 view .LVU585
1369:Drivers/STM32F2xx_HAL_Driver/Src/stm32f2xx_hal_spi.c ****   {
 1712              		.loc 1 1369 3 view .LVU586
1369:Drivers/STM32F2xx_HAL_Driver/Src/stm32f2xx_hal_spi.c ****   {
 1713              		.loc 1 1369 11 is_stmt 0 view .LVU587
 1714 021e 636D     		ldr	r3, [r4, #84]
1369:Drivers/STM32F2xx_HAL_Driver/Src/stm32f2xx_hal_spi.c ****   {
 1715              		.loc 1 1369 6 view .LVU588
 1716 0220 4BB1     		cbz	r3, .L93
1371:Drivers/STM32F2xx_HAL_Driver/Src/stm32f2xx_hal_spi.c ****   }
 1717              		.loc 1 1371 12 view .LVU589
 1718 0222 0120     		movs	r0, #1
 1719 0224 07E0     		b	.L93
 1720              	.L124:
1353:Drivers/STM32F2xx_HAL_Driver/Src/stm32f2xx_hal_spi.c ****     __HAL_UNLOCK(hspi);
 1721              		.loc 1 1353 5 is_stmt 1 view .LVU590
1353:Drivers/STM32F2xx_HAL_Driver/Src/stm32f2xx_hal_spi.c ****     __HAL_UNLOCK(hspi);
 1722              		.loc 1 1353 21 is_stmt 0 view .LVU591
 1723 0226 2023     		movs	r3, #32
 1724 0228 6365     		str	r3, [r4, #84]
1354:Drivers/STM32F2xx_HAL_Driver/Src/stm32f2xx_hal_spi.c ****     return HAL_ERROR;
 1725              		.loc 1 1354 5 is_stmt 1 view .LVU592
1354:Drivers/STM32F2xx_HAL_Driver/Src/stm32f2xx_hal_spi.c ****     return HAL_ERROR;
 1726              		.loc 1 1354 5 view .LVU593
 1727 022a 0023     		movs	r3, #0
 1728 022c 84F85030 		strb	r3, [r4, #80]
1354:Drivers/STM32F2xx_HAL_Driver/Src/stm32f2xx_hal_spi.c ****     return HAL_ERROR;
 1729              		.loc 1 1354 5 view .LVU594
1355:Drivers/STM32F2xx_HAL_Driver/Src/stm32f2xx_hal_spi.c ****   }
 1730              		.loc 1 1355 5 view .LVU595
1355:Drivers/STM32F2xx_HAL_Driver/Src/stm32f2xx_hal_spi.c ****   }
 1731              		.loc 1 1355 12 is_stmt 0 view .LVU596
 1732 0230 0120     		movs	r0, #1
 1733 0232 00E0     		b	.L93
 1734              	.LVL75:
 1735              	.L114:
1165:Drivers/STM32F2xx_HAL_Driver/Src/stm32f2xx_hal_spi.c ****   }
 1736              		.loc 1 1165 12 view .LVU597
 1737 0234 0220     		movs	r0, #2
 1738              	.LVL76:
 1739              	.L93:
ARM GAS  /var/folders/8x/_y6g3dfs0698dfd49y4vcg_w0000gn/T//ccpNuCLH.s 			page 109


1377:Drivers/STM32F2xx_HAL_Driver/Src/stm32f2xx_hal_spi.c **** 
 1740              		.loc 1 1377 1 view .LVU598
 1741 0236 03B0     		add	sp, sp, #12
 1742              	.LCFI23:
 1743              		.cfi_remember_state
 1744              		.cfi_def_cfa_offset 28
 1745              		@ sp needed
 1746 0238 BDE8F083 		pop	{r4, r5, r6, r7, r8, r9, pc}
 1747              	.LVL77:
 1748              	.L115:
 1749              	.LCFI24:
 1750              		.cfi_restore_state
1165:Drivers/STM32F2xx_HAL_Driver/Src/stm32f2xx_hal_spi.c ****   }
 1751              		.loc 1 1165 12 view .LVU599
 1752 023c 0220     		movs	r0, #2
 1753              	.LVL78:
1165:Drivers/STM32F2xx_HAL_Driver/Src/stm32f2xx_hal_spi.c ****   }
 1754              		.loc 1 1165 12 view .LVU600
 1755 023e FAE7     		b	.L93
 1756              	.LVL79:
 1757              	.L116:
1165:Drivers/STM32F2xx_HAL_Driver/Src/stm32f2xx_hal_spi.c ****   }
 1758              		.loc 1 1165 12 view .LVU601
 1759 0240 0220     		movs	r0, #2
 1760              	.LVL80:
1165:Drivers/STM32F2xx_HAL_Driver/Src/stm32f2xx_hal_spi.c ****   }
 1761              		.loc 1 1165 12 view .LVU602
 1762 0242 F8E7     		b	.L93
 1763              	.LVL81:
 1764              	.L117:
1170:Drivers/STM32F2xx_HAL_Driver/Src/stm32f2xx_hal_spi.c ****   }
 1765              		.loc 1 1170 12 view .LVU603
 1766 0244 0120     		movs	r0, #1
 1767              	.LVL82:
1170:Drivers/STM32F2xx_HAL_Driver/Src/stm32f2xx_hal_spi.c ****   }
 1768              		.loc 1 1170 12 view .LVU604
 1769 0246 F6E7     		b	.L93
 1770              	.LVL83:
 1771              	.L118:
1170:Drivers/STM32F2xx_HAL_Driver/Src/stm32f2xx_hal_spi.c ****   }
 1772              		.loc 1 1170 12 view .LVU605
 1773 0248 0120     		movs	r0, #1
 1774              	.LVL84:
1170:Drivers/STM32F2xx_HAL_Driver/Src/stm32f2xx_hal_spi.c ****   }
 1775              		.loc 1 1170 12 view .LVU606
 1776 024a F4E7     		b	.L93
 1777              	.LVL85:
 1778              	.L119:
1170:Drivers/STM32F2xx_HAL_Driver/Src/stm32f2xx_hal_spi.c ****   }
 1779              		.loc 1 1170 12 view .LVU607
 1780 024c 0120     		movs	r0, #1
 1781              	.LVL86:
1170:Drivers/STM32F2xx_HAL_Driver/Src/stm32f2xx_hal_spi.c ****   }
 1782              		.loc 1 1170 12 view .LVU608
 1783 024e F2E7     		b	.L93
 1784              	.LVL87:
 1785              	.L120:
ARM GAS  /var/folders/8x/_y6g3dfs0698dfd49y4vcg_w0000gn/T//ccpNuCLH.s 			page 110


1174:Drivers/STM32F2xx_HAL_Driver/Src/stm32f2xx_hal_spi.c **** 
 1786              		.loc 1 1174 3 discriminator 1 view .LVU609
 1787 0250 0220     		movs	r0, #2
 1788              	.LVL88:
1174:Drivers/STM32F2xx_HAL_Driver/Src/stm32f2xx_hal_spi.c **** 
 1789              		.loc 1 1174 3 discriminator 1 view .LVU610
 1790 0252 F0E7     		b	.L93
 1791              		.cfi_endproc
 1792              	.LFE78:
 1794              		.section	.text.HAL_SPI_Receive,"ax",%progbits
 1795              		.align	1
 1796              		.global	HAL_SPI_Receive
 1797              		.syntax unified
 1798              		.thumb
 1799              		.thumb_func
 1801              	HAL_SPI_Receive:
 1802              	.LVL89:
 1803              	.LFB77:
 937:Drivers/STM32F2xx_HAL_Driver/Src/stm32f2xx_hal_spi.c **** #if (USE_SPI_CRC != 0U)
 1804              		.loc 1 937 1 is_stmt 1 view -0
 1805              		.cfi_startproc
 1806              		@ args = 0, pretend = 0, frame = 0
 1807              		@ frame_needed = 0, uses_anonymous_args = 0
 937:Drivers/STM32F2xx_HAL_Driver/Src/stm32f2xx_hal_spi.c **** #if (USE_SPI_CRC != 0U)
 1808              		.loc 1 937 1 is_stmt 0 view .LVU612
 1809 0000 2DE9F043 		push	{r4, r5, r6, r7, r8, r9, lr}
 1810              	.LCFI25:
 1811              		.cfi_def_cfa_offset 28
 1812              		.cfi_offset 4, -28
 1813              		.cfi_offset 5, -24
 1814              		.cfi_offset 6, -20
 1815              		.cfi_offset 7, -16
 1816              		.cfi_offset 8, -12
 1817              		.cfi_offset 9, -8
 1818              		.cfi_offset 14, -4
 1819 0004 83B0     		sub	sp, sp, #12
 1820              	.LCFI26:
 1821              		.cfi_def_cfa_offset 40
 941:Drivers/STM32F2xx_HAL_Driver/Src/stm32f2xx_hal_spi.c **** 
 1822              		.loc 1 941 3 is_stmt 1 view .LVU613
 943:Drivers/STM32F2xx_HAL_Driver/Src/stm32f2xx_hal_spi.c ****   {
 1823              		.loc 1 943 3 view .LVU614
 943:Drivers/STM32F2xx_HAL_Driver/Src/stm32f2xx_hal_spi.c ****   {
 1824              		.loc 1 943 11 is_stmt 0 view .LVU615
 1825 0006 90F85160 		ldrb	r6, [r0, #81]	@ zero_extendqisi2
 1826 000a F6B2     		uxtb	r6, r6
 943:Drivers/STM32F2xx_HAL_Driver/Src/stm32f2xx_hal_spi.c ****   {
 1827              		.loc 1 943 6 view .LVU616
 1828 000c 012E     		cmp	r6, #1
 1829 000e 40F0B480 		bne	.L144
 1830 0012 0446     		mov	r4, r0
 1831 0014 8946     		mov	r9, r1
 1832 0016 9046     		mov	r8, r2
 1833 0018 1D46     		mov	r5, r3
 948:Drivers/STM32F2xx_HAL_Driver/Src/stm32f2xx_hal_spi.c ****   {
 1834              		.loc 1 948 3 is_stmt 1 view .LVU617
 948:Drivers/STM32F2xx_HAL_Driver/Src/stm32f2xx_hal_spi.c ****   {
ARM GAS  /var/folders/8x/_y6g3dfs0698dfd49y4vcg_w0000gn/T//ccpNuCLH.s 			page 111


 1835              		.loc 1 948 18 is_stmt 0 view .LVU618
 1836 001a 4368     		ldr	r3, [r0, #4]
 1837              	.LVL90:
 948:Drivers/STM32F2xx_HAL_Driver/Src/stm32f2xx_hal_spi.c ****   {
 1838              		.loc 1 948 6 view .LVU619
 1839 001c B3F5827F 		cmp	r3, #260
 1840 0020 01D1     		bne	.L127
 948:Drivers/STM32F2xx_HAL_Driver/Src/stm32f2xx_hal_spi.c ****   {
 1841              		.loc 1 948 58 discriminator 1 view .LVU620
 1842 0022 8368     		ldr	r3, [r0, #8]
 948:Drivers/STM32F2xx_HAL_Driver/Src/stm32f2xx_hal_spi.c ****   {
 1843              		.loc 1 948 44 discriminator 1 view .LVU621
 1844 0024 93B3     		cbz	r3, .L148
 1845              	.L127:
 956:Drivers/STM32F2xx_HAL_Driver/Src/stm32f2xx_hal_spi.c **** 
 1846              		.loc 1 956 3 is_stmt 1 view .LVU622
 956:Drivers/STM32F2xx_HAL_Driver/Src/stm32f2xx_hal_spi.c **** 
 1847              		.loc 1 956 15 is_stmt 0 view .LVU623
 1848 0026 FFF7FEFF 		bl	HAL_GetTick
 1849              	.LVL91:
 956:Drivers/STM32F2xx_HAL_Driver/Src/stm32f2xx_hal_spi.c **** 
 1850              		.loc 1 956 15 view .LVU624
 1851 002a 0746     		mov	r7, r0
 1852              	.LVL92:
 958:Drivers/STM32F2xx_HAL_Driver/Src/stm32f2xx_hal_spi.c ****   {
 1853              		.loc 1 958 3 is_stmt 1 view .LVU625
 958:Drivers/STM32F2xx_HAL_Driver/Src/stm32f2xx_hal_spi.c ****   {
 1854              		.loc 1 958 6 is_stmt 0 view .LVU626
 1855 002c B9F1000F 		cmp	r9, #0
 1856 0030 00F0A480 		beq	.L126
 958:Drivers/STM32F2xx_HAL_Driver/Src/stm32f2xx_hal_spi.c ****   {
 1857              		.loc 1 958 23 discriminator 1 view .LVU627
 1858 0034 B8F1000F 		cmp	r8, #0
 1859 0038 00F0A080 		beq	.L126
 964:Drivers/STM32F2xx_HAL_Driver/Src/stm32f2xx_hal_spi.c **** 
 1860              		.loc 1 964 3 is_stmt 1 view .LVU628
 964:Drivers/STM32F2xx_HAL_Driver/Src/stm32f2xx_hal_spi.c **** 
 1861              		.loc 1 964 3 view .LVU629
 1862 003c 94F85030 		ldrb	r3, [r4, #80]	@ zero_extendqisi2
 1863 0040 012B     		cmp	r3, #1
 1864 0042 00F09F80 		beq	.L145
 964:Drivers/STM32F2xx_HAL_Driver/Src/stm32f2xx_hal_spi.c **** 
 1865              		.loc 1 964 3 discriminator 2 view .LVU630
 1866 0046 0123     		movs	r3, #1
 1867 0048 84F85030 		strb	r3, [r4, #80]
 964:Drivers/STM32F2xx_HAL_Driver/Src/stm32f2xx_hal_spi.c **** 
 1868              		.loc 1 964 3 discriminator 2 view .LVU631
 967:Drivers/STM32F2xx_HAL_Driver/Src/stm32f2xx_hal_spi.c ****   hspi->ErrorCode   = HAL_SPI_ERROR_NONE;
 1869              		.loc 1 967 3 view .LVU632
 967:Drivers/STM32F2xx_HAL_Driver/Src/stm32f2xx_hal_spi.c ****   hspi->ErrorCode   = HAL_SPI_ERROR_NONE;
 1870              		.loc 1 967 21 is_stmt 0 view .LVU633
 1871 004c 0423     		movs	r3, #4
 1872 004e 84F85130 		strb	r3, [r4, #81]
 968:Drivers/STM32F2xx_HAL_Driver/Src/stm32f2xx_hal_spi.c ****   hspi->pRxBuffPtr  = (uint8_t *)pData;
 1873              		.loc 1 968 3 is_stmt 1 view .LVU634
 968:Drivers/STM32F2xx_HAL_Driver/Src/stm32f2xx_hal_spi.c ****   hspi->pRxBuffPtr  = (uint8_t *)pData;
 1874              		.loc 1 968 21 is_stmt 0 view .LVU635
ARM GAS  /var/folders/8x/_y6g3dfs0698dfd49y4vcg_w0000gn/T//ccpNuCLH.s 			page 112


 1875 0052 0023     		movs	r3, #0
 1876 0054 6365     		str	r3, [r4, #84]
 969:Drivers/STM32F2xx_HAL_Driver/Src/stm32f2xx_hal_spi.c ****   hspi->RxXferSize  = Size;
 1877              		.loc 1 969 3 is_stmt 1 view .LVU636
 969:Drivers/STM32F2xx_HAL_Driver/Src/stm32f2xx_hal_spi.c ****   hspi->RxXferSize  = Size;
 1878              		.loc 1 969 21 is_stmt 0 view .LVU637
 1879 0056 C4F83890 		str	r9, [r4, #56]
 970:Drivers/STM32F2xx_HAL_Driver/Src/stm32f2xx_hal_spi.c ****   hspi->RxXferCount = Size;
 1880              		.loc 1 970 3 is_stmt 1 view .LVU638
 970:Drivers/STM32F2xx_HAL_Driver/Src/stm32f2xx_hal_spi.c ****   hspi->RxXferCount = Size;
 1881              		.loc 1 970 21 is_stmt 0 view .LVU639
 1882 005a A4F83C80 		strh	r8, [r4, #60]	@ movhi
 971:Drivers/STM32F2xx_HAL_Driver/Src/stm32f2xx_hal_spi.c **** 
 1883              		.loc 1 971 3 is_stmt 1 view .LVU640
 971:Drivers/STM32F2xx_HAL_Driver/Src/stm32f2xx_hal_spi.c **** 
 1884              		.loc 1 971 21 is_stmt 0 view .LVU641
 1885 005e A4F83E80 		strh	r8, [r4, #62]	@ movhi
 974:Drivers/STM32F2xx_HAL_Driver/Src/stm32f2xx_hal_spi.c ****   hspi->TxXferSize  = 0U;
 1886              		.loc 1 974 3 is_stmt 1 view .LVU642
 974:Drivers/STM32F2xx_HAL_Driver/Src/stm32f2xx_hal_spi.c ****   hspi->TxXferSize  = 0U;
 1887              		.loc 1 974 21 is_stmt 0 view .LVU643
 1888 0062 2363     		str	r3, [r4, #48]
 975:Drivers/STM32F2xx_HAL_Driver/Src/stm32f2xx_hal_spi.c ****   hspi->TxXferCount = 0U;
 1889              		.loc 1 975 3 is_stmt 1 view .LVU644
 975:Drivers/STM32F2xx_HAL_Driver/Src/stm32f2xx_hal_spi.c ****   hspi->TxXferCount = 0U;
 1890              		.loc 1 975 21 is_stmt 0 view .LVU645
 1891 0064 A386     		strh	r3, [r4, #52]	@ movhi
 976:Drivers/STM32F2xx_HAL_Driver/Src/stm32f2xx_hal_spi.c ****   hspi->RxISR       = NULL;
 1892              		.loc 1 976 3 is_stmt 1 view .LVU646
 976:Drivers/STM32F2xx_HAL_Driver/Src/stm32f2xx_hal_spi.c ****   hspi->RxISR       = NULL;
 1893              		.loc 1 976 21 is_stmt 0 view .LVU647
 1894 0066 E386     		strh	r3, [r4, #54]	@ movhi
 977:Drivers/STM32F2xx_HAL_Driver/Src/stm32f2xx_hal_spi.c ****   hspi->TxISR       = NULL;
 1895              		.loc 1 977 3 is_stmt 1 view .LVU648
 977:Drivers/STM32F2xx_HAL_Driver/Src/stm32f2xx_hal_spi.c ****   hspi->TxISR       = NULL;
 1896              		.loc 1 977 21 is_stmt 0 view .LVU649
 1897 0068 2364     		str	r3, [r4, #64]
 978:Drivers/STM32F2xx_HAL_Driver/Src/stm32f2xx_hal_spi.c **** 
 1898              		.loc 1 978 3 is_stmt 1 view .LVU650
 978:Drivers/STM32F2xx_HAL_Driver/Src/stm32f2xx_hal_spi.c **** 
 1899              		.loc 1 978 21 is_stmt 0 view .LVU651
 1900 006a 6364     		str	r3, [r4, #68]
 991:Drivers/STM32F2xx_HAL_Driver/Src/stm32f2xx_hal_spi.c ****   {
 1901              		.loc 1 991 3 is_stmt 1 view .LVU652
 991:Drivers/STM32F2xx_HAL_Driver/Src/stm32f2xx_hal_spi.c ****   {
 1902              		.loc 1 991 17 is_stmt 0 view .LVU653
 1903 006c A368     		ldr	r3, [r4, #8]
 991:Drivers/STM32F2xx_HAL_Driver/Src/stm32f2xx_hal_spi.c ****   {
 1904              		.loc 1 991 6 view .LVU654
 1905 006e B3F5004F 		cmp	r3, #32768
 1906 0072 15D0     		beq	.L149
 1907              	.L128:
 999:Drivers/STM32F2xx_HAL_Driver/Src/stm32f2xx_hal_spi.c ****   {
 1908              		.loc 1 999 3 is_stmt 1 view .LVU655
 999:Drivers/STM32F2xx_HAL_Driver/Src/stm32f2xx_hal_spi.c ****   {
 1909              		.loc 1 999 12 is_stmt 0 view .LVU656
 1910 0074 2368     		ldr	r3, [r4]
ARM GAS  /var/folders/8x/_y6g3dfs0698dfd49y4vcg_w0000gn/T//ccpNuCLH.s 			page 113


 999:Drivers/STM32F2xx_HAL_Driver/Src/stm32f2xx_hal_spi.c ****   {
 1911              		.loc 1 999 22 view .LVU657
 1912 0076 1A68     		ldr	r2, [r3]
 999:Drivers/STM32F2xx_HAL_Driver/Src/stm32f2xx_hal_spi.c ****   {
 1913              		.loc 1 999 6 view .LVU658
 1914 0078 12F0400F 		tst	r2, #64
 1915 007c 03D1     		bne	.L129
1002:Drivers/STM32F2xx_HAL_Driver/Src/stm32f2xx_hal_spi.c ****   }
 1916              		.loc 1 1002 5 is_stmt 1 view .LVU659
 1917 007e 1A68     		ldr	r2, [r3]
 1918 0080 42F04002 		orr	r2, r2, #64
 1919 0084 1A60     		str	r2, [r3]
 1920              	.L129:
1006:Drivers/STM32F2xx_HAL_Driver/Src/stm32f2xx_hal_spi.c ****   {
 1921              		.loc 1 1006 3 view .LVU660
1006:Drivers/STM32F2xx_HAL_Driver/Src/stm32f2xx_hal_spi.c ****   {
 1922              		.loc 1 1006 17 is_stmt 0 view .LVU661
 1923 0086 E368     		ldr	r3, [r4, #12]
1006:Drivers/STM32F2xx_HAL_Driver/Src/stm32f2xx_hal_spi.c ****   {
 1924              		.loc 1 1006 6 view .LVU662
 1925 0088 F3B1     		cbz	r3, .L130
 1926 008a 43E0     		b	.L131
 1927              	.LVL93:
 1928              	.L148:
 950:Drivers/STM32F2xx_HAL_Driver/Src/stm32f2xx_hal_spi.c ****     /* Call transmit-receive function to send Dummy data on Tx line and generate clock on CLK line 
 1929              		.loc 1 950 5 is_stmt 1 view .LVU663
 950:Drivers/STM32F2xx_HAL_Driver/Src/stm32f2xx_hal_spi.c ****     /* Call transmit-receive function to send Dummy data on Tx line and generate clock on CLK line 
 1930              		.loc 1 950 17 is_stmt 0 view .LVU664
 1931 008c 0423     		movs	r3, #4
 1932 008e 80F85130 		strb	r3, [r0, #81]
 952:Drivers/STM32F2xx_HAL_Driver/Src/stm32f2xx_hal_spi.c ****   }
 1933              		.loc 1 952 5 is_stmt 1 view .LVU665
 952:Drivers/STM32F2xx_HAL_Driver/Src/stm32f2xx_hal_spi.c ****   }
 1934              		.loc 1 952 12 is_stmt 0 view .LVU666
 1935 0092 0095     		str	r5, [sp]
 1936 0094 1346     		mov	r3, r2
 1937 0096 0A46     		mov	r2, r1
 1938              	.LVL94:
 952:Drivers/STM32F2xx_HAL_Driver/Src/stm32f2xx_hal_spi.c ****   }
 1939              		.loc 1 952 12 view .LVU667
 1940 0098 FFF7FEFF 		bl	HAL_SPI_TransmitReceive
 1941              	.LVL95:
 952:Drivers/STM32F2xx_HAL_Driver/Src/stm32f2xx_hal_spi.c ****   }
 1942              		.loc 1 952 12 view .LVU668
 1943 009c 0646     		mov	r6, r0
 1944 009e 6DE0     		b	.L126
 1945              	.LVL96:
 1946              	.L149:
 994:Drivers/STM32F2xx_HAL_Driver/Src/stm32f2xx_hal_spi.c ****     SPI_1LINE_RX(hspi);
 1947              		.loc 1 994 5 is_stmt 1 view .LVU669
 1948 00a0 2268     		ldr	r2, [r4]
 1949 00a2 1368     		ldr	r3, [r2]
 1950 00a4 23F04003 		bic	r3, r3, #64
 1951 00a8 1360     		str	r3, [r2]
 995:Drivers/STM32F2xx_HAL_Driver/Src/stm32f2xx_hal_spi.c ****   }
 1952              		.loc 1 995 5 view .LVU670
 1953 00aa 2268     		ldr	r2, [r4]
ARM GAS  /var/folders/8x/_y6g3dfs0698dfd49y4vcg_w0000gn/T//ccpNuCLH.s 			page 114


 1954 00ac 1368     		ldr	r3, [r2]
 1955 00ae 23F48043 		bic	r3, r3, #16384
 1956 00b2 1360     		str	r3, [r2]
 1957 00b4 DEE7     		b	.L128
 1958              	.LVL97:
 1959              	.L132:
1022:Drivers/STM32F2xx_HAL_Driver/Src/stm32f2xx_hal_spi.c ****         {
 1960              		.loc 1 1022 9 view .LVU671
1022:Drivers/STM32F2xx_HAL_Driver/Src/stm32f2xx_hal_spi.c ****         {
 1961              		.loc 1 1022 16 is_stmt 0 view .LVU672
 1962 00b6 FFF7FEFF 		bl	HAL_GetTick
 1963              	.LVL98:
1022:Drivers/STM32F2xx_HAL_Driver/Src/stm32f2xx_hal_spi.c ****         {
 1964              		.loc 1 1022 30 discriminator 1 view .LVU673
 1965 00ba C01B     		subs	r0, r0, r7
1022:Drivers/STM32F2xx_HAL_Driver/Src/stm32f2xx_hal_spi.c ****         {
 1966              		.loc 1 1022 12 discriminator 1 view .LVU674
 1967 00bc A842     		cmp	r0, r5
 1968 00be 02D3     		bcc	.L134
1022:Drivers/STM32F2xx_HAL_Driver/Src/stm32f2xx_hal_spi.c ****         {
 1969              		.loc 1 1022 56 discriminator 1 view .LVU675
 1970 00c0 B5F1FF3F 		cmp	r5, #-1
 1971 00c4 15D1     		bne	.L135
 1972              	.L134:
1022:Drivers/STM32F2xx_HAL_Driver/Src/stm32f2xx_hal_spi.c ****         {
 1973              		.loc 1 1022 87 discriminator 3 view .LVU676
 1974 00c6 A5B1     		cbz	r5, .L135
 1975              	.L130:
1009:Drivers/STM32F2xx_HAL_Driver/Src/stm32f2xx_hal_spi.c ****     {
 1976              		.loc 1 1009 30 is_stmt 1 view .LVU677
1009:Drivers/STM32F2xx_HAL_Driver/Src/stm32f2xx_hal_spi.c ****     {
 1977              		.loc 1 1009 16 is_stmt 0 view .LVU678
 1978 00c8 E38F     		ldrh	r3, [r4, #62]
 1979 00ca 9BB2     		uxth	r3, r3
1009:Drivers/STM32F2xx_HAL_Driver/Src/stm32f2xx_hal_spi.c ****     {
 1980              		.loc 1 1009 30 view .LVU679
 1981 00cc 002B     		cmp	r3, #0
 1982 00ce 42D0     		beq	.L137
1012:Drivers/STM32F2xx_HAL_Driver/Src/stm32f2xx_hal_spi.c ****       {
 1983              		.loc 1 1012 7 is_stmt 1 view .LVU680
1012:Drivers/STM32F2xx_HAL_Driver/Src/stm32f2xx_hal_spi.c ****       {
 1984              		.loc 1 1012 11 is_stmt 0 view .LVU681
 1985 00d0 2368     		ldr	r3, [r4]
 1986 00d2 9A68     		ldr	r2, [r3, #8]
1012:Drivers/STM32F2xx_HAL_Driver/Src/stm32f2xx_hal_spi.c ****       {
 1987              		.loc 1 1012 10 view .LVU682
 1988 00d4 12F0010F 		tst	r2, #1
 1989 00d8 EDD0     		beq	.L132
1015:Drivers/STM32F2xx_HAL_Driver/Src/stm32f2xx_hal_spi.c ****         hspi->pRxBuffPtr += sizeof(uint8_t);
 1990              		.loc 1 1015 9 is_stmt 1 view .LVU683
1015:Drivers/STM32F2xx_HAL_Driver/Src/stm32f2xx_hal_spi.c ****         hspi->pRxBuffPtr += sizeof(uint8_t);
 1991              		.loc 1 1015 27 is_stmt 0 view .LVU684
 1992 00da A26B     		ldr	r2, [r4, #56]
1015:Drivers/STM32F2xx_HAL_Driver/Src/stm32f2xx_hal_spi.c ****         hspi->pRxBuffPtr += sizeof(uint8_t);
 1993              		.loc 1 1015 43 view .LVU685
 1994 00dc 1B7B     		ldrb	r3, [r3, #12]	@ zero_extendqisi2
1015:Drivers/STM32F2xx_HAL_Driver/Src/stm32f2xx_hal_spi.c ****         hspi->pRxBuffPtr += sizeof(uint8_t);
ARM GAS  /var/folders/8x/_y6g3dfs0698dfd49y4vcg_w0000gn/T//ccpNuCLH.s 			page 115


 1995              		.loc 1 1015 41 view .LVU686
 1996 00de 1370     		strb	r3, [r2]
1016:Drivers/STM32F2xx_HAL_Driver/Src/stm32f2xx_hal_spi.c ****         hspi->RxXferCount--;
 1997              		.loc 1 1016 9 is_stmt 1 view .LVU687
1016:Drivers/STM32F2xx_HAL_Driver/Src/stm32f2xx_hal_spi.c ****         hspi->RxXferCount--;
 1998              		.loc 1 1016 13 is_stmt 0 view .LVU688
 1999 00e0 A36B     		ldr	r3, [r4, #56]
1016:Drivers/STM32F2xx_HAL_Driver/Src/stm32f2xx_hal_spi.c ****         hspi->RxXferCount--;
 2000              		.loc 1 1016 26 view .LVU689
 2001 00e2 0133     		adds	r3, r3, #1
 2002 00e4 A363     		str	r3, [r4, #56]
1017:Drivers/STM32F2xx_HAL_Driver/Src/stm32f2xx_hal_spi.c ****       }
 2003              		.loc 1 1017 9 is_stmt 1 view .LVU690
1017:Drivers/STM32F2xx_HAL_Driver/Src/stm32f2xx_hal_spi.c ****       }
 2004              		.loc 1 1017 13 is_stmt 0 view .LVU691
 2005 00e6 E38F     		ldrh	r3, [r4, #62]
 2006 00e8 9BB2     		uxth	r3, r3
1017:Drivers/STM32F2xx_HAL_Driver/Src/stm32f2xx_hal_spi.c ****       }
 2007              		.loc 1 1017 26 view .LVU692
 2008 00ea 013B     		subs	r3, r3, #1
 2009 00ec 9BB2     		uxth	r3, r3
 2010 00ee E387     		strh	r3, [r4, #62]	@ movhi
 2011 00f0 EAE7     		b	.L130
 2012              	.L135:
1024:Drivers/STM32F2xx_HAL_Driver/Src/stm32f2xx_hal_spi.c ****           __HAL_UNLOCK(hspi);
 2013              		.loc 1 1024 11 is_stmt 1 view .LVU693
1024:Drivers/STM32F2xx_HAL_Driver/Src/stm32f2xx_hal_spi.c ****           __HAL_UNLOCK(hspi);
 2014              		.loc 1 1024 23 is_stmt 0 view .LVU694
 2015 00f2 0123     		movs	r3, #1
 2016 00f4 84F85130 		strb	r3, [r4, #81]
1025:Drivers/STM32F2xx_HAL_Driver/Src/stm32f2xx_hal_spi.c ****           return HAL_TIMEOUT;
 2017              		.loc 1 1025 11 is_stmt 1 view .LVU695
1025:Drivers/STM32F2xx_HAL_Driver/Src/stm32f2xx_hal_spi.c ****           return HAL_TIMEOUT;
 2018              		.loc 1 1025 11 view .LVU696
 2019 00f8 0023     		movs	r3, #0
 2020 00fa 84F85030 		strb	r3, [r4, #80]
1025:Drivers/STM32F2xx_HAL_Driver/Src/stm32f2xx_hal_spi.c ****           return HAL_TIMEOUT;
 2021              		.loc 1 1025 11 view .LVU697
1026:Drivers/STM32F2xx_HAL_Driver/Src/stm32f2xx_hal_spi.c ****         }
 2022              		.loc 1 1026 11 view .LVU698
1026:Drivers/STM32F2xx_HAL_Driver/Src/stm32f2xx_hal_spi.c ****         }
 2023              		.loc 1 1026 18 is_stmt 0 view .LVU699
 2024 00fe 0326     		movs	r6, #3
 2025 0100 3CE0     		b	.L126
 2026              	.L138:
1046:Drivers/STM32F2xx_HAL_Driver/Src/stm32f2xx_hal_spi.c ****         {
 2027              		.loc 1 1046 9 is_stmt 1 view .LVU700
1046:Drivers/STM32F2xx_HAL_Driver/Src/stm32f2xx_hal_spi.c ****         {
 2028              		.loc 1 1046 16 is_stmt 0 view .LVU701
 2029 0102 FFF7FEFF 		bl	HAL_GetTick
 2030              	.LVL99:
1046:Drivers/STM32F2xx_HAL_Driver/Src/stm32f2xx_hal_spi.c ****         {
 2031              		.loc 1 1046 30 discriminator 1 view .LVU702
 2032 0106 C01B     		subs	r0, r0, r7
1046:Drivers/STM32F2xx_HAL_Driver/Src/stm32f2xx_hal_spi.c ****         {
 2033              		.loc 1 1046 12 discriminator 1 view .LVU703
 2034 0108 A842     		cmp	r0, r5
ARM GAS  /var/folders/8x/_y6g3dfs0698dfd49y4vcg_w0000gn/T//ccpNuCLH.s 			page 116


 2035 010a 02D3     		bcc	.L140
1046:Drivers/STM32F2xx_HAL_Driver/Src/stm32f2xx_hal_spi.c ****         {
 2036              		.loc 1 1046 56 discriminator 1 view .LVU704
 2037 010c B5F1FF3F 		cmp	r5, #-1
 2038 0110 19D1     		bne	.L141
 2039              	.L140:
1046:Drivers/STM32F2xx_HAL_Driver/Src/stm32f2xx_hal_spi.c ****         {
 2040              		.loc 1 1046 87 discriminator 3 view .LVU705
 2041 0112 C5B1     		cbz	r5, .L141
 2042              	.L131:
1034:Drivers/STM32F2xx_HAL_Driver/Src/stm32f2xx_hal_spi.c ****     {
 2043              		.loc 1 1034 30 is_stmt 1 view .LVU706
1034:Drivers/STM32F2xx_HAL_Driver/Src/stm32f2xx_hal_spi.c ****     {
 2044              		.loc 1 1034 16 is_stmt 0 view .LVU707
 2045 0114 E38F     		ldrh	r3, [r4, #62]
 2046 0116 9BB2     		uxth	r3, r3
1034:Drivers/STM32F2xx_HAL_Driver/Src/stm32f2xx_hal_spi.c ****     {
 2047              		.loc 1 1034 30 view .LVU708
 2048 0118 EBB1     		cbz	r3, .L137
1037:Drivers/STM32F2xx_HAL_Driver/Src/stm32f2xx_hal_spi.c ****       {
 2049              		.loc 1 1037 7 is_stmt 1 view .LVU709
1037:Drivers/STM32F2xx_HAL_Driver/Src/stm32f2xx_hal_spi.c ****       {
 2050              		.loc 1 1037 11 is_stmt 0 view .LVU710
 2051 011a 2368     		ldr	r3, [r4]
 2052 011c 9A68     		ldr	r2, [r3, #8]
1037:Drivers/STM32F2xx_HAL_Driver/Src/stm32f2xx_hal_spi.c ****       {
 2053              		.loc 1 1037 10 view .LVU711
 2054 011e 12F0010F 		tst	r2, #1
 2055 0122 EED0     		beq	.L138
1039:Drivers/STM32F2xx_HAL_Driver/Src/stm32f2xx_hal_spi.c ****         hspi->pRxBuffPtr += sizeof(uint16_t);
 2056              		.loc 1 1039 9 is_stmt 1 view .LVU712
1039:Drivers/STM32F2xx_HAL_Driver/Src/stm32f2xx_hal_spi.c ****         hspi->pRxBuffPtr += sizeof(uint16_t);
 2057              		.loc 1 1039 67 is_stmt 0 view .LVU713
 2058 0124 DA68     		ldr	r2, [r3, #12]
1039:Drivers/STM32F2xx_HAL_Driver/Src/stm32f2xx_hal_spi.c ****         hspi->pRxBuffPtr += sizeof(uint16_t);
 2059              		.loc 1 1039 27 view .LVU714
 2060 0126 A36B     		ldr	r3, [r4, #56]
1039:Drivers/STM32F2xx_HAL_Driver/Src/stm32f2xx_hal_spi.c ****         hspi->pRxBuffPtr += sizeof(uint16_t);
 2061              		.loc 1 1039 41 view .LVU715
 2062 0128 1A80     		strh	r2, [r3]	@ movhi
1040:Drivers/STM32F2xx_HAL_Driver/Src/stm32f2xx_hal_spi.c ****         hspi->RxXferCount--;
 2063              		.loc 1 1040 9 is_stmt 1 view .LVU716
1040:Drivers/STM32F2xx_HAL_Driver/Src/stm32f2xx_hal_spi.c ****         hspi->RxXferCount--;
 2064              		.loc 1 1040 13 is_stmt 0 view .LVU717
 2065 012a A36B     		ldr	r3, [r4, #56]
1040:Drivers/STM32F2xx_HAL_Driver/Src/stm32f2xx_hal_spi.c ****         hspi->RxXferCount--;
 2066              		.loc 1 1040 26 view .LVU718
 2067 012c 0233     		adds	r3, r3, #2
 2068 012e A363     		str	r3, [r4, #56]
1041:Drivers/STM32F2xx_HAL_Driver/Src/stm32f2xx_hal_spi.c ****       }
 2069              		.loc 1 1041 9 is_stmt 1 view .LVU719
1041:Drivers/STM32F2xx_HAL_Driver/Src/stm32f2xx_hal_spi.c ****       }
 2070              		.loc 1 1041 13 is_stmt 0 view .LVU720
 2071 0130 B4F83EC0 		ldrh	ip, [r4, #62]
 2072 0134 1FFA8CFC 		uxth	ip, ip
1041:Drivers/STM32F2xx_HAL_Driver/Src/stm32f2xx_hal_spi.c ****       }
 2073              		.loc 1 1041 26 view .LVU721
ARM GAS  /var/folders/8x/_y6g3dfs0698dfd49y4vcg_w0000gn/T//ccpNuCLH.s 			page 117


 2074 0138 0CF1FF3C 		add	ip, ip, #-1
 2075 013c 1FFA8CFC 		uxth	ip, ip
 2076 0140 A4F83EC0 		strh	ip, [r4, #62]	@ movhi
 2077 0144 E6E7     		b	.L131
 2078              	.L141:
1048:Drivers/STM32F2xx_HAL_Driver/Src/stm32f2xx_hal_spi.c ****           __HAL_UNLOCK(hspi);
 2079              		.loc 1 1048 11 is_stmt 1 view .LVU722
1048:Drivers/STM32F2xx_HAL_Driver/Src/stm32f2xx_hal_spi.c ****           __HAL_UNLOCK(hspi);
 2080              		.loc 1 1048 23 is_stmt 0 view .LVU723
 2081 0146 0123     		movs	r3, #1
 2082 0148 84F85130 		strb	r3, [r4, #81]
1049:Drivers/STM32F2xx_HAL_Driver/Src/stm32f2xx_hal_spi.c ****           return HAL_TIMEOUT;
 2083              		.loc 1 1049 11 is_stmt 1 view .LVU724
1049:Drivers/STM32F2xx_HAL_Driver/Src/stm32f2xx_hal_spi.c ****           return HAL_TIMEOUT;
 2084              		.loc 1 1049 11 view .LVU725
 2085 014c 0023     		movs	r3, #0
 2086 014e 84F85030 		strb	r3, [r4, #80]
1049:Drivers/STM32F2xx_HAL_Driver/Src/stm32f2xx_hal_spi.c ****           return HAL_TIMEOUT;
 2087              		.loc 1 1049 11 view .LVU726
1050:Drivers/STM32F2xx_HAL_Driver/Src/stm32f2xx_hal_spi.c ****         }
 2088              		.loc 1 1050 11 view .LVU727
1050:Drivers/STM32F2xx_HAL_Driver/Src/stm32f2xx_hal_spi.c ****         }
 2089              		.loc 1 1050 18 is_stmt 0 view .LVU728
 2090 0152 0326     		movs	r6, #3
 2091 0154 12E0     		b	.L126
 2092              	.L137:
1099:Drivers/STM32F2xx_HAL_Driver/Src/stm32f2xx_hal_spi.c ****   {
 2093              		.loc 1 1099 3 is_stmt 1 view .LVU729
1099:Drivers/STM32F2xx_HAL_Driver/Src/stm32f2xx_hal_spi.c ****   {
 2094              		.loc 1 1099 7 is_stmt 0 view .LVU730
 2095 0156 3A46     		mov	r2, r7
 2096 0158 2946     		mov	r1, r5
 2097 015a 2046     		mov	r0, r4
 2098 015c FFF7FEFF 		bl	SPI_EndRxTransaction
 2099              	.LVL100:
1099:Drivers/STM32F2xx_HAL_Driver/Src/stm32f2xx_hal_spi.c ****   {
 2100              		.loc 1 1099 6 discriminator 1 view .LVU731
 2101 0160 08B1     		cbz	r0, .L143
1101:Drivers/STM32F2xx_HAL_Driver/Src/stm32f2xx_hal_spi.c ****   }
 2102              		.loc 1 1101 5 is_stmt 1 view .LVU732
1101:Drivers/STM32F2xx_HAL_Driver/Src/stm32f2xx_hal_spi.c ****   }
 2103              		.loc 1 1101 21 is_stmt 0 view .LVU733
 2104 0162 2023     		movs	r3, #32
 2105 0164 6365     		str	r3, [r4, #84]
 2106              	.L143:
1113:Drivers/STM32F2xx_HAL_Driver/Src/stm32f2xx_hal_spi.c ****   /* Unlock the process */
 2107              		.loc 1 1113 3 is_stmt 1 view .LVU734
1113:Drivers/STM32F2xx_HAL_Driver/Src/stm32f2xx_hal_spi.c ****   /* Unlock the process */
 2108              		.loc 1 1113 15 is_stmt 0 view .LVU735
 2109 0166 0123     		movs	r3, #1
 2110 0168 84F85130 		strb	r3, [r4, #81]
1115:Drivers/STM32F2xx_HAL_Driver/Src/stm32f2xx_hal_spi.c ****   if (hspi->ErrorCode != HAL_SPI_ERROR_NONE)
 2111              		.loc 1 1115 3 is_stmt 1 view .LVU736
1115:Drivers/STM32F2xx_HAL_Driver/Src/stm32f2xx_hal_spi.c ****   if (hspi->ErrorCode != HAL_SPI_ERROR_NONE)
 2112              		.loc 1 1115 3 view .LVU737
 2113 016c 0023     		movs	r3, #0
 2114 016e 84F85030 		strb	r3, [r4, #80]
ARM GAS  /var/folders/8x/_y6g3dfs0698dfd49y4vcg_w0000gn/T//ccpNuCLH.s 			page 118


1115:Drivers/STM32F2xx_HAL_Driver/Src/stm32f2xx_hal_spi.c ****   if (hspi->ErrorCode != HAL_SPI_ERROR_NONE)
 2115              		.loc 1 1115 3 view .LVU738
1116:Drivers/STM32F2xx_HAL_Driver/Src/stm32f2xx_hal_spi.c ****   {
 2116              		.loc 1 1116 3 view .LVU739
1116:Drivers/STM32F2xx_HAL_Driver/Src/stm32f2xx_hal_spi.c ****   {
 2117              		.loc 1 1116 11 is_stmt 0 view .LVU740
 2118 0172 636D     		ldr	r3, [r4, #84]
1116:Drivers/STM32F2xx_HAL_Driver/Src/stm32f2xx_hal_spi.c ****   {
 2119              		.loc 1 1116 6 view .LVU741
 2120 0174 13B9     		cbnz	r3, .L126
1122:Drivers/STM32F2xx_HAL_Driver/Src/stm32f2xx_hal_spi.c ****   }
 2121              		.loc 1 1122 12 view .LVU742
 2122 0176 0026     		movs	r6, #0
 2123 0178 00E0     		b	.L126
 2124              	.LVL101:
 2125              	.L144:
 945:Drivers/STM32F2xx_HAL_Driver/Src/stm32f2xx_hal_spi.c ****   }
 2126              		.loc 1 945 12 view .LVU743
 2127 017a 0226     		movs	r6, #2
 2128              	.LVL102:
 2129              	.L126:
1124:Drivers/STM32F2xx_HAL_Driver/Src/stm32f2xx_hal_spi.c **** 
 2130              		.loc 1 1124 1 view .LVU744
 2131 017c 3046     		mov	r0, r6
 2132 017e 03B0     		add	sp, sp, #12
 2133              	.LCFI27:
 2134              		.cfi_remember_state
 2135              		.cfi_def_cfa_offset 28
 2136              		@ sp needed
 2137 0180 BDE8F083 		pop	{r4, r5, r6, r7, r8, r9, pc}
 2138              	.LVL103:
 2139              	.L145:
 2140              	.LCFI28:
 2141              		.cfi_restore_state
 964:Drivers/STM32F2xx_HAL_Driver/Src/stm32f2xx_hal_spi.c **** 
 2142              		.loc 1 964 3 discriminator 1 view .LVU745
 2143 0184 0226     		movs	r6, #2
 2144 0186 F9E7     		b	.L126
 2145              		.cfi_endproc
 2146              	.LFE77:
 2148              		.section	.text.HAL_SPI_Transmit_IT,"ax",%progbits
 2149              		.align	1
 2150              		.global	HAL_SPI_Transmit_IT
 2151              		.syntax unified
 2152              		.thumb
 2153              		.thumb_func
 2155              	HAL_SPI_Transmit_IT:
 2156              	.LVL104:
 2157              	.LFB79:
1388:Drivers/STM32F2xx_HAL_Driver/Src/stm32f2xx_hal_spi.c **** 
 2158              		.loc 1 1388 1 is_stmt 1 view -0
 2159              		.cfi_startproc
 2160              		@ args = 0, pretend = 0, frame = 0
 2161              		@ frame_needed = 0, uses_anonymous_args = 0
 2162              		@ link register save eliminated.
1391:Drivers/STM32F2xx_HAL_Driver/Src/stm32f2xx_hal_spi.c **** 
 2163              		.loc 1 1391 3 view .LVU747
ARM GAS  /var/folders/8x/_y6g3dfs0698dfd49y4vcg_w0000gn/T//ccpNuCLH.s 			page 119


1394:Drivers/STM32F2xx_HAL_Driver/Src/stm32f2xx_hal_spi.c ****   {
 2164              		.loc 1 1394 3 view .LVU748
1394:Drivers/STM32F2xx_HAL_Driver/Src/stm32f2xx_hal_spi.c ****   {
 2165              		.loc 1 1394 6 is_stmt 0 view .LVU749
 2166 0000 0029     		cmp	r1, #0
 2167 0002 44D0     		beq	.L156
1388:Drivers/STM32F2xx_HAL_Driver/Src/stm32f2xx_hal_spi.c **** 
 2168              		.loc 1 1388 1 view .LVU750
 2169 0004 10B4     		push	{r4}
 2170              	.LCFI29:
 2171              		.cfi_def_cfa_offset 4
 2172              		.cfi_offset 4, -4
1394:Drivers/STM32F2xx_HAL_Driver/Src/stm32f2xx_hal_spi.c ****   {
 2173              		.loc 1 1394 23 discriminator 1 view .LVU751
 2174 0006 002A     		cmp	r2, #0
 2175 0008 43D0     		beq	.L157
1399:Drivers/STM32F2xx_HAL_Driver/Src/stm32f2xx_hal_spi.c ****   {
 2176              		.loc 1 1399 3 is_stmt 1 view .LVU752
1399:Drivers/STM32F2xx_HAL_Driver/Src/stm32f2xx_hal_spi.c ****   {
 2177              		.loc 1 1399 11 is_stmt 0 view .LVU753
 2178 000a 90F85130 		ldrb	r3, [r0, #81]	@ zero_extendqisi2
 2179 000e DBB2     		uxtb	r3, r3
1399:Drivers/STM32F2xx_HAL_Driver/Src/stm32f2xx_hal_spi.c ****   {
 2180              		.loc 1 1399 6 view .LVU754
 2181 0010 012B     		cmp	r3, #1
 2182 0012 40D1     		bne	.L158
1405:Drivers/STM32F2xx_HAL_Driver/Src/stm32f2xx_hal_spi.c **** 
 2183              		.loc 1 1405 3 is_stmt 1 view .LVU755
1405:Drivers/STM32F2xx_HAL_Driver/Src/stm32f2xx_hal_spi.c **** 
 2184              		.loc 1 1405 3 view .LVU756
 2185 0014 90F85030 		ldrb	r3, [r0, #80]	@ zero_extendqisi2
 2186 0018 012B     		cmp	r3, #1
 2187 001a 3ED0     		beq	.L159
1405:Drivers/STM32F2xx_HAL_Driver/Src/stm32f2xx_hal_spi.c **** 
 2188              		.loc 1 1405 3 discriminator 2 view .LVU757
 2189 001c 0123     		movs	r3, #1
 2190 001e 80F85030 		strb	r3, [r0, #80]
1405:Drivers/STM32F2xx_HAL_Driver/Src/stm32f2xx_hal_spi.c **** 
 2191              		.loc 1 1405 3 discriminator 2 view .LVU758
1408:Drivers/STM32F2xx_HAL_Driver/Src/stm32f2xx_hal_spi.c ****   hspi->ErrorCode   = HAL_SPI_ERROR_NONE;
 2192              		.loc 1 1408 3 view .LVU759
1408:Drivers/STM32F2xx_HAL_Driver/Src/stm32f2xx_hal_spi.c ****   hspi->ErrorCode   = HAL_SPI_ERROR_NONE;
 2193              		.loc 1 1408 21 is_stmt 0 view .LVU760
 2194 0022 0323     		movs	r3, #3
 2195 0024 80F85130 		strb	r3, [r0, #81]
1409:Drivers/STM32F2xx_HAL_Driver/Src/stm32f2xx_hal_spi.c ****   hspi->pTxBuffPtr  = (const uint8_t *)pData;
 2196              		.loc 1 1409 3 is_stmt 1 view .LVU761
1409:Drivers/STM32F2xx_HAL_Driver/Src/stm32f2xx_hal_spi.c ****   hspi->pTxBuffPtr  = (const uint8_t *)pData;
 2197              		.loc 1 1409 21 is_stmt 0 view .LVU762
 2198 0028 0023     		movs	r3, #0
 2199 002a 4365     		str	r3, [r0, #84]
1410:Drivers/STM32F2xx_HAL_Driver/Src/stm32f2xx_hal_spi.c ****   hspi->TxXferSize  = Size;
 2200              		.loc 1 1410 3 is_stmt 1 view .LVU763
1410:Drivers/STM32F2xx_HAL_Driver/Src/stm32f2xx_hal_spi.c ****   hspi->TxXferSize  = Size;
 2201              		.loc 1 1410 21 is_stmt 0 view .LVU764
 2202 002c 0163     		str	r1, [r0, #48]
1411:Drivers/STM32F2xx_HAL_Driver/Src/stm32f2xx_hal_spi.c ****   hspi->TxXferCount = Size;
ARM GAS  /var/folders/8x/_y6g3dfs0698dfd49y4vcg_w0000gn/T//ccpNuCLH.s 			page 120


 2203              		.loc 1 1411 3 is_stmt 1 view .LVU765
1411:Drivers/STM32F2xx_HAL_Driver/Src/stm32f2xx_hal_spi.c ****   hspi->TxXferCount = Size;
 2204              		.loc 1 1411 21 is_stmt 0 view .LVU766
 2205 002e 8286     		strh	r2, [r0, #52]	@ movhi
1412:Drivers/STM32F2xx_HAL_Driver/Src/stm32f2xx_hal_spi.c **** 
 2206              		.loc 1 1412 3 is_stmt 1 view .LVU767
1412:Drivers/STM32F2xx_HAL_Driver/Src/stm32f2xx_hal_spi.c **** 
 2207              		.loc 1 1412 21 is_stmt 0 view .LVU768
 2208 0030 C286     		strh	r2, [r0, #54]	@ movhi
1415:Drivers/STM32F2xx_HAL_Driver/Src/stm32f2xx_hal_spi.c ****   hspi->RxXferSize  = 0U;
 2209              		.loc 1 1415 3 is_stmt 1 view .LVU769
1415:Drivers/STM32F2xx_HAL_Driver/Src/stm32f2xx_hal_spi.c ****   hspi->RxXferSize  = 0U;
 2210              		.loc 1 1415 21 is_stmt 0 view .LVU770
 2211 0032 8363     		str	r3, [r0, #56]
1416:Drivers/STM32F2xx_HAL_Driver/Src/stm32f2xx_hal_spi.c ****   hspi->RxXferCount = 0U;
 2212              		.loc 1 1416 3 is_stmt 1 view .LVU771
1416:Drivers/STM32F2xx_HAL_Driver/Src/stm32f2xx_hal_spi.c ****   hspi->RxXferCount = 0U;
 2213              		.loc 1 1416 21 is_stmt 0 view .LVU772
 2214 0034 8387     		strh	r3, [r0, #60]	@ movhi
1417:Drivers/STM32F2xx_HAL_Driver/Src/stm32f2xx_hal_spi.c ****   hspi->RxISR       = NULL;
 2215              		.loc 1 1417 3 is_stmt 1 view .LVU773
1417:Drivers/STM32F2xx_HAL_Driver/Src/stm32f2xx_hal_spi.c ****   hspi->RxISR       = NULL;
 2216              		.loc 1 1417 21 is_stmt 0 view .LVU774
 2217 0036 C387     		strh	r3, [r0, #62]	@ movhi
1418:Drivers/STM32F2xx_HAL_Driver/Src/stm32f2xx_hal_spi.c **** 
 2218              		.loc 1 1418 3 is_stmt 1 view .LVU775
1418:Drivers/STM32F2xx_HAL_Driver/Src/stm32f2xx_hal_spi.c **** 
 2219              		.loc 1 1418 21 is_stmt 0 view .LVU776
 2220 0038 0364     		str	r3, [r0, #64]
1421:Drivers/STM32F2xx_HAL_Driver/Src/stm32f2xx_hal_spi.c ****   {
 2221              		.loc 1 1421 3 is_stmt 1 view .LVU777
1421:Drivers/STM32F2xx_HAL_Driver/Src/stm32f2xx_hal_spi.c ****   {
 2222              		.loc 1 1421 17 is_stmt 0 view .LVU778
 2223 003a C368     		ldr	r3, [r0, #12]
1421:Drivers/STM32F2xx_HAL_Driver/Src/stm32f2xx_hal_spi.c ****   {
 2224              		.loc 1 1421 6 view .LVU779
 2225 003c CBB1     		cbz	r3, .L152
1423:Drivers/STM32F2xx_HAL_Driver/Src/stm32f2xx_hal_spi.c ****   }
 2226              		.loc 1 1423 5 is_stmt 1 view .LVU780
1423:Drivers/STM32F2xx_HAL_Driver/Src/stm32f2xx_hal_spi.c ****   }
 2227              		.loc 1 1423 17 is_stmt 0 view .LVU781
 2228 003e 184B     		ldr	r3, .L165
 2229 0040 4364     		str	r3, [r0, #68]
 2230              	.L153:
1431:Drivers/STM32F2xx_HAL_Driver/Src/stm32f2xx_hal_spi.c ****   {
 2231              		.loc 1 1431 3 is_stmt 1 view .LVU782
1431:Drivers/STM32F2xx_HAL_Driver/Src/stm32f2xx_hal_spi.c ****   {
 2232              		.loc 1 1431 17 is_stmt 0 view .LVU783
 2233 0042 8368     		ldr	r3, [r0, #8]
1431:Drivers/STM32F2xx_HAL_Driver/Src/stm32f2xx_hal_spi.c ****   {
 2234              		.loc 1 1431 6 view .LVU784
 2235 0044 B3F5004F 		cmp	r3, #32768
 2236 0048 16D0     		beq	.L164
 2237              	.LVL105:
 2238              	.L154:
1447:Drivers/STM32F2xx_HAL_Driver/Src/stm32f2xx_hal_spi.c ****   {
 2239              		.loc 1 1447 3 is_stmt 1 view .LVU785
ARM GAS  /var/folders/8x/_y6g3dfs0698dfd49y4vcg_w0000gn/T//ccpNuCLH.s 			page 121


1447:Drivers/STM32F2xx_HAL_Driver/Src/stm32f2xx_hal_spi.c ****   {
 2240              		.loc 1 1447 12 is_stmt 0 view .LVU786
 2241 004a 0368     		ldr	r3, [r0]
1447:Drivers/STM32F2xx_HAL_Driver/Src/stm32f2xx_hal_spi.c ****   {
 2242              		.loc 1 1447 22 view .LVU787
 2243 004c 1A68     		ldr	r2, [r3]
1447:Drivers/STM32F2xx_HAL_Driver/Src/stm32f2xx_hal_spi.c ****   {
 2244              		.loc 1 1447 6 view .LVU788
 2245 004e 12F0400F 		tst	r2, #64
 2246 0052 03D1     		bne	.L155
1450:Drivers/STM32F2xx_HAL_Driver/Src/stm32f2xx_hal_spi.c ****   }
 2247              		.loc 1 1450 5 is_stmt 1 view .LVU789
 2248 0054 1A68     		ldr	r2, [r3]
 2249 0056 42F04002 		orr	r2, r2, #64
 2250 005a 1A60     		str	r2, [r3]
 2251              	.L155:
1454:Drivers/STM32F2xx_HAL_Driver/Src/stm32f2xx_hal_spi.c ****   /* Enable TXE and ERR interrupt */
 2252              		.loc 1 1454 3 view .LVU790
1454:Drivers/STM32F2xx_HAL_Driver/Src/stm32f2xx_hal_spi.c ****   /* Enable TXE and ERR interrupt */
 2253              		.loc 1 1454 3 view .LVU791
 2254 005c 0023     		movs	r3, #0
 2255 005e 80F85030 		strb	r3, [r0, #80]
1454:Drivers/STM32F2xx_HAL_Driver/Src/stm32f2xx_hal_spi.c ****   /* Enable TXE and ERR interrupt */
 2256              		.loc 1 1454 3 view .LVU792
1456:Drivers/STM32F2xx_HAL_Driver/Src/stm32f2xx_hal_spi.c **** 
 2257              		.loc 1 1456 3 view .LVU793
 2258 0062 0168     		ldr	r1, [r0]
 2259              	.LVL106:
1456:Drivers/STM32F2xx_HAL_Driver/Src/stm32f2xx_hal_spi.c **** 
 2260              		.loc 1 1456 3 is_stmt 0 view .LVU794
 2261 0064 4A68     		ldr	r2, [r1, #4]
 2262 0066 42F0A002 		orr	r2, r2, #160
 2263 006a 4A60     		str	r2, [r1, #4]
1458:Drivers/STM32F2xx_HAL_Driver/Src/stm32f2xx_hal_spi.c **** }
 2264              		.loc 1 1458 3 is_stmt 1 view .LVU795
1458:Drivers/STM32F2xx_HAL_Driver/Src/stm32f2xx_hal_spi.c **** }
 2265              		.loc 1 1458 10 is_stmt 0 view .LVU796
 2266 006c 1846     		mov	r0, r3
 2267              	.LVL107:
 2268              	.L151:
1459:Drivers/STM32F2xx_HAL_Driver/Src/stm32f2xx_hal_spi.c **** 
 2269              		.loc 1 1459 1 view .LVU797
 2270 006e 10BC     		pop	{r4}
 2271              	.LCFI30:
 2272              		.cfi_remember_state
 2273              		.cfi_restore 4
 2274              		.cfi_def_cfa_offset 0
 2275 0070 7047     		bx	lr
 2276              	.LVL108:
 2277              	.L152:
 2278              	.LCFI31:
 2279              		.cfi_restore_state
1427:Drivers/STM32F2xx_HAL_Driver/Src/stm32f2xx_hal_spi.c ****   }
 2280              		.loc 1 1427 5 is_stmt 1 view .LVU798
1427:Drivers/STM32F2xx_HAL_Driver/Src/stm32f2xx_hal_spi.c ****   }
 2281              		.loc 1 1427 17 is_stmt 0 view .LVU799
 2282 0072 0C4B     		ldr	r3, .L165+4
ARM GAS  /var/folders/8x/_y6g3dfs0698dfd49y4vcg_w0000gn/T//ccpNuCLH.s 			page 122


 2283 0074 4364     		str	r3, [r0, #68]
 2284 0076 E4E7     		b	.L153
 2285              	.L164:
1434:Drivers/STM32F2xx_HAL_Driver/Src/stm32f2xx_hal_spi.c ****     SPI_1LINE_TX(hspi);
 2286              		.loc 1 1434 5 is_stmt 1 view .LVU800
 2287 0078 0268     		ldr	r2, [r0]
 2288              	.LVL109:
1434:Drivers/STM32F2xx_HAL_Driver/Src/stm32f2xx_hal_spi.c ****     SPI_1LINE_TX(hspi);
 2289              		.loc 1 1434 5 is_stmt 0 view .LVU801
 2290 007a 1368     		ldr	r3, [r2]
 2291 007c 23F04003 		bic	r3, r3, #64
 2292 0080 1360     		str	r3, [r2]
 2293              	.LVL110:
1435:Drivers/STM32F2xx_HAL_Driver/Src/stm32f2xx_hal_spi.c ****   }
 2294              		.loc 1 1435 5 is_stmt 1 view .LVU802
 2295 0082 0268     		ldr	r2, [r0]
 2296 0084 1368     		ldr	r3, [r2]
 2297 0086 43F48043 		orr	r3, r3, #16384
 2298 008a 1360     		str	r3, [r2]
 2299 008c DDE7     		b	.L154
 2300              	.LVL111:
 2301              	.L156:
 2302              	.LCFI32:
 2303              		.cfi_def_cfa_offset 0
 2304              		.cfi_restore 4
1396:Drivers/STM32F2xx_HAL_Driver/Src/stm32f2xx_hal_spi.c ****   }
 2305              		.loc 1 1396 12 is_stmt 0 view .LVU803
 2306 008e 0120     		movs	r0, #1
 2307              	.LVL112:
1459:Drivers/STM32F2xx_HAL_Driver/Src/stm32f2xx_hal_spi.c **** 
 2308              		.loc 1 1459 1 view .LVU804
 2309 0090 7047     		bx	lr
 2310              	.LVL113:
 2311              	.L157:
 2312              	.LCFI33:
 2313              		.cfi_def_cfa_offset 4
 2314              		.cfi_offset 4, -4
1396:Drivers/STM32F2xx_HAL_Driver/Src/stm32f2xx_hal_spi.c ****   }
 2315              		.loc 1 1396 12 view .LVU805
 2316 0092 0120     		movs	r0, #1
 2317              	.LVL114:
1396:Drivers/STM32F2xx_HAL_Driver/Src/stm32f2xx_hal_spi.c ****   }
 2318              		.loc 1 1396 12 view .LVU806
 2319 0094 EBE7     		b	.L151
 2320              	.LVL115:
 2321              	.L158:
1401:Drivers/STM32F2xx_HAL_Driver/Src/stm32f2xx_hal_spi.c ****   }
 2322              		.loc 1 1401 12 view .LVU807
 2323 0096 0220     		movs	r0, #2
 2324              	.LVL116:
1401:Drivers/STM32F2xx_HAL_Driver/Src/stm32f2xx_hal_spi.c ****   }
 2325              		.loc 1 1401 12 view .LVU808
 2326 0098 E9E7     		b	.L151
 2327              	.LVL117:
 2328              	.L159:
1405:Drivers/STM32F2xx_HAL_Driver/Src/stm32f2xx_hal_spi.c **** 
 2329              		.loc 1 1405 3 discriminator 1 view .LVU809
ARM GAS  /var/folders/8x/_y6g3dfs0698dfd49y4vcg_w0000gn/T//ccpNuCLH.s 			page 123


 2330 009a 0220     		movs	r0, #2
 2331              	.LVL118:
1405:Drivers/STM32F2xx_HAL_Driver/Src/stm32f2xx_hal_spi.c **** 
 2332              		.loc 1 1405 3 discriminator 1 view .LVU810
 2333 009c E7E7     		b	.L151
 2334              	.L166:
 2335 009e 00BF     		.align	2
 2336              	.L165:
 2337 00a0 00000000 		.word	SPI_TxISR_16BIT
 2338 00a4 00000000 		.word	SPI_TxISR_8BIT
 2339              		.cfi_endproc
 2340              	.LFE79:
 2342              		.section	.text.HAL_SPI_TransmitReceive_IT,"ax",%progbits
 2343              		.align	1
 2344              		.global	HAL_SPI_TransmitReceive_IT
 2345              		.syntax unified
 2346              		.thumb
 2347              		.thumb_func
 2349              	HAL_SPI_TransmitReceive_IT:
 2350              	.LVL119:
 2351              	.LFB81:
1562:Drivers/STM32F2xx_HAL_Driver/Src/stm32f2xx_hal_spi.c ****   uint32_t             tmp_mode;
 2352              		.loc 1 1562 1 is_stmt 1 view -0
 2353              		.cfi_startproc
 2354              		@ args = 0, pretend = 0, frame = 0
 2355              		@ frame_needed = 0, uses_anonymous_args = 0
 2356              		@ link register save eliminated.
1562:Drivers/STM32F2xx_HAL_Driver/Src/stm32f2xx_hal_spi.c ****   uint32_t             tmp_mode;
 2357              		.loc 1 1562 1 is_stmt 0 view .LVU812
 2358 0000 10B4     		push	{r4}
 2359              	.LCFI34:
 2360              		.cfi_def_cfa_offset 4
 2361              		.cfi_offset 4, -4
1563:Drivers/STM32F2xx_HAL_Driver/Src/stm32f2xx_hal_spi.c ****   HAL_SPI_StateTypeDef tmp_state;
 2362              		.loc 1 1563 3 is_stmt 1 view .LVU813
1564:Drivers/STM32F2xx_HAL_Driver/Src/stm32f2xx_hal_spi.c **** 
 2363              		.loc 1 1564 3 view .LVU814
1567:Drivers/STM32F2xx_HAL_Driver/Src/stm32f2xx_hal_spi.c **** 
 2364              		.loc 1 1567 3 view .LVU815
1570:Drivers/STM32F2xx_HAL_Driver/Src/stm32f2xx_hal_spi.c ****   tmp_mode            = hspi->Init.Mode;
 2365              		.loc 1 1570 3 view .LVU816
1570:Drivers/STM32F2xx_HAL_Driver/Src/stm32f2xx_hal_spi.c ****   tmp_mode            = hspi->Init.Mode;
 2366              		.loc 1 1570 23 is_stmt 0 view .LVU817
 2367 0002 90F851C0 		ldrb	ip, [r0, #81]	@ zero_extendqisi2
 2368 0006 5FFA8CFC 		uxtb	ip, ip
 2369              	.LVL120:
1571:Drivers/STM32F2xx_HAL_Driver/Src/stm32f2xx_hal_spi.c **** 
 2370              		.loc 1 1571 3 is_stmt 1 view .LVU818
1571:Drivers/STM32F2xx_HAL_Driver/Src/stm32f2xx_hal_spi.c **** 
 2371              		.loc 1 1571 23 is_stmt 0 view .LVU819
 2372 000a 4468     		ldr	r4, [r0, #4]
 2373              	.LVL121:
1573:Drivers/STM32F2xx_HAL_Driver/Src/stm32f2xx_hal_spi.c ****         ((tmp_mode == SPI_MODE_MASTER) && (hspi->Init.Direction == SPI_DIRECTION_2LINES) &&
 2374              		.loc 1 1573 3 is_stmt 1 view .LVU820
1573:Drivers/STM32F2xx_HAL_Driver/Src/stm32f2xx_hal_spi.c ****         ((tmp_mode == SPI_MODE_MASTER) && (hspi->Init.Direction == SPI_DIRECTION_2LINES) &&
 2375              		.loc 1 1573 6 is_stmt 0 view .LVU821
 2376 000c BCF1010F 		cmp	ip, #1
ARM GAS  /var/folders/8x/_y6g3dfs0698dfd49y4vcg_w0000gn/T//ccpNuCLH.s 			page 124


 2377 0010 08D0     		beq	.L168
1573:Drivers/STM32F2xx_HAL_Driver/Src/stm32f2xx_hal_spi.c ****         ((tmp_mode == SPI_MODE_MASTER) && (hspi->Init.Direction == SPI_DIRECTION_2LINES) &&
 2378              		.loc 1 1573 7 discriminator 1 view .LVU822
 2379 0012 B4F5827F 		cmp	r4, #260
 2380 0016 40D1     		bne	.L174
1574:Drivers/STM32F2xx_HAL_Driver/Src/stm32f2xx_hal_spi.c ****          (tmp_state == HAL_SPI_STATE_BUSY_RX))))
 2381              		.loc 1 1574 54 view .LVU823
 2382 0018 8468     		ldr	r4, [r0, #8]
 2383              	.LVL122:
1574:Drivers/STM32F2xx_HAL_Driver/Src/stm32f2xx_hal_spi.c ****          (tmp_state == HAL_SPI_STATE_BUSY_RX))))
 2384              		.loc 1 1574 40 view .LVU824
 2385 001a 002C     		cmp	r4, #0
 2386 001c 40D1     		bne	.L175
1574:Drivers/STM32F2xx_HAL_Driver/Src/stm32f2xx_hal_spi.c ****          (tmp_state == HAL_SPI_STATE_BUSY_RX))))
 2387              		.loc 1 1574 90 discriminator 1 view .LVU825
 2388 001e BCF1040F 		cmp	ip, #4
 2389 0022 3FD1     		bne	.L176
 2390              	.L168:
1580:Drivers/STM32F2xx_HAL_Driver/Src/stm32f2xx_hal_spi.c ****   {
 2391              		.loc 1 1580 3 is_stmt 1 view .LVU826
1580:Drivers/STM32F2xx_HAL_Driver/Src/stm32f2xx_hal_spi.c ****   {
 2392              		.loc 1 1580 6 is_stmt 0 view .LVU827
 2393 0024 0029     		cmp	r1, #0
 2394 0026 3FD0     		beq	.L177
1580:Drivers/STM32F2xx_HAL_Driver/Src/stm32f2xx_hal_spi.c ****   {
 2395              		.loc 1 1580 25 discriminator 1 view .LVU828
 2396 0028 002A     		cmp	r2, #0
 2397 002a 3FD0     		beq	.L178
1580:Drivers/STM32F2xx_HAL_Driver/Src/stm32f2xx_hal_spi.c ****   {
 2398              		.loc 1 1580 46 discriminator 2 view .LVU829
 2399 002c 002B     		cmp	r3, #0
 2400 002e 3FD0     		beq	.L179
1586:Drivers/STM32F2xx_HAL_Driver/Src/stm32f2xx_hal_spi.c **** 
 2401              		.loc 1 1586 3 is_stmt 1 view .LVU830
1586:Drivers/STM32F2xx_HAL_Driver/Src/stm32f2xx_hal_spi.c **** 
 2402              		.loc 1 1586 3 view .LVU831
 2403 0030 90F85040 		ldrb	r4, [r0, #80]	@ zero_extendqisi2
 2404 0034 012C     		cmp	r4, #1
 2405 0036 3DD0     		beq	.L180
1586:Drivers/STM32F2xx_HAL_Driver/Src/stm32f2xx_hal_spi.c **** 
 2406              		.loc 1 1586 3 discriminator 2 view .LVU832
 2407 0038 0124     		movs	r4, #1
 2408 003a 80F85040 		strb	r4, [r0, #80]
1586:Drivers/STM32F2xx_HAL_Driver/Src/stm32f2xx_hal_spi.c **** 
 2409              		.loc 1 1586 3 discriminator 2 view .LVU833
1589:Drivers/STM32F2xx_HAL_Driver/Src/stm32f2xx_hal_spi.c ****   {
 2410              		.loc 1 1589 3 view .LVU834
1589:Drivers/STM32F2xx_HAL_Driver/Src/stm32f2xx_hal_spi.c ****   {
 2411              		.loc 1 1589 11 is_stmt 0 view .LVU835
 2412 003e 90F85140 		ldrb	r4, [r0, #81]	@ zero_extendqisi2
 2413 0042 E4B2     		uxtb	r4, r4
1589:Drivers/STM32F2xx_HAL_Driver/Src/stm32f2xx_hal_spi.c ****   {
 2414              		.loc 1 1589 6 view .LVU836
 2415 0044 042C     		cmp	r4, #4
 2416 0046 02D0     		beq	.L170
1591:Drivers/STM32F2xx_HAL_Driver/Src/stm32f2xx_hal_spi.c ****   }
 2417              		.loc 1 1591 5 is_stmt 1 view .LVU837
ARM GAS  /var/folders/8x/_y6g3dfs0698dfd49y4vcg_w0000gn/T//ccpNuCLH.s 			page 125


1591:Drivers/STM32F2xx_HAL_Driver/Src/stm32f2xx_hal_spi.c ****   }
 2418              		.loc 1 1591 17 is_stmt 0 view .LVU838
 2419 0048 0524     		movs	r4, #5
 2420 004a 80F85140 		strb	r4, [r0, #81]
 2421              	.L170:
1595:Drivers/STM32F2xx_HAL_Driver/Src/stm32f2xx_hal_spi.c ****   hspi->pTxBuffPtr  = (const uint8_t *)pTxData;
 2422              		.loc 1 1595 3 is_stmt 1 view .LVU839
1595:Drivers/STM32F2xx_HAL_Driver/Src/stm32f2xx_hal_spi.c ****   hspi->pTxBuffPtr  = (const uint8_t *)pTxData;
 2423              		.loc 1 1595 21 is_stmt 0 view .LVU840
 2424 004e 0024     		movs	r4, #0
 2425 0050 4465     		str	r4, [r0, #84]
1596:Drivers/STM32F2xx_HAL_Driver/Src/stm32f2xx_hal_spi.c ****   hspi->TxXferSize  = Size;
 2426              		.loc 1 1596 3 is_stmt 1 view .LVU841
1596:Drivers/STM32F2xx_HAL_Driver/Src/stm32f2xx_hal_spi.c ****   hspi->TxXferSize  = Size;
 2427              		.loc 1 1596 21 is_stmt 0 view .LVU842
 2428 0052 0163     		str	r1, [r0, #48]
1597:Drivers/STM32F2xx_HAL_Driver/Src/stm32f2xx_hal_spi.c ****   hspi->TxXferCount = Size;
 2429              		.loc 1 1597 3 is_stmt 1 view .LVU843
1597:Drivers/STM32F2xx_HAL_Driver/Src/stm32f2xx_hal_spi.c ****   hspi->TxXferCount = Size;
 2430              		.loc 1 1597 21 is_stmt 0 view .LVU844
 2431 0054 8386     		strh	r3, [r0, #52]	@ movhi
1598:Drivers/STM32F2xx_HAL_Driver/Src/stm32f2xx_hal_spi.c ****   hspi->pRxBuffPtr  = (uint8_t *)pRxData;
 2432              		.loc 1 1598 3 is_stmt 1 view .LVU845
1598:Drivers/STM32F2xx_HAL_Driver/Src/stm32f2xx_hal_spi.c ****   hspi->pRxBuffPtr  = (uint8_t *)pRxData;
 2433              		.loc 1 1598 21 is_stmt 0 view .LVU846
 2434 0056 C386     		strh	r3, [r0, #54]	@ movhi
1599:Drivers/STM32F2xx_HAL_Driver/Src/stm32f2xx_hal_spi.c ****   hspi->RxXferSize  = Size;
 2435              		.loc 1 1599 3 is_stmt 1 view .LVU847
1599:Drivers/STM32F2xx_HAL_Driver/Src/stm32f2xx_hal_spi.c ****   hspi->RxXferSize  = Size;
 2436              		.loc 1 1599 21 is_stmt 0 view .LVU848
 2437 0058 8263     		str	r2, [r0, #56]
1600:Drivers/STM32F2xx_HAL_Driver/Src/stm32f2xx_hal_spi.c ****   hspi->RxXferCount = Size;
 2438              		.loc 1 1600 3 is_stmt 1 view .LVU849
1600:Drivers/STM32F2xx_HAL_Driver/Src/stm32f2xx_hal_spi.c ****   hspi->RxXferCount = Size;
 2439              		.loc 1 1600 21 is_stmt 0 view .LVU850
 2440 005a 8387     		strh	r3, [r0, #60]	@ movhi
1601:Drivers/STM32F2xx_HAL_Driver/Src/stm32f2xx_hal_spi.c **** 
 2441              		.loc 1 1601 3 is_stmt 1 view .LVU851
1601:Drivers/STM32F2xx_HAL_Driver/Src/stm32f2xx_hal_spi.c **** 
 2442              		.loc 1 1601 21 is_stmt 0 view .LVU852
 2443 005c C387     		strh	r3, [r0, #62]	@ movhi
1604:Drivers/STM32F2xx_HAL_Driver/Src/stm32f2xx_hal_spi.c ****   {
 2444              		.loc 1 1604 3 is_stmt 1 view .LVU853
1604:Drivers/STM32F2xx_HAL_Driver/Src/stm32f2xx_hal_spi.c ****   {
 2445              		.loc 1 1604 17 is_stmt 0 view .LVU854
 2446 005e C368     		ldr	r3, [r0, #12]
 2447              	.LVL123:
1604:Drivers/STM32F2xx_HAL_Driver/Src/stm32f2xx_hal_spi.c ****   {
 2448              		.loc 1 1604 6 view .LVU855
 2449 0060 B3B1     		cbz	r3, .L171
1606:Drivers/STM32F2xx_HAL_Driver/Src/stm32f2xx_hal_spi.c ****     hspi->TxISR     = SPI_2linesTxISR_16BIT;
 2450              		.loc 1 1606 5 is_stmt 1 view .LVU856
1606:Drivers/STM32F2xx_HAL_Driver/Src/stm32f2xx_hal_spi.c ****     hspi->TxISR     = SPI_2linesTxISR_16BIT;
 2451              		.loc 1 1606 21 is_stmt 0 view .LVU857
 2452 0062 154B     		ldr	r3, .L182
 2453 0064 0364     		str	r3, [r0, #64]
1607:Drivers/STM32F2xx_HAL_Driver/Src/stm32f2xx_hal_spi.c ****   }
ARM GAS  /var/folders/8x/_y6g3dfs0698dfd49y4vcg_w0000gn/T//ccpNuCLH.s 			page 126


 2454              		.loc 1 1607 5 is_stmt 1 view .LVU858
1607:Drivers/STM32F2xx_HAL_Driver/Src/stm32f2xx_hal_spi.c ****   }
 2455              		.loc 1 1607 21 is_stmt 0 view .LVU859
 2456 0066 154B     		ldr	r3, .L182+4
 2457 0068 4364     		str	r3, [r0, #68]
 2458              	.L172:
1625:Drivers/STM32F2xx_HAL_Driver/Src/stm32f2xx_hal_spi.c ****   {
 2459              		.loc 1 1625 3 is_stmt 1 view .LVU860
1625:Drivers/STM32F2xx_HAL_Driver/Src/stm32f2xx_hal_spi.c ****   {
 2460              		.loc 1 1625 12 is_stmt 0 view .LVU861
 2461 006a 0368     		ldr	r3, [r0]
1625:Drivers/STM32F2xx_HAL_Driver/Src/stm32f2xx_hal_spi.c ****   {
 2462              		.loc 1 1625 22 view .LVU862
 2463 006c 1A68     		ldr	r2, [r3]
 2464              	.LVL124:
1625:Drivers/STM32F2xx_HAL_Driver/Src/stm32f2xx_hal_spi.c ****   {
 2465              		.loc 1 1625 6 view .LVU863
 2466 006e 12F0400F 		tst	r2, #64
 2467 0072 03D1     		bne	.L173
1628:Drivers/STM32F2xx_HAL_Driver/Src/stm32f2xx_hal_spi.c ****   }
 2468              		.loc 1 1628 5 is_stmt 1 view .LVU864
 2469 0074 1A68     		ldr	r2, [r3]
 2470 0076 42F04002 		orr	r2, r2, #64
 2471 007a 1A60     		str	r2, [r3]
 2472              	.LVL125:
 2473              	.L173:
1632:Drivers/STM32F2xx_HAL_Driver/Src/stm32f2xx_hal_spi.c ****   /* Enable TXE, RXNE and ERR interrupt */
 2474              		.loc 1 1632 3 view .LVU865
1632:Drivers/STM32F2xx_HAL_Driver/Src/stm32f2xx_hal_spi.c ****   /* Enable TXE, RXNE and ERR interrupt */
 2475              		.loc 1 1632 3 view .LVU866
 2476 007c 0023     		movs	r3, #0
 2477 007e 80F85030 		strb	r3, [r0, #80]
1632:Drivers/STM32F2xx_HAL_Driver/Src/stm32f2xx_hal_spi.c ****   /* Enable TXE, RXNE and ERR interrupt */
 2478              		.loc 1 1632 3 view .LVU867
1634:Drivers/STM32F2xx_HAL_Driver/Src/stm32f2xx_hal_spi.c **** 
 2479              		.loc 1 1634 3 view .LVU868
 2480 0082 0168     		ldr	r1, [r0]
 2481              	.LVL126:
1634:Drivers/STM32F2xx_HAL_Driver/Src/stm32f2xx_hal_spi.c **** 
 2482              		.loc 1 1634 3 is_stmt 0 view .LVU869
 2483 0084 4A68     		ldr	r2, [r1, #4]
 2484 0086 42F0E002 		orr	r2, r2, #224
 2485 008a 4A60     		str	r2, [r1, #4]
1636:Drivers/STM32F2xx_HAL_Driver/Src/stm32f2xx_hal_spi.c **** }
 2486              		.loc 1 1636 3 is_stmt 1 view .LVU870
1636:Drivers/STM32F2xx_HAL_Driver/Src/stm32f2xx_hal_spi.c **** }
 2487              		.loc 1 1636 10 is_stmt 0 view .LVU871
 2488 008c 1846     		mov	r0, r3
 2489              	.LVL127:
1636:Drivers/STM32F2xx_HAL_Driver/Src/stm32f2xx_hal_spi.c **** }
 2490              		.loc 1 1636 10 view .LVU872
 2491 008e 05E0     		b	.L169
 2492              	.LVL128:
 2493              	.L171:
1611:Drivers/STM32F2xx_HAL_Driver/Src/stm32f2xx_hal_spi.c ****     hspi->TxISR     = SPI_2linesTxISR_8BIT;
 2494              		.loc 1 1611 5 is_stmt 1 view .LVU873
1611:Drivers/STM32F2xx_HAL_Driver/Src/stm32f2xx_hal_spi.c ****     hspi->TxISR     = SPI_2linesTxISR_8BIT;
ARM GAS  /var/folders/8x/_y6g3dfs0698dfd49y4vcg_w0000gn/T//ccpNuCLH.s 			page 127


 2495              		.loc 1 1611 21 is_stmt 0 view .LVU874
 2496 0090 0B4B     		ldr	r3, .L182+8
 2497 0092 0364     		str	r3, [r0, #64]
1612:Drivers/STM32F2xx_HAL_Driver/Src/stm32f2xx_hal_spi.c ****   }
 2498              		.loc 1 1612 5 is_stmt 1 view .LVU875
1612:Drivers/STM32F2xx_HAL_Driver/Src/stm32f2xx_hal_spi.c ****   }
 2499              		.loc 1 1612 21 is_stmt 0 view .LVU876
 2500 0094 0B4B     		ldr	r3, .L182+12
 2501 0096 4364     		str	r3, [r0, #68]
 2502 0098 E7E7     		b	.L172
 2503              	.LVL129:
 2504              	.L174:
1577:Drivers/STM32F2xx_HAL_Driver/Src/stm32f2xx_hal_spi.c ****   }
 2505              		.loc 1 1577 12 view .LVU877
 2506 009a 0220     		movs	r0, #2
 2507              	.LVL130:
 2508              	.L169:
1637:Drivers/STM32F2xx_HAL_Driver/Src/stm32f2xx_hal_spi.c **** 
 2509              		.loc 1 1637 1 view .LVU878
 2510 009c 10BC     		pop	{r4}
 2511              	.LCFI35:
 2512              		.cfi_remember_state
 2513              		.cfi_restore 4
 2514              		.cfi_def_cfa_offset 0
 2515 009e 7047     		bx	lr
 2516              	.LVL131:
 2517              	.L175:
 2518              	.LCFI36:
 2519              		.cfi_restore_state
1577:Drivers/STM32F2xx_HAL_Driver/Src/stm32f2xx_hal_spi.c ****   }
 2520              		.loc 1 1577 12 view .LVU879
 2521 00a0 0220     		movs	r0, #2
 2522              	.LVL132:
1577:Drivers/STM32F2xx_HAL_Driver/Src/stm32f2xx_hal_spi.c ****   }
 2523              		.loc 1 1577 12 view .LVU880
 2524 00a2 FBE7     		b	.L169
 2525              	.LVL133:
 2526              	.L176:
1577:Drivers/STM32F2xx_HAL_Driver/Src/stm32f2xx_hal_spi.c ****   }
 2527              		.loc 1 1577 12 view .LVU881
 2528 00a4 0220     		movs	r0, #2
 2529              	.LVL134:
1577:Drivers/STM32F2xx_HAL_Driver/Src/stm32f2xx_hal_spi.c ****   }
 2530              		.loc 1 1577 12 view .LVU882
 2531 00a6 F9E7     		b	.L169
 2532              	.LVL135:
 2533              	.L177:
1582:Drivers/STM32F2xx_HAL_Driver/Src/stm32f2xx_hal_spi.c ****   }
 2534              		.loc 1 1582 12 view .LVU883
 2535 00a8 0120     		movs	r0, #1
 2536              	.LVL136:
1582:Drivers/STM32F2xx_HAL_Driver/Src/stm32f2xx_hal_spi.c ****   }
 2537              		.loc 1 1582 12 view .LVU884
 2538 00aa F7E7     		b	.L169
 2539              	.LVL137:
 2540              	.L178:
1582:Drivers/STM32F2xx_HAL_Driver/Src/stm32f2xx_hal_spi.c ****   }
ARM GAS  /var/folders/8x/_y6g3dfs0698dfd49y4vcg_w0000gn/T//ccpNuCLH.s 			page 128


 2541              		.loc 1 1582 12 view .LVU885
 2542 00ac 0120     		movs	r0, #1
 2543              	.LVL138:
1582:Drivers/STM32F2xx_HAL_Driver/Src/stm32f2xx_hal_spi.c ****   }
 2544              		.loc 1 1582 12 view .LVU886
 2545 00ae F5E7     		b	.L169
 2546              	.LVL139:
 2547              	.L179:
1582:Drivers/STM32F2xx_HAL_Driver/Src/stm32f2xx_hal_spi.c ****   }
 2548              		.loc 1 1582 12 view .LVU887
 2549 00b0 0120     		movs	r0, #1
 2550              	.LVL140:
1582:Drivers/STM32F2xx_HAL_Driver/Src/stm32f2xx_hal_spi.c ****   }
 2551              		.loc 1 1582 12 view .LVU888
 2552 00b2 F3E7     		b	.L169
 2553              	.LVL141:
 2554              	.L180:
1586:Drivers/STM32F2xx_HAL_Driver/Src/stm32f2xx_hal_spi.c **** 
 2555              		.loc 1 1586 3 discriminator 1 view .LVU889
 2556 00b4 0220     		movs	r0, #2
 2557              	.LVL142:
1586:Drivers/STM32F2xx_HAL_Driver/Src/stm32f2xx_hal_spi.c **** 
 2558              		.loc 1 1586 3 discriminator 1 view .LVU890
 2559 00b6 F1E7     		b	.L169
 2560              	.L183:
 2561              		.align	2
 2562              	.L182:
 2563 00b8 00000000 		.word	SPI_2linesRxISR_16BIT
 2564 00bc 00000000 		.word	SPI_2linesTxISR_16BIT
 2565 00c0 00000000 		.word	SPI_2linesRxISR_8BIT
 2566 00c4 00000000 		.word	SPI_2linesTxISR_8BIT
 2567              		.cfi_endproc
 2568              	.LFE81:
 2570              		.section	.text.HAL_SPI_Receive_IT,"ax",%progbits
 2571              		.align	1
 2572              		.global	HAL_SPI_Receive_IT
 2573              		.syntax unified
 2574              		.thumb
 2575              		.thumb_func
 2577              	HAL_SPI_Receive_IT:
 2578              	.LVL143:
 2579              	.LFB80:
1470:Drivers/STM32F2xx_HAL_Driver/Src/stm32f2xx_hal_spi.c **** 
 2580              		.loc 1 1470 1 is_stmt 1 view -0
 2581              		.cfi_startproc
 2582              		@ args = 0, pretend = 0, frame = 0
 2583              		@ frame_needed = 0, uses_anonymous_args = 0
1470:Drivers/STM32F2xx_HAL_Driver/Src/stm32f2xx_hal_spi.c **** 
 2584              		.loc 1 1470 1 is_stmt 0 view .LVU892
 2585 0000 8446     		mov	ip, r0
1472:Drivers/STM32F2xx_HAL_Driver/Src/stm32f2xx_hal_spi.c ****   {
 2586              		.loc 1 1472 3 is_stmt 1 view .LVU893
1472:Drivers/STM32F2xx_HAL_Driver/Src/stm32f2xx_hal_spi.c ****   {
 2587              		.loc 1 1472 11 is_stmt 0 view .LVU894
 2588 0002 90F85100 		ldrb	r0, [r0, #81]	@ zero_extendqisi2
 2589              	.LVL144:
1472:Drivers/STM32F2xx_HAL_Driver/Src/stm32f2xx_hal_spi.c ****   {
ARM GAS  /var/folders/8x/_y6g3dfs0698dfd49y4vcg_w0000gn/T//ccpNuCLH.s 			page 129


 2590              		.loc 1 1472 11 view .LVU895
 2591 0006 C0B2     		uxtb	r0, r0
1472:Drivers/STM32F2xx_HAL_Driver/Src/stm32f2xx_hal_spi.c ****   {
 2592              		.loc 1 1472 6 view .LVU896
 2593 0008 0128     		cmp	r0, #1
 2594 000a 5CD1     		bne	.L191
1470:Drivers/STM32F2xx_HAL_Driver/Src/stm32f2xx_hal_spi.c **** 
 2595              		.loc 1 1470 1 view .LVU897
 2596 000c 10B5     		push	{r4, lr}
 2597              	.LCFI37:
 2598              		.cfi_def_cfa_offset 8
 2599              		.cfi_offset 4, -8
 2600              		.cfi_offset 14, -4
1477:Drivers/STM32F2xx_HAL_Driver/Src/stm32f2xx_hal_spi.c ****   {
 2601              		.loc 1 1477 3 is_stmt 1 view .LVU898
1477:Drivers/STM32F2xx_HAL_Driver/Src/stm32f2xx_hal_spi.c ****   {
 2602              		.loc 1 1477 18 is_stmt 0 view .LVU899
 2603 000e DCF80840 		ldr	r4, [ip, #8]
1477:Drivers/STM32F2xx_HAL_Driver/Src/stm32f2xx_hal_spi.c ****   {
 2604              		.loc 1 1477 6 view .LVU900
 2605 0012 24B9     		cbnz	r4, .L186
1477:Drivers/STM32F2xx_HAL_Driver/Src/stm32f2xx_hal_spi.c ****   {
 2606              		.loc 1 1477 68 discriminator 1 view .LVU901
 2607 0014 DCF80430 		ldr	r3, [ip, #4]
1477:Drivers/STM32F2xx_HAL_Driver/Src/stm32f2xx_hal_spi.c ****   {
 2608              		.loc 1 1477 54 discriminator 1 view .LVU902
 2609 0018 B3F5827F 		cmp	r3, #260
 2610 001c 39D0     		beq	.L197
 2611              	.L186:
1485:Drivers/STM32F2xx_HAL_Driver/Src/stm32f2xx_hal_spi.c ****   {
 2612              		.loc 1 1485 3 is_stmt 1 view .LVU903
1485:Drivers/STM32F2xx_HAL_Driver/Src/stm32f2xx_hal_spi.c ****   {
 2613              		.loc 1 1485 6 is_stmt 0 view .LVU904
 2614 001e B9B3     		cbz	r1, .L185
1485:Drivers/STM32F2xx_HAL_Driver/Src/stm32f2xx_hal_spi.c ****   {
 2615              		.loc 1 1485 23 discriminator 1 view .LVU905
 2616 0020 B2B3     		cbz	r2, .L185
1491:Drivers/STM32F2xx_HAL_Driver/Src/stm32f2xx_hal_spi.c **** 
 2617              		.loc 1 1491 3 is_stmt 1 view .LVU906
1491:Drivers/STM32F2xx_HAL_Driver/Src/stm32f2xx_hal_spi.c **** 
 2618              		.loc 1 1491 3 view .LVU907
 2619 0022 9CF85030 		ldrb	r3, [ip, #80]	@ zero_extendqisi2
 2620 0026 012B     		cmp	r3, #1
 2621 0028 4FD0     		beq	.L192
1491:Drivers/STM32F2xx_HAL_Driver/Src/stm32f2xx_hal_spi.c **** 
 2622              		.loc 1 1491 3 discriminator 2 view .LVU908
 2623 002a 0123     		movs	r3, #1
 2624 002c 8CF85030 		strb	r3, [ip, #80]
1491:Drivers/STM32F2xx_HAL_Driver/Src/stm32f2xx_hal_spi.c **** 
 2625              		.loc 1 1491 3 discriminator 2 view .LVU909
1494:Drivers/STM32F2xx_HAL_Driver/Src/stm32f2xx_hal_spi.c ****   hspi->ErrorCode   = HAL_SPI_ERROR_NONE;
 2626              		.loc 1 1494 3 view .LVU910
1494:Drivers/STM32F2xx_HAL_Driver/Src/stm32f2xx_hal_spi.c ****   hspi->ErrorCode   = HAL_SPI_ERROR_NONE;
 2627              		.loc 1 1494 21 is_stmt 0 view .LVU911
 2628 0030 0423     		movs	r3, #4
 2629 0032 8CF85130 		strb	r3, [ip, #81]
1495:Drivers/STM32F2xx_HAL_Driver/Src/stm32f2xx_hal_spi.c ****   hspi->pRxBuffPtr  = (uint8_t *)pData;
ARM GAS  /var/folders/8x/_y6g3dfs0698dfd49y4vcg_w0000gn/T//ccpNuCLH.s 			page 130


 2630              		.loc 1 1495 3 is_stmt 1 view .LVU912
1495:Drivers/STM32F2xx_HAL_Driver/Src/stm32f2xx_hal_spi.c ****   hspi->pRxBuffPtr  = (uint8_t *)pData;
 2631              		.loc 1 1495 21 is_stmt 0 view .LVU913
 2632 0036 0023     		movs	r3, #0
 2633 0038 CCF85430 		str	r3, [ip, #84]
1496:Drivers/STM32F2xx_HAL_Driver/Src/stm32f2xx_hal_spi.c ****   hspi->RxXferSize  = Size;
 2634              		.loc 1 1496 3 is_stmt 1 view .LVU914
1496:Drivers/STM32F2xx_HAL_Driver/Src/stm32f2xx_hal_spi.c ****   hspi->RxXferSize  = Size;
 2635              		.loc 1 1496 21 is_stmt 0 view .LVU915
 2636 003c CCF83810 		str	r1, [ip, #56]
1497:Drivers/STM32F2xx_HAL_Driver/Src/stm32f2xx_hal_spi.c ****   hspi->RxXferCount = Size;
 2637              		.loc 1 1497 3 is_stmt 1 view .LVU916
1497:Drivers/STM32F2xx_HAL_Driver/Src/stm32f2xx_hal_spi.c ****   hspi->RxXferCount = Size;
 2638              		.loc 1 1497 21 is_stmt 0 view .LVU917
 2639 0040 ACF83C20 		strh	r2, [ip, #60]	@ movhi
1498:Drivers/STM32F2xx_HAL_Driver/Src/stm32f2xx_hal_spi.c **** 
 2640              		.loc 1 1498 3 is_stmt 1 view .LVU918
1498:Drivers/STM32F2xx_HAL_Driver/Src/stm32f2xx_hal_spi.c **** 
 2641              		.loc 1 1498 21 is_stmt 0 view .LVU919
 2642 0044 ACF83E20 		strh	r2, [ip, #62]	@ movhi
1501:Drivers/STM32F2xx_HAL_Driver/Src/stm32f2xx_hal_spi.c ****   hspi->TxXferSize  = 0U;
 2643              		.loc 1 1501 3 is_stmt 1 view .LVU920
1501:Drivers/STM32F2xx_HAL_Driver/Src/stm32f2xx_hal_spi.c ****   hspi->TxXferSize  = 0U;
 2644              		.loc 1 1501 21 is_stmt 0 view .LVU921
 2645 0048 CCF83030 		str	r3, [ip, #48]
1502:Drivers/STM32F2xx_HAL_Driver/Src/stm32f2xx_hal_spi.c ****   hspi->TxXferCount = 0U;
 2646              		.loc 1 1502 3 is_stmt 1 view .LVU922
1502:Drivers/STM32F2xx_HAL_Driver/Src/stm32f2xx_hal_spi.c ****   hspi->TxXferCount = 0U;
 2647              		.loc 1 1502 21 is_stmt 0 view .LVU923
 2648 004c ACF83430 		strh	r3, [ip, #52]	@ movhi
1503:Drivers/STM32F2xx_HAL_Driver/Src/stm32f2xx_hal_spi.c ****   hspi->TxISR       = NULL;
 2649              		.loc 1 1503 3 is_stmt 1 view .LVU924
1503:Drivers/STM32F2xx_HAL_Driver/Src/stm32f2xx_hal_spi.c ****   hspi->TxISR       = NULL;
 2650              		.loc 1 1503 21 is_stmt 0 view .LVU925
 2651 0050 ACF83630 		strh	r3, [ip, #54]	@ movhi
1504:Drivers/STM32F2xx_HAL_Driver/Src/stm32f2xx_hal_spi.c **** 
 2652              		.loc 1 1504 3 is_stmt 1 view .LVU926
1504:Drivers/STM32F2xx_HAL_Driver/Src/stm32f2xx_hal_spi.c **** 
 2653              		.loc 1 1504 21 is_stmt 0 view .LVU927
 2654 0054 CCF84430 		str	r3, [ip, #68]
1507:Drivers/STM32F2xx_HAL_Driver/Src/stm32f2xx_hal_spi.c ****   {
 2655              		.loc 1 1507 3 is_stmt 1 view .LVU928
1507:Drivers/STM32F2xx_HAL_Driver/Src/stm32f2xx_hal_spi.c ****   {
 2656              		.loc 1 1507 17 is_stmt 0 view .LVU929
 2657 0058 DCF80C30 		ldr	r3, [ip, #12]
1507:Drivers/STM32F2xx_HAL_Driver/Src/stm32f2xx_hal_spi.c ****   {
 2658              		.loc 1 1507 6 view .LVU930
 2659 005c 13B3     		cbz	r3, .L187
1509:Drivers/STM32F2xx_HAL_Driver/Src/stm32f2xx_hal_spi.c ****   }
 2660              		.loc 1 1509 5 is_stmt 1 view .LVU931
1509:Drivers/STM32F2xx_HAL_Driver/Src/stm32f2xx_hal_spi.c ****   }
 2661              		.loc 1 1509 17 is_stmt 0 view .LVU932
 2662 005e 1C4B     		ldr	r3, .L199
 2663 0060 CCF84030 		str	r3, [ip, #64]
 2664              	.L188:
1517:Drivers/STM32F2xx_HAL_Driver/Src/stm32f2xx_hal_spi.c ****   {
 2665              		.loc 1 1517 3 is_stmt 1 view .LVU933
ARM GAS  /var/folders/8x/_y6g3dfs0698dfd49y4vcg_w0000gn/T//ccpNuCLH.s 			page 131


1517:Drivers/STM32F2xx_HAL_Driver/Src/stm32f2xx_hal_spi.c ****   {
 2666              		.loc 1 1517 6 is_stmt 0 view .LVU934
 2667 0064 B4F5004F 		cmp	r4, #32768
 2668 0068 20D0     		beq	.L198
 2669              	.LVL145:
 2670              	.L189:
1537:Drivers/STM32F2xx_HAL_Driver/Src/stm32f2xx_hal_spi.c ****   {
 2671              		.loc 1 1537 3 is_stmt 1 view .LVU935
1537:Drivers/STM32F2xx_HAL_Driver/Src/stm32f2xx_hal_spi.c ****   {
 2672              		.loc 1 1537 12 is_stmt 0 view .LVU936
 2673 006a DCF80030 		ldr	r3, [ip]
1537:Drivers/STM32F2xx_HAL_Driver/Src/stm32f2xx_hal_spi.c ****   {
 2674              		.loc 1 1537 22 view .LVU937
 2675 006e 1A68     		ldr	r2, [r3]
1537:Drivers/STM32F2xx_HAL_Driver/Src/stm32f2xx_hal_spi.c ****   {
 2676              		.loc 1 1537 6 view .LVU938
 2677 0070 12F0400F 		tst	r2, #64
 2678 0074 03D1     		bne	.L190
1540:Drivers/STM32F2xx_HAL_Driver/Src/stm32f2xx_hal_spi.c ****   }
 2679              		.loc 1 1540 5 is_stmt 1 view .LVU939
 2680 0076 1A68     		ldr	r2, [r3]
 2681 0078 42F04002 		orr	r2, r2, #64
 2682 007c 1A60     		str	r2, [r3]
 2683              	.L190:
1544:Drivers/STM32F2xx_HAL_Driver/Src/stm32f2xx_hal_spi.c ****   /* Enable RXNE and ERR interrupt */
 2684              		.loc 1 1544 3 view .LVU940
1544:Drivers/STM32F2xx_HAL_Driver/Src/stm32f2xx_hal_spi.c ****   /* Enable RXNE and ERR interrupt */
 2685              		.loc 1 1544 3 view .LVU941
 2686 007e 0020     		movs	r0, #0
 2687 0080 8CF85000 		strb	r0, [ip, #80]
1544:Drivers/STM32F2xx_HAL_Driver/Src/stm32f2xx_hal_spi.c ****   /* Enable RXNE and ERR interrupt */
 2688              		.loc 1 1544 3 view .LVU942
1546:Drivers/STM32F2xx_HAL_Driver/Src/stm32f2xx_hal_spi.c **** 
 2689              		.loc 1 1546 3 view .LVU943
 2690 0084 DCF80020 		ldr	r2, [ip]
 2691 0088 5368     		ldr	r3, [r2, #4]
 2692 008a 43F06003 		orr	r3, r3, #96
 2693 008e 5360     		str	r3, [r2, #4]
1548:Drivers/STM32F2xx_HAL_Driver/Src/stm32f2xx_hal_spi.c **** }
 2694              		.loc 1 1548 3 view .LVU944
 2695              	.LVL146:
 2696              	.L185:
1549:Drivers/STM32F2xx_HAL_Driver/Src/stm32f2xx_hal_spi.c **** 
 2697              		.loc 1 1549 1 is_stmt 0 view .LVU945
 2698 0090 10BD     		pop	{r4, pc}
 2699              	.LVL147:
 2700              	.L197:
1479:Drivers/STM32F2xx_HAL_Driver/Src/stm32f2xx_hal_spi.c ****     /* Call transmit-receive function to send Dummy data on Tx line and generate clock on CLK line 
 2701              		.loc 1 1479 5 is_stmt 1 view .LVU946
1479:Drivers/STM32F2xx_HAL_Driver/Src/stm32f2xx_hal_spi.c ****     /* Call transmit-receive function to send Dummy data on Tx line and generate clock on CLK line 
 2702              		.loc 1 1479 17 is_stmt 0 view .LVU947
 2703 0092 0423     		movs	r3, #4
 2704 0094 8CF85130 		strb	r3, [ip, #81]
1481:Drivers/STM32F2xx_HAL_Driver/Src/stm32f2xx_hal_spi.c ****   }
 2705              		.loc 1 1481 5 is_stmt 1 view .LVU948
1481:Drivers/STM32F2xx_HAL_Driver/Src/stm32f2xx_hal_spi.c ****   }
 2706              		.loc 1 1481 12 is_stmt 0 view .LVU949
ARM GAS  /var/folders/8x/_y6g3dfs0698dfd49y4vcg_w0000gn/T//ccpNuCLH.s 			page 132


 2707 0098 1346     		mov	r3, r2
 2708 009a 0A46     		mov	r2, r1
 2709              	.LVL148:
1481:Drivers/STM32F2xx_HAL_Driver/Src/stm32f2xx_hal_spi.c ****   }
 2710              		.loc 1 1481 12 view .LVU950
 2711 009c 6046     		mov	r0, ip
 2712 009e FFF7FEFF 		bl	HAL_SPI_TransmitReceive_IT
 2713              	.LVL149:
1481:Drivers/STM32F2xx_HAL_Driver/Src/stm32f2xx_hal_spi.c ****   }
 2714              		.loc 1 1481 12 view .LVU951
 2715 00a2 F5E7     		b	.L185
 2716              	.LVL150:
 2717              	.L187:
1513:Drivers/STM32F2xx_HAL_Driver/Src/stm32f2xx_hal_spi.c ****   }
 2718              		.loc 1 1513 5 is_stmt 1 view .LVU952
1513:Drivers/STM32F2xx_HAL_Driver/Src/stm32f2xx_hal_spi.c ****   }
 2719              		.loc 1 1513 17 is_stmt 0 view .LVU953
 2720 00a4 0B4B     		ldr	r3, .L199+4
 2721 00a6 CCF84030 		str	r3, [ip, #64]
 2722 00aa DBE7     		b	.L188
 2723              	.L198:
1520:Drivers/STM32F2xx_HAL_Driver/Src/stm32f2xx_hal_spi.c ****     SPI_1LINE_RX(hspi);
 2724              		.loc 1 1520 5 is_stmt 1 view .LVU954
 2725 00ac DCF80020 		ldr	r2, [ip]
 2726              	.LVL151:
1520:Drivers/STM32F2xx_HAL_Driver/Src/stm32f2xx_hal_spi.c ****     SPI_1LINE_RX(hspi);
 2727              		.loc 1 1520 5 is_stmt 0 view .LVU955
 2728 00b0 1368     		ldr	r3, [r2]
 2729 00b2 23F04003 		bic	r3, r3, #64
 2730 00b6 1360     		str	r3, [r2]
 2731              	.LVL152:
1521:Drivers/STM32F2xx_HAL_Driver/Src/stm32f2xx_hal_spi.c ****   }
 2732              		.loc 1 1521 5 is_stmt 1 view .LVU956
 2733 00b8 DCF80020 		ldr	r2, [ip]
 2734 00bc 1368     		ldr	r3, [r2]
 2735 00be 23F48043 		bic	r3, r3, #16384
 2736 00c2 1360     		str	r3, [r2]
 2737 00c4 D1E7     		b	.L189
 2738              	.LVL153:
 2739              	.L191:
 2740              	.LCFI38:
 2741              		.cfi_def_cfa_offset 0
 2742              		.cfi_restore 4
 2743              		.cfi_restore 14
1474:Drivers/STM32F2xx_HAL_Driver/Src/stm32f2xx_hal_spi.c ****   }
 2744              		.loc 1 1474 12 is_stmt 0 view .LVU957
 2745 00c6 0220     		movs	r0, #2
1549:Drivers/STM32F2xx_HAL_Driver/Src/stm32f2xx_hal_spi.c **** 
 2746              		.loc 1 1549 1 view .LVU958
 2747 00c8 7047     		bx	lr
 2748              	.L192:
 2749              	.LCFI39:
 2750              		.cfi_def_cfa_offset 8
 2751              		.cfi_offset 4, -8
 2752              		.cfi_offset 14, -4
1491:Drivers/STM32F2xx_HAL_Driver/Src/stm32f2xx_hal_spi.c **** 
 2753              		.loc 1 1491 3 discriminator 1 view .LVU959
ARM GAS  /var/folders/8x/_y6g3dfs0698dfd49y4vcg_w0000gn/T//ccpNuCLH.s 			page 133


 2754 00ca 0220     		movs	r0, #2
 2755 00cc E0E7     		b	.L185
 2756              	.L200:
 2757 00ce 00BF     		.align	2
 2758              	.L199:
 2759 00d0 00000000 		.word	SPI_RxISR_16BIT
 2760 00d4 00000000 		.word	SPI_RxISR_8BIT
 2761              		.cfi_endproc
 2762              	.LFE80:
 2764              		.section	.text.HAL_SPI_Transmit_DMA,"ax",%progbits
 2765              		.align	1
 2766              		.global	HAL_SPI_Transmit_DMA
 2767              		.syntax unified
 2768              		.thumb
 2769              		.thumb_func
 2771              	HAL_SPI_Transmit_DMA:
 2772              	.LVL154:
 2773              	.LFB82:
1648:Drivers/STM32F2xx_HAL_Driver/Src/stm32f2xx_hal_spi.c **** 
 2774              		.loc 1 1648 1 is_stmt 1 view -0
 2775              		.cfi_startproc
 2776              		@ args = 0, pretend = 0, frame = 0
 2777              		@ frame_needed = 0, uses_anonymous_args = 0
1648:Drivers/STM32F2xx_HAL_Driver/Src/stm32f2xx_hal_spi.c **** 
 2778              		.loc 1 1648 1 is_stmt 0 view .LVU961
 2779 0000 38B5     		push	{r3, r4, r5, lr}
 2780              	.LCFI40:
 2781              		.cfi_def_cfa_offset 16
 2782              		.cfi_offset 3, -16
 2783              		.cfi_offset 4, -12
 2784              		.cfi_offset 5, -8
 2785              		.cfi_offset 14, -4
1651:Drivers/STM32F2xx_HAL_Driver/Src/stm32f2xx_hal_spi.c **** 
 2786              		.loc 1 1651 3 is_stmt 1 view .LVU962
1654:Drivers/STM32F2xx_HAL_Driver/Src/stm32f2xx_hal_spi.c **** 
 2787              		.loc 1 1654 3 view .LVU963
1656:Drivers/STM32F2xx_HAL_Driver/Src/stm32f2xx_hal_spi.c ****   {
 2788              		.loc 1 1656 3 view .LVU964
1656:Drivers/STM32F2xx_HAL_Driver/Src/stm32f2xx_hal_spi.c ****   {
 2789              		.loc 1 1656 11 is_stmt 0 view .LVU965
 2790 0002 90F85150 		ldrb	r5, [r0, #81]	@ zero_extendqisi2
 2791 0006 EDB2     		uxtb	r5, r5
1656:Drivers/STM32F2xx_HAL_Driver/Src/stm32f2xx_hal_spi.c ****   {
 2792              		.loc 1 1656 6 view .LVU966
 2793 0008 012D     		cmp	r5, #1
 2794 000a 5DD1     		bne	.L206
 2795 000c 0446     		mov	r4, r0
1661:Drivers/STM32F2xx_HAL_Driver/Src/stm32f2xx_hal_spi.c ****   {
 2796              		.loc 1 1661 3 is_stmt 1 view .LVU967
1661:Drivers/STM32F2xx_HAL_Driver/Src/stm32f2xx_hal_spi.c ****   {
 2797              		.loc 1 1661 6 is_stmt 0 view .LVU968
 2798 000e 0029     		cmp	r1, #0
 2799 0010 5BD0     		beq	.L202
1661:Drivers/STM32F2xx_HAL_Driver/Src/stm32f2xx_hal_spi.c ****   {
 2800              		.loc 1 1661 23 discriminator 1 view .LVU969
 2801 0012 002A     		cmp	r2, #0
 2802 0014 59D0     		beq	.L202
ARM GAS  /var/folders/8x/_y6g3dfs0698dfd49y4vcg_w0000gn/T//ccpNuCLH.s 			page 134


1667:Drivers/STM32F2xx_HAL_Driver/Src/stm32f2xx_hal_spi.c **** 
 2803              		.loc 1 1667 3 is_stmt 1 view .LVU970
1667:Drivers/STM32F2xx_HAL_Driver/Src/stm32f2xx_hal_spi.c **** 
 2804              		.loc 1 1667 3 view .LVU971
 2805 0016 90F85030 		ldrb	r3, [r0, #80]	@ zero_extendqisi2
 2806 001a 012B     		cmp	r3, #1
 2807 001c 57D0     		beq	.L207
1667:Drivers/STM32F2xx_HAL_Driver/Src/stm32f2xx_hal_spi.c **** 
 2808              		.loc 1 1667 3 discriminator 2 view .LVU972
 2809 001e 0123     		movs	r3, #1
 2810 0020 80F85030 		strb	r3, [r0, #80]
1667:Drivers/STM32F2xx_HAL_Driver/Src/stm32f2xx_hal_spi.c **** 
 2811              		.loc 1 1667 3 discriminator 2 view .LVU973
1670:Drivers/STM32F2xx_HAL_Driver/Src/stm32f2xx_hal_spi.c ****   hspi->ErrorCode   = HAL_SPI_ERROR_NONE;
 2812              		.loc 1 1670 3 view .LVU974
1670:Drivers/STM32F2xx_HAL_Driver/Src/stm32f2xx_hal_spi.c ****   hspi->ErrorCode   = HAL_SPI_ERROR_NONE;
 2813              		.loc 1 1670 21 is_stmt 0 view .LVU975
 2814 0024 0323     		movs	r3, #3
 2815 0026 80F85130 		strb	r3, [r0, #81]
1671:Drivers/STM32F2xx_HAL_Driver/Src/stm32f2xx_hal_spi.c ****   hspi->pTxBuffPtr  = (const uint8_t *)pData;
 2816              		.loc 1 1671 3 is_stmt 1 view .LVU976
1671:Drivers/STM32F2xx_HAL_Driver/Src/stm32f2xx_hal_spi.c ****   hspi->pTxBuffPtr  = (const uint8_t *)pData;
 2817              		.loc 1 1671 21 is_stmt 0 view .LVU977
 2818 002a 0023     		movs	r3, #0
 2819 002c 4365     		str	r3, [r0, #84]
1672:Drivers/STM32F2xx_HAL_Driver/Src/stm32f2xx_hal_spi.c ****   hspi->TxXferSize  = Size;
 2820              		.loc 1 1672 3 is_stmt 1 view .LVU978
1672:Drivers/STM32F2xx_HAL_Driver/Src/stm32f2xx_hal_spi.c ****   hspi->TxXferSize  = Size;
 2821              		.loc 1 1672 21 is_stmt 0 view .LVU979
 2822 002e 0163     		str	r1, [r0, #48]
1673:Drivers/STM32F2xx_HAL_Driver/Src/stm32f2xx_hal_spi.c ****   hspi->TxXferCount = Size;
 2823              		.loc 1 1673 3 is_stmt 1 view .LVU980
1673:Drivers/STM32F2xx_HAL_Driver/Src/stm32f2xx_hal_spi.c ****   hspi->TxXferCount = Size;
 2824              		.loc 1 1673 21 is_stmt 0 view .LVU981
 2825 0030 8286     		strh	r2, [r0, #52]	@ movhi
1674:Drivers/STM32F2xx_HAL_Driver/Src/stm32f2xx_hal_spi.c **** 
 2826              		.loc 1 1674 3 is_stmt 1 view .LVU982
1674:Drivers/STM32F2xx_HAL_Driver/Src/stm32f2xx_hal_spi.c **** 
 2827              		.loc 1 1674 21 is_stmt 0 view .LVU983
 2828 0032 C286     		strh	r2, [r0, #54]	@ movhi
1677:Drivers/STM32F2xx_HAL_Driver/Src/stm32f2xx_hal_spi.c ****   hspi->TxISR       = NULL;
 2829              		.loc 1 1677 3 is_stmt 1 view .LVU984
1677:Drivers/STM32F2xx_HAL_Driver/Src/stm32f2xx_hal_spi.c ****   hspi->TxISR       = NULL;
 2830              		.loc 1 1677 21 is_stmt 0 view .LVU985
 2831 0034 8363     		str	r3, [r0, #56]
1678:Drivers/STM32F2xx_HAL_Driver/Src/stm32f2xx_hal_spi.c ****   hspi->RxISR       = NULL;
 2832              		.loc 1 1678 3 is_stmt 1 view .LVU986
1678:Drivers/STM32F2xx_HAL_Driver/Src/stm32f2xx_hal_spi.c ****   hspi->RxISR       = NULL;
 2833              		.loc 1 1678 21 is_stmt 0 view .LVU987
 2834 0036 4364     		str	r3, [r0, #68]
1679:Drivers/STM32F2xx_HAL_Driver/Src/stm32f2xx_hal_spi.c ****   hspi->RxXferSize  = 0U;
 2835              		.loc 1 1679 3 is_stmt 1 view .LVU988
1679:Drivers/STM32F2xx_HAL_Driver/Src/stm32f2xx_hal_spi.c ****   hspi->RxXferSize  = 0U;
 2836              		.loc 1 1679 21 is_stmt 0 view .LVU989
 2837 0038 0364     		str	r3, [r0, #64]
1680:Drivers/STM32F2xx_HAL_Driver/Src/stm32f2xx_hal_spi.c ****   hspi->RxXferCount = 0U;
 2838              		.loc 1 1680 3 is_stmt 1 view .LVU990
ARM GAS  /var/folders/8x/_y6g3dfs0698dfd49y4vcg_w0000gn/T//ccpNuCLH.s 			page 135


1680:Drivers/STM32F2xx_HAL_Driver/Src/stm32f2xx_hal_spi.c ****   hspi->RxXferCount = 0U;
 2839              		.loc 1 1680 21 is_stmt 0 view .LVU991
 2840 003a 8387     		strh	r3, [r0, #60]	@ movhi
1681:Drivers/STM32F2xx_HAL_Driver/Src/stm32f2xx_hal_spi.c **** 
 2841              		.loc 1 1681 3 is_stmt 1 view .LVU992
1681:Drivers/STM32F2xx_HAL_Driver/Src/stm32f2xx_hal_spi.c **** 
 2842              		.loc 1 1681 21 is_stmt 0 view .LVU993
 2843 003c C387     		strh	r3, [r0, #62]	@ movhi
1684:Drivers/STM32F2xx_HAL_Driver/Src/stm32f2xx_hal_spi.c ****   {
 2844              		.loc 1 1684 3 is_stmt 1 view .LVU994
1684:Drivers/STM32F2xx_HAL_Driver/Src/stm32f2xx_hal_spi.c ****   {
 2845              		.loc 1 1684 17 is_stmt 0 view .LVU995
 2846 003e 8368     		ldr	r3, [r0, #8]
1684:Drivers/STM32F2xx_HAL_Driver/Src/stm32f2xx_hal_spi.c ****   {
 2847              		.loc 1 1684 6 view .LVU996
 2848 0040 B3F5004F 		cmp	r3, #32768
 2849 0044 2DD0     		beq	.L209
 2850              	.LVL155:
 2851              	.L203:
1700:Drivers/STM32F2xx_HAL_Driver/Src/stm32f2xx_hal_spi.c **** 
 2852              		.loc 1 1700 3 is_stmt 1 view .LVU997
1700:Drivers/STM32F2xx_HAL_Driver/Src/stm32f2xx_hal_spi.c **** 
 2853              		.loc 1 1700 7 is_stmt 0 view .LVU998
 2854 0046 A36C     		ldr	r3, [r4, #72]
1700:Drivers/STM32F2xx_HAL_Driver/Src/stm32f2xx_hal_spi.c **** 
 2855              		.loc 1 1700 38 view .LVU999
 2856 0048 224A     		ldr	r2, .L211
 2857 004a 1A64     		str	r2, [r3, #64]
1703:Drivers/STM32F2xx_HAL_Driver/Src/stm32f2xx_hal_spi.c **** 
 2858              		.loc 1 1703 3 is_stmt 1 view .LVU1000
1703:Drivers/STM32F2xx_HAL_Driver/Src/stm32f2xx_hal_spi.c **** 
 2859              		.loc 1 1703 7 is_stmt 0 view .LVU1001
 2860 004c A36C     		ldr	r3, [r4, #72]
1703:Drivers/STM32F2xx_HAL_Driver/Src/stm32f2xx_hal_spi.c **** 
 2861              		.loc 1 1703 34 view .LVU1002
 2862 004e 224A     		ldr	r2, .L211+4
 2863 0050 DA63     		str	r2, [r3, #60]
1706:Drivers/STM32F2xx_HAL_Driver/Src/stm32f2xx_hal_spi.c **** 
 2864              		.loc 1 1706 3 is_stmt 1 view .LVU1003
1706:Drivers/STM32F2xx_HAL_Driver/Src/stm32f2xx_hal_spi.c **** 
 2865              		.loc 1 1706 7 is_stmt 0 view .LVU1004
 2866 0052 A36C     		ldr	r3, [r4, #72]
1706:Drivers/STM32F2xx_HAL_Driver/Src/stm32f2xx_hal_spi.c **** 
 2867              		.loc 1 1706 35 view .LVU1005
 2868 0054 214A     		ldr	r2, .L211+8
 2869 0056 DA64     		str	r2, [r3, #76]
1709:Drivers/STM32F2xx_HAL_Driver/Src/stm32f2xx_hal_spi.c **** 
 2870              		.loc 1 1709 3 is_stmt 1 view .LVU1006
1709:Drivers/STM32F2xx_HAL_Driver/Src/stm32f2xx_hal_spi.c **** 
 2871              		.loc 1 1709 7 is_stmt 0 view .LVU1007
 2872 0058 A36C     		ldr	r3, [r4, #72]
1709:Drivers/STM32F2xx_HAL_Driver/Src/stm32f2xx_hal_spi.c **** 
 2873              		.loc 1 1709 35 view .LVU1008
 2874 005a 0022     		movs	r2, #0
 2875 005c 1A65     		str	r2, [r3, #80]
1712:Drivers/STM32F2xx_HAL_Driver/Src/stm32f2xx_hal_spi.c ****                                  hspi->TxXferCount))
 2876              		.loc 1 1712 3 is_stmt 1 view .LVU1009
ARM GAS  /var/folders/8x/_y6g3dfs0698dfd49y4vcg_w0000gn/T//ccpNuCLH.s 			page 136


1712:Drivers/STM32F2xx_HAL_Driver/Src/stm32f2xx_hal_spi.c ****                                  hspi->TxXferCount))
 2877              		.loc 1 1712 91 is_stmt 0 view .LVU1010
 2878 005e 2268     		ldr	r2, [r4]
1713:Drivers/STM32F2xx_HAL_Driver/Src/stm32f2xx_hal_spi.c ****   {
 2879              		.loc 1 1713 38 view .LVU1011
 2880 0060 E38E     		ldrh	r3, [r4, #54]
1712:Drivers/STM32F2xx_HAL_Driver/Src/stm32f2xx_hal_spi.c ****                                  hspi->TxXferCount))
 2881              		.loc 1 1712 17 view .LVU1012
 2882 0062 9BB2     		uxth	r3, r3
 2883 0064 0C32     		adds	r2, r2, #12
 2884 0066 216B     		ldr	r1, [r4, #48]
 2885              	.LVL156:
1712:Drivers/STM32F2xx_HAL_Driver/Src/stm32f2xx_hal_spi.c ****                                  hspi->TxXferCount))
 2886              		.loc 1 1712 17 view .LVU1013
 2887 0068 A06C     		ldr	r0, [r4, #72]
 2888              	.LVL157:
1712:Drivers/STM32F2xx_HAL_Driver/Src/stm32f2xx_hal_spi.c ****                                  hspi->TxXferCount))
 2889              		.loc 1 1712 17 view .LVU1014
 2890 006a FFF7FEFF 		bl	HAL_DMA_Start_IT
 2891              	.LVL158:
1712:Drivers/STM32F2xx_HAL_Driver/Src/stm32f2xx_hal_spi.c ****                                  hspi->TxXferCount))
 2892              		.loc 1 1712 6 discriminator 1 view .LVU1015
 2893 006e 0146     		mov	r1, r0
 2894 0070 10BB     		cbnz	r0, .L210
1723:Drivers/STM32F2xx_HAL_Driver/Src/stm32f2xx_hal_spi.c ****   {
 2895              		.loc 1 1723 3 is_stmt 1 view .LVU1016
1723:Drivers/STM32F2xx_HAL_Driver/Src/stm32f2xx_hal_spi.c ****   {
 2896              		.loc 1 1723 12 is_stmt 0 view .LVU1017
 2897 0072 2368     		ldr	r3, [r4]
1723:Drivers/STM32F2xx_HAL_Driver/Src/stm32f2xx_hal_spi.c ****   {
 2898              		.loc 1 1723 22 view .LVU1018
 2899 0074 1A68     		ldr	r2, [r3]
1723:Drivers/STM32F2xx_HAL_Driver/Src/stm32f2xx_hal_spi.c ****   {
 2900              		.loc 1 1723 6 view .LVU1019
 2901 0076 12F0400F 		tst	r2, #64
 2902 007a 03D1     		bne	.L205
1726:Drivers/STM32F2xx_HAL_Driver/Src/stm32f2xx_hal_spi.c ****   }
 2903              		.loc 1 1726 5 is_stmt 1 view .LVU1020
 2904 007c 1A68     		ldr	r2, [r3]
 2905 007e 42F04002 		orr	r2, r2, #64
 2906 0082 1A60     		str	r2, [r3]
 2907              	.L205:
1730:Drivers/STM32F2xx_HAL_Driver/Src/stm32f2xx_hal_spi.c **** 
 2908              		.loc 1 1730 3 view .LVU1021
1730:Drivers/STM32F2xx_HAL_Driver/Src/stm32f2xx_hal_spi.c **** 
 2909              		.loc 1 1730 3 view .LVU1022
 2910 0084 0023     		movs	r3, #0
 2911 0086 84F85030 		strb	r3, [r4, #80]
1730:Drivers/STM32F2xx_HAL_Driver/Src/stm32f2xx_hal_spi.c **** 
 2912              		.loc 1 1730 3 view .LVU1023
1733:Drivers/STM32F2xx_HAL_Driver/Src/stm32f2xx_hal_spi.c **** 
 2913              		.loc 1 1733 3 view .LVU1024
 2914 008a 2268     		ldr	r2, [r4]
 2915 008c 5368     		ldr	r3, [r2, #4]
 2916 008e 43F02003 		orr	r3, r3, #32
 2917 0092 5360     		str	r3, [r2, #4]
1736:Drivers/STM32F2xx_HAL_Driver/Src/stm32f2xx_hal_spi.c **** 
ARM GAS  /var/folders/8x/_y6g3dfs0698dfd49y4vcg_w0000gn/T//ccpNuCLH.s 			page 137


 2918              		.loc 1 1736 3 view .LVU1025
 2919 0094 2268     		ldr	r2, [r4]
 2920 0096 5368     		ldr	r3, [r2, #4]
 2921 0098 43F00203 		orr	r3, r3, #2
 2922 009c 5360     		str	r3, [r2, #4]
1738:Drivers/STM32F2xx_HAL_Driver/Src/stm32f2xx_hal_spi.c **** }
 2923              		.loc 1 1738 3 view .LVU1026
1738:Drivers/STM32F2xx_HAL_Driver/Src/stm32f2xx_hal_spi.c **** }
 2924              		.loc 1 1738 10 is_stmt 0 view .LVU1027
 2925 009e 0D46     		mov	r5, r1
 2926 00a0 13E0     		b	.L202
 2927              	.LVL159:
 2928              	.L209:
1687:Drivers/STM32F2xx_HAL_Driver/Src/stm32f2xx_hal_spi.c ****     SPI_1LINE_TX(hspi);
 2929              		.loc 1 1687 5 is_stmt 1 view .LVU1028
 2930 00a2 0268     		ldr	r2, [r0]
 2931              	.LVL160:
1687:Drivers/STM32F2xx_HAL_Driver/Src/stm32f2xx_hal_spi.c ****     SPI_1LINE_TX(hspi);
 2932              		.loc 1 1687 5 is_stmt 0 view .LVU1029
 2933 00a4 1368     		ldr	r3, [r2]
 2934 00a6 23F04003 		bic	r3, r3, #64
 2935 00aa 1360     		str	r3, [r2]
 2936              	.LVL161:
1688:Drivers/STM32F2xx_HAL_Driver/Src/stm32f2xx_hal_spi.c ****   }
 2937              		.loc 1 1688 5 is_stmt 1 view .LVU1030
 2938 00ac 0268     		ldr	r2, [r0]
 2939 00ae 1368     		ldr	r3, [r2]
 2940 00b0 43F48043 		orr	r3, r3, #16384
 2941 00b4 1360     		str	r3, [r2]
 2942 00b6 C6E7     		b	.L203
 2943              	.LVL162:
 2944              	.L210:
1716:Drivers/STM32F2xx_HAL_Driver/Src/stm32f2xx_hal_spi.c ****     /* Process Unlocked */
 2945              		.loc 1 1716 5 view .LVU1031
 2946 00b8 636D     		ldr	r3, [r4, #84]
 2947 00ba 43F01003 		orr	r3, r3, #16
 2948 00be 6365     		str	r3, [r4, #84]
1718:Drivers/STM32F2xx_HAL_Driver/Src/stm32f2xx_hal_spi.c ****     return HAL_ERROR;
 2949              		.loc 1 1718 5 view .LVU1032
1718:Drivers/STM32F2xx_HAL_Driver/Src/stm32f2xx_hal_spi.c ****     return HAL_ERROR;
 2950              		.loc 1 1718 5 view .LVU1033
 2951 00c0 0023     		movs	r3, #0
 2952 00c2 84F85030 		strb	r3, [r4, #80]
1718:Drivers/STM32F2xx_HAL_Driver/Src/stm32f2xx_hal_spi.c ****     return HAL_ERROR;
 2953              		.loc 1 1718 5 view .LVU1034
1719:Drivers/STM32F2xx_HAL_Driver/Src/stm32f2xx_hal_spi.c ****   }
 2954              		.loc 1 1719 5 view .LVU1035
1719:Drivers/STM32F2xx_HAL_Driver/Src/stm32f2xx_hal_spi.c ****   }
 2955              		.loc 1 1719 12 is_stmt 0 view .LVU1036
 2956 00c6 00E0     		b	.L202
 2957              	.LVL163:
 2958              	.L206:
1658:Drivers/STM32F2xx_HAL_Driver/Src/stm32f2xx_hal_spi.c ****   }
 2959              		.loc 1 1658 12 view .LVU1037
 2960 00c8 0225     		movs	r5, #2
 2961              	.LVL164:
 2962              	.L202:
ARM GAS  /var/folders/8x/_y6g3dfs0698dfd49y4vcg_w0000gn/T//ccpNuCLH.s 			page 138


1739:Drivers/STM32F2xx_HAL_Driver/Src/stm32f2xx_hal_spi.c **** 
 2963              		.loc 1 1739 1 view .LVU1038
 2964 00ca 2846     		mov	r0, r5
 2965 00cc 38BD     		pop	{r3, r4, r5, pc}
 2966              	.LVL165:
 2967              	.L207:
1667:Drivers/STM32F2xx_HAL_Driver/Src/stm32f2xx_hal_spi.c **** 
 2968              		.loc 1 1667 3 discriminator 1 view .LVU1039
 2969 00ce 0225     		movs	r5, #2
 2970 00d0 FBE7     		b	.L202
 2971              	.L212:
 2972 00d2 00BF     		.align	2
 2973              	.L211:
 2974 00d4 00000000 		.word	SPI_DMAHalfTransmitCplt
 2975 00d8 00000000 		.word	SPI_DMATransmitCplt
 2976 00dc 00000000 		.word	SPI_DMAError
 2977              		.cfi_endproc
 2978              	.LFE82:
 2980              		.section	.text.HAL_SPI_TransmitReceive_DMA,"ax",%progbits
 2981              		.align	1
 2982              		.global	HAL_SPI_TransmitReceive_DMA
 2983              		.syntax unified
 2984              		.thumb
 2985              		.thumb_func
 2987              	HAL_SPI_TransmitReceive_DMA:
 2988              	.LVL166:
 2989              	.LFB84:
1863:Drivers/STM32F2xx_HAL_Driver/Src/stm32f2xx_hal_spi.c ****   uint32_t             tmp_mode;
 2990              		.loc 1 1863 1 is_stmt 1 view -0
 2991              		.cfi_startproc
 2992              		@ args = 0, pretend = 0, frame = 0
 2993              		@ frame_needed = 0, uses_anonymous_args = 0
1863:Drivers/STM32F2xx_HAL_Driver/Src/stm32f2xx_hal_spi.c ****   uint32_t             tmp_mode;
 2994              		.loc 1 1863 1 is_stmt 0 view .LVU1041
 2995 0000 38B5     		push	{r3, r4, r5, lr}
 2996              	.LCFI41:
 2997              		.cfi_def_cfa_offset 16
 2998              		.cfi_offset 3, -16
 2999              		.cfi_offset 4, -12
 3000              		.cfi_offset 5, -8
 3001              		.cfi_offset 14, -4
 3002 0002 0446     		mov	r4, r0
1864:Drivers/STM32F2xx_HAL_Driver/Src/stm32f2xx_hal_spi.c ****   HAL_SPI_StateTypeDef tmp_state;
 3003              		.loc 1 1864 3 is_stmt 1 view .LVU1042
1865:Drivers/STM32F2xx_HAL_Driver/Src/stm32f2xx_hal_spi.c **** 
 3004              		.loc 1 1865 3 view .LVU1043
1868:Drivers/STM32F2xx_HAL_Driver/Src/stm32f2xx_hal_spi.c ****   assert_param(IS_SPI_DMA_HANDLE(hspi->hdmatx));
 3005              		.loc 1 1868 3 view .LVU1044
1869:Drivers/STM32F2xx_HAL_Driver/Src/stm32f2xx_hal_spi.c **** 
 3006              		.loc 1 1869 3 view .LVU1045
1872:Drivers/STM32F2xx_HAL_Driver/Src/stm32f2xx_hal_spi.c **** 
 3007              		.loc 1 1872 3 view .LVU1046
1875:Drivers/STM32F2xx_HAL_Driver/Src/stm32f2xx_hal_spi.c ****   tmp_mode            = hspi->Init.Mode;
 3008              		.loc 1 1875 3 view .LVU1047
1875:Drivers/STM32F2xx_HAL_Driver/Src/stm32f2xx_hal_spi.c ****   tmp_mode            = hspi->Init.Mode;
 3009              		.loc 1 1875 23 is_stmt 0 view .LVU1048
 3010 0004 90F85100 		ldrb	r0, [r0, #81]	@ zero_extendqisi2
ARM GAS  /var/folders/8x/_y6g3dfs0698dfd49y4vcg_w0000gn/T//ccpNuCLH.s 			page 139


 3011              	.LVL167:
1875:Drivers/STM32F2xx_HAL_Driver/Src/stm32f2xx_hal_spi.c ****   tmp_mode            = hspi->Init.Mode;
 3012              		.loc 1 1875 23 view .LVU1049
 3013 0008 C0B2     		uxtb	r0, r0
 3014              	.LVL168:
1876:Drivers/STM32F2xx_HAL_Driver/Src/stm32f2xx_hal_spi.c **** 
 3015              		.loc 1 1876 3 is_stmt 1 view .LVU1050
1876:Drivers/STM32F2xx_HAL_Driver/Src/stm32f2xx_hal_spi.c **** 
 3016              		.loc 1 1876 23 is_stmt 0 view .LVU1051
 3017 000a 6568     		ldr	r5, [r4, #4]
 3018              	.LVL169:
1878:Drivers/STM32F2xx_HAL_Driver/Src/stm32f2xx_hal_spi.c ****         ((tmp_mode == SPI_MODE_MASTER) && (hspi->Init.Direction == SPI_DIRECTION_2LINES) &&
 3019              		.loc 1 1878 3 is_stmt 1 view .LVU1052
1878:Drivers/STM32F2xx_HAL_Driver/Src/stm32f2xx_hal_spi.c ****         ((tmp_mode == SPI_MODE_MASTER) && (hspi->Init.Direction == SPI_DIRECTION_2LINES) &&
 3020              		.loc 1 1878 6 is_stmt 0 view .LVU1053
 3021 000c 0128     		cmp	r0, #1
 3022 000e 0AD0     		beq	.L214
1878:Drivers/STM32F2xx_HAL_Driver/Src/stm32f2xx_hal_spi.c ****         ((tmp_mode == SPI_MODE_MASTER) && (hspi->Init.Direction == SPI_DIRECTION_2LINES) &&
 3023              		.loc 1 1878 7 discriminator 1 view .LVU1054
 3024 0010 B5F5827F 		cmp	r5, #260
 3025 0014 40F08B80 		bne	.L222
1879:Drivers/STM32F2xx_HAL_Driver/Src/stm32f2xx_hal_spi.c ****          (tmp_state == HAL_SPI_STATE_BUSY_RX))))
 3026              		.loc 1 1879 54 view .LVU1055
 3027 0018 A568     		ldr	r5, [r4, #8]
 3028              	.LVL170:
1879:Drivers/STM32F2xx_HAL_Driver/Src/stm32f2xx_hal_spi.c ****          (tmp_state == HAL_SPI_STATE_BUSY_RX))))
 3029              		.loc 1 1879 40 view .LVU1056
 3030 001a 002D     		cmp	r5, #0
 3031 001c 40F08980 		bne	.L223
1879:Drivers/STM32F2xx_HAL_Driver/Src/stm32f2xx_hal_spi.c ****          (tmp_state == HAL_SPI_STATE_BUSY_RX))))
 3032              		.loc 1 1879 90 discriminator 1 view .LVU1057
 3033 0020 0428     		cmp	r0, #4
 3034 0022 40F08880 		bne	.L224
 3035              	.L214:
1885:Drivers/STM32F2xx_HAL_Driver/Src/stm32f2xx_hal_spi.c ****   {
 3036              		.loc 1 1885 3 is_stmt 1 view .LVU1058
1885:Drivers/STM32F2xx_HAL_Driver/Src/stm32f2xx_hal_spi.c ****   {
 3037              		.loc 1 1885 6 is_stmt 0 view .LVU1059
 3038 0026 0029     		cmp	r1, #0
 3039 0028 00F08780 		beq	.L225
1885:Drivers/STM32F2xx_HAL_Driver/Src/stm32f2xx_hal_spi.c ****   {
 3040              		.loc 1 1885 25 discriminator 1 view .LVU1060
 3041 002c 002A     		cmp	r2, #0
 3042 002e 00F08680 		beq	.L226
1885:Drivers/STM32F2xx_HAL_Driver/Src/stm32f2xx_hal_spi.c ****   {
 3043              		.loc 1 1885 46 discriminator 2 view .LVU1061
 3044 0032 002B     		cmp	r3, #0
 3045 0034 00F08580 		beq	.L227
1891:Drivers/STM32F2xx_HAL_Driver/Src/stm32f2xx_hal_spi.c **** 
 3046              		.loc 1 1891 3 is_stmt 1 view .LVU1062
1891:Drivers/STM32F2xx_HAL_Driver/Src/stm32f2xx_hal_spi.c **** 
 3047              		.loc 1 1891 3 view .LVU1063
 3048 0038 94F85000 		ldrb	r0, [r4, #80]	@ zero_extendqisi2
 3049              	.LVL171:
1891:Drivers/STM32F2xx_HAL_Driver/Src/stm32f2xx_hal_spi.c **** 
 3050              		.loc 1 1891 3 is_stmt 0 view .LVU1064
 3051 003c 0128     		cmp	r0, #1
ARM GAS  /var/folders/8x/_y6g3dfs0698dfd49y4vcg_w0000gn/T//ccpNuCLH.s 			page 140


 3052 003e 00F08280 		beq	.L228
1891:Drivers/STM32F2xx_HAL_Driver/Src/stm32f2xx_hal_spi.c **** 
 3053              		.loc 1 1891 3 is_stmt 1 discriminator 2 view .LVU1065
 3054 0042 0120     		movs	r0, #1
 3055 0044 84F85000 		strb	r0, [r4, #80]
1891:Drivers/STM32F2xx_HAL_Driver/Src/stm32f2xx_hal_spi.c **** 
 3056              		.loc 1 1891 3 discriminator 2 view .LVU1066
1894:Drivers/STM32F2xx_HAL_Driver/Src/stm32f2xx_hal_spi.c ****   {
 3057              		.loc 1 1894 3 view .LVU1067
1894:Drivers/STM32F2xx_HAL_Driver/Src/stm32f2xx_hal_spi.c ****   {
 3058              		.loc 1 1894 11 is_stmt 0 view .LVU1068
 3059 0048 94F85100 		ldrb	r0, [r4, #81]	@ zero_extendqisi2
 3060 004c C0B2     		uxtb	r0, r0
1894:Drivers/STM32F2xx_HAL_Driver/Src/stm32f2xx_hal_spi.c ****   {
 3061              		.loc 1 1894 6 view .LVU1069
 3062 004e 0428     		cmp	r0, #4
 3063 0050 02D0     		beq	.L216
1896:Drivers/STM32F2xx_HAL_Driver/Src/stm32f2xx_hal_spi.c ****   }
 3064              		.loc 1 1896 5 is_stmt 1 view .LVU1070
1896:Drivers/STM32F2xx_HAL_Driver/Src/stm32f2xx_hal_spi.c ****   }
 3065              		.loc 1 1896 17 is_stmt 0 view .LVU1071
 3066 0052 0520     		movs	r0, #5
 3067 0054 84F85100 		strb	r0, [r4, #81]
 3068              	.L216:
1900:Drivers/STM32F2xx_HAL_Driver/Src/stm32f2xx_hal_spi.c ****   hspi->pTxBuffPtr  = (const uint8_t *)pTxData;
 3069              		.loc 1 1900 3 is_stmt 1 view .LVU1072
1900:Drivers/STM32F2xx_HAL_Driver/Src/stm32f2xx_hal_spi.c ****   hspi->pTxBuffPtr  = (const uint8_t *)pTxData;
 3070              		.loc 1 1900 21 is_stmt 0 view .LVU1073
 3071 0058 0020     		movs	r0, #0
 3072 005a 6065     		str	r0, [r4, #84]
1901:Drivers/STM32F2xx_HAL_Driver/Src/stm32f2xx_hal_spi.c ****   hspi->TxXferSize  = Size;
 3073              		.loc 1 1901 3 is_stmt 1 view .LVU1074
1901:Drivers/STM32F2xx_HAL_Driver/Src/stm32f2xx_hal_spi.c ****   hspi->TxXferSize  = Size;
 3074              		.loc 1 1901 21 is_stmt 0 view .LVU1075
 3075 005c 2163     		str	r1, [r4, #48]
1902:Drivers/STM32F2xx_HAL_Driver/Src/stm32f2xx_hal_spi.c ****   hspi->TxXferCount = Size;
 3076              		.loc 1 1902 3 is_stmt 1 view .LVU1076
1902:Drivers/STM32F2xx_HAL_Driver/Src/stm32f2xx_hal_spi.c ****   hspi->TxXferCount = Size;
 3077              		.loc 1 1902 21 is_stmt 0 view .LVU1077
 3078 005e A386     		strh	r3, [r4, #52]	@ movhi
1903:Drivers/STM32F2xx_HAL_Driver/Src/stm32f2xx_hal_spi.c ****   hspi->pRxBuffPtr  = (uint8_t *)pRxData;
 3079              		.loc 1 1903 3 is_stmt 1 view .LVU1078
1903:Drivers/STM32F2xx_HAL_Driver/Src/stm32f2xx_hal_spi.c ****   hspi->pRxBuffPtr  = (uint8_t *)pRxData;
 3080              		.loc 1 1903 21 is_stmt 0 view .LVU1079
 3081 0060 E386     		strh	r3, [r4, #54]	@ movhi
1904:Drivers/STM32F2xx_HAL_Driver/Src/stm32f2xx_hal_spi.c ****   hspi->RxXferSize  = Size;
 3082              		.loc 1 1904 3 is_stmt 1 view .LVU1080
1904:Drivers/STM32F2xx_HAL_Driver/Src/stm32f2xx_hal_spi.c ****   hspi->RxXferSize  = Size;
 3083              		.loc 1 1904 21 is_stmt 0 view .LVU1081
 3084 0062 A263     		str	r2, [r4, #56]
1905:Drivers/STM32F2xx_HAL_Driver/Src/stm32f2xx_hal_spi.c ****   hspi->RxXferCount = Size;
 3085              		.loc 1 1905 3 is_stmt 1 view .LVU1082
1905:Drivers/STM32F2xx_HAL_Driver/Src/stm32f2xx_hal_spi.c ****   hspi->RxXferCount = Size;
 3086              		.loc 1 1905 21 is_stmt 0 view .LVU1083
 3087 0064 A387     		strh	r3, [r4, #60]	@ movhi
1906:Drivers/STM32F2xx_HAL_Driver/Src/stm32f2xx_hal_spi.c **** 
 3088              		.loc 1 1906 3 is_stmt 1 view .LVU1084
ARM GAS  /var/folders/8x/_y6g3dfs0698dfd49y4vcg_w0000gn/T//ccpNuCLH.s 			page 141


1906:Drivers/STM32F2xx_HAL_Driver/Src/stm32f2xx_hal_spi.c **** 
 3089              		.loc 1 1906 21 is_stmt 0 view .LVU1085
 3090 0066 E387     		strh	r3, [r4, #62]	@ movhi
1909:Drivers/STM32F2xx_HAL_Driver/Src/stm32f2xx_hal_spi.c ****   hspi->TxISR       = NULL;
 3091              		.loc 1 1909 3 is_stmt 1 view .LVU1086
1909:Drivers/STM32F2xx_HAL_Driver/Src/stm32f2xx_hal_spi.c ****   hspi->TxISR       = NULL;
 3092              		.loc 1 1909 21 is_stmt 0 view .LVU1087
 3093 0068 2064     		str	r0, [r4, #64]
1910:Drivers/STM32F2xx_HAL_Driver/Src/stm32f2xx_hal_spi.c **** 
 3094              		.loc 1 1910 3 is_stmt 1 view .LVU1088
1910:Drivers/STM32F2xx_HAL_Driver/Src/stm32f2xx_hal_spi.c **** 
 3095              		.loc 1 1910 21 is_stmt 0 view .LVU1089
 3096 006a 6064     		str	r0, [r4, #68]
1921:Drivers/STM32F2xx_HAL_Driver/Src/stm32f2xx_hal_spi.c ****   {
 3097              		.loc 1 1921 3 is_stmt 1 view .LVU1090
1921:Drivers/STM32F2xx_HAL_Driver/Src/stm32f2xx_hal_spi.c ****   {
 3098              		.loc 1 1921 11 is_stmt 0 view .LVU1091
 3099 006c 94F85130 		ldrb	r3, [r4, #81]	@ zero_extendqisi2
 3100              	.LVL172:
1921:Drivers/STM32F2xx_HAL_Driver/Src/stm32f2xx_hal_spi.c ****   {
 3101              		.loc 1 1921 11 view .LVU1092
 3102 0070 DBB2     		uxtb	r3, r3
1921:Drivers/STM32F2xx_HAL_Driver/Src/stm32f2xx_hal_spi.c ****   {
 3103              		.loc 1 1921 6 view .LVU1093
 3104 0072 042B     		cmp	r3, #4
 3105 0074 1DD0     		beq	.L230
1930:Drivers/STM32F2xx_HAL_Driver/Src/stm32f2xx_hal_spi.c ****     hspi->hdmarx->XferCpltCallback     = SPI_DMATransmitReceiveCplt;
 3106              		.loc 1 1930 5 is_stmt 1 view .LVU1094
1930:Drivers/STM32F2xx_HAL_Driver/Src/stm32f2xx_hal_spi.c ****     hspi->hdmarx->XferCpltCallback     = SPI_DMATransmitReceiveCplt;
 3107              		.loc 1 1930 9 is_stmt 0 view .LVU1095
 3108 0076 E36C     		ldr	r3, [r4, #76]
1930:Drivers/STM32F2xx_HAL_Driver/Src/stm32f2xx_hal_spi.c ****     hspi->hdmarx->XferCpltCallback     = SPI_DMATransmitReceiveCplt;
 3109              		.loc 1 1930 40 view .LVU1096
 3110 0078 344A     		ldr	r2, .L232
 3111              	.LVL173:
1930:Drivers/STM32F2xx_HAL_Driver/Src/stm32f2xx_hal_spi.c ****     hspi->hdmarx->XferCpltCallback     = SPI_DMATransmitReceiveCplt;
 3112              		.loc 1 1930 40 view .LVU1097
 3113 007a 1A64     		str	r2, [r3, #64]
 3114              	.LVL174:
1931:Drivers/STM32F2xx_HAL_Driver/Src/stm32f2xx_hal_spi.c ****   }
 3115              		.loc 1 1931 5 is_stmt 1 view .LVU1098
1931:Drivers/STM32F2xx_HAL_Driver/Src/stm32f2xx_hal_spi.c ****   }
 3116              		.loc 1 1931 9 is_stmt 0 view .LVU1099
 3117 007c E36C     		ldr	r3, [r4, #76]
1931:Drivers/STM32F2xx_HAL_Driver/Src/stm32f2xx_hal_spi.c ****   }
 3118              		.loc 1 1931 40 view .LVU1100
 3119 007e 344A     		ldr	r2, .L232+4
 3120 0080 DA63     		str	r2, [r3, #60]
 3121              	.L218:
1935:Drivers/STM32F2xx_HAL_Driver/Src/stm32f2xx_hal_spi.c **** 
 3122              		.loc 1 1935 3 is_stmt 1 view .LVU1101
1935:Drivers/STM32F2xx_HAL_Driver/Src/stm32f2xx_hal_spi.c **** 
 3123              		.loc 1 1935 7 is_stmt 0 view .LVU1102
 3124 0082 E36C     		ldr	r3, [r4, #76]
1935:Drivers/STM32F2xx_HAL_Driver/Src/stm32f2xx_hal_spi.c **** 
 3125              		.loc 1 1935 35 view .LVU1103
 3126 0084 334A     		ldr	r2, .L232+8
ARM GAS  /var/folders/8x/_y6g3dfs0698dfd49y4vcg_w0000gn/T//ccpNuCLH.s 			page 142


 3127 0086 DA64     		str	r2, [r3, #76]
1938:Drivers/STM32F2xx_HAL_Driver/Src/stm32f2xx_hal_spi.c **** 
 3128              		.loc 1 1938 3 is_stmt 1 view .LVU1104
1938:Drivers/STM32F2xx_HAL_Driver/Src/stm32f2xx_hal_spi.c **** 
 3129              		.loc 1 1938 7 is_stmt 0 view .LVU1105
 3130 0088 E36C     		ldr	r3, [r4, #76]
1938:Drivers/STM32F2xx_HAL_Driver/Src/stm32f2xx_hal_spi.c **** 
 3131              		.loc 1 1938 35 view .LVU1106
 3132 008a 0022     		movs	r2, #0
 3133 008c 1A65     		str	r2, [r3, #80]
1941:Drivers/STM32F2xx_HAL_Driver/Src/stm32f2xx_hal_spi.c ****                                  hspi->RxXferCount))
 3134              		.loc 1 1941 3 is_stmt 1 view .LVU1107
1941:Drivers/STM32F2xx_HAL_Driver/Src/stm32f2xx_hal_spi.c ****                                  hspi->RxXferCount))
 3135              		.loc 1 1941 63 is_stmt 0 view .LVU1108
 3136 008e 2168     		ldr	r1, [r4]
 3137              	.LVL175:
1942:Drivers/STM32F2xx_HAL_Driver/Src/stm32f2xx_hal_spi.c ****   {
 3138              		.loc 1 1942 38 view .LVU1109
 3139 0090 E38F     		ldrh	r3, [r4, #62]
1941:Drivers/STM32F2xx_HAL_Driver/Src/stm32f2xx_hal_spi.c ****                                  hspi->RxXferCount))
 3140              		.loc 1 1941 17 view .LVU1110
 3141 0092 9BB2     		uxth	r3, r3
 3142 0094 A26B     		ldr	r2, [r4, #56]
 3143 0096 0C31     		adds	r1, r1, #12
 3144 0098 E06C     		ldr	r0, [r4, #76]
 3145 009a FFF7FEFF 		bl	HAL_DMA_Start_IT
 3146              	.LVL176:
1941:Drivers/STM32F2xx_HAL_Driver/Src/stm32f2xx_hal_spi.c ****                                  hspi->RxXferCount))
 3147              		.loc 1 1941 6 discriminator 1 view .LVU1111
 3148 009e 78B1     		cbz	r0, .L219
1945:Drivers/STM32F2xx_HAL_Driver/Src/stm32f2xx_hal_spi.c ****     /* Process Unlocked */
 3149              		.loc 1 1945 5 is_stmt 1 view .LVU1112
 3150 00a0 636D     		ldr	r3, [r4, #84]
 3151 00a2 43F01003 		orr	r3, r3, #16
 3152 00a6 6365     		str	r3, [r4, #84]
1947:Drivers/STM32F2xx_HAL_Driver/Src/stm32f2xx_hal_spi.c ****     return HAL_ERROR;
 3153              		.loc 1 1947 5 view .LVU1113
1947:Drivers/STM32F2xx_HAL_Driver/Src/stm32f2xx_hal_spi.c ****     return HAL_ERROR;
 3154              		.loc 1 1947 5 view .LVU1114
 3155 00a8 0023     		movs	r3, #0
 3156 00aa 84F85030 		strb	r3, [r4, #80]
1947:Drivers/STM32F2xx_HAL_Driver/Src/stm32f2xx_hal_spi.c ****     return HAL_ERROR;
 3157              		.loc 1 1947 5 view .LVU1115
1948:Drivers/STM32F2xx_HAL_Driver/Src/stm32f2xx_hal_spi.c ****   }
 3158              		.loc 1 1948 5 view .LVU1116
1948:Drivers/STM32F2xx_HAL_Driver/Src/stm32f2xx_hal_spi.c ****   }
 3159              		.loc 1 1948 12 is_stmt 0 view .LVU1117
 3160 00ae 0120     		movs	r0, #1
 3161 00b0 3EE0     		b	.L215
 3162              	.LVL177:
 3163              	.L230:
1924:Drivers/STM32F2xx_HAL_Driver/Src/stm32f2xx_hal_spi.c ****     hspi->hdmarx->XferCpltCallback     = SPI_DMAReceiveCplt;
 3164              		.loc 1 1924 5 is_stmt 1 view .LVU1118
1924:Drivers/STM32F2xx_HAL_Driver/Src/stm32f2xx_hal_spi.c ****     hspi->hdmarx->XferCpltCallback     = SPI_DMAReceiveCplt;
 3165              		.loc 1 1924 9 is_stmt 0 view .LVU1119
 3166 00b2 E36C     		ldr	r3, [r4, #76]
1924:Drivers/STM32F2xx_HAL_Driver/Src/stm32f2xx_hal_spi.c ****     hspi->hdmarx->XferCpltCallback     = SPI_DMAReceiveCplt;
ARM GAS  /var/folders/8x/_y6g3dfs0698dfd49y4vcg_w0000gn/T//ccpNuCLH.s 			page 143


 3167              		.loc 1 1924 40 view .LVU1120
 3168 00b4 284A     		ldr	r2, .L232+12
 3169              	.LVL178:
1924:Drivers/STM32F2xx_HAL_Driver/Src/stm32f2xx_hal_spi.c ****     hspi->hdmarx->XferCpltCallback     = SPI_DMAReceiveCplt;
 3170              		.loc 1 1924 40 view .LVU1121
 3171 00b6 1A64     		str	r2, [r3, #64]
 3172              	.LVL179:
1925:Drivers/STM32F2xx_HAL_Driver/Src/stm32f2xx_hal_spi.c ****   }
 3173              		.loc 1 1925 5 is_stmt 1 view .LVU1122
1925:Drivers/STM32F2xx_HAL_Driver/Src/stm32f2xx_hal_spi.c ****   }
 3174              		.loc 1 1925 9 is_stmt 0 view .LVU1123
 3175 00b8 E36C     		ldr	r3, [r4, #76]
1925:Drivers/STM32F2xx_HAL_Driver/Src/stm32f2xx_hal_spi.c ****   }
 3176              		.loc 1 1925 40 view .LVU1124
 3177 00ba 284A     		ldr	r2, .L232+16
 3178 00bc DA63     		str	r2, [r3, #60]
 3179 00be E0E7     		b	.L218
 3180              	.LVL180:
 3181              	.L219:
1952:Drivers/STM32F2xx_HAL_Driver/Src/stm32f2xx_hal_spi.c **** 
 3182              		.loc 1 1952 3 is_stmt 1 view .LVU1125
 3183 00c0 2268     		ldr	r2, [r4]
 3184 00c2 5368     		ldr	r3, [r2, #4]
 3185 00c4 43F00103 		orr	r3, r3, #1
 3186 00c8 5360     		str	r3, [r2, #4]
1956:Drivers/STM32F2xx_HAL_Driver/Src/stm32f2xx_hal_spi.c ****   hspi->hdmatx->XferCpltCallback     = NULL;
 3187              		.loc 1 1956 3 view .LVU1126
1956:Drivers/STM32F2xx_HAL_Driver/Src/stm32f2xx_hal_spi.c ****   hspi->hdmatx->XferCpltCallback     = NULL;
 3188              		.loc 1 1956 7 is_stmt 0 view .LVU1127
 3189 00ca A26C     		ldr	r2, [r4, #72]
1956:Drivers/STM32F2xx_HAL_Driver/Src/stm32f2xx_hal_spi.c ****   hspi->hdmatx->XferCpltCallback     = NULL;
 3190              		.loc 1 1956 38 view .LVU1128
 3191 00cc 0023     		movs	r3, #0
 3192 00ce 1364     		str	r3, [r2, #64]
1957:Drivers/STM32F2xx_HAL_Driver/Src/stm32f2xx_hal_spi.c ****   hspi->hdmatx->XferErrorCallback    = NULL;
 3193              		.loc 1 1957 3 is_stmt 1 view .LVU1129
1957:Drivers/STM32F2xx_HAL_Driver/Src/stm32f2xx_hal_spi.c ****   hspi->hdmatx->XferErrorCallback    = NULL;
 3194              		.loc 1 1957 7 is_stmt 0 view .LVU1130
 3195 00d0 A26C     		ldr	r2, [r4, #72]
1957:Drivers/STM32F2xx_HAL_Driver/Src/stm32f2xx_hal_spi.c ****   hspi->hdmatx->XferErrorCallback    = NULL;
 3196              		.loc 1 1957 38 view .LVU1131
 3197 00d2 D363     		str	r3, [r2, #60]
1958:Drivers/STM32F2xx_HAL_Driver/Src/stm32f2xx_hal_spi.c ****   hspi->hdmatx->XferAbortCallback    = NULL;
 3198              		.loc 1 1958 3 is_stmt 1 view .LVU1132
1958:Drivers/STM32F2xx_HAL_Driver/Src/stm32f2xx_hal_spi.c ****   hspi->hdmatx->XferAbortCallback    = NULL;
 3199              		.loc 1 1958 7 is_stmt 0 view .LVU1133
 3200 00d4 A26C     		ldr	r2, [r4, #72]
1958:Drivers/STM32F2xx_HAL_Driver/Src/stm32f2xx_hal_spi.c ****   hspi->hdmatx->XferAbortCallback    = NULL;
 3201              		.loc 1 1958 38 view .LVU1134
 3202 00d6 D364     		str	r3, [r2, #76]
1959:Drivers/STM32F2xx_HAL_Driver/Src/stm32f2xx_hal_spi.c **** 
 3203              		.loc 1 1959 3 is_stmt 1 view .LVU1135
1959:Drivers/STM32F2xx_HAL_Driver/Src/stm32f2xx_hal_spi.c **** 
 3204              		.loc 1 1959 7 is_stmt 0 view .LVU1136
 3205 00d8 A26C     		ldr	r2, [r4, #72]
1959:Drivers/STM32F2xx_HAL_Driver/Src/stm32f2xx_hal_spi.c **** 
 3206              		.loc 1 1959 38 view .LVU1137
ARM GAS  /var/folders/8x/_y6g3dfs0698dfd49y4vcg_w0000gn/T//ccpNuCLH.s 			page 144


 3207 00da 1365     		str	r3, [r2, #80]
1962:Drivers/STM32F2xx_HAL_Driver/Src/stm32f2xx_hal_spi.c ****                                  hspi->TxXferCount))
 3208              		.loc 1 1962 3 is_stmt 1 view .LVU1138
1962:Drivers/STM32F2xx_HAL_Driver/Src/stm32f2xx_hal_spi.c ****                                  hspi->TxXferCount))
 3209              		.loc 1 1962 91 is_stmt 0 view .LVU1139
 3210 00dc 2268     		ldr	r2, [r4]
1963:Drivers/STM32F2xx_HAL_Driver/Src/stm32f2xx_hal_spi.c ****   {
 3211              		.loc 1 1963 38 view .LVU1140
 3212 00de E38E     		ldrh	r3, [r4, #54]
1962:Drivers/STM32F2xx_HAL_Driver/Src/stm32f2xx_hal_spi.c ****                                  hspi->TxXferCount))
 3213              		.loc 1 1962 17 view .LVU1141
 3214 00e0 9BB2     		uxth	r3, r3
 3215 00e2 0C32     		adds	r2, r2, #12
 3216 00e4 216B     		ldr	r1, [r4, #48]
 3217 00e6 A06C     		ldr	r0, [r4, #72]
 3218 00e8 FFF7FEFF 		bl	HAL_DMA_Start_IT
 3219              	.LVL181:
1962:Drivers/STM32F2xx_HAL_Driver/Src/stm32f2xx_hal_spi.c ****                                  hspi->TxXferCount))
 3220              		.loc 1 1962 6 discriminator 1 view .LVU1142
 3221 00ec B0B9     		cbnz	r0, .L231
1973:Drivers/STM32F2xx_HAL_Driver/Src/stm32f2xx_hal_spi.c ****   {
 3222              		.loc 1 1973 3 is_stmt 1 view .LVU1143
1973:Drivers/STM32F2xx_HAL_Driver/Src/stm32f2xx_hal_spi.c ****   {
 3223              		.loc 1 1973 12 is_stmt 0 view .LVU1144
 3224 00ee 2368     		ldr	r3, [r4]
1973:Drivers/STM32F2xx_HAL_Driver/Src/stm32f2xx_hal_spi.c ****   {
 3225              		.loc 1 1973 22 view .LVU1145
 3226 00f0 1A68     		ldr	r2, [r3]
1973:Drivers/STM32F2xx_HAL_Driver/Src/stm32f2xx_hal_spi.c ****   {
 3227              		.loc 1 1973 6 view .LVU1146
 3228 00f2 12F0400F 		tst	r2, #64
 3229 00f6 03D1     		bne	.L221
1976:Drivers/STM32F2xx_HAL_Driver/Src/stm32f2xx_hal_spi.c ****   }
 3230              		.loc 1 1976 5 is_stmt 1 view .LVU1147
 3231 00f8 1A68     		ldr	r2, [r3]
 3232 00fa 42F04002 		orr	r2, r2, #64
 3233 00fe 1A60     		str	r2, [r3]
 3234              	.L221:
1980:Drivers/STM32F2xx_HAL_Driver/Src/stm32f2xx_hal_spi.c **** 
 3235              		.loc 1 1980 3 view .LVU1148
1980:Drivers/STM32F2xx_HAL_Driver/Src/stm32f2xx_hal_spi.c **** 
 3236              		.loc 1 1980 3 view .LVU1149
 3237 0100 0023     		movs	r3, #0
 3238 0102 84F85030 		strb	r3, [r4, #80]
1980:Drivers/STM32F2xx_HAL_Driver/Src/stm32f2xx_hal_spi.c **** 
 3239              		.loc 1 1980 3 view .LVU1150
1983:Drivers/STM32F2xx_HAL_Driver/Src/stm32f2xx_hal_spi.c **** 
 3240              		.loc 1 1983 3 view .LVU1151
 3241 0106 2268     		ldr	r2, [r4]
 3242 0108 5368     		ldr	r3, [r2, #4]
 3243 010a 43F02003 		orr	r3, r3, #32
 3244 010e 5360     		str	r3, [r2, #4]
1986:Drivers/STM32F2xx_HAL_Driver/Src/stm32f2xx_hal_spi.c **** 
 3245              		.loc 1 1986 3 view .LVU1152
 3246 0110 2268     		ldr	r2, [r4]
 3247 0112 5368     		ldr	r3, [r2, #4]
 3248 0114 43F00203 		orr	r3, r3, #2
ARM GAS  /var/folders/8x/_y6g3dfs0698dfd49y4vcg_w0000gn/T//ccpNuCLH.s 			page 145


 3249 0118 5360     		str	r3, [r2, #4]
1988:Drivers/STM32F2xx_HAL_Driver/Src/stm32f2xx_hal_spi.c **** }
 3250              		.loc 1 1988 3 view .LVU1153
1988:Drivers/STM32F2xx_HAL_Driver/Src/stm32f2xx_hal_spi.c **** }
 3251              		.loc 1 1988 10 is_stmt 0 view .LVU1154
 3252 011a 09E0     		b	.L215
 3253              	.L231:
1966:Drivers/STM32F2xx_HAL_Driver/Src/stm32f2xx_hal_spi.c ****     /* Process Unlocked */
 3254              		.loc 1 1966 5 is_stmt 1 view .LVU1155
 3255 011c 636D     		ldr	r3, [r4, #84]
 3256 011e 43F01003 		orr	r3, r3, #16
 3257 0122 6365     		str	r3, [r4, #84]
1968:Drivers/STM32F2xx_HAL_Driver/Src/stm32f2xx_hal_spi.c ****     return HAL_ERROR;
 3258              		.loc 1 1968 5 view .LVU1156
1968:Drivers/STM32F2xx_HAL_Driver/Src/stm32f2xx_hal_spi.c ****     return HAL_ERROR;
 3259              		.loc 1 1968 5 view .LVU1157
 3260 0124 0023     		movs	r3, #0
 3261 0126 84F85030 		strb	r3, [r4, #80]
1968:Drivers/STM32F2xx_HAL_Driver/Src/stm32f2xx_hal_spi.c ****     return HAL_ERROR;
 3262              		.loc 1 1968 5 view .LVU1158
1969:Drivers/STM32F2xx_HAL_Driver/Src/stm32f2xx_hal_spi.c ****   }
 3263              		.loc 1 1969 5 view .LVU1159
1969:Drivers/STM32F2xx_HAL_Driver/Src/stm32f2xx_hal_spi.c ****   }
 3264              		.loc 1 1969 12 is_stmt 0 view .LVU1160
 3265 012a 0120     		movs	r0, #1
 3266 012c 00E0     		b	.L215
 3267              	.LVL182:
 3268              	.L222:
1882:Drivers/STM32F2xx_HAL_Driver/Src/stm32f2xx_hal_spi.c ****   }
 3269              		.loc 1 1882 12 view .LVU1161
 3270 012e 0220     		movs	r0, #2
 3271              	.LVL183:
 3272              	.L215:
1989:Drivers/STM32F2xx_HAL_Driver/Src/stm32f2xx_hal_spi.c **** 
 3273              		.loc 1 1989 1 view .LVU1162
 3274 0130 38BD     		pop	{r3, r4, r5, pc}
 3275              	.LVL184:
 3276              	.L223:
1882:Drivers/STM32F2xx_HAL_Driver/Src/stm32f2xx_hal_spi.c ****   }
 3277              		.loc 1 1882 12 view .LVU1163
 3278 0132 0220     		movs	r0, #2
 3279              	.LVL185:
1882:Drivers/STM32F2xx_HAL_Driver/Src/stm32f2xx_hal_spi.c ****   }
 3280              		.loc 1 1882 12 view .LVU1164
 3281 0134 FCE7     		b	.L215
 3282              	.LVL186:
 3283              	.L224:
1882:Drivers/STM32F2xx_HAL_Driver/Src/stm32f2xx_hal_spi.c ****   }
 3284              		.loc 1 1882 12 view .LVU1165
 3285 0136 0220     		movs	r0, #2
 3286              	.LVL187:
1882:Drivers/STM32F2xx_HAL_Driver/Src/stm32f2xx_hal_spi.c ****   }
 3287              		.loc 1 1882 12 view .LVU1166
 3288 0138 FAE7     		b	.L215
 3289              	.LVL188:
 3290              	.L225:
1887:Drivers/STM32F2xx_HAL_Driver/Src/stm32f2xx_hal_spi.c ****   }
ARM GAS  /var/folders/8x/_y6g3dfs0698dfd49y4vcg_w0000gn/T//ccpNuCLH.s 			page 146


 3291              		.loc 1 1887 12 view .LVU1167
 3292 013a 0120     		movs	r0, #1
 3293              	.LVL189:
1887:Drivers/STM32F2xx_HAL_Driver/Src/stm32f2xx_hal_spi.c ****   }
 3294              		.loc 1 1887 12 view .LVU1168
 3295 013c F8E7     		b	.L215
 3296              	.LVL190:
 3297              	.L226:
1887:Drivers/STM32F2xx_HAL_Driver/Src/stm32f2xx_hal_spi.c ****   }
 3298              		.loc 1 1887 12 view .LVU1169
 3299 013e 0120     		movs	r0, #1
 3300              	.LVL191:
1887:Drivers/STM32F2xx_HAL_Driver/Src/stm32f2xx_hal_spi.c ****   }
 3301              		.loc 1 1887 12 view .LVU1170
 3302 0140 F6E7     		b	.L215
 3303              	.LVL192:
 3304              	.L227:
1887:Drivers/STM32F2xx_HAL_Driver/Src/stm32f2xx_hal_spi.c ****   }
 3305              		.loc 1 1887 12 view .LVU1171
 3306 0142 0120     		movs	r0, #1
 3307              	.LVL193:
1887:Drivers/STM32F2xx_HAL_Driver/Src/stm32f2xx_hal_spi.c ****   }
 3308              		.loc 1 1887 12 view .LVU1172
 3309 0144 F4E7     		b	.L215
 3310              	.L228:
1891:Drivers/STM32F2xx_HAL_Driver/Src/stm32f2xx_hal_spi.c **** 
 3311              		.loc 1 1891 3 discriminator 1 view .LVU1173
 3312 0146 0220     		movs	r0, #2
 3313 0148 F2E7     		b	.L215
 3314              	.L233:
 3315 014a 00BF     		.align	2
 3316              	.L232:
 3317 014c 00000000 		.word	SPI_DMAHalfTransmitReceiveCplt
 3318 0150 00000000 		.word	SPI_DMATransmitReceiveCplt
 3319 0154 00000000 		.word	SPI_DMAError
 3320 0158 00000000 		.word	SPI_DMAHalfReceiveCplt
 3321 015c 00000000 		.word	SPI_DMAReceiveCplt
 3322              		.cfi_endproc
 3323              	.LFE84:
 3325              		.section	.text.HAL_SPI_Receive_DMA,"ax",%progbits
 3326              		.align	1
 3327              		.global	HAL_SPI_Receive_DMA
 3328              		.syntax unified
 3329              		.thumb
 3330              		.thumb_func
 3332              	HAL_SPI_Receive_DMA:
 3333              	.LVL194:
 3334              	.LFB83:
1752:Drivers/STM32F2xx_HAL_Driver/Src/stm32f2xx_hal_spi.c ****   /* Check rx dma handle */
 3335              		.loc 1 1752 1 is_stmt 1 view -0
 3336              		.cfi_startproc
 3337              		@ args = 0, pretend = 0, frame = 0
 3338              		@ frame_needed = 0, uses_anonymous_args = 0
1752:Drivers/STM32F2xx_HAL_Driver/Src/stm32f2xx_hal_spi.c ****   /* Check rx dma handle */
 3339              		.loc 1 1752 1 is_stmt 0 view .LVU1175
 3340 0000 38B5     		push	{r3, r4, r5, lr}
 3341              	.LCFI42:
ARM GAS  /var/folders/8x/_y6g3dfs0698dfd49y4vcg_w0000gn/T//ccpNuCLH.s 			page 147


 3342              		.cfi_def_cfa_offset 16
 3343              		.cfi_offset 3, -16
 3344              		.cfi_offset 4, -12
 3345              		.cfi_offset 5, -8
 3346              		.cfi_offset 14, -4
1754:Drivers/STM32F2xx_HAL_Driver/Src/stm32f2xx_hal_spi.c **** 
 3347              		.loc 1 1754 3 is_stmt 1 view .LVU1176
1756:Drivers/STM32F2xx_HAL_Driver/Src/stm32f2xx_hal_spi.c ****   {
 3348              		.loc 1 1756 3 view .LVU1177
1756:Drivers/STM32F2xx_HAL_Driver/Src/stm32f2xx_hal_spi.c ****   {
 3349              		.loc 1 1756 11 is_stmt 0 view .LVU1178
 3350 0002 90F85150 		ldrb	r5, [r0, #81]	@ zero_extendqisi2
 3351 0006 EDB2     		uxtb	r5, r5
1756:Drivers/STM32F2xx_HAL_Driver/Src/stm32f2xx_hal_spi.c ****   {
 3352              		.loc 1 1756 6 view .LVU1179
 3353 0008 012D     		cmp	r5, #1
 3354 000a 6BD1     		bne	.L240
 3355 000c 0446     		mov	r4, r0
1761:Drivers/STM32F2xx_HAL_Driver/Src/stm32f2xx_hal_spi.c ****   {
 3356              		.loc 1 1761 3 is_stmt 1 view .LVU1180
1761:Drivers/STM32F2xx_HAL_Driver/Src/stm32f2xx_hal_spi.c ****   {
 3357              		.loc 1 1761 18 is_stmt 0 view .LVU1181
 3358 000e 8068     		ldr	r0, [r0, #8]
 3359              	.LVL195:
1761:Drivers/STM32F2xx_HAL_Driver/Src/stm32f2xx_hal_spi.c ****   {
 3360              		.loc 1 1761 6 view .LVU1182
 3361 0010 18B9     		cbnz	r0, .L236
1761:Drivers/STM32F2xx_HAL_Driver/Src/stm32f2xx_hal_spi.c ****   {
 3362              		.loc 1 1761 68 discriminator 1 view .LVU1183
 3363 0012 6368     		ldr	r3, [r4, #4]
1761:Drivers/STM32F2xx_HAL_Driver/Src/stm32f2xx_hal_spi.c ****   {
 3364              		.loc 1 1761 54 discriminator 1 view .LVU1184
 3365 0014 B3F5827F 		cmp	r3, #260
 3366 0018 47D0     		beq	.L243
 3367              	.L236:
1772:Drivers/STM32F2xx_HAL_Driver/Src/stm32f2xx_hal_spi.c ****   {
 3368              		.loc 1 1772 3 is_stmt 1 view .LVU1185
1772:Drivers/STM32F2xx_HAL_Driver/Src/stm32f2xx_hal_spi.c ****   {
 3369              		.loc 1 1772 6 is_stmt 0 view .LVU1186
 3370 001a 0029     		cmp	r1, #0
 3371 001c 63D0     		beq	.L235
1772:Drivers/STM32F2xx_HAL_Driver/Src/stm32f2xx_hal_spi.c ****   {
 3372              		.loc 1 1772 23 discriminator 1 view .LVU1187
 3373 001e 002A     		cmp	r2, #0
 3374 0020 61D0     		beq	.L235
1778:Drivers/STM32F2xx_HAL_Driver/Src/stm32f2xx_hal_spi.c **** 
 3375              		.loc 1 1778 3 is_stmt 1 view .LVU1188
1778:Drivers/STM32F2xx_HAL_Driver/Src/stm32f2xx_hal_spi.c **** 
 3376              		.loc 1 1778 3 view .LVU1189
 3377 0022 94F85030 		ldrb	r3, [r4, #80]	@ zero_extendqisi2
 3378 0026 012B     		cmp	r3, #1
 3379 0028 5FD0     		beq	.L241
1778:Drivers/STM32F2xx_HAL_Driver/Src/stm32f2xx_hal_spi.c **** 
 3380              		.loc 1 1778 3 discriminator 2 view .LVU1190
 3381 002a 0123     		movs	r3, #1
 3382 002c 84F85030 		strb	r3, [r4, #80]
1778:Drivers/STM32F2xx_HAL_Driver/Src/stm32f2xx_hal_spi.c **** 
ARM GAS  /var/folders/8x/_y6g3dfs0698dfd49y4vcg_w0000gn/T//ccpNuCLH.s 			page 148


 3383              		.loc 1 1778 3 discriminator 2 view .LVU1191
1781:Drivers/STM32F2xx_HAL_Driver/Src/stm32f2xx_hal_spi.c ****   hspi->ErrorCode   = HAL_SPI_ERROR_NONE;
 3384              		.loc 1 1781 3 view .LVU1192
1781:Drivers/STM32F2xx_HAL_Driver/Src/stm32f2xx_hal_spi.c ****   hspi->ErrorCode   = HAL_SPI_ERROR_NONE;
 3385              		.loc 1 1781 21 is_stmt 0 view .LVU1193
 3386 0030 0423     		movs	r3, #4
 3387 0032 84F85130 		strb	r3, [r4, #81]
1782:Drivers/STM32F2xx_HAL_Driver/Src/stm32f2xx_hal_spi.c ****   hspi->pRxBuffPtr  = (uint8_t *)pData;
 3388              		.loc 1 1782 3 is_stmt 1 view .LVU1194
1782:Drivers/STM32F2xx_HAL_Driver/Src/stm32f2xx_hal_spi.c ****   hspi->pRxBuffPtr  = (uint8_t *)pData;
 3389              		.loc 1 1782 21 is_stmt 0 view .LVU1195
 3390 0036 0023     		movs	r3, #0
 3391 0038 6365     		str	r3, [r4, #84]
1783:Drivers/STM32F2xx_HAL_Driver/Src/stm32f2xx_hal_spi.c ****   hspi->RxXferSize  = Size;
 3392              		.loc 1 1783 3 is_stmt 1 view .LVU1196
1783:Drivers/STM32F2xx_HAL_Driver/Src/stm32f2xx_hal_spi.c ****   hspi->RxXferSize  = Size;
 3393              		.loc 1 1783 21 is_stmt 0 view .LVU1197
 3394 003a A163     		str	r1, [r4, #56]
1784:Drivers/STM32F2xx_HAL_Driver/Src/stm32f2xx_hal_spi.c ****   hspi->RxXferCount = Size;
 3395              		.loc 1 1784 3 is_stmt 1 view .LVU1198
1784:Drivers/STM32F2xx_HAL_Driver/Src/stm32f2xx_hal_spi.c ****   hspi->RxXferCount = Size;
 3396              		.loc 1 1784 21 is_stmt 0 view .LVU1199
 3397 003c A287     		strh	r2, [r4, #60]	@ movhi
1785:Drivers/STM32F2xx_HAL_Driver/Src/stm32f2xx_hal_spi.c **** 
 3398              		.loc 1 1785 3 is_stmt 1 view .LVU1200
1785:Drivers/STM32F2xx_HAL_Driver/Src/stm32f2xx_hal_spi.c **** 
 3399              		.loc 1 1785 21 is_stmt 0 view .LVU1201
 3400 003e E287     		strh	r2, [r4, #62]	@ movhi
1788:Drivers/STM32F2xx_HAL_Driver/Src/stm32f2xx_hal_spi.c ****   hspi->TxISR       = NULL;
 3401              		.loc 1 1788 3 is_stmt 1 view .LVU1202
1788:Drivers/STM32F2xx_HAL_Driver/Src/stm32f2xx_hal_spi.c ****   hspi->TxISR       = NULL;
 3402              		.loc 1 1788 21 is_stmt 0 view .LVU1203
 3403 0040 2364     		str	r3, [r4, #64]
1789:Drivers/STM32F2xx_HAL_Driver/Src/stm32f2xx_hal_spi.c ****   hspi->TxXferSize  = 0U;
 3404              		.loc 1 1789 3 is_stmt 1 view .LVU1204
1789:Drivers/STM32F2xx_HAL_Driver/Src/stm32f2xx_hal_spi.c ****   hspi->TxXferSize  = 0U;
 3405              		.loc 1 1789 21 is_stmt 0 view .LVU1205
 3406 0042 6364     		str	r3, [r4, #68]
1790:Drivers/STM32F2xx_HAL_Driver/Src/stm32f2xx_hal_spi.c ****   hspi->TxXferCount = 0U;
 3407              		.loc 1 1790 3 is_stmt 1 view .LVU1206
1790:Drivers/STM32F2xx_HAL_Driver/Src/stm32f2xx_hal_spi.c ****   hspi->TxXferCount = 0U;
 3408              		.loc 1 1790 21 is_stmt 0 view .LVU1207
 3409 0044 A386     		strh	r3, [r4, #52]	@ movhi
1791:Drivers/STM32F2xx_HAL_Driver/Src/stm32f2xx_hal_spi.c **** 
 3410              		.loc 1 1791 3 is_stmt 1 view .LVU1208
1791:Drivers/STM32F2xx_HAL_Driver/Src/stm32f2xx_hal_spi.c **** 
 3411              		.loc 1 1791 21 is_stmt 0 view .LVU1209
 3412 0046 E386     		strh	r3, [r4, #54]	@ movhi
1794:Drivers/STM32F2xx_HAL_Driver/Src/stm32f2xx_hal_spi.c ****   {
 3413              		.loc 1 1794 3 is_stmt 1 view .LVU1210
1794:Drivers/STM32F2xx_HAL_Driver/Src/stm32f2xx_hal_spi.c ****   {
 3414              		.loc 1 1794 6 is_stmt 0 view .LVU1211
 3415 0048 B0F5004F 		cmp	r0, #32768
 3416 004c 37D0     		beq	.L244
 3417              	.LVL196:
 3418              	.L237:
1810:Drivers/STM32F2xx_HAL_Driver/Src/stm32f2xx_hal_spi.c **** 
ARM GAS  /var/folders/8x/_y6g3dfs0698dfd49y4vcg_w0000gn/T//ccpNuCLH.s 			page 149


 3419              		.loc 1 1810 3 is_stmt 1 view .LVU1212
1810:Drivers/STM32F2xx_HAL_Driver/Src/stm32f2xx_hal_spi.c **** 
 3420              		.loc 1 1810 7 is_stmt 0 view .LVU1213
 3421 004e E36C     		ldr	r3, [r4, #76]
1810:Drivers/STM32F2xx_HAL_Driver/Src/stm32f2xx_hal_spi.c **** 
 3422              		.loc 1 1810 38 view .LVU1214
 3423 0050 274A     		ldr	r2, .L246
 3424 0052 1A64     		str	r2, [r3, #64]
1813:Drivers/STM32F2xx_HAL_Driver/Src/stm32f2xx_hal_spi.c **** 
 3425              		.loc 1 1813 3 is_stmt 1 view .LVU1215
1813:Drivers/STM32F2xx_HAL_Driver/Src/stm32f2xx_hal_spi.c **** 
 3426              		.loc 1 1813 7 is_stmt 0 view .LVU1216
 3427 0054 E36C     		ldr	r3, [r4, #76]
1813:Drivers/STM32F2xx_HAL_Driver/Src/stm32f2xx_hal_spi.c **** 
 3428              		.loc 1 1813 34 view .LVU1217
 3429 0056 274A     		ldr	r2, .L246+4
 3430 0058 DA63     		str	r2, [r3, #60]
1816:Drivers/STM32F2xx_HAL_Driver/Src/stm32f2xx_hal_spi.c **** 
 3431              		.loc 1 1816 3 is_stmt 1 view .LVU1218
1816:Drivers/STM32F2xx_HAL_Driver/Src/stm32f2xx_hal_spi.c **** 
 3432              		.loc 1 1816 7 is_stmt 0 view .LVU1219
 3433 005a E36C     		ldr	r3, [r4, #76]
1816:Drivers/STM32F2xx_HAL_Driver/Src/stm32f2xx_hal_spi.c **** 
 3434              		.loc 1 1816 35 view .LVU1220
 3435 005c 264A     		ldr	r2, .L246+8
 3436 005e DA64     		str	r2, [r3, #76]
1819:Drivers/STM32F2xx_HAL_Driver/Src/stm32f2xx_hal_spi.c **** 
 3437              		.loc 1 1819 3 is_stmt 1 view .LVU1221
1819:Drivers/STM32F2xx_HAL_Driver/Src/stm32f2xx_hal_spi.c **** 
 3438              		.loc 1 1819 7 is_stmt 0 view .LVU1222
 3439 0060 E36C     		ldr	r3, [r4, #76]
1819:Drivers/STM32F2xx_HAL_Driver/Src/stm32f2xx_hal_spi.c **** 
 3440              		.loc 1 1819 35 view .LVU1223
 3441 0062 0022     		movs	r2, #0
 3442 0064 1A65     		str	r2, [r3, #80]
1822:Drivers/STM32F2xx_HAL_Driver/Src/stm32f2xx_hal_spi.c ****                                  hspi->RxXferCount))
 3443              		.loc 1 1822 3 is_stmt 1 view .LVU1224
1822:Drivers/STM32F2xx_HAL_Driver/Src/stm32f2xx_hal_spi.c ****                                  hspi->RxXferCount))
 3444              		.loc 1 1822 63 is_stmt 0 view .LVU1225
 3445 0066 2168     		ldr	r1, [r4]
 3446              	.LVL197:
1823:Drivers/STM32F2xx_HAL_Driver/Src/stm32f2xx_hal_spi.c ****   {
 3447              		.loc 1 1823 38 view .LVU1226
 3448 0068 E38F     		ldrh	r3, [r4, #62]
1822:Drivers/STM32F2xx_HAL_Driver/Src/stm32f2xx_hal_spi.c ****                                  hspi->RxXferCount))
 3449              		.loc 1 1822 17 view .LVU1227
 3450 006a 9BB2     		uxth	r3, r3
 3451 006c A26B     		ldr	r2, [r4, #56]
 3452 006e 0C31     		adds	r1, r1, #12
 3453 0070 E06C     		ldr	r0, [r4, #76]
 3454 0072 FFF7FEFF 		bl	HAL_DMA_Start_IT
 3455              	.LVL198:
1822:Drivers/STM32F2xx_HAL_Driver/Src/stm32f2xx_hal_spi.c ****                                  hspi->RxXferCount))
 3456              		.loc 1 1822 6 discriminator 1 view .LVU1228
 3457 0076 0146     		mov	r1, r0
 3458 0078 60BB     		cbnz	r0, .L245
1833:Drivers/STM32F2xx_HAL_Driver/Src/stm32f2xx_hal_spi.c ****   {
ARM GAS  /var/folders/8x/_y6g3dfs0698dfd49y4vcg_w0000gn/T//ccpNuCLH.s 			page 150


 3459              		.loc 1 1833 3 is_stmt 1 view .LVU1229
1833:Drivers/STM32F2xx_HAL_Driver/Src/stm32f2xx_hal_spi.c ****   {
 3460              		.loc 1 1833 12 is_stmt 0 view .LVU1230
 3461 007a 2368     		ldr	r3, [r4]
1833:Drivers/STM32F2xx_HAL_Driver/Src/stm32f2xx_hal_spi.c ****   {
 3462              		.loc 1 1833 22 view .LVU1231
 3463 007c 1A68     		ldr	r2, [r3]
1833:Drivers/STM32F2xx_HAL_Driver/Src/stm32f2xx_hal_spi.c ****   {
 3464              		.loc 1 1833 6 view .LVU1232
 3465 007e 12F0400F 		tst	r2, #64
 3466 0082 03D1     		bne	.L239
1836:Drivers/STM32F2xx_HAL_Driver/Src/stm32f2xx_hal_spi.c ****   }
 3467              		.loc 1 1836 5 is_stmt 1 view .LVU1233
 3468 0084 1A68     		ldr	r2, [r3]
 3469 0086 42F04002 		orr	r2, r2, #64
 3470 008a 1A60     		str	r2, [r3]
 3471              	.L239:
1840:Drivers/STM32F2xx_HAL_Driver/Src/stm32f2xx_hal_spi.c **** 
 3472              		.loc 1 1840 3 view .LVU1234
1840:Drivers/STM32F2xx_HAL_Driver/Src/stm32f2xx_hal_spi.c **** 
 3473              		.loc 1 1840 3 view .LVU1235
 3474 008c 0023     		movs	r3, #0
 3475 008e 84F85030 		strb	r3, [r4, #80]
1840:Drivers/STM32F2xx_HAL_Driver/Src/stm32f2xx_hal_spi.c **** 
 3476              		.loc 1 1840 3 view .LVU1236
1843:Drivers/STM32F2xx_HAL_Driver/Src/stm32f2xx_hal_spi.c **** 
 3477              		.loc 1 1843 3 view .LVU1237
 3478 0092 2268     		ldr	r2, [r4]
 3479 0094 5368     		ldr	r3, [r2, #4]
 3480 0096 43F02003 		orr	r3, r3, #32
 3481 009a 5360     		str	r3, [r2, #4]
1846:Drivers/STM32F2xx_HAL_Driver/Src/stm32f2xx_hal_spi.c **** 
 3482              		.loc 1 1846 3 view .LVU1238
 3483 009c 2268     		ldr	r2, [r4]
 3484 009e 5368     		ldr	r3, [r2, #4]
 3485 00a0 43F00103 		orr	r3, r3, #1
 3486 00a4 5360     		str	r3, [r2, #4]
1848:Drivers/STM32F2xx_HAL_Driver/Src/stm32f2xx_hal_spi.c **** }
 3487              		.loc 1 1848 3 view .LVU1239
1848:Drivers/STM32F2xx_HAL_Driver/Src/stm32f2xx_hal_spi.c **** }
 3488              		.loc 1 1848 10 is_stmt 0 view .LVU1240
 3489 00a6 0D46     		mov	r5, r1
 3490 00a8 1DE0     		b	.L235
 3491              	.LVL199:
 3492              	.L243:
1763:Drivers/STM32F2xx_HAL_Driver/Src/stm32f2xx_hal_spi.c **** 
 3493              		.loc 1 1763 5 is_stmt 1 view .LVU1241
1763:Drivers/STM32F2xx_HAL_Driver/Src/stm32f2xx_hal_spi.c **** 
 3494              		.loc 1 1763 17 is_stmt 0 view .LVU1242
 3495 00aa 0423     		movs	r3, #4
 3496 00ac 84F85130 		strb	r3, [r4, #81]
1766:Drivers/STM32F2xx_HAL_Driver/Src/stm32f2xx_hal_spi.c **** 
 3497              		.loc 1 1766 5 is_stmt 1 view .LVU1243
1769:Drivers/STM32F2xx_HAL_Driver/Src/stm32f2xx_hal_spi.c ****   }
 3498              		.loc 1 1769 5 view .LVU1244
1769:Drivers/STM32F2xx_HAL_Driver/Src/stm32f2xx_hal_spi.c ****   }
 3499              		.loc 1 1769 12 is_stmt 0 view .LVU1245
ARM GAS  /var/folders/8x/_y6g3dfs0698dfd49y4vcg_w0000gn/T//ccpNuCLH.s 			page 151


 3500 00b0 1346     		mov	r3, r2
 3501 00b2 0A46     		mov	r2, r1
 3502              	.LVL200:
1769:Drivers/STM32F2xx_HAL_Driver/Src/stm32f2xx_hal_spi.c ****   }
 3503              		.loc 1 1769 12 view .LVU1246
 3504 00b4 2046     		mov	r0, r4
 3505 00b6 FFF7FEFF 		bl	HAL_SPI_TransmitReceive_DMA
 3506              	.LVL201:
1769:Drivers/STM32F2xx_HAL_Driver/Src/stm32f2xx_hal_spi.c ****   }
 3507              		.loc 1 1769 12 view .LVU1247
 3508 00ba 0546     		mov	r5, r0
 3509 00bc 13E0     		b	.L235
 3510              	.LVL202:
 3511              	.L244:
1797:Drivers/STM32F2xx_HAL_Driver/Src/stm32f2xx_hal_spi.c ****     SPI_1LINE_RX(hspi);
 3512              		.loc 1 1797 5 is_stmt 1 view .LVU1248
 3513 00be 2268     		ldr	r2, [r4]
 3514              	.LVL203:
1797:Drivers/STM32F2xx_HAL_Driver/Src/stm32f2xx_hal_spi.c ****     SPI_1LINE_RX(hspi);
 3515              		.loc 1 1797 5 is_stmt 0 view .LVU1249
 3516 00c0 1368     		ldr	r3, [r2]
 3517 00c2 23F04003 		bic	r3, r3, #64
 3518 00c6 1360     		str	r3, [r2]
 3519              	.LVL204:
1798:Drivers/STM32F2xx_HAL_Driver/Src/stm32f2xx_hal_spi.c ****   }
 3520              		.loc 1 1798 5 is_stmt 1 view .LVU1250
 3521 00c8 2268     		ldr	r2, [r4]
 3522 00ca 1368     		ldr	r3, [r2]
 3523 00cc 23F48043 		bic	r3, r3, #16384
 3524 00d0 1360     		str	r3, [r2]
 3525 00d2 BCE7     		b	.L237
 3526              	.LVL205:
 3527              	.L245:
1826:Drivers/STM32F2xx_HAL_Driver/Src/stm32f2xx_hal_spi.c ****     /* Process Unlocked */
 3528              		.loc 1 1826 5 view .LVU1251
 3529 00d4 636D     		ldr	r3, [r4, #84]
 3530 00d6 43F01003 		orr	r3, r3, #16
 3531 00da 6365     		str	r3, [r4, #84]
1828:Drivers/STM32F2xx_HAL_Driver/Src/stm32f2xx_hal_spi.c ****     return HAL_ERROR;
 3532              		.loc 1 1828 5 view .LVU1252
1828:Drivers/STM32F2xx_HAL_Driver/Src/stm32f2xx_hal_spi.c ****     return HAL_ERROR;
 3533              		.loc 1 1828 5 view .LVU1253
 3534 00dc 0023     		movs	r3, #0
 3535 00de 84F85030 		strb	r3, [r4, #80]
1828:Drivers/STM32F2xx_HAL_Driver/Src/stm32f2xx_hal_spi.c ****     return HAL_ERROR;
 3536              		.loc 1 1828 5 view .LVU1254
1829:Drivers/STM32F2xx_HAL_Driver/Src/stm32f2xx_hal_spi.c ****   }
 3537              		.loc 1 1829 5 view .LVU1255
1829:Drivers/STM32F2xx_HAL_Driver/Src/stm32f2xx_hal_spi.c ****   }
 3538              		.loc 1 1829 12 is_stmt 0 view .LVU1256
 3539 00e2 00E0     		b	.L235
 3540              	.LVL206:
 3541              	.L240:
1758:Drivers/STM32F2xx_HAL_Driver/Src/stm32f2xx_hal_spi.c ****   }
 3542              		.loc 1 1758 12 view .LVU1257
 3543 00e4 0225     		movs	r5, #2
 3544              	.LVL207:
ARM GAS  /var/folders/8x/_y6g3dfs0698dfd49y4vcg_w0000gn/T//ccpNuCLH.s 			page 152


 3545              	.L235:
1849:Drivers/STM32F2xx_HAL_Driver/Src/stm32f2xx_hal_spi.c **** 
 3546              		.loc 1 1849 1 view .LVU1258
 3547 00e6 2846     		mov	r0, r5
 3548 00e8 38BD     		pop	{r3, r4, r5, pc}
 3549              	.LVL208:
 3550              	.L241:
1778:Drivers/STM32F2xx_HAL_Driver/Src/stm32f2xx_hal_spi.c **** 
 3551              		.loc 1 1778 3 discriminator 1 view .LVU1259
 3552 00ea 0225     		movs	r5, #2
 3553 00ec FBE7     		b	.L235
 3554              	.L247:
 3555 00ee 00BF     		.align	2
 3556              	.L246:
 3557 00f0 00000000 		.word	SPI_DMAHalfReceiveCplt
 3558 00f4 00000000 		.word	SPI_DMAReceiveCplt
 3559 00f8 00000000 		.word	SPI_DMAError
 3560              		.cfi_endproc
 3561              	.LFE83:
 3563              		.section	.text.HAL_SPI_Abort,"ax",%progbits
 3564              		.align	1
 3565              		.global	HAL_SPI_Abort
 3566              		.syntax unified
 3567              		.thumb
 3568              		.thumb_func
 3570              	HAL_SPI_Abort:
 3571              	.LVL209:
 3572              	.LFB85:
2005:Drivers/STM32F2xx_HAL_Driver/Src/stm32f2xx_hal_spi.c ****   HAL_StatusTypeDef errorcode;
 3573              		.loc 1 2005 1 is_stmt 1 view -0
 3574              		.cfi_startproc
 3575              		@ args = 0, pretend = 0, frame = 16
 3576              		@ frame_needed = 0, uses_anonymous_args = 0
2005:Drivers/STM32F2xx_HAL_Driver/Src/stm32f2xx_hal_spi.c ****   HAL_StatusTypeDef errorcode;
 3577              		.loc 1 2005 1 is_stmt 0 view .LVU1261
 3578 0000 10B5     		push	{r4, lr}
 3579              	.LCFI43:
 3580              		.cfi_def_cfa_offset 8
 3581              		.cfi_offset 4, -8
 3582              		.cfi_offset 14, -4
 3583 0002 84B0     		sub	sp, sp, #16
 3584              	.LCFI44:
 3585              		.cfi_def_cfa_offset 24
 3586 0004 0446     		mov	r4, r0
2006:Drivers/STM32F2xx_HAL_Driver/Src/stm32f2xx_hal_spi.c ****   __IO uint32_t count;
 3587              		.loc 1 2006 3 is_stmt 1 view .LVU1262
2007:Drivers/STM32F2xx_HAL_Driver/Src/stm32f2xx_hal_spi.c ****   __IO uint32_t resetcount;
 3588              		.loc 1 2007 3 view .LVU1263
2008:Drivers/STM32F2xx_HAL_Driver/Src/stm32f2xx_hal_spi.c **** 
 3589              		.loc 1 2008 3 view .LVU1264
2011:Drivers/STM32F2xx_HAL_Driver/Src/stm32f2xx_hal_spi.c ****   resetcount = SPI_DEFAULT_TIMEOUT * (SystemCoreClock / 24U / 1000U);
 3590              		.loc 1 2011 3 view .LVU1265
 3591              	.LVL210:
2012:Drivers/STM32F2xx_HAL_Driver/Src/stm32f2xx_hal_spi.c ****   count = resetcount;
 3592              		.loc 1 2012 3 view .LVU1266
2012:Drivers/STM32F2xx_HAL_Driver/Src/stm32f2xx_hal_spi.c ****   count = resetcount;
 3593              		.loc 1 2012 61 is_stmt 0 view .LVU1267
ARM GAS  /var/folders/8x/_y6g3dfs0698dfd49y4vcg_w0000gn/T//ccpNuCLH.s 			page 153


 3594 0006 4B4B     		ldr	r3, .L269
 3595 0008 1B68     		ldr	r3, [r3]
 3596 000a 4B4A     		ldr	r2, .L269+4
 3597 000c A2FB0323 		umull	r2, r3, r2, r3
 3598 0010 5B0A     		lsrs	r3, r3, #9
2012:Drivers/STM32F2xx_HAL_Driver/Src/stm32f2xx_hal_spi.c ****   count = resetcount;
 3599              		.loc 1 2012 36 view .LVU1268
 3600 0012 6422     		movs	r2, #100
 3601 0014 02FB03F3 		mul	r3, r2, r3
2012:Drivers/STM32F2xx_HAL_Driver/Src/stm32f2xx_hal_spi.c ****   count = resetcount;
 3602              		.loc 1 2012 14 view .LVU1269
 3603 0018 0293     		str	r3, [sp, #8]
2013:Drivers/STM32F2xx_HAL_Driver/Src/stm32f2xx_hal_spi.c **** 
 3604              		.loc 1 2013 3 is_stmt 1 view .LVU1270
2013:Drivers/STM32F2xx_HAL_Driver/Src/stm32f2xx_hal_spi.c **** 
 3605              		.loc 1 2013 9 is_stmt 0 view .LVU1271
 3606 001a 029B     		ldr	r3, [sp, #8]
 3607 001c 0393     		str	r3, [sp, #12]
2016:Drivers/STM32F2xx_HAL_Driver/Src/stm32f2xx_hal_spi.c **** 
 3608              		.loc 1 2016 3 is_stmt 1 view .LVU1272
 3609 001e 0268     		ldr	r2, [r0]
 3610 0020 5368     		ldr	r3, [r2, #4]
 3611 0022 23F02003 		bic	r3, r3, #32
 3612 0026 5360     		str	r3, [r2, #4]
2019:Drivers/STM32F2xx_HAL_Driver/Src/stm32f2xx_hal_spi.c ****   {
 3613              		.loc 1 2019 3 view .LVU1273
2019:Drivers/STM32F2xx_HAL_Driver/Src/stm32f2xx_hal_spi.c ****   {
 3614              		.loc 1 2019 7 is_stmt 0 view .LVU1274
 3615 0028 0268     		ldr	r2, [r0]
 3616 002a 5368     		ldr	r3, [r2, #4]
2019:Drivers/STM32F2xx_HAL_Driver/Src/stm32f2xx_hal_spi.c ****   {
 3617              		.loc 1 2019 6 view .LVU1275
 3618 002c 13F0800F 		tst	r3, #128
 3619 0030 12D0     		beq	.L249
2021:Drivers/STM32F2xx_HAL_Driver/Src/stm32f2xx_hal_spi.c ****     /* Wait HAL_SPI_STATE_ABORT state */
 3620              		.loc 1 2021 5 is_stmt 1 view .LVU1276
2021:Drivers/STM32F2xx_HAL_Driver/Src/stm32f2xx_hal_spi.c ****     /* Wait HAL_SPI_STATE_ABORT state */
 3621              		.loc 1 2021 17 is_stmt 0 view .LVU1277
 3622 0032 424B     		ldr	r3, .L269+8
 3623 0034 4364     		str	r3, [r0, #68]
 3624              	.L252:
2023:Drivers/STM32F2xx_HAL_Driver/Src/stm32f2xx_hal_spi.c ****     {
 3625              		.loc 1 2023 5 is_stmt 1 view .LVU1278
2025:Drivers/STM32F2xx_HAL_Driver/Src/stm32f2xx_hal_spi.c ****       {
 3626              		.loc 1 2025 7 view .LVU1279
2025:Drivers/STM32F2xx_HAL_Driver/Src/stm32f2xx_hal_spi.c ****       {
 3627              		.loc 1 2025 17 is_stmt 0 view .LVU1280
 3628 0036 039B     		ldr	r3, [sp, #12]
2025:Drivers/STM32F2xx_HAL_Driver/Src/stm32f2xx_hal_spi.c ****       {
 3629              		.loc 1 2025 10 view .LVU1281
 3630 0038 43B1     		cbz	r3, .L266
2030:Drivers/STM32F2xx_HAL_Driver/Src/stm32f2xx_hal_spi.c ****     } while (hspi->State != HAL_SPI_STATE_ABORT);
 3631              		.loc 1 2030 7 is_stmt 1 view .LVU1282
2030:Drivers/STM32F2xx_HAL_Driver/Src/stm32f2xx_hal_spi.c ****     } while (hspi->State != HAL_SPI_STATE_ABORT);
 3632              		.loc 1 2030 12 is_stmt 0 view .LVU1283
 3633 003a 039B     		ldr	r3, [sp, #12]
 3634 003c 013B     		subs	r3, r3, #1
ARM GAS  /var/folders/8x/_y6g3dfs0698dfd49y4vcg_w0000gn/T//ccpNuCLH.s 			page 154


 3635 003e 0393     		str	r3, [sp, #12]
2031:Drivers/STM32F2xx_HAL_Driver/Src/stm32f2xx_hal_spi.c ****     /* Reset Timeout Counter */
 3636              		.loc 1 2031 26 is_stmt 1 view .LVU1284
2031:Drivers/STM32F2xx_HAL_Driver/Src/stm32f2xx_hal_spi.c ****     /* Reset Timeout Counter */
 3637              		.loc 1 2031 18 is_stmt 0 view .LVU1285
 3638 0040 94F85130 		ldrb	r3, [r4, #81]	@ zero_extendqisi2
 3639 0044 DBB2     		uxtb	r3, r3
2031:Drivers/STM32F2xx_HAL_Driver/Src/stm32f2xx_hal_spi.c ****     /* Reset Timeout Counter */
 3640              		.loc 1 2031 26 view .LVU1286
 3641 0046 072B     		cmp	r3, #7
 3642 0048 F5D1     		bne	.L252
 3643 004a 03E0     		b	.L251
 3644              	.L266:
2027:Drivers/STM32F2xx_HAL_Driver/Src/stm32f2xx_hal_spi.c ****         break;
 3645              		.loc 1 2027 9 is_stmt 1 view .LVU1287
 3646 004c 636D     		ldr	r3, [r4, #84]
 3647 004e 43F04003 		orr	r3, r3, #64
 3648 0052 6365     		str	r3, [r4, #84]
2028:Drivers/STM32F2xx_HAL_Driver/Src/stm32f2xx_hal_spi.c ****       }
 3649              		.loc 1 2028 9 view .LVU1288
 3650              	.L251:
2033:Drivers/STM32F2xx_HAL_Driver/Src/stm32f2xx_hal_spi.c ****   }
 3651              		.loc 1 2033 5 view .LVU1289
2033:Drivers/STM32F2xx_HAL_Driver/Src/stm32f2xx_hal_spi.c ****   }
 3652              		.loc 1 2033 11 is_stmt 0 view .LVU1290
 3653 0054 029B     		ldr	r3, [sp, #8]
 3654 0056 0393     		str	r3, [sp, #12]
 3655              	.L249:
2036:Drivers/STM32F2xx_HAL_Driver/Src/stm32f2xx_hal_spi.c ****   {
 3656              		.loc 1 2036 3 is_stmt 1 view .LVU1291
2036:Drivers/STM32F2xx_HAL_Driver/Src/stm32f2xx_hal_spi.c ****   {
 3657              		.loc 1 2036 7 is_stmt 0 view .LVU1292
 3658 0058 5368     		ldr	r3, [r2, #4]
2036:Drivers/STM32F2xx_HAL_Driver/Src/stm32f2xx_hal_spi.c ****   {
 3659              		.loc 1 2036 6 view .LVU1293
 3660 005a 13F0400F 		tst	r3, #64
 3661 005e 12D0     		beq	.L253
2038:Drivers/STM32F2xx_HAL_Driver/Src/stm32f2xx_hal_spi.c ****     /* Wait HAL_SPI_STATE_ABORT state */
 3662              		.loc 1 2038 5 is_stmt 1 view .LVU1294
2038:Drivers/STM32F2xx_HAL_Driver/Src/stm32f2xx_hal_spi.c ****     /* Wait HAL_SPI_STATE_ABORT state */
 3663              		.loc 1 2038 17 is_stmt 0 view .LVU1295
 3664 0060 374B     		ldr	r3, .L269+12
 3665 0062 2364     		str	r3, [r4, #64]
 3666              	.L256:
2040:Drivers/STM32F2xx_HAL_Driver/Src/stm32f2xx_hal_spi.c ****     {
 3667              		.loc 1 2040 5 is_stmt 1 view .LVU1296
2042:Drivers/STM32F2xx_HAL_Driver/Src/stm32f2xx_hal_spi.c ****       {
 3668              		.loc 1 2042 7 view .LVU1297
2042:Drivers/STM32F2xx_HAL_Driver/Src/stm32f2xx_hal_spi.c ****       {
 3669              		.loc 1 2042 17 is_stmt 0 view .LVU1298
 3670 0064 039B     		ldr	r3, [sp, #12]
2042:Drivers/STM32F2xx_HAL_Driver/Src/stm32f2xx_hal_spi.c ****       {
 3671              		.loc 1 2042 10 view .LVU1299
 3672 0066 43B1     		cbz	r3, .L267
2047:Drivers/STM32F2xx_HAL_Driver/Src/stm32f2xx_hal_spi.c ****     } while (hspi->State != HAL_SPI_STATE_ABORT);
 3673              		.loc 1 2047 7 is_stmt 1 view .LVU1300
2047:Drivers/STM32F2xx_HAL_Driver/Src/stm32f2xx_hal_spi.c ****     } while (hspi->State != HAL_SPI_STATE_ABORT);
ARM GAS  /var/folders/8x/_y6g3dfs0698dfd49y4vcg_w0000gn/T//ccpNuCLH.s 			page 155


 3674              		.loc 1 2047 12 is_stmt 0 view .LVU1301
 3675 0068 039B     		ldr	r3, [sp, #12]
 3676 006a 013B     		subs	r3, r3, #1
 3677 006c 0393     		str	r3, [sp, #12]
2048:Drivers/STM32F2xx_HAL_Driver/Src/stm32f2xx_hal_spi.c ****     /* Reset Timeout Counter */
 3678              		.loc 1 2048 26 is_stmt 1 view .LVU1302
2048:Drivers/STM32F2xx_HAL_Driver/Src/stm32f2xx_hal_spi.c ****     /* Reset Timeout Counter */
 3679              		.loc 1 2048 18 is_stmt 0 view .LVU1303
 3680 006e 94F85130 		ldrb	r3, [r4, #81]	@ zero_extendqisi2
 3681 0072 DBB2     		uxtb	r3, r3
2048:Drivers/STM32F2xx_HAL_Driver/Src/stm32f2xx_hal_spi.c ****     /* Reset Timeout Counter */
 3682              		.loc 1 2048 26 view .LVU1304
 3683 0074 072B     		cmp	r3, #7
 3684 0076 F5D1     		bne	.L256
 3685 0078 03E0     		b	.L255
 3686              	.L267:
2044:Drivers/STM32F2xx_HAL_Driver/Src/stm32f2xx_hal_spi.c ****         break;
 3687              		.loc 1 2044 9 is_stmt 1 view .LVU1305
 3688 007a 636D     		ldr	r3, [r4, #84]
 3689 007c 43F04003 		orr	r3, r3, #64
 3690 0080 6365     		str	r3, [r4, #84]
2045:Drivers/STM32F2xx_HAL_Driver/Src/stm32f2xx_hal_spi.c ****       }
 3691              		.loc 1 2045 9 view .LVU1306
 3692              	.L255:
2050:Drivers/STM32F2xx_HAL_Driver/Src/stm32f2xx_hal_spi.c ****   }
 3693              		.loc 1 2050 5 view .LVU1307
2050:Drivers/STM32F2xx_HAL_Driver/Src/stm32f2xx_hal_spi.c ****   }
 3694              		.loc 1 2050 11 is_stmt 0 view .LVU1308
 3695 0082 029B     		ldr	r3, [sp, #8]
 3696 0084 0393     		str	r3, [sp, #12]
 3697              	.L253:
2054:Drivers/STM32F2xx_HAL_Driver/Src/stm32f2xx_hal_spi.c ****   {
 3698              		.loc 1 2054 3 is_stmt 1 view .LVU1309
2054:Drivers/STM32F2xx_HAL_Driver/Src/stm32f2xx_hal_spi.c ****   {
 3699              		.loc 1 2054 7 is_stmt 0 view .LVU1310
 3700 0086 5368     		ldr	r3, [r2, #4]
2054:Drivers/STM32F2xx_HAL_Driver/Src/stm32f2xx_hal_spi.c ****   {
 3701              		.loc 1 2054 6 view .LVU1311
 3702 0088 13F0020F 		tst	r3, #2
 3703 008c 1DD0     		beq	.L257
2057:Drivers/STM32F2xx_HAL_Driver/Src/stm32f2xx_hal_spi.c ****     {
 3704              		.loc 1 2057 5 is_stmt 1 view .LVU1312
2057:Drivers/STM32F2xx_HAL_Driver/Src/stm32f2xx_hal_spi.c ****     {
 3705              		.loc 1 2057 13 is_stmt 0 view .LVU1313
 3706 008e A36C     		ldr	r3, [r4, #72]
2057:Drivers/STM32F2xx_HAL_Driver/Src/stm32f2xx_hal_spi.c ****     {
 3707              		.loc 1 2057 8 view .LVU1314
 3708 0090 DBB1     		cbz	r3, .L257
2061:Drivers/STM32F2xx_HAL_Driver/Src/stm32f2xx_hal_spi.c **** 
 3709              		.loc 1 2061 7 is_stmt 1 view .LVU1315
2061:Drivers/STM32F2xx_HAL_Driver/Src/stm32f2xx_hal_spi.c **** 
 3710              		.loc 1 2061 39 is_stmt 0 view .LVU1316
 3711 0092 0022     		movs	r2, #0
 3712 0094 1A65     		str	r2, [r3, #80]
2064:Drivers/STM32F2xx_HAL_Driver/Src/stm32f2xx_hal_spi.c ****       {
 3713              		.loc 1 2064 7 is_stmt 1 view .LVU1317
2064:Drivers/STM32F2xx_HAL_Driver/Src/stm32f2xx_hal_spi.c ****       {
ARM GAS  /var/folders/8x/_y6g3dfs0698dfd49y4vcg_w0000gn/T//ccpNuCLH.s 			page 156


 3714              		.loc 1 2064 11 is_stmt 0 view .LVU1318
 3715 0096 A06C     		ldr	r0, [r4, #72]
 3716              	.LVL211:
2064:Drivers/STM32F2xx_HAL_Driver/Src/stm32f2xx_hal_spi.c ****       {
 3717              		.loc 1 2064 11 view .LVU1319
 3718 0098 FFF7FEFF 		bl	HAL_DMA_Abort
 3719              	.LVL212:
2064:Drivers/STM32F2xx_HAL_Driver/Src/stm32f2xx_hal_spi.c ****       {
 3720              		.loc 1 2064 10 discriminator 1 view .LVU1320
 3721 009c 08B1     		cbz	r0, .L258
2066:Drivers/STM32F2xx_HAL_Driver/Src/stm32f2xx_hal_spi.c ****       }
 3722              		.loc 1 2066 9 is_stmt 1 view .LVU1321
2066:Drivers/STM32F2xx_HAL_Driver/Src/stm32f2xx_hal_spi.c ****       }
 3723              		.loc 1 2066 25 is_stmt 0 view .LVU1322
 3724 009e 4023     		movs	r3, #64
 3725 00a0 6365     		str	r3, [r4, #84]
 3726              	.L258:
2070:Drivers/STM32F2xx_HAL_Driver/Src/stm32f2xx_hal_spi.c **** 
 3727              		.loc 1 2070 7 is_stmt 1 view .LVU1323
 3728 00a2 2268     		ldr	r2, [r4]
 3729 00a4 5368     		ldr	r3, [r2, #4]
 3730 00a6 23F00203 		bic	r3, r3, #2
 3731 00aa 5360     		str	r3, [r2, #4]
 3732              	.L260:
2073:Drivers/STM32F2xx_HAL_Driver/Src/stm32f2xx_hal_spi.c ****       {
 3733              		.loc 1 2073 7 view .LVU1324
2075:Drivers/STM32F2xx_HAL_Driver/Src/stm32f2xx_hal_spi.c ****         {
 3734              		.loc 1 2075 9 view .LVU1325
2075:Drivers/STM32F2xx_HAL_Driver/Src/stm32f2xx_hal_spi.c ****         {
 3735              		.loc 1 2075 19 is_stmt 0 view .LVU1326
 3736 00ac 039B     		ldr	r3, [sp, #12]
2075:Drivers/STM32F2xx_HAL_Driver/Src/stm32f2xx_hal_spi.c ****         {
 3737              		.loc 1 2075 12 view .LVU1327
 3738 00ae 43B1     		cbz	r3, .L268
2080:Drivers/STM32F2xx_HAL_Driver/Src/stm32f2xx_hal_spi.c ****       } while ((hspi->Instance->SR & SPI_FLAG_TXE) == RESET);
 3739              		.loc 1 2080 9 is_stmt 1 view .LVU1328
2080:Drivers/STM32F2xx_HAL_Driver/Src/stm32f2xx_hal_spi.c ****       } while ((hspi->Instance->SR & SPI_FLAG_TXE) == RESET);
 3740              		.loc 1 2080 14 is_stmt 0 view .LVU1329
 3741 00b0 039B     		ldr	r3, [sp, #12]
 3742 00b2 013B     		subs	r3, r3, #1
 3743 00b4 0393     		str	r3, [sp, #12]
2081:Drivers/STM32F2xx_HAL_Driver/Src/stm32f2xx_hal_spi.c ****     }
 3744              		.loc 1 2081 52 is_stmt 1 view .LVU1330
2081:Drivers/STM32F2xx_HAL_Driver/Src/stm32f2xx_hal_spi.c ****     }
 3745              		.loc 1 2081 21 is_stmt 0 view .LVU1331
 3746 00b6 2368     		ldr	r3, [r4]
2081:Drivers/STM32F2xx_HAL_Driver/Src/stm32f2xx_hal_spi.c ****     }
 3747              		.loc 1 2081 31 view .LVU1332
 3748 00b8 9B68     		ldr	r3, [r3, #8]
2081:Drivers/STM32F2xx_HAL_Driver/Src/stm32f2xx_hal_spi.c ****     }
 3749              		.loc 1 2081 52 view .LVU1333
 3750 00ba 13F0020F 		tst	r3, #2
 3751 00be F5D0     		beq	.L260
 3752 00c0 03E0     		b	.L257
 3753              	.L268:
2077:Drivers/STM32F2xx_HAL_Driver/Src/stm32f2xx_hal_spi.c ****           break;
 3754              		.loc 1 2077 11 is_stmt 1 view .LVU1334
ARM GAS  /var/folders/8x/_y6g3dfs0698dfd49y4vcg_w0000gn/T//ccpNuCLH.s 			page 157


 3755 00c2 636D     		ldr	r3, [r4, #84]
 3756 00c4 43F04003 		orr	r3, r3, #64
 3757 00c8 6365     		str	r3, [r4, #84]
2078:Drivers/STM32F2xx_HAL_Driver/Src/stm32f2xx_hal_spi.c ****         }
 3758              		.loc 1 2078 11 view .LVU1335
 3759              	.L257:
2086:Drivers/STM32F2xx_HAL_Driver/Src/stm32f2xx_hal_spi.c ****   {
 3760              		.loc 1 2086 3 view .LVU1336
2086:Drivers/STM32F2xx_HAL_Driver/Src/stm32f2xx_hal_spi.c ****   {
 3761              		.loc 1 2086 7 is_stmt 0 view .LVU1337
 3762 00ca 2368     		ldr	r3, [r4]
 3763 00cc 5B68     		ldr	r3, [r3, #4]
2086:Drivers/STM32F2xx_HAL_Driver/Src/stm32f2xx_hal_spi.c ****   {
 3764              		.loc 1 2086 6 view .LVU1338
 3765 00ce 13F0010F 		tst	r3, #1
 3766 00d2 13D0     		beq	.L261
2089:Drivers/STM32F2xx_HAL_Driver/Src/stm32f2xx_hal_spi.c ****     {
 3767              		.loc 1 2089 5 is_stmt 1 view .LVU1339
2089:Drivers/STM32F2xx_HAL_Driver/Src/stm32f2xx_hal_spi.c ****     {
 3768              		.loc 1 2089 13 is_stmt 0 view .LVU1340
 3769 00d4 E36C     		ldr	r3, [r4, #76]
2089:Drivers/STM32F2xx_HAL_Driver/Src/stm32f2xx_hal_spi.c ****     {
 3770              		.loc 1 2089 8 view .LVU1341
 3771 00d6 8BB1     		cbz	r3, .L261
2093:Drivers/STM32F2xx_HAL_Driver/Src/stm32f2xx_hal_spi.c **** 
 3772              		.loc 1 2093 7 is_stmt 1 view .LVU1342
2093:Drivers/STM32F2xx_HAL_Driver/Src/stm32f2xx_hal_spi.c **** 
 3773              		.loc 1 2093 39 is_stmt 0 view .LVU1343
 3774 00d8 0022     		movs	r2, #0
 3775 00da 1A65     		str	r2, [r3, #80]
2096:Drivers/STM32F2xx_HAL_Driver/Src/stm32f2xx_hal_spi.c ****       {
 3776              		.loc 1 2096 7 is_stmt 1 view .LVU1344
2096:Drivers/STM32F2xx_HAL_Driver/Src/stm32f2xx_hal_spi.c ****       {
 3777              		.loc 1 2096 11 is_stmt 0 view .LVU1345
 3778 00dc E06C     		ldr	r0, [r4, #76]
 3779 00de FFF7FEFF 		bl	HAL_DMA_Abort
 3780              	.LVL213:
2096:Drivers/STM32F2xx_HAL_Driver/Src/stm32f2xx_hal_spi.c ****       {
 3781              		.loc 1 2096 10 discriminator 1 view .LVU1346
 3782 00e2 08B1     		cbz	r0, .L262
2098:Drivers/STM32F2xx_HAL_Driver/Src/stm32f2xx_hal_spi.c ****       }
 3783              		.loc 1 2098 9 is_stmt 1 view .LVU1347
2098:Drivers/STM32F2xx_HAL_Driver/Src/stm32f2xx_hal_spi.c ****       }
 3784              		.loc 1 2098 25 is_stmt 0 view .LVU1348
 3785 00e4 4023     		movs	r3, #64
 3786 00e6 6365     		str	r3, [r4, #84]
 3787              	.L262:
2102:Drivers/STM32F2xx_HAL_Driver/Src/stm32f2xx_hal_spi.c **** 
 3788              		.loc 1 2102 7 is_stmt 1 view .LVU1349
 3789 00e8 2268     		ldr	r2, [r4]
 3790 00ea 1368     		ldr	r3, [r2]
 3791 00ec 23F04003 		bic	r3, r3, #64
 3792 00f0 1360     		str	r3, [r2]
2105:Drivers/STM32F2xx_HAL_Driver/Src/stm32f2xx_hal_spi.c ****     }
 3793              		.loc 1 2105 7 view .LVU1350
 3794 00f2 2268     		ldr	r2, [r4]
 3795 00f4 5368     		ldr	r3, [r2, #4]
ARM GAS  /var/folders/8x/_y6g3dfs0698dfd49y4vcg_w0000gn/T//ccpNuCLH.s 			page 158


 3796 00f6 23F00103 		bic	r3, r3, #1
 3797 00fa 5360     		str	r3, [r2, #4]
 3798              	.L261:
2109:Drivers/STM32F2xx_HAL_Driver/Src/stm32f2xx_hal_spi.c ****   hspi->TxXferCount = 0U;
 3799              		.loc 1 2109 3 view .LVU1351
2109:Drivers/STM32F2xx_HAL_Driver/Src/stm32f2xx_hal_spi.c ****   hspi->TxXferCount = 0U;
 3800              		.loc 1 2109 21 is_stmt 0 view .LVU1352
 3801 00fc 0023     		movs	r3, #0
 3802 00fe E387     		strh	r3, [r4, #62]	@ movhi
2110:Drivers/STM32F2xx_HAL_Driver/Src/stm32f2xx_hal_spi.c **** 
 3803              		.loc 1 2110 3 is_stmt 1 view .LVU1353
2110:Drivers/STM32F2xx_HAL_Driver/Src/stm32f2xx_hal_spi.c **** 
 3804              		.loc 1 2110 21 is_stmt 0 view .LVU1354
 3805 0100 E386     		strh	r3, [r4, #54]	@ movhi
2113:Drivers/STM32F2xx_HAL_Driver/Src/stm32f2xx_hal_spi.c ****   {
 3806              		.loc 1 2113 3 is_stmt 1 view .LVU1355
2113:Drivers/STM32F2xx_HAL_Driver/Src/stm32f2xx_hal_spi.c ****   {
 3807              		.loc 1 2113 11 is_stmt 0 view .LVU1356
 3808 0102 636D     		ldr	r3, [r4, #84]
2113:Drivers/STM32F2xx_HAL_Driver/Src/stm32f2xx_hal_spi.c ****   {
 3809              		.loc 1 2113 6 view .LVU1357
 3810 0104 402B     		cmp	r3, #64
 3811 0106 12D0     		beq	.L264
2121:Drivers/STM32F2xx_HAL_Driver/Src/stm32f2xx_hal_spi.c ****   }
 3812              		.loc 1 2121 5 is_stmt 1 view .LVU1358
2121:Drivers/STM32F2xx_HAL_Driver/Src/stm32f2xx_hal_spi.c ****   }
 3813              		.loc 1 2121 21 is_stmt 0 view .LVU1359
 3814 0108 0020     		movs	r0, #0
 3815 010a 6065     		str	r0, [r4, #84]
 3816              	.L263:
 3817              	.LVL214:
2125:Drivers/STM32F2xx_HAL_Driver/Src/stm32f2xx_hal_spi.c ****   __HAL_SPI_CLEAR_FREFLAG(hspi);
 3818              		.loc 1 2125 3 is_stmt 1 view .LVU1360
 3819              	.LBB4:
2125:Drivers/STM32F2xx_HAL_Driver/Src/stm32f2xx_hal_spi.c ****   __HAL_SPI_CLEAR_FREFLAG(hspi);
 3820              		.loc 1 2125 3 view .LVU1361
 3821 010c 0022     		movs	r2, #0
 3822 010e 0092     		str	r2, [sp]
2125:Drivers/STM32F2xx_HAL_Driver/Src/stm32f2xx_hal_spi.c ****   __HAL_SPI_CLEAR_FREFLAG(hspi);
 3823              		.loc 1 2125 3 view .LVU1362
 3824 0110 2368     		ldr	r3, [r4]
 3825 0112 D968     		ldr	r1, [r3, #12]
 3826 0114 0091     		str	r1, [sp]
2125:Drivers/STM32F2xx_HAL_Driver/Src/stm32f2xx_hal_spi.c ****   __HAL_SPI_CLEAR_FREFLAG(hspi);
 3827              		.loc 1 2125 3 view .LVU1363
 3828 0116 9968     		ldr	r1, [r3, #8]
 3829 0118 0091     		str	r1, [sp]
2125:Drivers/STM32F2xx_HAL_Driver/Src/stm32f2xx_hal_spi.c ****   __HAL_SPI_CLEAR_FREFLAG(hspi);
 3830              		.loc 1 2125 3 view .LVU1364
 3831 011a 0099     		ldr	r1, [sp]
 3832              	.LBE4:
2125:Drivers/STM32F2xx_HAL_Driver/Src/stm32f2xx_hal_spi.c ****   __HAL_SPI_CLEAR_FREFLAG(hspi);
 3833              		.loc 1 2125 3 view .LVU1365
2126:Drivers/STM32F2xx_HAL_Driver/Src/stm32f2xx_hal_spi.c **** 
 3834              		.loc 1 2126 3 view .LVU1366
 3835              	.LBB5:
2126:Drivers/STM32F2xx_HAL_Driver/Src/stm32f2xx_hal_spi.c **** 
ARM GAS  /var/folders/8x/_y6g3dfs0698dfd49y4vcg_w0000gn/T//ccpNuCLH.s 			page 159


 3836              		.loc 1 2126 3 view .LVU1367
 3837 011c 0192     		str	r2, [sp, #4]
2126:Drivers/STM32F2xx_HAL_Driver/Src/stm32f2xx_hal_spi.c **** 
 3838              		.loc 1 2126 3 view .LVU1368
 3839 011e 9B68     		ldr	r3, [r3, #8]
 3840 0120 0193     		str	r3, [sp, #4]
2126:Drivers/STM32F2xx_HAL_Driver/Src/stm32f2xx_hal_spi.c **** 
 3841              		.loc 1 2126 3 view .LVU1369
 3842 0122 019B     		ldr	r3, [sp, #4]
 3843              	.LBE5:
2126:Drivers/STM32F2xx_HAL_Driver/Src/stm32f2xx_hal_spi.c **** 
 3844              		.loc 1 2126 3 view .LVU1370
2129:Drivers/STM32F2xx_HAL_Driver/Src/stm32f2xx_hal_spi.c **** 
 3845              		.loc 1 2129 3 view .LVU1371
2129:Drivers/STM32F2xx_HAL_Driver/Src/stm32f2xx_hal_spi.c **** 
 3846              		.loc 1 2129 15 is_stmt 0 view .LVU1372
 3847 0124 0123     		movs	r3, #1
 3848 0126 84F85130 		strb	r3, [r4, #81]
2131:Drivers/STM32F2xx_HAL_Driver/Src/stm32f2xx_hal_spi.c **** }
 3849              		.loc 1 2131 3 is_stmt 1 view .LVU1373
2132:Drivers/STM32F2xx_HAL_Driver/Src/stm32f2xx_hal_spi.c **** 
 3850              		.loc 1 2132 1 is_stmt 0 view .LVU1374
 3851 012a 04B0     		add	sp, sp, #16
 3852              	.LCFI45:
 3853              		.cfi_remember_state
 3854              		.cfi_def_cfa_offset 8
 3855              		@ sp needed
 3856 012c 10BD     		pop	{r4, pc}
 3857              	.LVL215:
 3858              	.L264:
 3859              	.LCFI46:
 3860              		.cfi_restore_state
2116:Drivers/STM32F2xx_HAL_Driver/Src/stm32f2xx_hal_spi.c ****   }
 3861              		.loc 1 2116 15 view .LVU1375
 3862 012e 0120     		movs	r0, #1
 3863 0130 ECE7     		b	.L263
 3864              	.L270:
 3865 0132 00BF     		.align	2
 3866              	.L269:
 3867 0134 00000000 		.word	SystemCoreClock
 3868 0138 F1197605 		.word	91625969
 3869 013c 00000000 		.word	SPI_AbortTx_ISR
 3870 0140 00000000 		.word	SPI_AbortRx_ISR
 3871              		.cfi_endproc
 3872              	.LFE85:
 3874              		.section	.text.HAL_SPI_DMAPause,"ax",%progbits
 3875              		.align	1
 3876              		.global	HAL_SPI_DMAPause
 3877              		.syntax unified
 3878              		.thumb
 3879              		.thumb_func
 3881              	HAL_SPI_DMAPause:
 3882              	.LVL216:
 3883              	.LFB87:
2311:Drivers/STM32F2xx_HAL_Driver/Src/stm32f2xx_hal_spi.c ****   /* Process Locked */
 3884              		.loc 1 2311 1 is_stmt 1 view -0
 3885              		.cfi_startproc
ARM GAS  /var/folders/8x/_y6g3dfs0698dfd49y4vcg_w0000gn/T//ccpNuCLH.s 			page 160


 3886              		@ args = 0, pretend = 0, frame = 0
 3887              		@ frame_needed = 0, uses_anonymous_args = 0
 3888              		@ link register save eliminated.
2313:Drivers/STM32F2xx_HAL_Driver/Src/stm32f2xx_hal_spi.c **** 
 3889              		.loc 1 2313 3 view .LVU1377
2313:Drivers/STM32F2xx_HAL_Driver/Src/stm32f2xx_hal_spi.c **** 
 3890              		.loc 1 2313 3 view .LVU1378
 3891 0000 90F85030 		ldrb	r3, [r0, #80]	@ zero_extendqisi2
 3892 0004 012B     		cmp	r3, #1
 3893 0006 0CD0     		beq	.L273
2313:Drivers/STM32F2xx_HAL_Driver/Src/stm32f2xx_hal_spi.c **** 
 3894              		.loc 1 2313 3 discriminator 2 view .LVU1379
 3895 0008 0123     		movs	r3, #1
 3896 000a 80F85030 		strb	r3, [r0, #80]
2313:Drivers/STM32F2xx_HAL_Driver/Src/stm32f2xx_hal_spi.c **** 
 3897              		.loc 1 2313 3 discriminator 2 view .LVU1380
2316:Drivers/STM32F2xx_HAL_Driver/Src/stm32f2xx_hal_spi.c **** 
 3898              		.loc 1 2316 3 view .LVU1381
 3899 000e 0268     		ldr	r2, [r0]
 3900 0010 5368     		ldr	r3, [r2, #4]
 3901 0012 23F00303 		bic	r3, r3, #3
 3902 0016 5360     		str	r3, [r2, #4]
2319:Drivers/STM32F2xx_HAL_Driver/Src/stm32f2xx_hal_spi.c **** 
 3903              		.loc 1 2319 3 view .LVU1382
2319:Drivers/STM32F2xx_HAL_Driver/Src/stm32f2xx_hal_spi.c **** 
 3904              		.loc 1 2319 3 view .LVU1383
 3905 0018 0023     		movs	r3, #0
 3906 001a 80F85030 		strb	r3, [r0, #80]
2319:Drivers/STM32F2xx_HAL_Driver/Src/stm32f2xx_hal_spi.c **** 
 3907              		.loc 1 2319 3 view .LVU1384
2321:Drivers/STM32F2xx_HAL_Driver/Src/stm32f2xx_hal_spi.c **** }
 3908              		.loc 1 2321 3 view .LVU1385
2321:Drivers/STM32F2xx_HAL_Driver/Src/stm32f2xx_hal_spi.c **** }
 3909              		.loc 1 2321 10 is_stmt 0 view .LVU1386
 3910 001e 1846     		mov	r0, r3
 3911              	.LVL217:
2321:Drivers/STM32F2xx_HAL_Driver/Src/stm32f2xx_hal_spi.c **** }
 3912              		.loc 1 2321 10 view .LVU1387
 3913 0020 7047     		bx	lr
 3914              	.LVL218:
 3915              	.L273:
2313:Drivers/STM32F2xx_HAL_Driver/Src/stm32f2xx_hal_spi.c **** 
 3916              		.loc 1 2313 3 discriminator 1 view .LVU1388
 3917 0022 0220     		movs	r0, #2
 3918              	.LVL219:
2322:Drivers/STM32F2xx_HAL_Driver/Src/stm32f2xx_hal_spi.c **** 
 3919              		.loc 1 2322 1 view .LVU1389
 3920 0024 7047     		bx	lr
 3921              		.cfi_endproc
 3922              	.LFE87:
 3924              		.section	.text.HAL_SPI_DMAResume,"ax",%progbits
 3925              		.align	1
 3926              		.global	HAL_SPI_DMAResume
 3927              		.syntax unified
 3928              		.thumb
 3929              		.thumb_func
 3931              	HAL_SPI_DMAResume:
ARM GAS  /var/folders/8x/_y6g3dfs0698dfd49y4vcg_w0000gn/T//ccpNuCLH.s 			page 161


 3932              	.LVL220:
 3933              	.LFB88:
2331:Drivers/STM32F2xx_HAL_Driver/Src/stm32f2xx_hal_spi.c ****   /* Process Locked */
 3934              		.loc 1 2331 1 is_stmt 1 view -0
 3935              		.cfi_startproc
 3936              		@ args = 0, pretend = 0, frame = 0
 3937              		@ frame_needed = 0, uses_anonymous_args = 0
 3938              		@ link register save eliminated.
2333:Drivers/STM32F2xx_HAL_Driver/Src/stm32f2xx_hal_spi.c **** 
 3939              		.loc 1 2333 3 view .LVU1391
2333:Drivers/STM32F2xx_HAL_Driver/Src/stm32f2xx_hal_spi.c **** 
 3940              		.loc 1 2333 3 view .LVU1392
 3941 0000 90F85030 		ldrb	r3, [r0, #80]	@ zero_extendqisi2
 3942 0004 012B     		cmp	r3, #1
 3943 0006 0CD0     		beq	.L276
2333:Drivers/STM32F2xx_HAL_Driver/Src/stm32f2xx_hal_spi.c **** 
 3944              		.loc 1 2333 3 discriminator 2 view .LVU1393
 3945 0008 0123     		movs	r3, #1
 3946 000a 80F85030 		strb	r3, [r0, #80]
2333:Drivers/STM32F2xx_HAL_Driver/Src/stm32f2xx_hal_spi.c **** 
 3947              		.loc 1 2333 3 discriminator 2 view .LVU1394
2336:Drivers/STM32F2xx_HAL_Driver/Src/stm32f2xx_hal_spi.c **** 
 3948              		.loc 1 2336 3 view .LVU1395
 3949 000e 0268     		ldr	r2, [r0]
 3950 0010 5368     		ldr	r3, [r2, #4]
 3951 0012 43F00303 		orr	r3, r3, #3
 3952 0016 5360     		str	r3, [r2, #4]
2339:Drivers/STM32F2xx_HAL_Driver/Src/stm32f2xx_hal_spi.c **** 
 3953              		.loc 1 2339 3 view .LVU1396
2339:Drivers/STM32F2xx_HAL_Driver/Src/stm32f2xx_hal_spi.c **** 
 3954              		.loc 1 2339 3 view .LVU1397
 3955 0018 0023     		movs	r3, #0
 3956 001a 80F85030 		strb	r3, [r0, #80]
2339:Drivers/STM32F2xx_HAL_Driver/Src/stm32f2xx_hal_spi.c **** 
 3957              		.loc 1 2339 3 view .LVU1398
2341:Drivers/STM32F2xx_HAL_Driver/Src/stm32f2xx_hal_spi.c **** }
 3958              		.loc 1 2341 3 view .LVU1399
2341:Drivers/STM32F2xx_HAL_Driver/Src/stm32f2xx_hal_spi.c **** }
 3959              		.loc 1 2341 10 is_stmt 0 view .LVU1400
 3960 001e 1846     		mov	r0, r3
 3961              	.LVL221:
2341:Drivers/STM32F2xx_HAL_Driver/Src/stm32f2xx_hal_spi.c **** }
 3962              		.loc 1 2341 10 view .LVU1401
 3963 0020 7047     		bx	lr
 3964              	.LVL222:
 3965              	.L276:
2333:Drivers/STM32F2xx_HAL_Driver/Src/stm32f2xx_hal_spi.c **** 
 3966              		.loc 1 2333 3 discriminator 1 view .LVU1402
 3967 0022 0220     		movs	r0, #2
 3968              	.LVL223:
2342:Drivers/STM32F2xx_HAL_Driver/Src/stm32f2xx_hal_spi.c **** 
 3969              		.loc 1 2342 1 view .LVU1403
 3970 0024 7047     		bx	lr
 3971              		.cfi_endproc
 3972              	.LFE88:
 3974              		.section	.text.HAL_SPI_DMAStop,"ax",%progbits
 3975              		.align	1
ARM GAS  /var/folders/8x/_y6g3dfs0698dfd49y4vcg_w0000gn/T//ccpNuCLH.s 			page 162


 3976              		.global	HAL_SPI_DMAStop
 3977              		.syntax unified
 3978              		.thumb
 3979              		.thumb_func
 3981              	HAL_SPI_DMAStop:
 3982              	.LVL224:
 3983              	.LFB89:
2351:Drivers/STM32F2xx_HAL_Driver/Src/stm32f2xx_hal_spi.c ****   HAL_StatusTypeDef errorcode = HAL_OK;
 3984              		.loc 1 2351 1 is_stmt 1 view -0
 3985              		.cfi_startproc
 3986              		@ args = 0, pretend = 0, frame = 0
 3987              		@ frame_needed = 0, uses_anonymous_args = 0
2351:Drivers/STM32F2xx_HAL_Driver/Src/stm32f2xx_hal_spi.c ****   HAL_StatusTypeDef errorcode = HAL_OK;
 3988              		.loc 1 2351 1 is_stmt 0 view .LVU1405
 3989 0000 38B5     		push	{r3, r4, r5, lr}
 3990              	.LCFI47:
 3991              		.cfi_def_cfa_offset 16
 3992              		.cfi_offset 3, -16
 3993              		.cfi_offset 4, -12
 3994              		.cfi_offset 5, -8
 3995              		.cfi_offset 14, -4
 3996 0002 0446     		mov	r4, r0
2352:Drivers/STM32F2xx_HAL_Driver/Src/stm32f2xx_hal_spi.c ****   /* The Lock is not implemented on this API to allow the user application
 3997              		.loc 1 2352 3 is_stmt 1 view .LVU1406
 3998              	.LVL225:
2362:Drivers/STM32F2xx_HAL_Driver/Src/stm32f2xx_hal_spi.c ****   {
 3999              		.loc 1 2362 3 view .LVU1407
2362:Drivers/STM32F2xx_HAL_Driver/Src/stm32f2xx_hal_spi.c ****   {
 4000              		.loc 1 2362 11 is_stmt 0 view .LVU1408
 4001 0004 806C     		ldr	r0, [r0, #72]
 4002              	.LVL226:
2362:Drivers/STM32F2xx_HAL_Driver/Src/stm32f2xx_hal_spi.c ****   {
 4003              		.loc 1 2362 6 view .LVU1409
 4004 0006 48B1     		cbz	r0, .L280
2364:Drivers/STM32F2xx_HAL_Driver/Src/stm32f2xx_hal_spi.c ****     {
 4005              		.loc 1 2364 5 is_stmt 1 view .LVU1410
2364:Drivers/STM32F2xx_HAL_Driver/Src/stm32f2xx_hal_spi.c ****     {
 4006              		.loc 1 2364 19 is_stmt 0 view .LVU1411
 4007 0008 FFF7FEFF 		bl	HAL_DMA_Abort
 4008              	.LVL227:
2364:Drivers/STM32F2xx_HAL_Driver/Src/stm32f2xx_hal_spi.c ****     {
 4009              		.loc 1 2364 8 discriminator 1 view .LVU1412
 4010 000c 0546     		mov	r5, r0
 4011 000e 30B1     		cbz	r0, .L278
2366:Drivers/STM32F2xx_HAL_Driver/Src/stm32f2xx_hal_spi.c ****       errorcode = HAL_ERROR;
 4012              		.loc 1 2366 7 is_stmt 1 view .LVU1413
 4013 0010 636D     		ldr	r3, [r4, #84]
 4014 0012 43F01003 		orr	r3, r3, #16
 4015 0016 6365     		str	r3, [r4, #84]
2367:Drivers/STM32F2xx_HAL_Driver/Src/stm32f2xx_hal_spi.c ****     }
 4016              		.loc 1 2367 7 view .LVU1414
 4017              	.LVL228:
2367:Drivers/STM32F2xx_HAL_Driver/Src/stm32f2xx_hal_spi.c ****     }
 4018              		.loc 1 2367 17 is_stmt 0 view .LVU1415
 4019 0018 0125     		movs	r5, #1
 4020 001a 00E0     		b	.L278
 4021              	.LVL229:
ARM GAS  /var/folders/8x/_y6g3dfs0698dfd49y4vcg_w0000gn/T//ccpNuCLH.s 			page 163


 4022              	.L280:
2352:Drivers/STM32F2xx_HAL_Driver/Src/stm32f2xx_hal_spi.c ****   /* The Lock is not implemented on this API to allow the user application
 4023              		.loc 1 2352 21 view .LVU1416
 4024 001c 0025     		movs	r5, #0
 4025              	.LVL230:
 4026              	.L278:
2371:Drivers/STM32F2xx_HAL_Driver/Src/stm32f2xx_hal_spi.c ****   {
 4027              		.loc 1 2371 3 is_stmt 1 view .LVU1417
2371:Drivers/STM32F2xx_HAL_Driver/Src/stm32f2xx_hal_spi.c ****   {
 4028              		.loc 1 2371 11 is_stmt 0 view .LVU1418
 4029 001e E06C     		ldr	r0, [r4, #76]
2371:Drivers/STM32F2xx_HAL_Driver/Src/stm32f2xx_hal_spi.c ****   {
 4030              		.loc 1 2371 6 view .LVU1419
 4031 0020 38B1     		cbz	r0, .L279
2373:Drivers/STM32F2xx_HAL_Driver/Src/stm32f2xx_hal_spi.c ****     {
 4032              		.loc 1 2373 5 is_stmt 1 view .LVU1420
2373:Drivers/STM32F2xx_HAL_Driver/Src/stm32f2xx_hal_spi.c ****     {
 4033              		.loc 1 2373 19 is_stmt 0 view .LVU1421
 4034 0022 FFF7FEFF 		bl	HAL_DMA_Abort
 4035              	.LVL231:
2373:Drivers/STM32F2xx_HAL_Driver/Src/stm32f2xx_hal_spi.c ****     {
 4036              		.loc 1 2373 8 discriminator 1 view .LVU1422
 4037 0026 20B1     		cbz	r0, .L279
2375:Drivers/STM32F2xx_HAL_Driver/Src/stm32f2xx_hal_spi.c ****       errorcode = HAL_ERROR;
 4038              		.loc 1 2375 7 is_stmt 1 view .LVU1423
 4039 0028 636D     		ldr	r3, [r4, #84]
 4040 002a 43F01003 		orr	r3, r3, #16
 4041 002e 6365     		str	r3, [r4, #84]
2376:Drivers/STM32F2xx_HAL_Driver/Src/stm32f2xx_hal_spi.c ****     }
 4042              		.loc 1 2376 7 view .LVU1424
 4043              	.LVL232:
2376:Drivers/STM32F2xx_HAL_Driver/Src/stm32f2xx_hal_spi.c ****     }
 4044              		.loc 1 2376 17 is_stmt 0 view .LVU1425
 4045 0030 0125     		movs	r5, #1
 4046              	.LVL233:
 4047              	.L279:
2381:Drivers/STM32F2xx_HAL_Driver/Src/stm32f2xx_hal_spi.c ****   hspi->State = HAL_SPI_STATE_READY;
 4048              		.loc 1 2381 3 is_stmt 1 view .LVU1426
 4049 0032 2268     		ldr	r2, [r4]
 4050 0034 5368     		ldr	r3, [r2, #4]
 4051 0036 23F00303 		bic	r3, r3, #3
 4052 003a 5360     		str	r3, [r2, #4]
2382:Drivers/STM32F2xx_HAL_Driver/Src/stm32f2xx_hal_spi.c ****   return errorcode;
 4053              		.loc 1 2382 3 view .LVU1427
2382:Drivers/STM32F2xx_HAL_Driver/Src/stm32f2xx_hal_spi.c ****   return errorcode;
 4054              		.loc 1 2382 15 is_stmt 0 view .LVU1428
 4055 003c 0123     		movs	r3, #1
 4056 003e 84F85130 		strb	r3, [r4, #81]
2383:Drivers/STM32F2xx_HAL_Driver/Src/stm32f2xx_hal_spi.c **** }
 4057              		.loc 1 2383 3 is_stmt 1 view .LVU1429
2384:Drivers/STM32F2xx_HAL_Driver/Src/stm32f2xx_hal_spi.c **** 
 4058              		.loc 1 2384 1 is_stmt 0 view .LVU1430
 4059 0042 2846     		mov	r0, r5
 4060 0044 38BD     		pop	{r3, r4, r5, pc}
2384:Drivers/STM32F2xx_HAL_Driver/Src/stm32f2xx_hal_spi.c **** 
 4061              		.loc 1 2384 1 view .LVU1431
 4062              		.cfi_endproc
ARM GAS  /var/folders/8x/_y6g3dfs0698dfd49y4vcg_w0000gn/T//ccpNuCLH.s 			page 164


 4063              	.LFE89:
 4065              		.section	.text.HAL_SPI_TxCpltCallback,"ax",%progbits
 4066              		.align	1
 4067              		.weak	HAL_SPI_TxCpltCallback
 4068              		.syntax unified
 4069              		.thumb
 4070              		.thumb_func
 4072              	HAL_SPI_TxCpltCallback:
 4073              	.LVL234:
 4074              	.LFB91:
2500:Drivers/STM32F2xx_HAL_Driver/Src/stm32f2xx_hal_spi.c ****   /* Prevent unused argument(s) compilation warning */
 4075              		.loc 1 2500 1 is_stmt 1 view -0
 4076              		.cfi_startproc
 4077              		@ args = 0, pretend = 0, frame = 0
 4078              		@ frame_needed = 0, uses_anonymous_args = 0
 4079              		@ link register save eliminated.
2502:Drivers/STM32F2xx_HAL_Driver/Src/stm32f2xx_hal_spi.c **** 
 4080              		.loc 1 2502 3 view .LVU1433
2507:Drivers/STM32F2xx_HAL_Driver/Src/stm32f2xx_hal_spi.c **** 
 4081              		.loc 1 2507 1 is_stmt 0 view .LVU1434
 4082 0000 7047     		bx	lr
 4083              		.cfi_endproc
 4084              	.LFE91:
 4086              		.section	.text.HAL_SPI_RxCpltCallback,"ax",%progbits
 4087              		.align	1
 4088              		.weak	HAL_SPI_RxCpltCallback
 4089              		.syntax unified
 4090              		.thumb
 4091              		.thumb_func
 4093              	HAL_SPI_RxCpltCallback:
 4094              	.LVL235:
 4095              	.LFB92:
2516:Drivers/STM32F2xx_HAL_Driver/Src/stm32f2xx_hal_spi.c ****   /* Prevent unused argument(s) compilation warning */
 4096              		.loc 1 2516 1 is_stmt 1 view -0
 4097              		.cfi_startproc
 4098              		@ args = 0, pretend = 0, frame = 0
 4099              		@ frame_needed = 0, uses_anonymous_args = 0
 4100              		@ link register save eliminated.
2518:Drivers/STM32F2xx_HAL_Driver/Src/stm32f2xx_hal_spi.c **** 
 4101              		.loc 1 2518 3 view .LVU1436
2523:Drivers/STM32F2xx_HAL_Driver/Src/stm32f2xx_hal_spi.c **** 
 4102              		.loc 1 2523 1 is_stmt 0 view .LVU1437
 4103 0000 7047     		bx	lr
 4104              		.cfi_endproc
 4105              	.LFE92:
 4107              		.section	.text.HAL_SPI_TxRxCpltCallback,"ax",%progbits
 4108              		.align	1
 4109              		.weak	HAL_SPI_TxRxCpltCallback
 4110              		.syntax unified
 4111              		.thumb
 4112              		.thumb_func
 4114              	HAL_SPI_TxRxCpltCallback:
 4115              	.LVL236:
 4116              	.LFB93:
2532:Drivers/STM32F2xx_HAL_Driver/Src/stm32f2xx_hal_spi.c ****   /* Prevent unused argument(s) compilation warning */
 4117              		.loc 1 2532 1 is_stmt 1 view -0
 4118              		.cfi_startproc
ARM GAS  /var/folders/8x/_y6g3dfs0698dfd49y4vcg_w0000gn/T//ccpNuCLH.s 			page 165


 4119              		@ args = 0, pretend = 0, frame = 0
 4120              		@ frame_needed = 0, uses_anonymous_args = 0
 4121              		@ link register save eliminated.
2534:Drivers/STM32F2xx_HAL_Driver/Src/stm32f2xx_hal_spi.c **** 
 4122              		.loc 1 2534 3 view .LVU1439
2539:Drivers/STM32F2xx_HAL_Driver/Src/stm32f2xx_hal_spi.c **** 
 4123              		.loc 1 2539 1 is_stmt 0 view .LVU1440
 4124 0000 7047     		bx	lr
 4125              		.cfi_endproc
 4126              	.LFE93:
 4128              		.section	.text.HAL_SPI_TxHalfCpltCallback,"ax",%progbits
 4129              		.align	1
 4130              		.weak	HAL_SPI_TxHalfCpltCallback
 4131              		.syntax unified
 4132              		.thumb
 4133              		.thumb_func
 4135              	HAL_SPI_TxHalfCpltCallback:
 4136              	.LVL237:
 4137              	.LFB94:
2548:Drivers/STM32F2xx_HAL_Driver/Src/stm32f2xx_hal_spi.c ****   /* Prevent unused argument(s) compilation warning */
 4138              		.loc 1 2548 1 is_stmt 1 view -0
 4139              		.cfi_startproc
 4140              		@ args = 0, pretend = 0, frame = 0
 4141              		@ frame_needed = 0, uses_anonymous_args = 0
 4142              		@ link register save eliminated.
2550:Drivers/STM32F2xx_HAL_Driver/Src/stm32f2xx_hal_spi.c **** 
 4143              		.loc 1 2550 3 view .LVU1442
2555:Drivers/STM32F2xx_HAL_Driver/Src/stm32f2xx_hal_spi.c **** 
 4144              		.loc 1 2555 1 is_stmt 0 view .LVU1443
 4145 0000 7047     		bx	lr
 4146              		.cfi_endproc
 4147              	.LFE94:
 4149              		.section	.text.SPI_DMAHalfTransmitCplt,"ax",%progbits
 4150              		.align	1
 4151              		.syntax unified
 4152              		.thumb
 4153              		.thumb_func
 4155              	SPI_DMAHalfTransmitCplt:
 4156              	.LVL238:
 4157              	.LFB104:
2912:Drivers/STM32F2xx_HAL_Driver/Src/stm32f2xx_hal_spi.c ****   SPI_HandleTypeDef *hspi = (SPI_HandleTypeDef *)(((DMA_HandleTypeDef *)hdma)->Parent);
 4158              		.loc 1 2912 1 is_stmt 1 view -0
 4159              		.cfi_startproc
 4160              		@ args = 0, pretend = 0, frame = 0
 4161              		@ frame_needed = 0, uses_anonymous_args = 0
2912:Drivers/STM32F2xx_HAL_Driver/Src/stm32f2xx_hal_spi.c ****   SPI_HandleTypeDef *hspi = (SPI_HandleTypeDef *)(((DMA_HandleTypeDef *)hdma)->Parent);
 4162              		.loc 1 2912 1 is_stmt 0 view .LVU1445
 4163 0000 08B5     		push	{r3, lr}
 4164              	.LCFI48:
 4165              		.cfi_def_cfa_offset 8
 4166              		.cfi_offset 3, -8
 4167              		.cfi_offset 14, -4
2913:Drivers/STM32F2xx_HAL_Driver/Src/stm32f2xx_hal_spi.c **** 
 4168              		.loc 1 2913 3 is_stmt 1 view .LVU1446
 4169              	.LVL239:
2919:Drivers/STM32F2xx_HAL_Driver/Src/stm32f2xx_hal_spi.c **** #endif /* USE_HAL_SPI_REGISTER_CALLBACKS */
 4170              		.loc 1 2919 3 view .LVU1447
ARM GAS  /var/folders/8x/_y6g3dfs0698dfd49y4vcg_w0000gn/T//ccpNuCLH.s 			page 166


 4171 0002 806B     		ldr	r0, [r0, #56]
 4172              	.LVL240:
2919:Drivers/STM32F2xx_HAL_Driver/Src/stm32f2xx_hal_spi.c **** #endif /* USE_HAL_SPI_REGISTER_CALLBACKS */
 4173              		.loc 1 2919 3 is_stmt 0 view .LVU1448
 4174 0004 FFF7FEFF 		bl	HAL_SPI_TxHalfCpltCallback
 4175              	.LVL241:
2921:Drivers/STM32F2xx_HAL_Driver/Src/stm32f2xx_hal_spi.c **** 
 4176              		.loc 1 2921 1 view .LVU1449
 4177 0008 08BD     		pop	{r3, pc}
 4178              		.cfi_endproc
 4179              	.LFE104:
 4181              		.section	.text.HAL_SPI_RxHalfCpltCallback,"ax",%progbits
 4182              		.align	1
 4183              		.weak	HAL_SPI_RxHalfCpltCallback
 4184              		.syntax unified
 4185              		.thumb
 4186              		.thumb_func
 4188              	HAL_SPI_RxHalfCpltCallback:
 4189              	.LVL242:
 4190              	.LFB95:
2564:Drivers/STM32F2xx_HAL_Driver/Src/stm32f2xx_hal_spi.c ****   /* Prevent unused argument(s) compilation warning */
 4191              		.loc 1 2564 1 is_stmt 1 view -0
 4192              		.cfi_startproc
 4193              		@ args = 0, pretend = 0, frame = 0
 4194              		@ frame_needed = 0, uses_anonymous_args = 0
 4195              		@ link register save eliminated.
2566:Drivers/STM32F2xx_HAL_Driver/Src/stm32f2xx_hal_spi.c **** 
 4196              		.loc 1 2566 3 view .LVU1451
2571:Drivers/STM32F2xx_HAL_Driver/Src/stm32f2xx_hal_spi.c **** 
 4197              		.loc 1 2571 1 is_stmt 0 view .LVU1452
 4198 0000 7047     		bx	lr
 4199              		.cfi_endproc
 4200              	.LFE95:
 4202              		.section	.text.SPI_DMAHalfReceiveCplt,"ax",%progbits
 4203              		.align	1
 4204              		.syntax unified
 4205              		.thumb
 4206              		.thumb_func
 4208              	SPI_DMAHalfReceiveCplt:
 4209              	.LVL243:
 4210              	.LFB105:
2930:Drivers/STM32F2xx_HAL_Driver/Src/stm32f2xx_hal_spi.c ****   SPI_HandleTypeDef *hspi = (SPI_HandleTypeDef *)(((DMA_HandleTypeDef *)hdma)->Parent);
 4211              		.loc 1 2930 1 is_stmt 1 view -0
 4212              		.cfi_startproc
 4213              		@ args = 0, pretend = 0, frame = 0
 4214              		@ frame_needed = 0, uses_anonymous_args = 0
2930:Drivers/STM32F2xx_HAL_Driver/Src/stm32f2xx_hal_spi.c ****   SPI_HandleTypeDef *hspi = (SPI_HandleTypeDef *)(((DMA_HandleTypeDef *)hdma)->Parent);
 4215              		.loc 1 2930 1 is_stmt 0 view .LVU1454
 4216 0000 08B5     		push	{r3, lr}
 4217              	.LCFI49:
 4218              		.cfi_def_cfa_offset 8
 4219              		.cfi_offset 3, -8
 4220              		.cfi_offset 14, -4
2931:Drivers/STM32F2xx_HAL_Driver/Src/stm32f2xx_hal_spi.c **** 
 4221              		.loc 1 2931 3 is_stmt 1 view .LVU1455
 4222              	.LVL244:
2937:Drivers/STM32F2xx_HAL_Driver/Src/stm32f2xx_hal_spi.c **** #endif /* USE_HAL_SPI_REGISTER_CALLBACKS */
ARM GAS  /var/folders/8x/_y6g3dfs0698dfd49y4vcg_w0000gn/T//ccpNuCLH.s 			page 167


 4223              		.loc 1 2937 3 view .LVU1456
 4224 0002 806B     		ldr	r0, [r0, #56]
 4225              	.LVL245:
2937:Drivers/STM32F2xx_HAL_Driver/Src/stm32f2xx_hal_spi.c **** #endif /* USE_HAL_SPI_REGISTER_CALLBACKS */
 4226              		.loc 1 2937 3 is_stmt 0 view .LVU1457
 4227 0004 FFF7FEFF 		bl	HAL_SPI_RxHalfCpltCallback
 4228              	.LVL246:
2939:Drivers/STM32F2xx_HAL_Driver/Src/stm32f2xx_hal_spi.c **** 
 4229              		.loc 1 2939 1 view .LVU1458
 4230 0008 08BD     		pop	{r3, pc}
 4231              		.cfi_endproc
 4232              	.LFE105:
 4234              		.section	.text.HAL_SPI_TxRxHalfCpltCallback,"ax",%progbits
 4235              		.align	1
 4236              		.weak	HAL_SPI_TxRxHalfCpltCallback
 4237              		.syntax unified
 4238              		.thumb
 4239              		.thumb_func
 4241              	HAL_SPI_TxRxHalfCpltCallback:
 4242              	.LVL247:
 4243              	.LFB96:
2580:Drivers/STM32F2xx_HAL_Driver/Src/stm32f2xx_hal_spi.c ****   /* Prevent unused argument(s) compilation warning */
 4244              		.loc 1 2580 1 is_stmt 1 view -0
 4245              		.cfi_startproc
 4246              		@ args = 0, pretend = 0, frame = 0
 4247              		@ frame_needed = 0, uses_anonymous_args = 0
 4248              		@ link register save eliminated.
2582:Drivers/STM32F2xx_HAL_Driver/Src/stm32f2xx_hal_spi.c **** 
 4249              		.loc 1 2582 3 view .LVU1460
2587:Drivers/STM32F2xx_HAL_Driver/Src/stm32f2xx_hal_spi.c **** 
 4250              		.loc 1 2587 1 is_stmt 0 view .LVU1461
 4251 0000 7047     		bx	lr
 4252              		.cfi_endproc
 4253              	.LFE96:
 4255              		.section	.text.SPI_DMAHalfTransmitReceiveCplt,"ax",%progbits
 4256              		.align	1
 4257              		.syntax unified
 4258              		.thumb
 4259              		.thumb_func
 4261              	SPI_DMAHalfTransmitReceiveCplt:
 4262              	.LVL248:
 4263              	.LFB106:
2948:Drivers/STM32F2xx_HAL_Driver/Src/stm32f2xx_hal_spi.c ****   SPI_HandleTypeDef *hspi = (SPI_HandleTypeDef *)(((DMA_HandleTypeDef *)hdma)->Parent);
 4264              		.loc 1 2948 1 is_stmt 1 view -0
 4265              		.cfi_startproc
 4266              		@ args = 0, pretend = 0, frame = 0
 4267              		@ frame_needed = 0, uses_anonymous_args = 0
2948:Drivers/STM32F2xx_HAL_Driver/Src/stm32f2xx_hal_spi.c ****   SPI_HandleTypeDef *hspi = (SPI_HandleTypeDef *)(((DMA_HandleTypeDef *)hdma)->Parent);
 4268              		.loc 1 2948 1 is_stmt 0 view .LVU1463
 4269 0000 08B5     		push	{r3, lr}
 4270              	.LCFI50:
 4271              		.cfi_def_cfa_offset 8
 4272              		.cfi_offset 3, -8
 4273              		.cfi_offset 14, -4
2949:Drivers/STM32F2xx_HAL_Driver/Src/stm32f2xx_hal_spi.c **** 
 4274              		.loc 1 2949 3 is_stmt 1 view .LVU1464
 4275              	.LVL249:
ARM GAS  /var/folders/8x/_y6g3dfs0698dfd49y4vcg_w0000gn/T//ccpNuCLH.s 			page 168


2955:Drivers/STM32F2xx_HAL_Driver/Src/stm32f2xx_hal_spi.c **** #endif /* USE_HAL_SPI_REGISTER_CALLBACKS */
 4276              		.loc 1 2955 3 view .LVU1465
 4277 0002 806B     		ldr	r0, [r0, #56]
 4278              	.LVL250:
2955:Drivers/STM32F2xx_HAL_Driver/Src/stm32f2xx_hal_spi.c **** #endif /* USE_HAL_SPI_REGISTER_CALLBACKS */
 4279              		.loc 1 2955 3 is_stmt 0 view .LVU1466
 4280 0004 FFF7FEFF 		bl	HAL_SPI_TxRxHalfCpltCallback
 4281              	.LVL251:
2957:Drivers/STM32F2xx_HAL_Driver/Src/stm32f2xx_hal_spi.c **** 
 4282              		.loc 1 2957 1 view .LVU1467
 4283 0008 08BD     		pop	{r3, pc}
 4284              		.cfi_endproc
 4285              	.LFE106:
 4287              		.section	.text.HAL_SPI_ErrorCallback,"ax",%progbits
 4288              		.align	1
 4289              		.weak	HAL_SPI_ErrorCallback
 4290              		.syntax unified
 4291              		.thumb
 4292              		.thumb_func
 4294              	HAL_SPI_ErrorCallback:
 4295              	.LVL252:
 4296              	.LFB97:
2596:Drivers/STM32F2xx_HAL_Driver/Src/stm32f2xx_hal_spi.c ****   /* Prevent unused argument(s) compilation warning */
 4297              		.loc 1 2596 1 is_stmt 1 view -0
 4298              		.cfi_startproc
 4299              		@ args = 0, pretend = 0, frame = 0
 4300              		@ frame_needed = 0, uses_anonymous_args = 0
 4301              		@ link register save eliminated.
2598:Drivers/STM32F2xx_HAL_Driver/Src/stm32f2xx_hal_spi.c **** 
 4302              		.loc 1 2598 3 view .LVU1469
2606:Drivers/STM32F2xx_HAL_Driver/Src/stm32f2xx_hal_spi.c **** 
 4303              		.loc 1 2606 1 is_stmt 0 view .LVU1470
 4304 0000 7047     		bx	lr
 4305              		.cfi_endproc
 4306              	.LFE97:
 4308              		.section	.text.SPI_CloseTx_ISR,"ax",%progbits
 4309              		.align	1
 4310              		.syntax unified
 4311              		.thumb
 4312              		.thumb_func
 4314              	SPI_CloseTx_ISR:
 4315              	.LVL253:
 4316              	.LFB124:
3768:Drivers/STM32F2xx_HAL_Driver/Src/stm32f2xx_hal_spi.c ****   uint32_t tickstart;
 4317              		.loc 1 3768 1 is_stmt 1 view -0
 4318              		.cfi_startproc
 4319              		@ args = 0, pretend = 0, frame = 8
 4320              		@ frame_needed = 0, uses_anonymous_args = 0
3768:Drivers/STM32F2xx_HAL_Driver/Src/stm32f2xx_hal_spi.c ****   uint32_t tickstart;
 4321              		.loc 1 3768 1 is_stmt 0 view .LVU1472
 4322 0000 10B5     		push	{r4, lr}
 4323              	.LCFI51:
 4324              		.cfi_def_cfa_offset 8
 4325              		.cfi_offset 4, -8
 4326              		.cfi_offset 14, -4
 4327 0002 82B0     		sub	sp, sp, #8
 4328              	.LCFI52:
ARM GAS  /var/folders/8x/_y6g3dfs0698dfd49y4vcg_w0000gn/T//ccpNuCLH.s 			page 169


 4329              		.cfi_def_cfa_offset 16
 4330 0004 0446     		mov	r4, r0
3769:Drivers/STM32F2xx_HAL_Driver/Src/stm32f2xx_hal_spi.c ****   __IO uint32_t count = SPI_DEFAULT_TIMEOUT * (SystemCoreClock / 24U / 1000U);
 4331              		.loc 1 3769 3 is_stmt 1 view .LVU1473
3770:Drivers/STM32F2xx_HAL_Driver/Src/stm32f2xx_hal_spi.c **** 
 4332              		.loc 1 3770 3 view .LVU1474
3770:Drivers/STM32F2xx_HAL_Driver/Src/stm32f2xx_hal_spi.c **** 
 4333              		.loc 1 3770 70 is_stmt 0 view .LVU1475
 4334 0006 204B     		ldr	r3, .L305
 4335 0008 1B68     		ldr	r3, [r3]
 4336 000a 204A     		ldr	r2, .L305+4
 4337 000c A2FB0323 		umull	r2, r3, r2, r3
 4338 0010 5B0A     		lsrs	r3, r3, #9
3770:Drivers/STM32F2xx_HAL_Driver/Src/stm32f2xx_hal_spi.c **** 
 4339              		.loc 1 3770 45 view .LVU1476
 4340 0012 6422     		movs	r2, #100
 4341 0014 02FB03F3 		mul	r3, r2, r3
3770:Drivers/STM32F2xx_HAL_Driver/Src/stm32f2xx_hal_spi.c **** 
 4342              		.loc 1 3770 17 view .LVU1477
 4343 0018 0193     		str	r3, [sp, #4]
3773:Drivers/STM32F2xx_HAL_Driver/Src/stm32f2xx_hal_spi.c **** 
 4344              		.loc 1 3773 3 is_stmt 1 view .LVU1478
3773:Drivers/STM32F2xx_HAL_Driver/Src/stm32f2xx_hal_spi.c **** 
 4345              		.loc 1 3773 15 is_stmt 0 view .LVU1479
 4346 001a FFF7FEFF 		bl	HAL_GetTick
 4347              	.LVL254:
3773:Drivers/STM32F2xx_HAL_Driver/Src/stm32f2xx_hal_spi.c **** 
 4348              		.loc 1 3773 15 view .LVU1480
 4349 001e 0246     		mov	r2, r0
 4350              	.LVL255:
 4351              	.L298:
3776:Drivers/STM32F2xx_HAL_Driver/Src/stm32f2xx_hal_spi.c ****   {
 4352              		.loc 1 3776 3 is_stmt 1 view .LVU1481
3778:Drivers/STM32F2xx_HAL_Driver/Src/stm32f2xx_hal_spi.c ****     {
 4353              		.loc 1 3778 5 view .LVU1482
3778:Drivers/STM32F2xx_HAL_Driver/Src/stm32f2xx_hal_spi.c ****     {
 4354              		.loc 1 3778 15 is_stmt 0 view .LVU1483
 4355 0020 019B     		ldr	r3, [sp, #4]
3778:Drivers/STM32F2xx_HAL_Driver/Src/stm32f2xx_hal_spi.c ****     {
 4356              		.loc 1 3778 8 view .LVU1484
 4357 0022 43B1     		cbz	r3, .L304
3783:Drivers/STM32F2xx_HAL_Driver/Src/stm32f2xx_hal_spi.c ****   } while ((hspi->Instance->SR & SPI_FLAG_TXE) == RESET);
 4358              		.loc 1 3783 5 is_stmt 1 view .LVU1485
3783:Drivers/STM32F2xx_HAL_Driver/Src/stm32f2xx_hal_spi.c ****   } while ((hspi->Instance->SR & SPI_FLAG_TXE) == RESET);
 4359              		.loc 1 3783 10 is_stmt 0 view .LVU1486
 4360 0024 019B     		ldr	r3, [sp, #4]
 4361 0026 013B     		subs	r3, r3, #1
 4362 0028 0193     		str	r3, [sp, #4]
3784:Drivers/STM32F2xx_HAL_Driver/Src/stm32f2xx_hal_spi.c **** 
 4363              		.loc 1 3784 48 is_stmt 1 view .LVU1487
3784:Drivers/STM32F2xx_HAL_Driver/Src/stm32f2xx_hal_spi.c **** 
 4364              		.loc 1 3784 17 is_stmt 0 view .LVU1488
 4365 002a 2368     		ldr	r3, [r4]
3784:Drivers/STM32F2xx_HAL_Driver/Src/stm32f2xx_hal_spi.c **** 
 4366              		.loc 1 3784 27 view .LVU1489
 4367 002c 9B68     		ldr	r3, [r3, #8]
3784:Drivers/STM32F2xx_HAL_Driver/Src/stm32f2xx_hal_spi.c **** 
ARM GAS  /var/folders/8x/_y6g3dfs0698dfd49y4vcg_w0000gn/T//ccpNuCLH.s 			page 170


 4368              		.loc 1 3784 48 view .LVU1490
 4369 002e 13F0020F 		tst	r3, #2
 4370 0032 F5D0     		beq	.L298
 4371 0034 03E0     		b	.L297
 4372              	.L304:
3780:Drivers/STM32F2xx_HAL_Driver/Src/stm32f2xx_hal_spi.c ****       break;
 4373              		.loc 1 3780 7 is_stmt 1 view .LVU1491
 4374 0036 636D     		ldr	r3, [r4, #84]
 4375 0038 43F02003 		orr	r3, r3, #32
 4376 003c 6365     		str	r3, [r4, #84]
3781:Drivers/STM32F2xx_HAL_Driver/Src/stm32f2xx_hal_spi.c ****     }
 4377              		.loc 1 3781 7 view .LVU1492
 4378              	.L297:
3787:Drivers/STM32F2xx_HAL_Driver/Src/stm32f2xx_hal_spi.c **** 
 4379              		.loc 1 3787 3 view .LVU1493
 4380 003e 2168     		ldr	r1, [r4]
 4381 0040 4B68     		ldr	r3, [r1, #4]
 4382 0042 23F0A003 		bic	r3, r3, #160
 4383 0046 4B60     		str	r3, [r1, #4]
3790:Drivers/STM32F2xx_HAL_Driver/Src/stm32f2xx_hal_spi.c ****   {
 4384              		.loc 1 3790 3 view .LVU1494
3790:Drivers/STM32F2xx_HAL_Driver/Src/stm32f2xx_hal_spi.c ****   {
 4385              		.loc 1 3790 7 is_stmt 0 view .LVU1495
 4386 0048 6421     		movs	r1, #100
 4387 004a 2046     		mov	r0, r4
 4388              	.LVL256:
3790:Drivers/STM32F2xx_HAL_Driver/Src/stm32f2xx_hal_spi.c ****   {
 4389              		.loc 1 3790 7 view .LVU1496
 4390 004c FFF7FEFF 		bl	SPI_EndRxTxTransaction
 4391              	.LVL257:
3790:Drivers/STM32F2xx_HAL_Driver/Src/stm32f2xx_hal_spi.c ****   {
 4392              		.loc 1 3790 6 discriminator 1 view .LVU1497
 4393 0050 18B1     		cbz	r0, .L299
3792:Drivers/STM32F2xx_HAL_Driver/Src/stm32f2xx_hal_spi.c ****   }
 4394              		.loc 1 3792 5 is_stmt 1 view .LVU1498
 4395 0052 636D     		ldr	r3, [r4, #84]
 4396 0054 43F02003 		orr	r3, r3, #32
 4397 0058 6365     		str	r3, [r4, #84]
 4398              	.L299:
3796:Drivers/STM32F2xx_HAL_Driver/Src/stm32f2xx_hal_spi.c ****   {
 4399              		.loc 1 3796 3 view .LVU1499
3796:Drivers/STM32F2xx_HAL_Driver/Src/stm32f2xx_hal_spi.c ****   {
 4400              		.loc 1 3796 17 is_stmt 0 view .LVU1500
 4401 005a A368     		ldr	r3, [r4, #8]
3796:Drivers/STM32F2xx_HAL_Driver/Src/stm32f2xx_hal_spi.c ****   {
 4402              		.loc 1 3796 6 view .LVU1501
 4403 005c 33B9     		cbnz	r3, .L300
3798:Drivers/STM32F2xx_HAL_Driver/Src/stm32f2xx_hal_spi.c ****   }
 4404              		.loc 1 3798 5 is_stmt 1 view .LVU1502
 4405              	.LBB6:
3798:Drivers/STM32F2xx_HAL_Driver/Src/stm32f2xx_hal_spi.c ****   }
 4406              		.loc 1 3798 5 view .LVU1503
 4407 005e 0093     		str	r3, [sp]
3798:Drivers/STM32F2xx_HAL_Driver/Src/stm32f2xx_hal_spi.c ****   }
 4408              		.loc 1 3798 5 view .LVU1504
 4409 0060 2368     		ldr	r3, [r4]
 4410 0062 DA68     		ldr	r2, [r3, #12]
ARM GAS  /var/folders/8x/_y6g3dfs0698dfd49y4vcg_w0000gn/T//ccpNuCLH.s 			page 171


 4411 0064 0092     		str	r2, [sp]
3798:Drivers/STM32F2xx_HAL_Driver/Src/stm32f2xx_hal_spi.c ****   }
 4412              		.loc 1 3798 5 view .LVU1505
 4413 0066 9B68     		ldr	r3, [r3, #8]
 4414 0068 0093     		str	r3, [sp]
3798:Drivers/STM32F2xx_HAL_Driver/Src/stm32f2xx_hal_spi.c ****   }
 4415              		.loc 1 3798 5 view .LVU1506
 4416 006a 009B     		ldr	r3, [sp]
 4417              	.L300:
 4418              	.LBE6:
3798:Drivers/STM32F2xx_HAL_Driver/Src/stm32f2xx_hal_spi.c ****   }
 4419              		.loc 1 3798 5 discriminator 1 view .LVU1507
3801:Drivers/STM32F2xx_HAL_Driver/Src/stm32f2xx_hal_spi.c ****   if (hspi->ErrorCode != HAL_SPI_ERROR_NONE)
 4420              		.loc 1 3801 3 view .LVU1508
3801:Drivers/STM32F2xx_HAL_Driver/Src/stm32f2xx_hal_spi.c ****   if (hspi->ErrorCode != HAL_SPI_ERROR_NONE)
 4421              		.loc 1 3801 15 is_stmt 0 view .LVU1509
 4422 006c 0123     		movs	r3, #1
 4423 006e 84F85130 		strb	r3, [r4, #81]
3802:Drivers/STM32F2xx_HAL_Driver/Src/stm32f2xx_hal_spi.c ****   {
 4424              		.loc 1 3802 3 is_stmt 1 view .LVU1510
3802:Drivers/STM32F2xx_HAL_Driver/Src/stm32f2xx_hal_spi.c ****   {
 4425              		.loc 1 3802 11 is_stmt 0 view .LVU1511
 4426 0072 636D     		ldr	r3, [r4, #84]
3802:Drivers/STM32F2xx_HAL_Driver/Src/stm32f2xx_hal_spi.c ****   {
 4427              		.loc 1 3802 6 view .LVU1512
 4428 0074 23B1     		cbz	r3, .L301
3808:Drivers/STM32F2xx_HAL_Driver/Src/stm32f2xx_hal_spi.c **** #endif /* USE_HAL_SPI_REGISTER_CALLBACKS */
 4429              		.loc 1 3808 5 is_stmt 1 view .LVU1513
 4430 0076 2046     		mov	r0, r4
 4431 0078 FFF7FEFF 		bl	HAL_SPI_ErrorCallback
 4432              	.LVL258:
 4433              	.L295:
3820:Drivers/STM32F2xx_HAL_Driver/Src/stm32f2xx_hal_spi.c **** 
 4434              		.loc 1 3820 1 is_stmt 0 view .LVU1514
 4435 007c 02B0     		add	sp, sp, #8
 4436              	.LCFI53:
 4437              		.cfi_remember_state
 4438              		.cfi_def_cfa_offset 8
 4439              		@ sp needed
 4440 007e 10BD     		pop	{r4, pc}
 4441              	.LVL259:
 4442              	.L301:
 4443              	.LCFI54:
 4444              		.cfi_restore_state
3817:Drivers/STM32F2xx_HAL_Driver/Src/stm32f2xx_hal_spi.c **** #endif /* USE_HAL_SPI_REGISTER_CALLBACKS */
 4445              		.loc 1 3817 5 is_stmt 1 view .LVU1515
 4446 0080 2046     		mov	r0, r4
 4447 0082 FFF7FEFF 		bl	HAL_SPI_TxCpltCallback
 4448              	.LVL260:
3820:Drivers/STM32F2xx_HAL_Driver/Src/stm32f2xx_hal_spi.c **** 
 4449              		.loc 1 3820 1 is_stmt 0 view .LVU1516
 4450 0086 F9E7     		b	.L295
 4451              	.L306:
 4452              		.align	2
 4453              	.L305:
 4454 0088 00000000 		.word	SystemCoreClock
 4455 008c F1197605 		.word	91625969
ARM GAS  /var/folders/8x/_y6g3dfs0698dfd49y4vcg_w0000gn/T//ccpNuCLH.s 			page 172


 4456              		.cfi_endproc
 4457              	.LFE124:
 4459              		.section	.text.SPI_TxISR_8BIT,"ax",%progbits
 4460              		.align	1
 4461              		.syntax unified
 4462              		.thumb
 4463              		.thumb_func
 4465              	SPI_TxISR_8BIT:
 4466              	.LVL261:
 4467              	.LFB117:
3439:Drivers/STM32F2xx_HAL_Driver/Src/stm32f2xx_hal_spi.c ****   *(__IO uint8_t *)&hspi->Instance->DR = *((const uint8_t *)hspi->pTxBuffPtr);
 4468              		.loc 1 3439 1 is_stmt 1 view -0
 4469              		.cfi_startproc
 4470              		@ args = 0, pretend = 0, frame = 0
 4471              		@ frame_needed = 0, uses_anonymous_args = 0
3439:Drivers/STM32F2xx_HAL_Driver/Src/stm32f2xx_hal_spi.c ****   *(__IO uint8_t *)&hspi->Instance->DR = *((const uint8_t *)hspi->pTxBuffPtr);
 4472              		.loc 1 3439 1 is_stmt 0 view .LVU1518
 4473 0000 08B5     		push	{r3, lr}
 4474              	.LCFI55:
 4475              		.cfi_def_cfa_offset 8
 4476              		.cfi_offset 3, -8
 4477              		.cfi_offset 14, -4
3440:Drivers/STM32F2xx_HAL_Driver/Src/stm32f2xx_hal_spi.c ****   hspi->pTxBuffPtr++;
 4478              		.loc 1 3440 3 is_stmt 1 view .LVU1519
3440:Drivers/STM32F2xx_HAL_Driver/Src/stm32f2xx_hal_spi.c ****   hspi->pTxBuffPtr++;
 4479              		.loc 1 3440 65 is_stmt 0 view .LVU1520
 4480 0002 026B     		ldr	r2, [r0, #48]
3440:Drivers/STM32F2xx_HAL_Driver/Src/stm32f2xx_hal_spi.c ****   hspi->pTxBuffPtr++;
 4481              		.loc 1 3440 25 view .LVU1521
 4482 0004 0368     		ldr	r3, [r0]
3440:Drivers/STM32F2xx_HAL_Driver/Src/stm32f2xx_hal_spi.c ****   hspi->pTxBuffPtr++;
 4483              		.loc 1 3440 42 view .LVU1522
 4484 0006 1278     		ldrb	r2, [r2]	@ zero_extendqisi2
3440:Drivers/STM32F2xx_HAL_Driver/Src/stm32f2xx_hal_spi.c ****   hspi->pTxBuffPtr++;
 4485              		.loc 1 3440 40 view .LVU1523
 4486 0008 1A73     		strb	r2, [r3, #12]
3441:Drivers/STM32F2xx_HAL_Driver/Src/stm32f2xx_hal_spi.c ****   hspi->TxXferCount--;
 4487              		.loc 1 3441 3 is_stmt 1 view .LVU1524
3441:Drivers/STM32F2xx_HAL_Driver/Src/stm32f2xx_hal_spi.c ****   hspi->TxXferCount--;
 4488              		.loc 1 3441 7 is_stmt 0 view .LVU1525
 4489 000a 036B     		ldr	r3, [r0, #48]
3441:Drivers/STM32F2xx_HAL_Driver/Src/stm32f2xx_hal_spi.c ****   hspi->TxXferCount--;
 4490              		.loc 1 3441 19 view .LVU1526
 4491 000c 0133     		adds	r3, r3, #1
 4492 000e 0363     		str	r3, [r0, #48]
3442:Drivers/STM32F2xx_HAL_Driver/Src/stm32f2xx_hal_spi.c **** 
 4493              		.loc 1 3442 3 is_stmt 1 view .LVU1527
3442:Drivers/STM32F2xx_HAL_Driver/Src/stm32f2xx_hal_spi.c **** 
 4494              		.loc 1 3442 7 is_stmt 0 view .LVU1528
 4495 0010 C38E     		ldrh	r3, [r0, #54]
 4496 0012 9BB2     		uxth	r3, r3
3442:Drivers/STM32F2xx_HAL_Driver/Src/stm32f2xx_hal_spi.c **** 
 4497              		.loc 1 3442 20 view .LVU1529
 4498 0014 013B     		subs	r3, r3, #1
 4499 0016 9BB2     		uxth	r3, r3
 4500 0018 C386     		strh	r3, [r0, #54]	@ movhi
3444:Drivers/STM32F2xx_HAL_Driver/Src/stm32f2xx_hal_spi.c ****   {
ARM GAS  /var/folders/8x/_y6g3dfs0698dfd49y4vcg_w0000gn/T//ccpNuCLH.s 			page 173


 4501              		.loc 1 3444 3 is_stmt 1 view .LVU1530
3444:Drivers/STM32F2xx_HAL_Driver/Src/stm32f2xx_hal_spi.c ****   {
 4502              		.loc 1 3444 11 is_stmt 0 view .LVU1531
 4503 001a C38E     		ldrh	r3, [r0, #54]
 4504 001c 9BB2     		uxth	r3, r3
3444:Drivers/STM32F2xx_HAL_Driver/Src/stm32f2xx_hal_spi.c ****   {
 4505              		.loc 1 3444 6 view .LVU1532
 4506 001e 03B1     		cbz	r3, .L310
 4507              	.LVL262:
 4508              	.L307:
3455:Drivers/STM32F2xx_HAL_Driver/Src/stm32f2xx_hal_spi.c **** 
 4509              		.loc 1 3455 1 view .LVU1533
 4510 0020 08BD     		pop	{r3, pc}
 4511              	.LVL263:
 4512              	.L310:
3453:Drivers/STM32F2xx_HAL_Driver/Src/stm32f2xx_hal_spi.c ****   }
 4513              		.loc 1 3453 5 is_stmt 1 view .LVU1534
 4514 0022 FFF7FEFF 		bl	SPI_CloseTx_ISR
 4515              	.LVL264:
3455:Drivers/STM32F2xx_HAL_Driver/Src/stm32f2xx_hal_spi.c **** 
 4516              		.loc 1 3455 1 is_stmt 0 view .LVU1535
 4517 0026 FBE7     		b	.L307
 4518              		.cfi_endproc
 4519              	.LFE117:
 4521              		.section	.text.SPI_TxISR_16BIT,"ax",%progbits
 4522              		.align	1
 4523              		.syntax unified
 4524              		.thumb
 4525              		.thumb_func
 4527              	SPI_TxISR_16BIT:
 4528              	.LVL265:
 4529              	.LFB118:
3464:Drivers/STM32F2xx_HAL_Driver/Src/stm32f2xx_hal_spi.c ****   /* Transmit data in 16 Bit mode */
 4530              		.loc 1 3464 1 is_stmt 1 view -0
 4531              		.cfi_startproc
 4532              		@ args = 0, pretend = 0, frame = 0
 4533              		@ frame_needed = 0, uses_anonymous_args = 0
3464:Drivers/STM32F2xx_HAL_Driver/Src/stm32f2xx_hal_spi.c ****   /* Transmit data in 16 Bit mode */
 4534              		.loc 1 3464 1 is_stmt 0 view .LVU1537
 4535 0000 08B5     		push	{r3, lr}
 4536              	.LCFI56:
 4537              		.cfi_def_cfa_offset 8
 4538              		.cfi_offset 3, -8
 4539              		.cfi_offset 14, -4
3466:Drivers/STM32F2xx_HAL_Driver/Src/stm32f2xx_hal_spi.c ****   hspi->pTxBuffPtr += sizeof(uint16_t);
 4540              		.loc 1 3466 3 is_stmt 1 view .LVU1538
3466:Drivers/STM32F2xx_HAL_Driver/Src/stm32f2xx_hal_spi.c ****   hspi->pTxBuffPtr += sizeof(uint16_t);
 4541              		.loc 1 3466 48 is_stmt 0 view .LVU1539
 4542 0002 026B     		ldr	r2, [r0, #48]
3466:Drivers/STM32F2xx_HAL_Driver/Src/stm32f2xx_hal_spi.c ****   hspi->pTxBuffPtr += sizeof(uint16_t);
 4543              		.loc 1 3466 7 view .LVU1540
 4544 0004 0368     		ldr	r3, [r0]
3466:Drivers/STM32F2xx_HAL_Driver/Src/stm32f2xx_hal_spi.c ****   hspi->pTxBuffPtr += sizeof(uint16_t);
 4545              		.loc 1 3466 24 view .LVU1541
 4546 0006 1288     		ldrh	r2, [r2]
3466:Drivers/STM32F2xx_HAL_Driver/Src/stm32f2xx_hal_spi.c ****   hspi->pTxBuffPtr += sizeof(uint16_t);
 4547              		.loc 1 3466 22 view .LVU1542
ARM GAS  /var/folders/8x/_y6g3dfs0698dfd49y4vcg_w0000gn/T//ccpNuCLH.s 			page 174


 4548 0008 DA60     		str	r2, [r3, #12]
3467:Drivers/STM32F2xx_HAL_Driver/Src/stm32f2xx_hal_spi.c ****   hspi->TxXferCount--;
 4549              		.loc 1 3467 3 is_stmt 1 view .LVU1543
3467:Drivers/STM32F2xx_HAL_Driver/Src/stm32f2xx_hal_spi.c ****   hspi->TxXferCount--;
 4550              		.loc 1 3467 7 is_stmt 0 view .LVU1544
 4551 000a 036B     		ldr	r3, [r0, #48]
3467:Drivers/STM32F2xx_HAL_Driver/Src/stm32f2xx_hal_spi.c ****   hspi->TxXferCount--;
 4552              		.loc 1 3467 20 view .LVU1545
 4553 000c 0233     		adds	r3, r3, #2
 4554 000e 0363     		str	r3, [r0, #48]
3468:Drivers/STM32F2xx_HAL_Driver/Src/stm32f2xx_hal_spi.c **** 
 4555              		.loc 1 3468 3 is_stmt 1 view .LVU1546
3468:Drivers/STM32F2xx_HAL_Driver/Src/stm32f2xx_hal_spi.c **** 
 4556              		.loc 1 3468 7 is_stmt 0 view .LVU1547
 4557 0010 C38E     		ldrh	r3, [r0, #54]
 4558 0012 9BB2     		uxth	r3, r3
3468:Drivers/STM32F2xx_HAL_Driver/Src/stm32f2xx_hal_spi.c **** 
 4559              		.loc 1 3468 20 view .LVU1548
 4560 0014 013B     		subs	r3, r3, #1
 4561 0016 9BB2     		uxth	r3, r3
 4562 0018 C386     		strh	r3, [r0, #54]	@ movhi
3470:Drivers/STM32F2xx_HAL_Driver/Src/stm32f2xx_hal_spi.c ****   {
 4563              		.loc 1 3470 3 is_stmt 1 view .LVU1549
3470:Drivers/STM32F2xx_HAL_Driver/Src/stm32f2xx_hal_spi.c ****   {
 4564              		.loc 1 3470 11 is_stmt 0 view .LVU1550
 4565 001a C38E     		ldrh	r3, [r0, #54]
 4566 001c 9BB2     		uxth	r3, r3
3470:Drivers/STM32F2xx_HAL_Driver/Src/stm32f2xx_hal_spi.c ****   {
 4567              		.loc 1 3470 6 view .LVU1551
 4568 001e 03B1     		cbz	r3, .L314
 4569              	.LVL266:
 4570              	.L311:
3481:Drivers/STM32F2xx_HAL_Driver/Src/stm32f2xx_hal_spi.c **** 
 4571              		.loc 1 3481 1 view .LVU1552
 4572 0020 08BD     		pop	{r3, pc}
 4573              	.LVL267:
 4574              	.L314:
3479:Drivers/STM32F2xx_HAL_Driver/Src/stm32f2xx_hal_spi.c ****   }
 4575              		.loc 1 3479 5 is_stmt 1 view .LVU1553
 4576 0022 FFF7FEFF 		bl	SPI_CloseTx_ISR
 4577              	.LVL268:
3481:Drivers/STM32F2xx_HAL_Driver/Src/stm32f2xx_hal_spi.c **** 
 4578              		.loc 1 3481 1 is_stmt 0 view .LVU1554
 4579 0026 FBE7     		b	.L311
 4580              		.cfi_endproc
 4581              	.LFE118:
 4583              		.section	.text.SPI_CloseRx_ISR,"ax",%progbits
 4584              		.align	1
 4585              		.syntax unified
 4586              		.thumb
 4587              		.thumb_func
 4589              	SPI_CloseRx_ISR:
 4590              	.LVL269:
 4591              	.LFB123:
3705:Drivers/STM32F2xx_HAL_Driver/Src/stm32f2xx_hal_spi.c ****   /* Disable RXNE and ERR interrupt */
 4592              		.loc 1 3705 1 is_stmt 1 view -0
 4593              		.cfi_startproc
ARM GAS  /var/folders/8x/_y6g3dfs0698dfd49y4vcg_w0000gn/T//ccpNuCLH.s 			page 175


 4594              		@ args = 0, pretend = 0, frame = 8
 4595              		@ frame_needed = 0, uses_anonymous_args = 0
3705:Drivers/STM32F2xx_HAL_Driver/Src/stm32f2xx_hal_spi.c ****   /* Disable RXNE and ERR interrupt */
 4596              		.loc 1 3705 1 is_stmt 0 view .LVU1556
 4597 0000 10B5     		push	{r4, lr}
 4598              	.LCFI57:
 4599              		.cfi_def_cfa_offset 8
 4600              		.cfi_offset 4, -8
 4601              		.cfi_offset 14, -4
 4602 0002 82B0     		sub	sp, sp, #8
 4603              	.LCFI58:
 4604              		.cfi_def_cfa_offset 16
 4605 0004 0446     		mov	r4, r0
3707:Drivers/STM32F2xx_HAL_Driver/Src/stm32f2xx_hal_spi.c **** 
 4606              		.loc 1 3707 3 is_stmt 1 view .LVU1557
 4607 0006 0268     		ldr	r2, [r0]
 4608 0008 5368     		ldr	r3, [r2, #4]
 4609 000a 23F06003 		bic	r3, r3, #96
 4610 000e 5360     		str	r3, [r2, #4]
3710:Drivers/STM32F2xx_HAL_Driver/Src/stm32f2xx_hal_spi.c ****   {
 4611              		.loc 1 3710 3 view .LVU1558
3710:Drivers/STM32F2xx_HAL_Driver/Src/stm32f2xx_hal_spi.c ****   {
 4612              		.loc 1 3710 7 is_stmt 0 view .LVU1559
 4613 0010 FFF7FEFF 		bl	HAL_GetTick
 4614              	.LVL270:
3710:Drivers/STM32F2xx_HAL_Driver/Src/stm32f2xx_hal_spi.c ****   {
 4615              		.loc 1 3710 7 view .LVU1560
 4616 0014 0246     		mov	r2, r0
3710:Drivers/STM32F2xx_HAL_Driver/Src/stm32f2xx_hal_spi.c ****   {
 4617              		.loc 1 3710 7 discriminator 1 view .LVU1561
 4618 0016 6421     		movs	r1, #100
 4619 0018 2046     		mov	r0, r4
 4620 001a FFF7FEFF 		bl	SPI_EndRxTransaction
 4621              	.LVL271:
3710:Drivers/STM32F2xx_HAL_Driver/Src/stm32f2xx_hal_spi.c ****   {
 4622              		.loc 1 3710 6 discriminator 2 view .LVU1562
 4623 001e 18B1     		cbz	r0, .L316
3712:Drivers/STM32F2xx_HAL_Driver/Src/stm32f2xx_hal_spi.c ****   }
 4624              		.loc 1 3712 5 is_stmt 1 view .LVU1563
 4625 0020 636D     		ldr	r3, [r4, #84]
 4626 0022 43F02003 		orr	r3, r3, #32
 4627 0026 6365     		str	r3, [r4, #84]
 4628              	.L316:
3716:Drivers/STM32F2xx_HAL_Driver/Src/stm32f2xx_hal_spi.c ****   {
 4629              		.loc 1 3716 3 view .LVU1564
3716:Drivers/STM32F2xx_HAL_Driver/Src/stm32f2xx_hal_spi.c ****   {
 4630              		.loc 1 3716 17 is_stmt 0 view .LVU1565
 4631 0028 A368     		ldr	r3, [r4, #8]
3716:Drivers/STM32F2xx_HAL_Driver/Src/stm32f2xx_hal_spi.c ****   {
 4632              		.loc 1 3716 6 view .LVU1566
 4633 002a 33B9     		cbnz	r3, .L317
3718:Drivers/STM32F2xx_HAL_Driver/Src/stm32f2xx_hal_spi.c ****   }
 4634              		.loc 1 3718 5 is_stmt 1 view .LVU1567
 4635              	.LBB7:
3718:Drivers/STM32F2xx_HAL_Driver/Src/stm32f2xx_hal_spi.c ****   }
 4636              		.loc 1 3718 5 view .LVU1568
 4637 002c 0193     		str	r3, [sp, #4]
ARM GAS  /var/folders/8x/_y6g3dfs0698dfd49y4vcg_w0000gn/T//ccpNuCLH.s 			page 176


3718:Drivers/STM32F2xx_HAL_Driver/Src/stm32f2xx_hal_spi.c ****   }
 4638              		.loc 1 3718 5 view .LVU1569
 4639 002e 2368     		ldr	r3, [r4]
 4640 0030 DA68     		ldr	r2, [r3, #12]
 4641 0032 0192     		str	r2, [sp, #4]
3718:Drivers/STM32F2xx_HAL_Driver/Src/stm32f2xx_hal_spi.c ****   }
 4642              		.loc 1 3718 5 view .LVU1570
 4643 0034 9B68     		ldr	r3, [r3, #8]
 4644 0036 0193     		str	r3, [sp, #4]
3718:Drivers/STM32F2xx_HAL_Driver/Src/stm32f2xx_hal_spi.c ****   }
 4645              		.loc 1 3718 5 view .LVU1571
 4646 0038 019B     		ldr	r3, [sp, #4]
 4647              	.L317:
 4648              	.LBE7:
3718:Drivers/STM32F2xx_HAL_Driver/Src/stm32f2xx_hal_spi.c ****   }
 4649              		.loc 1 3718 5 discriminator 1 view .LVU1572
3720:Drivers/STM32F2xx_HAL_Driver/Src/stm32f2xx_hal_spi.c **** 
 4650              		.loc 1 3720 3 view .LVU1573
3720:Drivers/STM32F2xx_HAL_Driver/Src/stm32f2xx_hal_spi.c **** 
 4651              		.loc 1 3720 15 is_stmt 0 view .LVU1574
 4652 003a 0123     		movs	r3, #1
 4653 003c 84F85130 		strb	r3, [r4, #81]
3738:Drivers/STM32F2xx_HAL_Driver/Src/stm32f2xx_hal_spi.c ****     {
 4654              		.loc 1 3738 5 is_stmt 1 view .LVU1575
3738:Drivers/STM32F2xx_HAL_Driver/Src/stm32f2xx_hal_spi.c ****     {
 4655              		.loc 1 3738 13 is_stmt 0 view .LVU1576
 4656 0040 636D     		ldr	r3, [r4, #84]
3738:Drivers/STM32F2xx_HAL_Driver/Src/stm32f2xx_hal_spi.c ****     {
 4657              		.loc 1 3738 8 view .LVU1577
 4658 0042 23B9     		cbnz	r3, .L318
3744:Drivers/STM32F2xx_HAL_Driver/Src/stm32f2xx_hal_spi.c **** #endif /* USE_HAL_SPI_REGISTER_CALLBACKS */
 4659              		.loc 1 3744 7 is_stmt 1 view .LVU1578
 4660 0044 2046     		mov	r0, r4
 4661 0046 FFF7FEFF 		bl	HAL_SPI_RxCpltCallback
 4662              	.LVL272:
 4663              	.L315:
3759:Drivers/STM32F2xx_HAL_Driver/Src/stm32f2xx_hal_spi.c **** 
 4664              		.loc 1 3759 1 is_stmt 0 view .LVU1579
 4665 004a 02B0     		add	sp, sp, #8
 4666              	.LCFI59:
 4667              		.cfi_remember_state
 4668              		.cfi_def_cfa_offset 8
 4669              		@ sp needed
 4670 004c 10BD     		pop	{r4, pc}
 4671              	.LVL273:
 4672              	.L318:
 4673              	.LCFI60:
 4674              		.cfi_restore_state
3753:Drivers/STM32F2xx_HAL_Driver/Src/stm32f2xx_hal_spi.c **** #endif /* USE_HAL_SPI_REGISTER_CALLBACKS */
 4675              		.loc 1 3753 7 is_stmt 1 view .LVU1580
 4676 004e 2046     		mov	r0, r4
 4677 0050 FFF7FEFF 		bl	HAL_SPI_ErrorCallback
 4678              	.LVL274:
3759:Drivers/STM32F2xx_HAL_Driver/Src/stm32f2xx_hal_spi.c **** 
 4679              		.loc 1 3759 1 is_stmt 0 view .LVU1581
 4680 0054 F9E7     		b	.L315
 4681              		.cfi_endproc
ARM GAS  /var/folders/8x/_y6g3dfs0698dfd49y4vcg_w0000gn/T//ccpNuCLH.s 			page 177


 4682              	.LFE123:
 4684              		.section	.text.SPI_RxISR_8BIT,"ax",%progbits
 4685              		.align	1
 4686              		.syntax unified
 4687              		.thumb
 4688              		.thumb_func
 4690              	SPI_RxISR_8BIT:
 4691              	.LVL275:
 4692              	.LFB115:
3350:Drivers/STM32F2xx_HAL_Driver/Src/stm32f2xx_hal_spi.c ****   *hspi->pRxBuffPtr = (*(__IO uint8_t *)&hspi->Instance->DR);
 4693              		.loc 1 3350 1 is_stmt 1 view -0
 4694              		.cfi_startproc
 4695              		@ args = 0, pretend = 0, frame = 0
 4696              		@ frame_needed = 0, uses_anonymous_args = 0
3350:Drivers/STM32F2xx_HAL_Driver/Src/stm32f2xx_hal_spi.c ****   *hspi->pRxBuffPtr = (*(__IO uint8_t *)&hspi->Instance->DR);
 4697              		.loc 1 3350 1 is_stmt 0 view .LVU1583
 4698 0000 08B5     		push	{r3, lr}
 4699              	.LCFI61:
 4700              		.cfi_def_cfa_offset 8
 4701              		.cfi_offset 3, -8
 4702              		.cfi_offset 14, -4
3351:Drivers/STM32F2xx_HAL_Driver/Src/stm32f2xx_hal_spi.c ****   hspi->pRxBuffPtr++;
 4703              		.loc 1 3351 3 is_stmt 1 view .LVU1584
3351:Drivers/STM32F2xx_HAL_Driver/Src/stm32f2xx_hal_spi.c ****   hspi->pRxBuffPtr++;
 4704              		.loc 1 3351 46 is_stmt 0 view .LVU1585
 4705 0002 0268     		ldr	r2, [r0]
3351:Drivers/STM32F2xx_HAL_Driver/Src/stm32f2xx_hal_spi.c ****   hspi->pRxBuffPtr++;
 4706              		.loc 1 3351 8 view .LVU1586
 4707 0004 836B     		ldr	r3, [r0, #56]
3351:Drivers/STM32F2xx_HAL_Driver/Src/stm32f2xx_hal_spi.c ****   hspi->pRxBuffPtr++;
 4708              		.loc 1 3351 24 view .LVU1587
 4709 0006 127B     		ldrb	r2, [r2, #12]	@ zero_extendqisi2
3351:Drivers/STM32F2xx_HAL_Driver/Src/stm32f2xx_hal_spi.c ****   hspi->pRxBuffPtr++;
 4710              		.loc 1 3351 21 view .LVU1588
 4711 0008 1A70     		strb	r2, [r3]
3352:Drivers/STM32F2xx_HAL_Driver/Src/stm32f2xx_hal_spi.c ****   hspi->RxXferCount--;
 4712              		.loc 1 3352 3 is_stmt 1 view .LVU1589
3352:Drivers/STM32F2xx_HAL_Driver/Src/stm32f2xx_hal_spi.c ****   hspi->RxXferCount--;
 4713              		.loc 1 3352 7 is_stmt 0 view .LVU1590
 4714 000a 836B     		ldr	r3, [r0, #56]
3352:Drivers/STM32F2xx_HAL_Driver/Src/stm32f2xx_hal_spi.c ****   hspi->RxXferCount--;
 4715              		.loc 1 3352 19 view .LVU1591
 4716 000c 0133     		adds	r3, r3, #1
 4717 000e 8363     		str	r3, [r0, #56]
3353:Drivers/STM32F2xx_HAL_Driver/Src/stm32f2xx_hal_spi.c **** 
 4718              		.loc 1 3353 3 is_stmt 1 view .LVU1592
3353:Drivers/STM32F2xx_HAL_Driver/Src/stm32f2xx_hal_spi.c **** 
 4719              		.loc 1 3353 7 is_stmt 0 view .LVU1593
 4720 0010 C38F     		ldrh	r3, [r0, #62]
 4721 0012 9BB2     		uxth	r3, r3
3353:Drivers/STM32F2xx_HAL_Driver/Src/stm32f2xx_hal_spi.c **** 
 4722              		.loc 1 3353 20 view .LVU1594
 4723 0014 013B     		subs	r3, r3, #1
 4724 0016 9BB2     		uxth	r3, r3
 4725 0018 C387     		strh	r3, [r0, #62]	@ movhi
3363:Drivers/STM32F2xx_HAL_Driver/Src/stm32f2xx_hal_spi.c ****   {
 4726              		.loc 1 3363 3 is_stmt 1 view .LVU1595
ARM GAS  /var/folders/8x/_y6g3dfs0698dfd49y4vcg_w0000gn/T//ccpNuCLH.s 			page 178


3363:Drivers/STM32F2xx_HAL_Driver/Src/stm32f2xx_hal_spi.c ****   {
 4727              		.loc 1 3363 11 is_stmt 0 view .LVU1596
 4728 001a C38F     		ldrh	r3, [r0, #62]
 4729 001c 9BB2     		uxth	r3, r3
3363:Drivers/STM32F2xx_HAL_Driver/Src/stm32f2xx_hal_spi.c ****   {
 4730              		.loc 1 3363 6 view .LVU1597
 4731 001e 03B1     		cbz	r3, .L324
 4732              	.LVL276:
 4733              	.L321:
3374:Drivers/STM32F2xx_HAL_Driver/Src/stm32f2xx_hal_spi.c **** 
 4734              		.loc 1 3374 1 view .LVU1598
 4735 0020 08BD     		pop	{r3, pc}
 4736              	.LVL277:
 4737              	.L324:
3372:Drivers/STM32F2xx_HAL_Driver/Src/stm32f2xx_hal_spi.c ****   }
 4738              		.loc 1 3372 5 is_stmt 1 view .LVU1599
 4739 0022 FFF7FEFF 		bl	SPI_CloseRx_ISR
 4740              	.LVL278:
3374:Drivers/STM32F2xx_HAL_Driver/Src/stm32f2xx_hal_spi.c **** 
 4741              		.loc 1 3374 1 is_stmt 0 view .LVU1600
 4742 0026 FBE7     		b	.L321
 4743              		.cfi_endproc
 4744              	.LFE115:
 4746              		.section	.text.SPI_RxISR_16BIT,"ax",%progbits
 4747              		.align	1
 4748              		.syntax unified
 4749              		.thumb
 4750              		.thumb_func
 4752              	SPI_RxISR_16BIT:
 4753              	.LVL279:
 4754              	.LFB116:
3406:Drivers/STM32F2xx_HAL_Driver/Src/stm32f2xx_hal_spi.c ****   *((uint16_t *)hspi->pRxBuffPtr) = (uint16_t)(hspi->Instance->DR);
 4755              		.loc 1 3406 1 is_stmt 1 view -0
 4756              		.cfi_startproc
 4757              		@ args = 0, pretend = 0, frame = 0
 4758              		@ frame_needed = 0, uses_anonymous_args = 0
3406:Drivers/STM32F2xx_HAL_Driver/Src/stm32f2xx_hal_spi.c ****   *((uint16_t *)hspi->pRxBuffPtr) = (uint16_t)(hspi->Instance->DR);
 4759              		.loc 1 3406 1 is_stmt 0 view .LVU1602
 4760 0000 08B5     		push	{r3, lr}
 4761              	.LCFI62:
 4762              		.cfi_def_cfa_offset 8
 4763              		.cfi_offset 3, -8
 4764              		.cfi_offset 14, -4
3407:Drivers/STM32F2xx_HAL_Driver/Src/stm32f2xx_hal_spi.c ****   hspi->pRxBuffPtr += sizeof(uint16_t);
 4765              		.loc 1 3407 3 is_stmt 1 view .LVU1603
3407:Drivers/STM32F2xx_HAL_Driver/Src/stm32f2xx_hal_spi.c ****   hspi->pRxBuffPtr += sizeof(uint16_t);
 4766              		.loc 1 3407 52 is_stmt 0 view .LVU1604
 4767 0002 0368     		ldr	r3, [r0]
3407:Drivers/STM32F2xx_HAL_Driver/Src/stm32f2xx_hal_spi.c ****   hspi->pRxBuffPtr += sizeof(uint16_t);
 4768              		.loc 1 3407 62 view .LVU1605
 4769 0004 DA68     		ldr	r2, [r3, #12]
3407:Drivers/STM32F2xx_HAL_Driver/Src/stm32f2xx_hal_spi.c ****   hspi->pRxBuffPtr += sizeof(uint16_t);
 4770              		.loc 1 3407 21 view .LVU1606
 4771 0006 836B     		ldr	r3, [r0, #56]
3407:Drivers/STM32F2xx_HAL_Driver/Src/stm32f2xx_hal_spi.c ****   hspi->pRxBuffPtr += sizeof(uint16_t);
 4772              		.loc 1 3407 35 view .LVU1607
 4773 0008 1A80     		strh	r2, [r3]	@ movhi
ARM GAS  /var/folders/8x/_y6g3dfs0698dfd49y4vcg_w0000gn/T//ccpNuCLH.s 			page 179


3408:Drivers/STM32F2xx_HAL_Driver/Src/stm32f2xx_hal_spi.c ****   hspi->RxXferCount--;
 4774              		.loc 1 3408 3 is_stmt 1 view .LVU1608
3408:Drivers/STM32F2xx_HAL_Driver/Src/stm32f2xx_hal_spi.c ****   hspi->RxXferCount--;
 4775              		.loc 1 3408 7 is_stmt 0 view .LVU1609
 4776 000a 836B     		ldr	r3, [r0, #56]
3408:Drivers/STM32F2xx_HAL_Driver/Src/stm32f2xx_hal_spi.c ****   hspi->RxXferCount--;
 4777              		.loc 1 3408 20 view .LVU1610
 4778 000c 0233     		adds	r3, r3, #2
 4779 000e 8363     		str	r3, [r0, #56]
3409:Drivers/STM32F2xx_HAL_Driver/Src/stm32f2xx_hal_spi.c **** 
 4780              		.loc 1 3409 3 is_stmt 1 view .LVU1611
3409:Drivers/STM32F2xx_HAL_Driver/Src/stm32f2xx_hal_spi.c **** 
 4781              		.loc 1 3409 7 is_stmt 0 view .LVU1612
 4782 0010 C38F     		ldrh	r3, [r0, #62]
 4783 0012 9BB2     		uxth	r3, r3
3409:Drivers/STM32F2xx_HAL_Driver/Src/stm32f2xx_hal_spi.c **** 
 4784              		.loc 1 3409 20 view .LVU1613
 4785 0014 013B     		subs	r3, r3, #1
 4786 0016 9BB2     		uxth	r3, r3
 4787 0018 C387     		strh	r3, [r0, #62]	@ movhi
3419:Drivers/STM32F2xx_HAL_Driver/Src/stm32f2xx_hal_spi.c ****   {
 4788              		.loc 1 3419 3 is_stmt 1 view .LVU1614
3419:Drivers/STM32F2xx_HAL_Driver/Src/stm32f2xx_hal_spi.c ****   {
 4789              		.loc 1 3419 11 is_stmt 0 view .LVU1615
 4790 001a C38F     		ldrh	r3, [r0, #62]
 4791 001c 9BB2     		uxth	r3, r3
3419:Drivers/STM32F2xx_HAL_Driver/Src/stm32f2xx_hal_spi.c ****   {
 4792              		.loc 1 3419 6 view .LVU1616
 4793 001e 03B1     		cbz	r3, .L328
 4794              	.LVL280:
 4795              	.L325:
3430:Drivers/STM32F2xx_HAL_Driver/Src/stm32f2xx_hal_spi.c **** 
 4796              		.loc 1 3430 1 view .LVU1617
 4797 0020 08BD     		pop	{r3, pc}
 4798              	.LVL281:
 4799              	.L328:
3428:Drivers/STM32F2xx_HAL_Driver/Src/stm32f2xx_hal_spi.c ****   }
 4800              		.loc 1 3428 5 is_stmt 1 view .LVU1618
 4801 0022 FFF7FEFF 		bl	SPI_CloseRx_ISR
 4802              	.LVL282:
3430:Drivers/STM32F2xx_HAL_Driver/Src/stm32f2xx_hal_spi.c **** 
 4803              		.loc 1 3430 1 is_stmt 0 view .LVU1619
 4804 0026 FBE7     		b	.L325
 4805              		.cfi_endproc
 4806              	.LFE116:
 4808              		.section	.text.SPI_CloseRxTx_ISR,"ax",%progbits
 4809              		.align	1
 4810              		.syntax unified
 4811              		.thumb
 4812              		.thumb_func
 4814              	SPI_CloseRxTx_ISR:
 4815              	.LVL283:
 4816              	.LFB122:
3610:Drivers/STM32F2xx_HAL_Driver/Src/stm32f2xx_hal_spi.c ****   uint32_t tickstart;
 4817              		.loc 1 3610 1 is_stmt 1 view -0
 4818              		.cfi_startproc
 4819              		@ args = 0, pretend = 0, frame = 8
ARM GAS  /var/folders/8x/_y6g3dfs0698dfd49y4vcg_w0000gn/T//ccpNuCLH.s 			page 180


 4820              		@ frame_needed = 0, uses_anonymous_args = 0
3610:Drivers/STM32F2xx_HAL_Driver/Src/stm32f2xx_hal_spi.c ****   uint32_t tickstart;
 4821              		.loc 1 3610 1 is_stmt 0 view .LVU1621
 4822 0000 10B5     		push	{r4, lr}
 4823              	.LCFI63:
 4824              		.cfi_def_cfa_offset 8
 4825              		.cfi_offset 4, -8
 4826              		.cfi_offset 14, -4
 4827 0002 82B0     		sub	sp, sp, #8
 4828              	.LCFI64:
 4829              		.cfi_def_cfa_offset 16
 4830 0004 0446     		mov	r4, r0
3611:Drivers/STM32F2xx_HAL_Driver/Src/stm32f2xx_hal_spi.c ****   __IO uint32_t count = SPI_DEFAULT_TIMEOUT * (SystemCoreClock / 24U / 1000U);
 4831              		.loc 1 3611 3 is_stmt 1 view .LVU1622
3612:Drivers/STM32F2xx_HAL_Driver/Src/stm32f2xx_hal_spi.c **** 
 4832              		.loc 1 3612 3 view .LVU1623
3612:Drivers/STM32F2xx_HAL_Driver/Src/stm32f2xx_hal_spi.c **** 
 4833              		.loc 1 3612 70 is_stmt 0 view .LVU1624
 4834 0006 284B     		ldr	r3, .L341
 4835 0008 1B68     		ldr	r3, [r3]
 4836 000a 284A     		ldr	r2, .L341+4
 4837 000c A2FB0323 		umull	r2, r3, r2, r3
 4838 0010 5B0A     		lsrs	r3, r3, #9
3612:Drivers/STM32F2xx_HAL_Driver/Src/stm32f2xx_hal_spi.c **** 
 4839              		.loc 1 3612 45 view .LVU1625
 4840 0012 6422     		movs	r2, #100
 4841 0014 02FB03F3 		mul	r3, r2, r3
3612:Drivers/STM32F2xx_HAL_Driver/Src/stm32f2xx_hal_spi.c **** 
 4842              		.loc 1 3612 17 view .LVU1626
 4843 0018 0193     		str	r3, [sp, #4]
3615:Drivers/STM32F2xx_HAL_Driver/Src/stm32f2xx_hal_spi.c **** 
 4844              		.loc 1 3615 3 is_stmt 1 view .LVU1627
3615:Drivers/STM32F2xx_HAL_Driver/Src/stm32f2xx_hal_spi.c **** 
 4845              		.loc 1 3615 15 is_stmt 0 view .LVU1628
 4846 001a FFF7FEFF 		bl	HAL_GetTick
 4847              	.LVL284:
3615:Drivers/STM32F2xx_HAL_Driver/Src/stm32f2xx_hal_spi.c **** 
 4848              		.loc 1 3615 15 view .LVU1629
 4849 001e 0246     		mov	r2, r0
 4850              	.LVL285:
3618:Drivers/STM32F2xx_HAL_Driver/Src/stm32f2xx_hal_spi.c **** 
 4851              		.loc 1 3618 3 is_stmt 1 view .LVU1630
 4852 0020 2168     		ldr	r1, [r4]
 4853 0022 4B68     		ldr	r3, [r1, #4]
 4854 0024 23F02003 		bic	r3, r3, #32
 4855 0028 4B60     		str	r3, [r1, #4]
 4856              	.L332:
3621:Drivers/STM32F2xx_HAL_Driver/Src/stm32f2xx_hal_spi.c ****   {
 4857              		.loc 1 3621 3 view .LVU1631
3623:Drivers/STM32F2xx_HAL_Driver/Src/stm32f2xx_hal_spi.c ****     {
 4858              		.loc 1 3623 5 view .LVU1632
3623:Drivers/STM32F2xx_HAL_Driver/Src/stm32f2xx_hal_spi.c ****     {
 4859              		.loc 1 3623 15 is_stmt 0 view .LVU1633
 4860 002a 019B     		ldr	r3, [sp, #4]
3623:Drivers/STM32F2xx_HAL_Driver/Src/stm32f2xx_hal_spi.c ****     {
 4861              		.loc 1 3623 8 view .LVU1634
 4862 002c 43B1     		cbz	r3, .L339
ARM GAS  /var/folders/8x/_y6g3dfs0698dfd49y4vcg_w0000gn/T//ccpNuCLH.s 			page 181


3628:Drivers/STM32F2xx_HAL_Driver/Src/stm32f2xx_hal_spi.c ****   } while ((hspi->Instance->SR & SPI_FLAG_TXE) == RESET);
 4863              		.loc 1 3628 5 is_stmt 1 view .LVU1635
3628:Drivers/STM32F2xx_HAL_Driver/Src/stm32f2xx_hal_spi.c ****   } while ((hspi->Instance->SR & SPI_FLAG_TXE) == RESET);
 4864              		.loc 1 3628 10 is_stmt 0 view .LVU1636
 4865 002e 019B     		ldr	r3, [sp, #4]
 4866 0030 013B     		subs	r3, r3, #1
 4867 0032 0193     		str	r3, [sp, #4]
3629:Drivers/STM32F2xx_HAL_Driver/Src/stm32f2xx_hal_spi.c **** 
 4868              		.loc 1 3629 48 is_stmt 1 view .LVU1637
3629:Drivers/STM32F2xx_HAL_Driver/Src/stm32f2xx_hal_spi.c **** 
 4869              		.loc 1 3629 17 is_stmt 0 view .LVU1638
 4870 0034 2368     		ldr	r3, [r4]
3629:Drivers/STM32F2xx_HAL_Driver/Src/stm32f2xx_hal_spi.c **** 
 4871              		.loc 1 3629 27 view .LVU1639
 4872 0036 9B68     		ldr	r3, [r3, #8]
3629:Drivers/STM32F2xx_HAL_Driver/Src/stm32f2xx_hal_spi.c **** 
 4873              		.loc 1 3629 48 view .LVU1640
 4874 0038 13F0020F 		tst	r3, #2
 4875 003c F5D0     		beq	.L332
 4876 003e 03E0     		b	.L331
 4877              	.L339:
3625:Drivers/STM32F2xx_HAL_Driver/Src/stm32f2xx_hal_spi.c ****       break;
 4878              		.loc 1 3625 7 is_stmt 1 view .LVU1641
 4879 0040 636D     		ldr	r3, [r4, #84]
 4880 0042 43F02003 		orr	r3, r3, #32
 4881 0046 6365     		str	r3, [r4, #84]
3626:Drivers/STM32F2xx_HAL_Driver/Src/stm32f2xx_hal_spi.c ****     }
 4882              		.loc 1 3626 7 view .LVU1642
 4883              	.L331:
3632:Drivers/STM32F2xx_HAL_Driver/Src/stm32f2xx_hal_spi.c ****   {
 4884              		.loc 1 3632 3 view .LVU1643
3632:Drivers/STM32F2xx_HAL_Driver/Src/stm32f2xx_hal_spi.c ****   {
 4885              		.loc 1 3632 7 is_stmt 0 view .LVU1644
 4886 0048 6421     		movs	r1, #100
 4887 004a 2046     		mov	r0, r4
 4888              	.LVL286:
3632:Drivers/STM32F2xx_HAL_Driver/Src/stm32f2xx_hal_spi.c ****   {
 4889              		.loc 1 3632 7 view .LVU1645
 4890 004c FFF7FEFF 		bl	SPI_EndRxTxTransaction
 4891              	.LVL287:
3632:Drivers/STM32F2xx_HAL_Driver/Src/stm32f2xx_hal_spi.c ****   {
 4892              		.loc 1 3632 6 discriminator 1 view .LVU1646
 4893 0050 18B1     		cbz	r0, .L333
3634:Drivers/STM32F2xx_HAL_Driver/Src/stm32f2xx_hal_spi.c ****   }
 4894              		.loc 1 3634 5 is_stmt 1 view .LVU1647
 4895 0052 636D     		ldr	r3, [r4, #84]
 4896 0054 43F02003 		orr	r3, r3, #32
 4897 0058 6365     		str	r3, [r4, #84]
 4898              	.L333:
3638:Drivers/STM32F2xx_HAL_Driver/Src/stm32f2xx_hal_spi.c ****   {
 4899              		.loc 1 3638 3 view .LVU1648
3638:Drivers/STM32F2xx_HAL_Driver/Src/stm32f2xx_hal_spi.c ****   {
 4900              		.loc 1 3638 17 is_stmt 0 view .LVU1649
 4901 005a A368     		ldr	r3, [r4, #8]
3638:Drivers/STM32F2xx_HAL_Driver/Src/stm32f2xx_hal_spi.c ****   {
 4902              		.loc 1 3638 6 view .LVU1650
 4903 005c 33B9     		cbnz	r3, .L334
ARM GAS  /var/folders/8x/_y6g3dfs0698dfd49y4vcg_w0000gn/T//ccpNuCLH.s 			page 182


3640:Drivers/STM32F2xx_HAL_Driver/Src/stm32f2xx_hal_spi.c ****   }
 4904              		.loc 1 3640 5 is_stmt 1 view .LVU1651
 4905              	.LBB8:
3640:Drivers/STM32F2xx_HAL_Driver/Src/stm32f2xx_hal_spi.c ****   }
 4906              		.loc 1 3640 5 view .LVU1652
 4907 005e 0093     		str	r3, [sp]
3640:Drivers/STM32F2xx_HAL_Driver/Src/stm32f2xx_hal_spi.c ****   }
 4908              		.loc 1 3640 5 view .LVU1653
 4909 0060 2368     		ldr	r3, [r4]
 4910 0062 DA68     		ldr	r2, [r3, #12]
 4911 0064 0092     		str	r2, [sp]
3640:Drivers/STM32F2xx_HAL_Driver/Src/stm32f2xx_hal_spi.c ****   }
 4912              		.loc 1 3640 5 view .LVU1654
 4913 0066 9B68     		ldr	r3, [r3, #8]
 4914 0068 0093     		str	r3, [sp]
3640:Drivers/STM32F2xx_HAL_Driver/Src/stm32f2xx_hal_spi.c ****   }
 4915              		.loc 1 3640 5 view .LVU1655
 4916 006a 009B     		ldr	r3, [sp]
 4917              	.L334:
 4918              	.LBE8:
3640:Drivers/STM32F2xx_HAL_Driver/Src/stm32f2xx_hal_spi.c ****   }
 4919              		.loc 1 3640 5 discriminator 1 view .LVU1656
3660:Drivers/STM32F2xx_HAL_Driver/Src/stm32f2xx_hal_spi.c ****     {
 4920              		.loc 1 3660 5 view .LVU1657
3660:Drivers/STM32F2xx_HAL_Driver/Src/stm32f2xx_hal_spi.c ****     {
 4921              		.loc 1 3660 13 is_stmt 0 view .LVU1658
 4922 006c 636D     		ldr	r3, [r4, #84]
3660:Drivers/STM32F2xx_HAL_Driver/Src/stm32f2xx_hal_spi.c ****     {
 4923              		.loc 1 3660 8 view .LVU1659
 4924 006e 9BB9     		cbnz	r3, .L335
3662:Drivers/STM32F2xx_HAL_Driver/Src/stm32f2xx_hal_spi.c ****       {
 4925              		.loc 1 3662 7 is_stmt 1 view .LVU1660
3662:Drivers/STM32F2xx_HAL_Driver/Src/stm32f2xx_hal_spi.c ****       {
 4926              		.loc 1 3662 15 is_stmt 0 view .LVU1661
 4927 0070 94F85130 		ldrb	r3, [r4, #81]	@ zero_extendqisi2
 4928 0074 DBB2     		uxtb	r3, r3
3662:Drivers/STM32F2xx_HAL_Driver/Src/stm32f2xx_hal_spi.c ****       {
 4929              		.loc 1 3662 10 view .LVU1662
 4930 0076 042B     		cmp	r3, #4
 4931 0078 07D0     		beq	.L340
3674:Drivers/STM32F2xx_HAL_Driver/Src/stm32f2xx_hal_spi.c ****         /* Call user TxRx complete callback */
 4932              		.loc 1 3674 9 is_stmt 1 view .LVU1663
3674:Drivers/STM32F2xx_HAL_Driver/Src/stm32f2xx_hal_spi.c ****         /* Call user TxRx complete callback */
 4933              		.loc 1 3674 21 is_stmt 0 view .LVU1664
 4934 007a 0123     		movs	r3, #1
 4935 007c 84F85130 		strb	r3, [r4, #81]
3679:Drivers/STM32F2xx_HAL_Driver/Src/stm32f2xx_hal_spi.c **** #endif /* USE_HAL_SPI_REGISTER_CALLBACKS */
 4936              		.loc 1 3679 9 is_stmt 1 view .LVU1665
 4937 0080 2046     		mov	r0, r4
 4938 0082 FFF7FEFF 		bl	HAL_SPI_TxRxCpltCallback
 4939              	.LVL288:
 4940              	.L329:
3696:Drivers/STM32F2xx_HAL_Driver/Src/stm32f2xx_hal_spi.c **** 
 4941              		.loc 1 3696 1 is_stmt 0 view .LVU1666
 4942 0086 02B0     		add	sp, sp, #8
 4943              	.LCFI65:
 4944              		.cfi_remember_state
ARM GAS  /var/folders/8x/_y6g3dfs0698dfd49y4vcg_w0000gn/T//ccpNuCLH.s 			page 183


 4945              		.cfi_def_cfa_offset 8
 4946              		@ sp needed
 4947 0088 10BD     		pop	{r4, pc}
 4948              	.LVL289:
 4949              	.L340:
 4950              	.LCFI66:
 4951              		.cfi_restore_state
3664:Drivers/STM32F2xx_HAL_Driver/Src/stm32f2xx_hal_spi.c ****         /* Call user Rx complete callback */
 4952              		.loc 1 3664 9 is_stmt 1 view .LVU1667
3664:Drivers/STM32F2xx_HAL_Driver/Src/stm32f2xx_hal_spi.c ****         /* Call user Rx complete callback */
 4953              		.loc 1 3664 21 is_stmt 0 view .LVU1668
 4954 008a 0123     		movs	r3, #1
 4955 008c 84F85130 		strb	r3, [r4, #81]
3669:Drivers/STM32F2xx_HAL_Driver/Src/stm32f2xx_hal_spi.c **** #endif /* USE_HAL_SPI_REGISTER_CALLBACKS */
 4956              		.loc 1 3669 9 is_stmt 1 view .LVU1669
 4957 0090 2046     		mov	r0, r4
 4958 0092 FFF7FEFF 		bl	HAL_SPI_RxCpltCallback
 4959              	.LVL290:
 4960 0096 F6E7     		b	.L329
 4961              	.L335:
3685:Drivers/STM32F2xx_HAL_Driver/Src/stm32f2xx_hal_spi.c ****       /* Call user error callback */
 4962              		.loc 1 3685 7 view .LVU1670
3685:Drivers/STM32F2xx_HAL_Driver/Src/stm32f2xx_hal_spi.c ****       /* Call user error callback */
 4963              		.loc 1 3685 19 is_stmt 0 view .LVU1671
 4964 0098 0123     		movs	r3, #1
 4965 009a 84F85130 		strb	r3, [r4, #81]
3690:Drivers/STM32F2xx_HAL_Driver/Src/stm32f2xx_hal_spi.c **** #endif /* USE_HAL_SPI_REGISTER_CALLBACKS */
 4966              		.loc 1 3690 7 is_stmt 1 view .LVU1672
 4967 009e 2046     		mov	r0, r4
 4968 00a0 FFF7FEFF 		bl	HAL_SPI_ErrorCallback
 4969              	.LVL291:
3696:Drivers/STM32F2xx_HAL_Driver/Src/stm32f2xx_hal_spi.c **** 
 4970              		.loc 1 3696 1 is_stmt 0 view .LVU1673
 4971 00a4 EFE7     		b	.L329
 4972              	.L342:
 4973 00a6 00BF     		.align	2
 4974              	.L341:
 4975 00a8 00000000 		.word	SystemCoreClock
 4976 00ac F1197605 		.word	91625969
 4977              		.cfi_endproc
 4978              	.LFE122:
 4980              		.section	.text.SPI_2linesTxISR_8BIT,"ax",%progbits
 4981              		.align	1
 4982              		.syntax unified
 4983              		.thumb
 4984              		.thumb_func
 4986              	SPI_2linesTxISR_8BIT:
 4987              	.LVL292:
 4988              	.LFB112:
3198:Drivers/STM32F2xx_HAL_Driver/Src/stm32f2xx_hal_spi.c ****   *(__IO uint8_t *)&hspi->Instance->DR = *((const uint8_t *)hspi->pTxBuffPtr);
 4989              		.loc 1 3198 1 is_stmt 1 view -0
 4990              		.cfi_startproc
 4991              		@ args = 0, pretend = 0, frame = 0
 4992              		@ frame_needed = 0, uses_anonymous_args = 0
3198:Drivers/STM32F2xx_HAL_Driver/Src/stm32f2xx_hal_spi.c ****   *(__IO uint8_t *)&hspi->Instance->DR = *((const uint8_t *)hspi->pTxBuffPtr);
 4993              		.loc 1 3198 1 is_stmt 0 view .LVU1675
 4994 0000 08B5     		push	{r3, lr}
ARM GAS  /var/folders/8x/_y6g3dfs0698dfd49y4vcg_w0000gn/T//ccpNuCLH.s 			page 184


 4995              	.LCFI67:
 4996              		.cfi_def_cfa_offset 8
 4997              		.cfi_offset 3, -8
 4998              		.cfi_offset 14, -4
3199:Drivers/STM32F2xx_HAL_Driver/Src/stm32f2xx_hal_spi.c ****   hspi->pTxBuffPtr++;
 4999              		.loc 1 3199 3 is_stmt 1 view .LVU1676
3199:Drivers/STM32F2xx_HAL_Driver/Src/stm32f2xx_hal_spi.c ****   hspi->pTxBuffPtr++;
 5000              		.loc 1 3199 65 is_stmt 0 view .LVU1677
 5001 0002 026B     		ldr	r2, [r0, #48]
3199:Drivers/STM32F2xx_HAL_Driver/Src/stm32f2xx_hal_spi.c ****   hspi->pTxBuffPtr++;
 5002              		.loc 1 3199 25 view .LVU1678
 5003 0004 0368     		ldr	r3, [r0]
3199:Drivers/STM32F2xx_HAL_Driver/Src/stm32f2xx_hal_spi.c ****   hspi->pTxBuffPtr++;
 5004              		.loc 1 3199 42 view .LVU1679
 5005 0006 1278     		ldrb	r2, [r2]	@ zero_extendqisi2
3199:Drivers/STM32F2xx_HAL_Driver/Src/stm32f2xx_hal_spi.c ****   hspi->pTxBuffPtr++;
 5006              		.loc 1 3199 40 view .LVU1680
 5007 0008 1A73     		strb	r2, [r3, #12]
3200:Drivers/STM32F2xx_HAL_Driver/Src/stm32f2xx_hal_spi.c ****   hspi->TxXferCount--;
 5008              		.loc 1 3200 3 is_stmt 1 view .LVU1681
3200:Drivers/STM32F2xx_HAL_Driver/Src/stm32f2xx_hal_spi.c ****   hspi->TxXferCount--;
 5009              		.loc 1 3200 7 is_stmt 0 view .LVU1682
 5010 000a 036B     		ldr	r3, [r0, #48]
3200:Drivers/STM32F2xx_HAL_Driver/Src/stm32f2xx_hal_spi.c ****   hspi->TxXferCount--;
 5011              		.loc 1 3200 19 view .LVU1683
 5012 000c 0133     		adds	r3, r3, #1
 5013 000e 0363     		str	r3, [r0, #48]
3201:Drivers/STM32F2xx_HAL_Driver/Src/stm32f2xx_hal_spi.c **** 
 5014              		.loc 1 3201 3 is_stmt 1 view .LVU1684
3201:Drivers/STM32F2xx_HAL_Driver/Src/stm32f2xx_hal_spi.c **** 
 5015              		.loc 1 3201 7 is_stmt 0 view .LVU1685
 5016 0010 C38E     		ldrh	r3, [r0, #54]
 5017 0012 9BB2     		uxth	r3, r3
3201:Drivers/STM32F2xx_HAL_Driver/Src/stm32f2xx_hal_spi.c **** 
 5018              		.loc 1 3201 20 view .LVU1686
 5019 0014 013B     		subs	r3, r3, #1
 5020 0016 9BB2     		uxth	r3, r3
 5021 0018 C386     		strh	r3, [r0, #54]	@ movhi
3204:Drivers/STM32F2xx_HAL_Driver/Src/stm32f2xx_hal_spi.c ****   {
 5022              		.loc 1 3204 3 is_stmt 1 view .LVU1687
3204:Drivers/STM32F2xx_HAL_Driver/Src/stm32f2xx_hal_spi.c ****   {
 5023              		.loc 1 3204 11 is_stmt 0 view .LVU1688
 5024 001a C38E     		ldrh	r3, [r0, #54]
 5025 001c 9BB2     		uxth	r3, r3
3204:Drivers/STM32F2xx_HAL_Driver/Src/stm32f2xx_hal_spi.c ****   {
 5026              		.loc 1 3204 6 view .LVU1689
 5027 001e 3BB9     		cbnz	r3, .L343
3218:Drivers/STM32F2xx_HAL_Driver/Src/stm32f2xx_hal_spi.c **** 
 5028              		.loc 1 3218 5 is_stmt 1 view .LVU1690
 5029 0020 0268     		ldr	r2, [r0]
 5030 0022 5368     		ldr	r3, [r2, #4]
 5031 0024 23F08003 		bic	r3, r3, #128
 5032 0028 5360     		str	r3, [r2, #4]
3220:Drivers/STM32F2xx_HAL_Driver/Src/stm32f2xx_hal_spi.c ****     {
 5033              		.loc 1 3220 5 view .LVU1691
3220:Drivers/STM32F2xx_HAL_Driver/Src/stm32f2xx_hal_spi.c ****     {
 5034              		.loc 1 3220 13 is_stmt 0 view .LVU1692
ARM GAS  /var/folders/8x/_y6g3dfs0698dfd49y4vcg_w0000gn/T//ccpNuCLH.s 			page 185


 5035 002a C38F     		ldrh	r3, [r0, #62]
 5036 002c 9BB2     		uxth	r3, r3
3220:Drivers/STM32F2xx_HAL_Driver/Src/stm32f2xx_hal_spi.c ****     {
 5037              		.loc 1 3220 8 view .LVU1693
 5038 002e 03B1     		cbz	r3, .L346
 5039              	.LVL293:
 5040              	.L343:
3225:Drivers/STM32F2xx_HAL_Driver/Src/stm32f2xx_hal_spi.c **** 
 5041              		.loc 1 3225 1 view .LVU1694
 5042 0030 08BD     		pop	{r3, pc}
 5043              	.LVL294:
 5044              	.L346:
3222:Drivers/STM32F2xx_HAL_Driver/Src/stm32f2xx_hal_spi.c ****     }
 5045              		.loc 1 3222 7 is_stmt 1 view .LVU1695
 5046 0032 FFF7FEFF 		bl	SPI_CloseRxTx_ISR
 5047              	.LVL295:
3225:Drivers/STM32F2xx_HAL_Driver/Src/stm32f2xx_hal_spi.c **** 
 5048              		.loc 1 3225 1 is_stmt 0 view .LVU1696
 5049 0036 FBE7     		b	.L343
 5050              		.cfi_endproc
 5051              	.LFE112:
 5053              		.section	.text.SPI_2linesRxISR_8BIT,"ax",%progbits
 5054              		.align	1
 5055              		.syntax unified
 5056              		.thumb
 5057              		.thumb_func
 5059              	SPI_2linesRxISR_8BIT:
 5060              	.LVL296:
 5061              	.LFB111:
3135:Drivers/STM32F2xx_HAL_Driver/Src/stm32f2xx_hal_spi.c ****   /* Receive data in 8bit mode */
 5062              		.loc 1 3135 1 is_stmt 1 view -0
 5063              		.cfi_startproc
 5064              		@ args = 0, pretend = 0, frame = 0
 5065              		@ frame_needed = 0, uses_anonymous_args = 0
3135:Drivers/STM32F2xx_HAL_Driver/Src/stm32f2xx_hal_spi.c ****   /* Receive data in 8bit mode */
 5066              		.loc 1 3135 1 is_stmt 0 view .LVU1698
 5067 0000 08B5     		push	{r3, lr}
 5068              	.LCFI68:
 5069              		.cfi_def_cfa_offset 8
 5070              		.cfi_offset 3, -8
 5071              		.cfi_offset 14, -4
3137:Drivers/STM32F2xx_HAL_Driver/Src/stm32f2xx_hal_spi.c ****   hspi->pRxBuffPtr++;
 5072              		.loc 1 3137 3 is_stmt 1 view .LVU1699
3137:Drivers/STM32F2xx_HAL_Driver/Src/stm32f2xx_hal_spi.c ****   hspi->pRxBuffPtr++;
 5073              		.loc 1 3137 46 is_stmt 0 view .LVU1700
 5074 0002 0268     		ldr	r2, [r0]
3137:Drivers/STM32F2xx_HAL_Driver/Src/stm32f2xx_hal_spi.c ****   hspi->pRxBuffPtr++;
 5075              		.loc 1 3137 8 view .LVU1701
 5076 0004 836B     		ldr	r3, [r0, #56]
3137:Drivers/STM32F2xx_HAL_Driver/Src/stm32f2xx_hal_spi.c ****   hspi->pRxBuffPtr++;
 5077              		.loc 1 3137 23 view .LVU1702
 5078 0006 127B     		ldrb	r2, [r2, #12]	@ zero_extendqisi2
3137:Drivers/STM32F2xx_HAL_Driver/Src/stm32f2xx_hal_spi.c ****   hspi->pRxBuffPtr++;
 5079              		.loc 1 3137 21 view .LVU1703
 5080 0008 1A70     		strb	r2, [r3]
3138:Drivers/STM32F2xx_HAL_Driver/Src/stm32f2xx_hal_spi.c ****   hspi->RxXferCount--;
 5081              		.loc 1 3138 3 is_stmt 1 view .LVU1704
ARM GAS  /var/folders/8x/_y6g3dfs0698dfd49y4vcg_w0000gn/T//ccpNuCLH.s 			page 186


3138:Drivers/STM32F2xx_HAL_Driver/Src/stm32f2xx_hal_spi.c ****   hspi->RxXferCount--;
 5082              		.loc 1 3138 7 is_stmt 0 view .LVU1705
 5083 000a 836B     		ldr	r3, [r0, #56]
3138:Drivers/STM32F2xx_HAL_Driver/Src/stm32f2xx_hal_spi.c ****   hspi->RxXferCount--;
 5084              		.loc 1 3138 19 view .LVU1706
 5085 000c 0133     		adds	r3, r3, #1
 5086 000e 8363     		str	r3, [r0, #56]
3139:Drivers/STM32F2xx_HAL_Driver/Src/stm32f2xx_hal_spi.c **** 
 5087              		.loc 1 3139 3 is_stmt 1 view .LVU1707
3139:Drivers/STM32F2xx_HAL_Driver/Src/stm32f2xx_hal_spi.c **** 
 5088              		.loc 1 3139 7 is_stmt 0 view .LVU1708
 5089 0010 C38F     		ldrh	r3, [r0, #62]
 5090 0012 9BB2     		uxth	r3, r3
3139:Drivers/STM32F2xx_HAL_Driver/Src/stm32f2xx_hal_spi.c **** 
 5091              		.loc 1 3139 20 view .LVU1709
 5092 0014 013B     		subs	r3, r3, #1
 5093 0016 9BB2     		uxth	r3, r3
 5094 0018 C387     		strh	r3, [r0, #62]	@ movhi
3142:Drivers/STM32F2xx_HAL_Driver/Src/stm32f2xx_hal_spi.c ****   {
 5095              		.loc 1 3142 3 is_stmt 1 view .LVU1710
3142:Drivers/STM32F2xx_HAL_Driver/Src/stm32f2xx_hal_spi.c ****   {
 5096              		.loc 1 3142 11 is_stmt 0 view .LVU1711
 5097 001a C38F     		ldrh	r3, [r0, #62]
 5098 001c 9BB2     		uxth	r3, r3
3142:Drivers/STM32F2xx_HAL_Driver/Src/stm32f2xx_hal_spi.c ****   {
 5099              		.loc 1 3142 6 view .LVU1712
 5100 001e 3BB9     		cbnz	r3, .L347
3153:Drivers/STM32F2xx_HAL_Driver/Src/stm32f2xx_hal_spi.c **** 
 5101              		.loc 1 3153 5 is_stmt 1 view .LVU1713
 5102 0020 0268     		ldr	r2, [r0]
 5103 0022 5368     		ldr	r3, [r2, #4]
 5104 0024 23F06003 		bic	r3, r3, #96
 5105 0028 5360     		str	r3, [r2, #4]
3155:Drivers/STM32F2xx_HAL_Driver/Src/stm32f2xx_hal_spi.c ****     {
 5106              		.loc 1 3155 5 view .LVU1714
3155:Drivers/STM32F2xx_HAL_Driver/Src/stm32f2xx_hal_spi.c ****     {
 5107              		.loc 1 3155 13 is_stmt 0 view .LVU1715
 5108 002a C38E     		ldrh	r3, [r0, #54]
 5109 002c 9BB2     		uxth	r3, r3
3155:Drivers/STM32F2xx_HAL_Driver/Src/stm32f2xx_hal_spi.c ****     {
 5110              		.loc 1 3155 8 view .LVU1716
 5111 002e 03B1     		cbz	r3, .L350
 5112              	.LVL297:
 5113              	.L347:
3160:Drivers/STM32F2xx_HAL_Driver/Src/stm32f2xx_hal_spi.c **** 
 5114              		.loc 1 3160 1 view .LVU1717
 5115 0030 08BD     		pop	{r3, pc}
 5116              	.LVL298:
 5117              	.L350:
3157:Drivers/STM32F2xx_HAL_Driver/Src/stm32f2xx_hal_spi.c ****     }
 5118              		.loc 1 3157 7 is_stmt 1 view .LVU1718
 5119 0032 FFF7FEFF 		bl	SPI_CloseRxTx_ISR
 5120              	.LVL299:
3160:Drivers/STM32F2xx_HAL_Driver/Src/stm32f2xx_hal_spi.c **** 
 5121              		.loc 1 3160 1 is_stmt 0 view .LVU1719
 5122 0036 FBE7     		b	.L347
 5123              		.cfi_endproc
ARM GAS  /var/folders/8x/_y6g3dfs0698dfd49y4vcg_w0000gn/T//ccpNuCLH.s 			page 187


 5124              	.LFE111:
 5126              		.section	.text.SPI_2linesTxISR_16BIT,"ax",%progbits
 5127              		.align	1
 5128              		.syntax unified
 5129              		.thumb
 5130              		.thumb_func
 5132              	SPI_2linesTxISR_16BIT:
 5133              	.LVL300:
 5134              	.LFB114:
3290:Drivers/STM32F2xx_HAL_Driver/Src/stm32f2xx_hal_spi.c ****   /* Transmit data in 16 Bit mode */
 5135              		.loc 1 3290 1 is_stmt 1 view -0
 5136              		.cfi_startproc
 5137              		@ args = 0, pretend = 0, frame = 0
 5138              		@ frame_needed = 0, uses_anonymous_args = 0
3290:Drivers/STM32F2xx_HAL_Driver/Src/stm32f2xx_hal_spi.c ****   /* Transmit data in 16 Bit mode */
 5139              		.loc 1 3290 1 is_stmt 0 view .LVU1721
 5140 0000 08B5     		push	{r3, lr}
 5141              	.LCFI69:
 5142              		.cfi_def_cfa_offset 8
 5143              		.cfi_offset 3, -8
 5144              		.cfi_offset 14, -4
3292:Drivers/STM32F2xx_HAL_Driver/Src/stm32f2xx_hal_spi.c ****   hspi->pTxBuffPtr += sizeof(uint16_t);
 5145              		.loc 1 3292 3 is_stmt 1 view .LVU1722
3292:Drivers/STM32F2xx_HAL_Driver/Src/stm32f2xx_hal_spi.c ****   hspi->pTxBuffPtr += sizeof(uint16_t);
 5146              		.loc 1 3292 48 is_stmt 0 view .LVU1723
 5147 0002 026B     		ldr	r2, [r0, #48]
3292:Drivers/STM32F2xx_HAL_Driver/Src/stm32f2xx_hal_spi.c ****   hspi->pTxBuffPtr += sizeof(uint16_t);
 5148              		.loc 1 3292 7 view .LVU1724
 5149 0004 0368     		ldr	r3, [r0]
3292:Drivers/STM32F2xx_HAL_Driver/Src/stm32f2xx_hal_spi.c ****   hspi->pTxBuffPtr += sizeof(uint16_t);
 5150              		.loc 1 3292 24 view .LVU1725
 5151 0006 1288     		ldrh	r2, [r2]
3292:Drivers/STM32F2xx_HAL_Driver/Src/stm32f2xx_hal_spi.c ****   hspi->pTxBuffPtr += sizeof(uint16_t);
 5152              		.loc 1 3292 22 view .LVU1726
 5153 0008 DA60     		str	r2, [r3, #12]
3293:Drivers/STM32F2xx_HAL_Driver/Src/stm32f2xx_hal_spi.c ****   hspi->TxXferCount--;
 5154              		.loc 1 3293 3 is_stmt 1 view .LVU1727
3293:Drivers/STM32F2xx_HAL_Driver/Src/stm32f2xx_hal_spi.c ****   hspi->TxXferCount--;
 5155              		.loc 1 3293 7 is_stmt 0 view .LVU1728
 5156 000a 036B     		ldr	r3, [r0, #48]
3293:Drivers/STM32F2xx_HAL_Driver/Src/stm32f2xx_hal_spi.c ****   hspi->TxXferCount--;
 5157              		.loc 1 3293 20 view .LVU1729
 5158 000c 0233     		adds	r3, r3, #2
 5159 000e 0363     		str	r3, [r0, #48]
3294:Drivers/STM32F2xx_HAL_Driver/Src/stm32f2xx_hal_spi.c **** 
 5160              		.loc 1 3294 3 is_stmt 1 view .LVU1730
3294:Drivers/STM32F2xx_HAL_Driver/Src/stm32f2xx_hal_spi.c **** 
 5161              		.loc 1 3294 7 is_stmt 0 view .LVU1731
 5162 0010 C38E     		ldrh	r3, [r0, #54]
 5163 0012 9BB2     		uxth	r3, r3
3294:Drivers/STM32F2xx_HAL_Driver/Src/stm32f2xx_hal_spi.c **** 
 5164              		.loc 1 3294 20 view .LVU1732
 5165 0014 013B     		subs	r3, r3, #1
 5166 0016 9BB2     		uxth	r3, r3
 5167 0018 C386     		strh	r3, [r0, #54]	@ movhi
3297:Drivers/STM32F2xx_HAL_Driver/Src/stm32f2xx_hal_spi.c ****   {
 5168              		.loc 1 3297 3 is_stmt 1 view .LVU1733
ARM GAS  /var/folders/8x/_y6g3dfs0698dfd49y4vcg_w0000gn/T//ccpNuCLH.s 			page 188


3297:Drivers/STM32F2xx_HAL_Driver/Src/stm32f2xx_hal_spi.c ****   {
 5169              		.loc 1 3297 11 is_stmt 0 view .LVU1734
 5170 001a C38E     		ldrh	r3, [r0, #54]
 5171 001c 9BB2     		uxth	r3, r3
3297:Drivers/STM32F2xx_HAL_Driver/Src/stm32f2xx_hal_spi.c ****   {
 5172              		.loc 1 3297 6 view .LVU1735
 5173 001e 3BB9     		cbnz	r3, .L351
3311:Drivers/STM32F2xx_HAL_Driver/Src/stm32f2xx_hal_spi.c **** 
 5174              		.loc 1 3311 5 is_stmt 1 view .LVU1736
 5175 0020 0268     		ldr	r2, [r0]
 5176 0022 5368     		ldr	r3, [r2, #4]
 5177 0024 23F08003 		bic	r3, r3, #128
 5178 0028 5360     		str	r3, [r2, #4]
3313:Drivers/STM32F2xx_HAL_Driver/Src/stm32f2xx_hal_spi.c ****     {
 5179              		.loc 1 3313 5 view .LVU1737
3313:Drivers/STM32F2xx_HAL_Driver/Src/stm32f2xx_hal_spi.c ****     {
 5180              		.loc 1 3313 13 is_stmt 0 view .LVU1738
 5181 002a C38F     		ldrh	r3, [r0, #62]
 5182 002c 9BB2     		uxth	r3, r3
3313:Drivers/STM32F2xx_HAL_Driver/Src/stm32f2xx_hal_spi.c ****     {
 5183              		.loc 1 3313 8 view .LVU1739
 5184 002e 03B1     		cbz	r3, .L354
 5185              	.LVL301:
 5186              	.L351:
3318:Drivers/STM32F2xx_HAL_Driver/Src/stm32f2xx_hal_spi.c **** 
 5187              		.loc 1 3318 1 view .LVU1740
 5188 0030 08BD     		pop	{r3, pc}
 5189              	.LVL302:
 5190              	.L354:
3315:Drivers/STM32F2xx_HAL_Driver/Src/stm32f2xx_hal_spi.c ****     }
 5191              		.loc 1 3315 7 is_stmt 1 view .LVU1741
 5192 0032 FFF7FEFF 		bl	SPI_CloseRxTx_ISR
 5193              	.LVL303:
3318:Drivers/STM32F2xx_HAL_Driver/Src/stm32f2xx_hal_spi.c **** 
 5194              		.loc 1 3318 1 is_stmt 0 view .LVU1742
 5195 0036 FBE7     		b	.L351
 5196              		.cfi_endproc
 5197              	.LFE114:
 5199              		.section	.text.SPI_2linesRxISR_16BIT,"ax",%progbits
 5200              		.align	1
 5201              		.syntax unified
 5202              		.thumb
 5203              		.thumb_func
 5205              	SPI_2linesRxISR_16BIT:
 5206              	.LVL304:
 5207              	.LFB113:
3234:Drivers/STM32F2xx_HAL_Driver/Src/stm32f2xx_hal_spi.c ****   /* Receive data in 16 Bit mode */
 5208              		.loc 1 3234 1 is_stmt 1 view -0
 5209              		.cfi_startproc
 5210              		@ args = 0, pretend = 0, frame = 0
 5211              		@ frame_needed = 0, uses_anonymous_args = 0
3234:Drivers/STM32F2xx_HAL_Driver/Src/stm32f2xx_hal_spi.c ****   /* Receive data in 16 Bit mode */
 5212              		.loc 1 3234 1 is_stmt 0 view .LVU1744
 5213 0000 08B5     		push	{r3, lr}
 5214              	.LCFI70:
 5215              		.cfi_def_cfa_offset 8
 5216              		.cfi_offset 3, -8
ARM GAS  /var/folders/8x/_y6g3dfs0698dfd49y4vcg_w0000gn/T//ccpNuCLH.s 			page 189


 5217              		.cfi_offset 14, -4
3236:Drivers/STM32F2xx_HAL_Driver/Src/stm32f2xx_hal_spi.c ****   hspi->pRxBuffPtr += sizeof(uint16_t);
 5218              		.loc 1 3236 3 is_stmt 1 view .LVU1745
3236:Drivers/STM32F2xx_HAL_Driver/Src/stm32f2xx_hal_spi.c ****   hspi->pRxBuffPtr += sizeof(uint16_t);
 5219              		.loc 1 3236 52 is_stmt 0 view .LVU1746
 5220 0002 0368     		ldr	r3, [r0]
3236:Drivers/STM32F2xx_HAL_Driver/Src/stm32f2xx_hal_spi.c ****   hspi->pRxBuffPtr += sizeof(uint16_t);
 5221              		.loc 1 3236 62 view .LVU1747
 5222 0004 DA68     		ldr	r2, [r3, #12]
3236:Drivers/STM32F2xx_HAL_Driver/Src/stm32f2xx_hal_spi.c ****   hspi->pRxBuffPtr += sizeof(uint16_t);
 5223              		.loc 1 3236 21 view .LVU1748
 5224 0006 836B     		ldr	r3, [r0, #56]
3236:Drivers/STM32F2xx_HAL_Driver/Src/stm32f2xx_hal_spi.c ****   hspi->pRxBuffPtr += sizeof(uint16_t);
 5225              		.loc 1 3236 35 view .LVU1749
 5226 0008 1A80     		strh	r2, [r3]	@ movhi
3237:Drivers/STM32F2xx_HAL_Driver/Src/stm32f2xx_hal_spi.c ****   hspi->RxXferCount--;
 5227              		.loc 1 3237 3 is_stmt 1 view .LVU1750
3237:Drivers/STM32F2xx_HAL_Driver/Src/stm32f2xx_hal_spi.c ****   hspi->RxXferCount--;
 5228              		.loc 1 3237 7 is_stmt 0 view .LVU1751
 5229 000a 836B     		ldr	r3, [r0, #56]
3237:Drivers/STM32F2xx_HAL_Driver/Src/stm32f2xx_hal_spi.c ****   hspi->RxXferCount--;
 5230              		.loc 1 3237 20 view .LVU1752
 5231 000c 0233     		adds	r3, r3, #2
 5232 000e 8363     		str	r3, [r0, #56]
3238:Drivers/STM32F2xx_HAL_Driver/Src/stm32f2xx_hal_spi.c **** 
 5233              		.loc 1 3238 3 is_stmt 1 view .LVU1753
3238:Drivers/STM32F2xx_HAL_Driver/Src/stm32f2xx_hal_spi.c **** 
 5234              		.loc 1 3238 7 is_stmt 0 view .LVU1754
 5235 0010 C38F     		ldrh	r3, [r0, #62]
 5236 0012 9BB2     		uxth	r3, r3
3238:Drivers/STM32F2xx_HAL_Driver/Src/stm32f2xx_hal_spi.c **** 
 5237              		.loc 1 3238 20 view .LVU1755
 5238 0014 013B     		subs	r3, r3, #1
 5239 0016 9BB2     		uxth	r3, r3
 5240 0018 C387     		strh	r3, [r0, #62]	@ movhi
3240:Drivers/STM32F2xx_HAL_Driver/Src/stm32f2xx_hal_spi.c ****   {
 5241              		.loc 1 3240 3 is_stmt 1 view .LVU1756
3240:Drivers/STM32F2xx_HAL_Driver/Src/stm32f2xx_hal_spi.c ****   {
 5242              		.loc 1 3240 11 is_stmt 0 view .LVU1757
 5243 001a C38F     		ldrh	r3, [r0, #62]
 5244 001c 9BB2     		uxth	r3, r3
3240:Drivers/STM32F2xx_HAL_Driver/Src/stm32f2xx_hal_spi.c ****   {
 5245              		.loc 1 3240 6 view .LVU1758
 5246 001e 3BB9     		cbnz	r3, .L355
3251:Drivers/STM32F2xx_HAL_Driver/Src/stm32f2xx_hal_spi.c **** 
 5247              		.loc 1 3251 5 is_stmt 1 view .LVU1759
 5248 0020 0268     		ldr	r2, [r0]
 5249 0022 5368     		ldr	r3, [r2, #4]
 5250 0024 23F04003 		bic	r3, r3, #64
 5251 0028 5360     		str	r3, [r2, #4]
3253:Drivers/STM32F2xx_HAL_Driver/Src/stm32f2xx_hal_spi.c ****     {
 5252              		.loc 1 3253 5 view .LVU1760
3253:Drivers/STM32F2xx_HAL_Driver/Src/stm32f2xx_hal_spi.c ****     {
 5253              		.loc 1 3253 13 is_stmt 0 view .LVU1761
 5254 002a C38E     		ldrh	r3, [r0, #54]
 5255 002c 9BB2     		uxth	r3, r3
3253:Drivers/STM32F2xx_HAL_Driver/Src/stm32f2xx_hal_spi.c ****     {
ARM GAS  /var/folders/8x/_y6g3dfs0698dfd49y4vcg_w0000gn/T//ccpNuCLH.s 			page 190


 5256              		.loc 1 3253 8 view .LVU1762
 5257 002e 03B1     		cbz	r3, .L358
 5258              	.LVL305:
 5259              	.L355:
3258:Drivers/STM32F2xx_HAL_Driver/Src/stm32f2xx_hal_spi.c **** 
 5260              		.loc 1 3258 1 view .LVU1763
 5261 0030 08BD     		pop	{r3, pc}
 5262              	.LVL306:
 5263              	.L358:
3255:Drivers/STM32F2xx_HAL_Driver/Src/stm32f2xx_hal_spi.c ****     }
 5264              		.loc 1 3255 7 is_stmt 1 view .LVU1764
 5265 0032 FFF7FEFF 		bl	SPI_CloseRxTx_ISR
 5266              	.LVL307:
3258:Drivers/STM32F2xx_HAL_Driver/Src/stm32f2xx_hal_spi.c **** 
 5267              		.loc 1 3258 1 is_stmt 0 view .LVU1765
 5268 0036 FBE7     		b	.L355
 5269              		.cfi_endproc
 5270              	.LFE113:
 5272              		.section	.text.SPI_DMAError,"ax",%progbits
 5273              		.align	1
 5274              		.syntax unified
 5275              		.thumb
 5276              		.thumb_func
 5278              	SPI_DMAError:
 5279              	.LVL308:
 5280              	.LFB107:
2966:Drivers/STM32F2xx_HAL_Driver/Src/stm32f2xx_hal_spi.c ****   SPI_HandleTypeDef *hspi = (SPI_HandleTypeDef *)(((DMA_HandleTypeDef *)hdma)->Parent);
 5281              		.loc 1 2966 1 is_stmt 1 view -0
 5282              		.cfi_startproc
 5283              		@ args = 0, pretend = 0, frame = 0
 5284              		@ frame_needed = 0, uses_anonymous_args = 0
2966:Drivers/STM32F2xx_HAL_Driver/Src/stm32f2xx_hal_spi.c ****   SPI_HandleTypeDef *hspi = (SPI_HandleTypeDef *)(((DMA_HandleTypeDef *)hdma)->Parent);
 5285              		.loc 1 2966 1 is_stmt 0 view .LVU1767
 5286 0000 08B5     		push	{r3, lr}
 5287              	.LCFI71:
 5288              		.cfi_def_cfa_offset 8
 5289              		.cfi_offset 3, -8
 5290              		.cfi_offset 14, -4
2967:Drivers/STM32F2xx_HAL_Driver/Src/stm32f2xx_hal_spi.c **** 
 5291              		.loc 1 2967 3 is_stmt 1 view .LVU1768
2967:Drivers/STM32F2xx_HAL_Driver/Src/stm32f2xx_hal_spi.c **** 
 5292              		.loc 1 2967 22 is_stmt 0 view .LVU1769
 5293 0002 806B     		ldr	r0, [r0, #56]
 5294              	.LVL309:
2970:Drivers/STM32F2xx_HAL_Driver/Src/stm32f2xx_hal_spi.c **** 
 5295              		.loc 1 2970 3 is_stmt 1 view .LVU1770
 5296 0004 0268     		ldr	r2, [r0]
 5297 0006 5368     		ldr	r3, [r2, #4]
 5298 0008 23F00303 		bic	r3, r3, #3
 5299 000c 5360     		str	r3, [r2, #4]
2972:Drivers/STM32F2xx_HAL_Driver/Src/stm32f2xx_hal_spi.c ****   hspi->State = HAL_SPI_STATE_READY;
 5300              		.loc 1 2972 3 view .LVU1771
 5301 000e 436D     		ldr	r3, [r0, #84]
 5302 0010 43F01003 		orr	r3, r3, #16
 5303 0014 4365     		str	r3, [r0, #84]
2973:Drivers/STM32F2xx_HAL_Driver/Src/stm32f2xx_hal_spi.c ****   /* Call user error callback */
 5304              		.loc 1 2973 3 view .LVU1772
ARM GAS  /var/folders/8x/_y6g3dfs0698dfd49y4vcg_w0000gn/T//ccpNuCLH.s 			page 191


2973:Drivers/STM32F2xx_HAL_Driver/Src/stm32f2xx_hal_spi.c ****   /* Call user error callback */
 5305              		.loc 1 2973 15 is_stmt 0 view .LVU1773
 5306 0016 0123     		movs	r3, #1
 5307 0018 80F85130 		strb	r3, [r0, #81]
2978:Drivers/STM32F2xx_HAL_Driver/Src/stm32f2xx_hal_spi.c **** #endif /* USE_HAL_SPI_REGISTER_CALLBACKS */
 5308              		.loc 1 2978 3 is_stmt 1 view .LVU1774
 5309 001c FFF7FEFF 		bl	HAL_SPI_ErrorCallback
 5310              	.LVL310:
2980:Drivers/STM32F2xx_HAL_Driver/Src/stm32f2xx_hal_spi.c **** 
 5311              		.loc 1 2980 1 is_stmt 0 view .LVU1775
 5312 0020 08BD     		pop	{r3, pc}
 5313              		.cfi_endproc
 5314              	.LFE107:
 5316              		.section	.text.SPI_DMATransmitCplt,"ax",%progbits
 5317              		.align	1
 5318              		.syntax unified
 5319              		.thumb
 5320              		.thumb_func
 5322              	SPI_DMATransmitCplt:
 5323              	.LVL311:
 5324              	.LFB101:
2686:Drivers/STM32F2xx_HAL_Driver/Src/stm32f2xx_hal_spi.c ****   SPI_HandleTypeDef *hspi = (SPI_HandleTypeDef *)(((DMA_HandleTypeDef *)hdma)->Parent);
 5325              		.loc 1 2686 1 is_stmt 1 view -0
 5326              		.cfi_startproc
 5327              		@ args = 0, pretend = 0, frame = 8
 5328              		@ frame_needed = 0, uses_anonymous_args = 0
2686:Drivers/STM32F2xx_HAL_Driver/Src/stm32f2xx_hal_spi.c ****   SPI_HandleTypeDef *hspi = (SPI_HandleTypeDef *)(((DMA_HandleTypeDef *)hdma)->Parent);
 5329              		.loc 1 2686 1 is_stmt 0 view .LVU1777
 5330 0000 30B5     		push	{r4, r5, lr}
 5331              	.LCFI72:
 5332              		.cfi_def_cfa_offset 12
 5333              		.cfi_offset 4, -12
 5334              		.cfi_offset 5, -8
 5335              		.cfi_offset 14, -4
 5336 0002 83B0     		sub	sp, sp, #12
 5337              	.LCFI73:
 5338              		.cfi_def_cfa_offset 24
 5339 0004 0546     		mov	r5, r0
2687:Drivers/STM32F2xx_HAL_Driver/Src/stm32f2xx_hal_spi.c ****   uint32_t tickstart;
 5340              		.loc 1 2687 3 is_stmt 1 view .LVU1778
2687:Drivers/STM32F2xx_HAL_Driver/Src/stm32f2xx_hal_spi.c ****   uint32_t tickstart;
 5341              		.loc 1 2687 22 is_stmt 0 view .LVU1779
 5342 0006 846B     		ldr	r4, [r0, #56]
 5343              	.LVL312:
2688:Drivers/STM32F2xx_HAL_Driver/Src/stm32f2xx_hal_spi.c **** 
 5344              		.loc 1 2688 3 is_stmt 1 view .LVU1780
2691:Drivers/STM32F2xx_HAL_Driver/Src/stm32f2xx_hal_spi.c **** 
 5345              		.loc 1 2691 3 view .LVU1781
2691:Drivers/STM32F2xx_HAL_Driver/Src/stm32f2xx_hal_spi.c **** 
 5346              		.loc 1 2691 15 is_stmt 0 view .LVU1782
 5347 0008 FFF7FEFF 		bl	HAL_GetTick
 5348              	.LVL313:
2694:Drivers/STM32F2xx_HAL_Driver/Src/stm32f2xx_hal_spi.c ****   {
 5349              		.loc 1 2694 3 is_stmt 1 view .LVU1783
2694:Drivers/STM32F2xx_HAL_Driver/Src/stm32f2xx_hal_spi.c ****   {
 5350              		.loc 1 2694 12 is_stmt 0 view .LVU1784
 5351 000c 2B68     		ldr	r3, [r5]
ARM GAS  /var/folders/8x/_y6g3dfs0698dfd49y4vcg_w0000gn/T//ccpNuCLH.s 			page 192


2694:Drivers/STM32F2xx_HAL_Driver/Src/stm32f2xx_hal_spi.c ****   {
 5352              		.loc 1 2694 22 view .LVU1785
 5353 000e 1B68     		ldr	r3, [r3]
2694:Drivers/STM32F2xx_HAL_Driver/Src/stm32f2xx_hal_spi.c ****   {
 5354              		.loc 1 2694 6 view .LVU1786
 5355 0010 13F4807F 		tst	r3, #256
 5356 0014 23D1     		bne	.L362
 5357 0016 0246     		mov	r2, r0
2697:Drivers/STM32F2xx_HAL_Driver/Src/stm32f2xx_hal_spi.c **** 
 5358              		.loc 1 2697 5 is_stmt 1 view .LVU1787
 5359 0018 2168     		ldr	r1, [r4]
 5360 001a 4B68     		ldr	r3, [r1, #4]
 5361 001c 23F02003 		bic	r3, r3, #32
 5362 0020 4B60     		str	r3, [r1, #4]
2700:Drivers/STM32F2xx_HAL_Driver/Src/stm32f2xx_hal_spi.c **** 
 5363              		.loc 1 2700 5 view .LVU1788
 5364 0022 2168     		ldr	r1, [r4]
 5365 0024 4B68     		ldr	r3, [r1, #4]
 5366 0026 23F00203 		bic	r3, r3, #2
 5367 002a 4B60     		str	r3, [r1, #4]
2703:Drivers/STM32F2xx_HAL_Driver/Src/stm32f2xx_hal_spi.c ****     {
 5368              		.loc 1 2703 5 view .LVU1789
2703:Drivers/STM32F2xx_HAL_Driver/Src/stm32f2xx_hal_spi.c ****     {
 5369              		.loc 1 2703 9 is_stmt 0 view .LVU1790
 5370 002c 6421     		movs	r1, #100
 5371 002e 2046     		mov	r0, r4
 5372              	.LVL314:
2703:Drivers/STM32F2xx_HAL_Driver/Src/stm32f2xx_hal_spi.c ****     {
 5373              		.loc 1 2703 9 view .LVU1791
 5374 0030 FFF7FEFF 		bl	SPI_EndRxTxTransaction
 5375              	.LVL315:
2703:Drivers/STM32F2xx_HAL_Driver/Src/stm32f2xx_hal_spi.c ****     {
 5376              		.loc 1 2703 8 discriminator 1 view .LVU1792
 5377 0034 18B1     		cbz	r0, .L363
2705:Drivers/STM32F2xx_HAL_Driver/Src/stm32f2xx_hal_spi.c ****     }
 5378              		.loc 1 2705 7 is_stmt 1 view .LVU1793
 5379 0036 636D     		ldr	r3, [r4, #84]
 5380 0038 43F02003 		orr	r3, r3, #32
 5381 003c 6365     		str	r3, [r4, #84]
 5382              	.L363:
2709:Drivers/STM32F2xx_HAL_Driver/Src/stm32f2xx_hal_spi.c ****     {
 5383              		.loc 1 2709 5 view .LVU1794
2709:Drivers/STM32F2xx_HAL_Driver/Src/stm32f2xx_hal_spi.c ****     {
 5384              		.loc 1 2709 19 is_stmt 0 view .LVU1795
 5385 003e A368     		ldr	r3, [r4, #8]
2709:Drivers/STM32F2xx_HAL_Driver/Src/stm32f2xx_hal_spi.c ****     {
 5386              		.loc 1 2709 8 view .LVU1796
 5387 0040 33B9     		cbnz	r3, .L364
2711:Drivers/STM32F2xx_HAL_Driver/Src/stm32f2xx_hal_spi.c ****     }
 5388              		.loc 1 2711 7 is_stmt 1 view .LVU1797
 5389              	.LBB9:
2711:Drivers/STM32F2xx_HAL_Driver/Src/stm32f2xx_hal_spi.c ****     }
 5390              		.loc 1 2711 7 view .LVU1798
 5391 0042 0193     		str	r3, [sp, #4]
2711:Drivers/STM32F2xx_HAL_Driver/Src/stm32f2xx_hal_spi.c ****     }
 5392              		.loc 1 2711 7 view .LVU1799
 5393 0044 2368     		ldr	r3, [r4]
ARM GAS  /var/folders/8x/_y6g3dfs0698dfd49y4vcg_w0000gn/T//ccpNuCLH.s 			page 193


 5394 0046 DA68     		ldr	r2, [r3, #12]
 5395 0048 0192     		str	r2, [sp, #4]
2711:Drivers/STM32F2xx_HAL_Driver/Src/stm32f2xx_hal_spi.c ****     }
 5396              		.loc 1 2711 7 view .LVU1800
 5397 004a 9B68     		ldr	r3, [r3, #8]
 5398 004c 0193     		str	r3, [sp, #4]
2711:Drivers/STM32F2xx_HAL_Driver/Src/stm32f2xx_hal_spi.c ****     }
 5399              		.loc 1 2711 7 view .LVU1801
 5400 004e 019B     		ldr	r3, [sp, #4]
 5401              	.L364:
 5402              	.LBE9:
2711:Drivers/STM32F2xx_HAL_Driver/Src/stm32f2xx_hal_spi.c ****     }
 5403              		.loc 1 2711 7 discriminator 1 view .LVU1802
2714:Drivers/STM32F2xx_HAL_Driver/Src/stm32f2xx_hal_spi.c ****     hspi->State = HAL_SPI_STATE_READY;
 5404              		.loc 1 2714 5 view .LVU1803
2714:Drivers/STM32F2xx_HAL_Driver/Src/stm32f2xx_hal_spi.c ****     hspi->State = HAL_SPI_STATE_READY;
 5405              		.loc 1 2714 23 is_stmt 0 view .LVU1804
 5406 0050 0023     		movs	r3, #0
 5407 0052 E386     		strh	r3, [r4, #54]	@ movhi
2715:Drivers/STM32F2xx_HAL_Driver/Src/stm32f2xx_hal_spi.c **** 
 5408              		.loc 1 2715 5 is_stmt 1 view .LVU1805
2715:Drivers/STM32F2xx_HAL_Driver/Src/stm32f2xx_hal_spi.c **** 
 5409              		.loc 1 2715 17 is_stmt 0 view .LVU1806
 5410 0054 0123     		movs	r3, #1
 5411 0056 84F85130 		strb	r3, [r4, #81]
2717:Drivers/STM32F2xx_HAL_Driver/Src/stm32f2xx_hal_spi.c ****     {
 5412              		.loc 1 2717 5 is_stmt 1 view .LVU1807
2717:Drivers/STM32F2xx_HAL_Driver/Src/stm32f2xx_hal_spi.c ****     {
 5413              		.loc 1 2717 13 is_stmt 0 view .LVU1808
 5414 005a 636D     		ldr	r3, [r4, #84]
2717:Drivers/STM32F2xx_HAL_Driver/Src/stm32f2xx_hal_spi.c ****     {
 5415              		.loc 1 2717 8 view .LVU1809
 5416 005c 23B9     		cbnz	r3, .L367
 5417              	.L362:
2732:Drivers/STM32F2xx_HAL_Driver/Src/stm32f2xx_hal_spi.c **** #endif /* USE_HAL_SPI_REGISTER_CALLBACKS */
 5418              		.loc 1 2732 3 is_stmt 1 view .LVU1810
 5419 005e 2046     		mov	r0, r4
 5420 0060 FFF7FEFF 		bl	HAL_SPI_TxCpltCallback
 5421              	.LVL316:
 5422              	.L361:
2734:Drivers/STM32F2xx_HAL_Driver/Src/stm32f2xx_hal_spi.c **** 
 5423              		.loc 1 2734 1 is_stmt 0 view .LVU1811
 5424 0064 03B0     		add	sp, sp, #12
 5425              	.LCFI74:
 5426              		.cfi_remember_state
 5427              		.cfi_def_cfa_offset 12
 5428              		@ sp needed
 5429 0066 30BD     		pop	{r4, r5, pc}
 5430              	.LVL317:
 5431              	.L367:
 5432              	.LCFI75:
 5433              		.cfi_restore_state
2723:Drivers/STM32F2xx_HAL_Driver/Src/stm32f2xx_hal_spi.c **** #endif /* USE_HAL_SPI_REGISTER_CALLBACKS */
 5434              		.loc 1 2723 7 is_stmt 1 view .LVU1812
 5435 0068 2046     		mov	r0, r4
 5436 006a FFF7FEFF 		bl	HAL_SPI_ErrorCallback
 5437              	.LVL318:
ARM GAS  /var/folders/8x/_y6g3dfs0698dfd49y4vcg_w0000gn/T//ccpNuCLH.s 			page 194


2725:Drivers/STM32F2xx_HAL_Driver/Src/stm32f2xx_hal_spi.c ****     }
 5438              		.loc 1 2725 7 view .LVU1813
 5439 006e F9E7     		b	.L361
 5440              		.cfi_endproc
 5441              	.LFE101:
 5443              		.section	.text.SPI_DMAReceiveCplt,"ax",%progbits
 5444              		.align	1
 5445              		.syntax unified
 5446              		.thumb
 5447              		.thumb_func
 5449              	SPI_DMAReceiveCplt:
 5450              	.LVL319:
 5451              	.LFB102:
2743:Drivers/STM32F2xx_HAL_Driver/Src/stm32f2xx_hal_spi.c ****   SPI_HandleTypeDef *hspi = (SPI_HandleTypeDef *)(((DMA_HandleTypeDef *)hdma)->Parent);
 5452              		.loc 1 2743 1 view -0
 5453              		.cfi_startproc
 5454              		@ args = 0, pretend = 0, frame = 0
 5455              		@ frame_needed = 0, uses_anonymous_args = 0
2743:Drivers/STM32F2xx_HAL_Driver/Src/stm32f2xx_hal_spi.c ****   SPI_HandleTypeDef *hspi = (SPI_HandleTypeDef *)(((DMA_HandleTypeDef *)hdma)->Parent);
 5456              		.loc 1 2743 1 is_stmt 0 view .LVU1815
 5457 0000 38B5     		push	{r3, r4, r5, lr}
 5458              	.LCFI76:
 5459              		.cfi_def_cfa_offset 16
 5460              		.cfi_offset 3, -16
 5461              		.cfi_offset 4, -12
 5462              		.cfi_offset 5, -8
 5463              		.cfi_offset 14, -4
 5464 0002 0546     		mov	r5, r0
2744:Drivers/STM32F2xx_HAL_Driver/Src/stm32f2xx_hal_spi.c ****   uint32_t tickstart;
 5465              		.loc 1 2744 3 is_stmt 1 view .LVU1816
2744:Drivers/STM32F2xx_HAL_Driver/Src/stm32f2xx_hal_spi.c ****   uint32_t tickstart;
 5466              		.loc 1 2744 22 is_stmt 0 view .LVU1817
 5467 0004 846B     		ldr	r4, [r0, #56]
 5468              	.LVL320:
2745:Drivers/STM32F2xx_HAL_Driver/Src/stm32f2xx_hal_spi.c **** #if (USE_SPI_CRC != 0U)
 5469              		.loc 1 2745 3 is_stmt 1 view .LVU1818
2751:Drivers/STM32F2xx_HAL_Driver/Src/stm32f2xx_hal_spi.c **** 
 5470              		.loc 1 2751 3 view .LVU1819
2751:Drivers/STM32F2xx_HAL_Driver/Src/stm32f2xx_hal_spi.c **** 
 5471              		.loc 1 2751 15 is_stmt 0 view .LVU1820
 5472 0006 FFF7FEFF 		bl	HAL_GetTick
 5473              	.LVL321:
2754:Drivers/STM32F2xx_HAL_Driver/Src/stm32f2xx_hal_spi.c ****   {
 5474              		.loc 1 2754 3 is_stmt 1 view .LVU1821
2754:Drivers/STM32F2xx_HAL_Driver/Src/stm32f2xx_hal_spi.c ****   {
 5475              		.loc 1 2754 12 is_stmt 0 view .LVU1822
 5476 000a 2B68     		ldr	r3, [r5]
2754:Drivers/STM32F2xx_HAL_Driver/Src/stm32f2xx_hal_spi.c ****   {
 5477              		.loc 1 2754 22 view .LVU1823
 5478 000c 1B68     		ldr	r3, [r3]
2754:Drivers/STM32F2xx_HAL_Driver/Src/stm32f2xx_hal_spi.c ****   {
 5479              		.loc 1 2754 6 view .LVU1824
 5480 000e 13F4807F 		tst	r3, #256
 5481 0012 1ED1     		bne	.L369
 5482 0014 0246     		mov	r2, r0
2757:Drivers/STM32F2xx_HAL_Driver/Src/stm32f2xx_hal_spi.c **** 
 5483              		.loc 1 2757 5 is_stmt 1 view .LVU1825
ARM GAS  /var/folders/8x/_y6g3dfs0698dfd49y4vcg_w0000gn/T//ccpNuCLH.s 			page 195


 5484 0016 2168     		ldr	r1, [r4]
 5485 0018 4B68     		ldr	r3, [r1, #4]
 5486 001a 23F02003 		bic	r3, r3, #32
 5487 001e 4B60     		str	r3, [r1, #4]
2777:Drivers/STM32F2xx_HAL_Driver/Src/stm32f2xx_hal_spi.c ****     {
 5488              		.loc 1 2777 5 view .LVU1826
2777:Drivers/STM32F2xx_HAL_Driver/Src/stm32f2xx_hal_spi.c ****     {
 5489              		.loc 1 2777 20 is_stmt 0 view .LVU1827
 5490 0020 A368     		ldr	r3, [r4, #8]
2777:Drivers/STM32F2xx_HAL_Driver/Src/stm32f2xx_hal_spi.c ****     {
 5491              		.loc 1 2777 8 view .LVU1828
 5492 0022 1BB9     		cbnz	r3, .L370
2777:Drivers/STM32F2xx_HAL_Driver/Src/stm32f2xx_hal_spi.c ****     {
 5493              		.loc 1 2777 70 discriminator 1 view .LVU1829
 5494 0024 6368     		ldr	r3, [r4, #4]
2777:Drivers/STM32F2xx_HAL_Driver/Src/stm32f2xx_hal_spi.c ****     {
 5495              		.loc 1 2777 56 discriminator 1 view .LVU1830
 5496 0026 B3F5827F 		cmp	r3, #260
 5497 002a 16D0     		beq	.L375
 5498              	.L370:
2785:Drivers/STM32F2xx_HAL_Driver/Src/stm32f2xx_hal_spi.c ****     }
 5499              		.loc 1 2785 7 is_stmt 1 view .LVU1831
 5500 002c 2168     		ldr	r1, [r4]
 5501 002e 4B68     		ldr	r3, [r1, #4]
 5502 0030 23F00103 		bic	r3, r3, #1
 5503 0034 4B60     		str	r3, [r1, #4]
 5504              	.L371:
2789:Drivers/STM32F2xx_HAL_Driver/Src/stm32f2xx_hal_spi.c ****     {
 5505              		.loc 1 2789 5 view .LVU1832
2789:Drivers/STM32F2xx_HAL_Driver/Src/stm32f2xx_hal_spi.c ****     {
 5506              		.loc 1 2789 9 is_stmt 0 view .LVU1833
 5507 0036 6421     		movs	r1, #100
 5508 0038 2046     		mov	r0, r4
 5509              	.LVL322:
2789:Drivers/STM32F2xx_HAL_Driver/Src/stm32f2xx_hal_spi.c ****     {
 5510              		.loc 1 2789 9 view .LVU1834
 5511 003a FFF7FEFF 		bl	SPI_EndRxTransaction
 5512              	.LVL323:
2789:Drivers/STM32F2xx_HAL_Driver/Src/stm32f2xx_hal_spi.c ****     {
 5513              		.loc 1 2789 8 discriminator 1 view .LVU1835
 5514 003e 08B1     		cbz	r0, .L372
2791:Drivers/STM32F2xx_HAL_Driver/Src/stm32f2xx_hal_spi.c ****     }
 5515              		.loc 1 2791 7 is_stmt 1 view .LVU1836
2791:Drivers/STM32F2xx_HAL_Driver/Src/stm32f2xx_hal_spi.c ****     }
 5516              		.loc 1 2791 23 is_stmt 0 view .LVU1837
 5517 0040 2023     		movs	r3, #32
 5518 0042 6365     		str	r3, [r4, #84]
 5519              	.L372:
2794:Drivers/STM32F2xx_HAL_Driver/Src/stm32f2xx_hal_spi.c ****     hspi->State = HAL_SPI_STATE_READY;
 5520              		.loc 1 2794 5 is_stmt 1 view .LVU1838
2794:Drivers/STM32F2xx_HAL_Driver/Src/stm32f2xx_hal_spi.c ****     hspi->State = HAL_SPI_STATE_READY;
 5521              		.loc 1 2794 23 is_stmt 0 view .LVU1839
 5522 0044 0023     		movs	r3, #0
 5523 0046 E387     		strh	r3, [r4, #62]	@ movhi
2795:Drivers/STM32F2xx_HAL_Driver/Src/stm32f2xx_hal_spi.c **** 
 5524              		.loc 1 2795 5 is_stmt 1 view .LVU1840
2795:Drivers/STM32F2xx_HAL_Driver/Src/stm32f2xx_hal_spi.c **** 
ARM GAS  /var/folders/8x/_y6g3dfs0698dfd49y4vcg_w0000gn/T//ccpNuCLH.s 			page 196


 5525              		.loc 1 2795 17 is_stmt 0 view .LVU1841
 5526 0048 0123     		movs	r3, #1
 5527 004a 84F85130 		strb	r3, [r4, #81]
2806:Drivers/STM32F2xx_HAL_Driver/Src/stm32f2xx_hal_spi.c ****     {
 5528              		.loc 1 2806 5 is_stmt 1 view .LVU1842
2806:Drivers/STM32F2xx_HAL_Driver/Src/stm32f2xx_hal_spi.c ****     {
 5529              		.loc 1 2806 13 is_stmt 0 view .LVU1843
 5530 004e 636D     		ldr	r3, [r4, #84]
2806:Drivers/STM32F2xx_HAL_Driver/Src/stm32f2xx_hal_spi.c ****     {
 5531              		.loc 1 2806 8 view .LVU1844
 5532 0050 4BB9     		cbnz	r3, .L376
 5533              	.L369:
2821:Drivers/STM32F2xx_HAL_Driver/Src/stm32f2xx_hal_spi.c **** #endif /* USE_HAL_SPI_REGISTER_CALLBACKS */
 5534              		.loc 1 2821 3 is_stmt 1 view .LVU1845
 5535 0052 2046     		mov	r0, r4
 5536 0054 FFF7FEFF 		bl	HAL_SPI_RxCpltCallback
 5537              	.LVL324:
 5538              	.L368:
2823:Drivers/STM32F2xx_HAL_Driver/Src/stm32f2xx_hal_spi.c **** 
 5539              		.loc 1 2823 1 is_stmt 0 view .LVU1846
 5540 0058 38BD     		pop	{r3, r4, r5, pc}
 5541              	.LVL325:
 5542              	.L375:
2780:Drivers/STM32F2xx_HAL_Driver/Src/stm32f2xx_hal_spi.c ****     }
 5543              		.loc 1 2780 7 is_stmt 1 view .LVU1847
 5544 005a 2168     		ldr	r1, [r4]
 5545 005c 4B68     		ldr	r3, [r1, #4]
 5546 005e 23F00303 		bic	r3, r3, #3
 5547 0062 4B60     		str	r3, [r1, #4]
 5548 0064 E7E7     		b	.L371
 5549              	.LVL326:
 5550              	.L376:
2812:Drivers/STM32F2xx_HAL_Driver/Src/stm32f2xx_hal_spi.c **** #endif /* USE_HAL_SPI_REGISTER_CALLBACKS */
 5551              		.loc 1 2812 7 view .LVU1848
 5552 0066 2046     		mov	r0, r4
 5553 0068 FFF7FEFF 		bl	HAL_SPI_ErrorCallback
 5554              	.LVL327:
2814:Drivers/STM32F2xx_HAL_Driver/Src/stm32f2xx_hal_spi.c ****     }
 5555              		.loc 1 2814 7 view .LVU1849
 5556 006c F4E7     		b	.L368
 5557              		.cfi_endproc
 5558              	.LFE102:
 5560              		.section	.text.SPI_DMATransmitReceiveCplt,"ax",%progbits
 5561              		.align	1
 5562              		.syntax unified
 5563              		.thumb
 5564              		.thumb_func
 5566              	SPI_DMATransmitReceiveCplt:
 5567              	.LVL328:
 5568              	.LFB103:
2832:Drivers/STM32F2xx_HAL_Driver/Src/stm32f2xx_hal_spi.c ****   SPI_HandleTypeDef *hspi = (SPI_HandleTypeDef *)(((DMA_HandleTypeDef *)hdma)->Parent);
 5569              		.loc 1 2832 1 view -0
 5570              		.cfi_startproc
 5571              		@ args = 0, pretend = 0, frame = 0
 5572              		@ frame_needed = 0, uses_anonymous_args = 0
2832:Drivers/STM32F2xx_HAL_Driver/Src/stm32f2xx_hal_spi.c ****   SPI_HandleTypeDef *hspi = (SPI_HandleTypeDef *)(((DMA_HandleTypeDef *)hdma)->Parent);
 5573              		.loc 1 2832 1 is_stmt 0 view .LVU1851
ARM GAS  /var/folders/8x/_y6g3dfs0698dfd49y4vcg_w0000gn/T//ccpNuCLH.s 			page 197


 5574 0000 38B5     		push	{r3, r4, r5, lr}
 5575              	.LCFI77:
 5576              		.cfi_def_cfa_offset 16
 5577              		.cfi_offset 3, -16
 5578              		.cfi_offset 4, -12
 5579              		.cfi_offset 5, -8
 5580              		.cfi_offset 14, -4
 5581 0002 0546     		mov	r5, r0
2833:Drivers/STM32F2xx_HAL_Driver/Src/stm32f2xx_hal_spi.c ****   uint32_t tickstart;
 5582              		.loc 1 2833 3 is_stmt 1 view .LVU1852
2833:Drivers/STM32F2xx_HAL_Driver/Src/stm32f2xx_hal_spi.c ****   uint32_t tickstart;
 5583              		.loc 1 2833 22 is_stmt 0 view .LVU1853
 5584 0004 846B     		ldr	r4, [r0, #56]
 5585              	.LVL329:
2834:Drivers/STM32F2xx_HAL_Driver/Src/stm32f2xx_hal_spi.c **** #if (USE_SPI_CRC != 0U)
 5586              		.loc 1 2834 3 is_stmt 1 view .LVU1854
2840:Drivers/STM32F2xx_HAL_Driver/Src/stm32f2xx_hal_spi.c **** 
 5587              		.loc 1 2840 3 view .LVU1855
2840:Drivers/STM32F2xx_HAL_Driver/Src/stm32f2xx_hal_spi.c **** 
 5588              		.loc 1 2840 15 is_stmt 0 view .LVU1856
 5589 0006 FFF7FEFF 		bl	HAL_GetTick
 5590              	.LVL330:
2843:Drivers/STM32F2xx_HAL_Driver/Src/stm32f2xx_hal_spi.c ****   {
 5591              		.loc 1 2843 3 is_stmt 1 view .LVU1857
2843:Drivers/STM32F2xx_HAL_Driver/Src/stm32f2xx_hal_spi.c ****   {
 5592              		.loc 1 2843 12 is_stmt 0 view .LVU1858
 5593 000a 2B68     		ldr	r3, [r5]
2843:Drivers/STM32F2xx_HAL_Driver/Src/stm32f2xx_hal_spi.c ****   {
 5594              		.loc 1 2843 22 view .LVU1859
 5595 000c 1B68     		ldr	r3, [r3]
2843:Drivers/STM32F2xx_HAL_Driver/Src/stm32f2xx_hal_spi.c ****   {
 5596              		.loc 1 2843 6 view .LVU1860
 5597 000e 13F4807F 		tst	r3, #256
 5598 0012 1BD1     		bne	.L378
 5599 0014 0246     		mov	r2, r0
2846:Drivers/STM32F2xx_HAL_Driver/Src/stm32f2xx_hal_spi.c **** 
 5600              		.loc 1 2846 5 is_stmt 1 view .LVU1861
 5601 0016 2168     		ldr	r1, [r4]
 5602 0018 4B68     		ldr	r3, [r1, #4]
 5603 001a 23F02003 		bic	r3, r3, #32
 5604 001e 4B60     		str	r3, [r1, #4]
2865:Drivers/STM32F2xx_HAL_Driver/Src/stm32f2xx_hal_spi.c ****     {
 5605              		.loc 1 2865 5 view .LVU1862
2865:Drivers/STM32F2xx_HAL_Driver/Src/stm32f2xx_hal_spi.c ****     {
 5606              		.loc 1 2865 9 is_stmt 0 view .LVU1863
 5607 0020 6421     		movs	r1, #100
 5608 0022 2046     		mov	r0, r4
 5609              	.LVL331:
2865:Drivers/STM32F2xx_HAL_Driver/Src/stm32f2xx_hal_spi.c ****     {
 5610              		.loc 1 2865 9 view .LVU1864
 5611 0024 FFF7FEFF 		bl	SPI_EndRxTxTransaction
 5612              	.LVL332:
2865:Drivers/STM32F2xx_HAL_Driver/Src/stm32f2xx_hal_spi.c ****     {
 5613              		.loc 1 2865 8 discriminator 1 view .LVU1865
 5614 0028 18B1     		cbz	r0, .L379
2867:Drivers/STM32F2xx_HAL_Driver/Src/stm32f2xx_hal_spi.c ****     }
 5615              		.loc 1 2867 7 is_stmt 1 view .LVU1866
ARM GAS  /var/folders/8x/_y6g3dfs0698dfd49y4vcg_w0000gn/T//ccpNuCLH.s 			page 198


 5616 002a 636D     		ldr	r3, [r4, #84]
 5617 002c 43F02003 		orr	r3, r3, #32
 5618 0030 6365     		str	r3, [r4, #84]
 5619              	.L379:
2871:Drivers/STM32F2xx_HAL_Driver/Src/stm32f2xx_hal_spi.c **** 
 5620              		.loc 1 2871 5 view .LVU1867
 5621 0032 2268     		ldr	r2, [r4]
 5622 0034 5368     		ldr	r3, [r2, #4]
 5623 0036 23F00303 		bic	r3, r3, #3
 5624 003a 5360     		str	r3, [r2, #4]
2873:Drivers/STM32F2xx_HAL_Driver/Src/stm32f2xx_hal_spi.c ****     hspi->RxXferCount = 0U;
 5625              		.loc 1 2873 5 view .LVU1868
2873:Drivers/STM32F2xx_HAL_Driver/Src/stm32f2xx_hal_spi.c ****     hspi->RxXferCount = 0U;
 5626              		.loc 1 2873 23 is_stmt 0 view .LVU1869
 5627 003c 0023     		movs	r3, #0
 5628 003e E386     		strh	r3, [r4, #54]	@ movhi
2874:Drivers/STM32F2xx_HAL_Driver/Src/stm32f2xx_hal_spi.c ****     hspi->State = HAL_SPI_STATE_READY;
 5629              		.loc 1 2874 5 is_stmt 1 view .LVU1870
2874:Drivers/STM32F2xx_HAL_Driver/Src/stm32f2xx_hal_spi.c ****     hspi->State = HAL_SPI_STATE_READY;
 5630              		.loc 1 2874 23 is_stmt 0 view .LVU1871
 5631 0040 E387     		strh	r3, [r4, #62]	@ movhi
2875:Drivers/STM32F2xx_HAL_Driver/Src/stm32f2xx_hal_spi.c **** 
 5632              		.loc 1 2875 5 is_stmt 1 view .LVU1872
2875:Drivers/STM32F2xx_HAL_Driver/Src/stm32f2xx_hal_spi.c **** 
 5633              		.loc 1 2875 17 is_stmt 0 view .LVU1873
 5634 0042 0123     		movs	r3, #1
 5635 0044 84F85130 		strb	r3, [r4, #81]
2886:Drivers/STM32F2xx_HAL_Driver/Src/stm32f2xx_hal_spi.c ****     {
 5636              		.loc 1 2886 5 is_stmt 1 view .LVU1874
2886:Drivers/STM32F2xx_HAL_Driver/Src/stm32f2xx_hal_spi.c ****     {
 5637              		.loc 1 2886 13 is_stmt 0 view .LVU1875
 5638 0048 636D     		ldr	r3, [r4, #84]
2886:Drivers/STM32F2xx_HAL_Driver/Src/stm32f2xx_hal_spi.c ****     {
 5639              		.loc 1 2886 8 view .LVU1876
 5640 004a 1BB9     		cbnz	r3, .L382
 5641              	.L378:
2901:Drivers/STM32F2xx_HAL_Driver/Src/stm32f2xx_hal_spi.c **** #endif /* USE_HAL_SPI_REGISTER_CALLBACKS */
 5642              		.loc 1 2901 3 is_stmt 1 view .LVU1877
 5643 004c 2046     		mov	r0, r4
 5644 004e FFF7FEFF 		bl	HAL_SPI_TxRxCpltCallback
 5645              	.LVL333:
 5646              	.L377:
2903:Drivers/STM32F2xx_HAL_Driver/Src/stm32f2xx_hal_spi.c **** 
 5647              		.loc 1 2903 1 is_stmt 0 view .LVU1878
 5648 0052 38BD     		pop	{r3, r4, r5, pc}
 5649              	.LVL334:
 5650              	.L382:
2892:Drivers/STM32F2xx_HAL_Driver/Src/stm32f2xx_hal_spi.c **** #endif /* USE_HAL_SPI_REGISTER_CALLBACKS */
 5651              		.loc 1 2892 7 is_stmt 1 view .LVU1879
 5652 0054 2046     		mov	r0, r4
 5653 0056 FFF7FEFF 		bl	HAL_SPI_ErrorCallback
 5654              	.LVL335:
2894:Drivers/STM32F2xx_HAL_Driver/Src/stm32f2xx_hal_spi.c ****     }
 5655              		.loc 1 2894 7 view .LVU1880
 5656 005a FAE7     		b	.L377
 5657              		.cfi_endproc
 5658              	.LFE103:
ARM GAS  /var/folders/8x/_y6g3dfs0698dfd49y4vcg_w0000gn/T//ccpNuCLH.s 			page 199


 5660              		.section	.text.HAL_SPI_IRQHandler,"ax",%progbits
 5661              		.align	1
 5662              		.global	HAL_SPI_IRQHandler
 5663              		.syntax unified
 5664              		.thumb
 5665              		.thumb_func
 5667              	HAL_SPI_IRQHandler:
 5668              	.LVL336:
 5669              	.LFB90:
2393:Drivers/STM32F2xx_HAL_Driver/Src/stm32f2xx_hal_spi.c ****   uint32_t itsource = hspi->Instance->CR2;
 5670              		.loc 1 2393 1 view -0
 5671              		.cfi_startproc
 5672              		@ args = 0, pretend = 0, frame = 16
 5673              		@ frame_needed = 0, uses_anonymous_args = 0
2393:Drivers/STM32F2xx_HAL_Driver/Src/stm32f2xx_hal_spi.c ****   uint32_t itsource = hspi->Instance->CR2;
 5674              		.loc 1 2393 1 is_stmt 0 view .LVU1882
 5675 0000 30B5     		push	{r4, r5, lr}
 5676              	.LCFI78:
 5677              		.cfi_def_cfa_offset 12
 5678              		.cfi_offset 4, -12
 5679              		.cfi_offset 5, -8
 5680              		.cfi_offset 14, -4
 5681 0002 85B0     		sub	sp, sp, #20
 5682              	.LCFI79:
 5683              		.cfi_def_cfa_offset 32
 5684 0004 0446     		mov	r4, r0
2394:Drivers/STM32F2xx_HAL_Driver/Src/stm32f2xx_hal_spi.c ****   uint32_t itflag   = hspi->Instance->SR;
 5685              		.loc 1 2394 3 is_stmt 1 view .LVU1883
2394:Drivers/STM32F2xx_HAL_Driver/Src/stm32f2xx_hal_spi.c ****   uint32_t itflag   = hspi->Instance->SR;
 5686              		.loc 1 2394 27 is_stmt 0 view .LVU1884
 5687 0006 0268     		ldr	r2, [r0]
2394:Drivers/STM32F2xx_HAL_Driver/Src/stm32f2xx_hal_spi.c ****   uint32_t itflag   = hspi->Instance->SR;
 5688              		.loc 1 2394 12 view .LVU1885
 5689 0008 5168     		ldr	r1, [r2, #4]
 5690              	.LVL337:
2395:Drivers/STM32F2xx_HAL_Driver/Src/stm32f2xx_hal_spi.c **** 
 5691              		.loc 1 2395 3 is_stmt 1 view .LVU1886
2395:Drivers/STM32F2xx_HAL_Driver/Src/stm32f2xx_hal_spi.c **** 
 5692              		.loc 1 2395 12 is_stmt 0 view .LVU1887
 5693 000a 9368     		ldr	r3, [r2, #8]
 5694              	.LVL338:
2398:Drivers/STM32F2xx_HAL_Driver/Src/stm32f2xx_hal_spi.c ****       (SPI_CHECK_FLAG(itflag, SPI_FLAG_RXNE) != RESET) && (SPI_CHECK_IT_SOURCE(itsource, SPI_IT_RXN
 5695              		.loc 1 2398 3 is_stmt 1 view .LVU1888
 5696 000c C3F38010 		ubfx	r0, r3, #6, #1
 5697              	.LVL339:
2398:Drivers/STM32F2xx_HAL_Driver/Src/stm32f2xx_hal_spi.c ****       (SPI_CHECK_FLAG(itflag, SPI_FLAG_RXNE) != RESET) && (SPI_CHECK_IT_SOURCE(itsource, SPI_IT_RXN
 5698              		.loc 1 2398 6 is_stmt 0 view .LVU1889
 5699 0010 13F0400F 		tst	r3, #64
 5700 0014 05D1     		bne	.L384
2398:Drivers/STM32F2xx_HAL_Driver/Src/stm32f2xx_hal_spi.c ****       (SPI_CHECK_FLAG(itflag, SPI_FLAG_RXNE) != RESET) && (SPI_CHECK_IT_SOURCE(itsource, SPI_IT_RXN
 5701              		.loc 1 2398 55 discriminator 1 view .LVU1890
 5702 0016 13F0010F 		tst	r3, #1
 5703 001a 02D0     		beq	.L384
2399:Drivers/STM32F2xx_HAL_Driver/Src/stm32f2xx_hal_spi.c ****   {
 5704              		.loc 1 2399 56 view .LVU1891
 5705 001c 11F0400F 		tst	r1, #64
 5706 0020 69D1     		bne	.L396
ARM GAS  /var/folders/8x/_y6g3dfs0698dfd49y4vcg_w0000gn/T//ccpNuCLH.s 			page 200


 5707              	.L384:
2406:Drivers/STM32F2xx_HAL_Driver/Src/stm32f2xx_hal_spi.c ****   {
 5708              		.loc 1 2406 3 is_stmt 1 view .LVU1892
2406:Drivers/STM32F2xx_HAL_Driver/Src/stm32f2xx_hal_spi.c ****   {
 5709              		.loc 1 2406 6 is_stmt 0 view .LVU1893
 5710 0022 13F0020F 		tst	r3, #2
 5711 0026 02D0     		beq	.L386
2406:Drivers/STM32F2xx_HAL_Driver/Src/stm32f2xx_hal_spi.c ****   {
 5712              		.loc 1 2406 55 discriminator 1 view .LVU1894
 5713 0028 11F0800F 		tst	r1, #128
 5714 002c 67D1     		bne	.L397
 5715              	.L386:
2413:Drivers/STM32F2xx_HAL_Driver/Src/stm32f2xx_hal_spi.c ****        || (SPI_CHECK_FLAG(itflag, SPI_FLAG_FRE) != RESET)) && (SPI_CHECK_IT_SOURCE(itsource, SPI_IT
 5716              		.loc 1 2413 3 is_stmt 1 view .LVU1895
 5717 002e C3F34015 		ubfx	r5, r3, #5, #1
2413:Drivers/STM32F2xx_HAL_Driver/Src/stm32f2xx_hal_spi.c ****        || (SPI_CHECK_FLAG(itflag, SPI_FLAG_FRE) != RESET)) && (SPI_CHECK_IT_SOURCE(itsource, SPI_IT
 5718              		.loc 1 2413 6 is_stmt 0 view .LVU1896
 5719 0032 13F0200F 		tst	r3, #32
 5720 0036 03D1     		bne	.L387
2413:Drivers/STM32F2xx_HAL_Driver/Src/stm32f2xx_hal_spi.c ****        || (SPI_CHECK_FLAG(itflag, SPI_FLAG_FRE) != RESET)) && (SPI_CHECK_IT_SOURCE(itsource, SPI_IT
 5721              		.loc 1 2413 57 discriminator 1 view .LVU1897
 5722 0038 10B9     		cbnz	r0, .L387
2414:Drivers/STM32F2xx_HAL_Driver/Src/stm32f2xx_hal_spi.c ****   {
 5723              		.loc 1 2414 8 view .LVU1898
 5724 003a 13F4807F 		tst	r3, #256
 5725 003e 61D0     		beq	.L383
 5726              	.L387:
2414:Drivers/STM32F2xx_HAL_Driver/Src/stm32f2xx_hal_spi.c ****   {
 5727              		.loc 1 2414 60 discriminator 1 view .LVU1899
 5728 0040 11F0200F 		tst	r1, #32
 5729 0044 5ED0     		beq	.L383
2417:Drivers/STM32F2xx_HAL_Driver/Src/stm32f2xx_hal_spi.c ****     {
 5730              		.loc 1 2417 5 is_stmt 1 view .LVU1900
2417:Drivers/STM32F2xx_HAL_Driver/Src/stm32f2xx_hal_spi.c ****     {
 5731              		.loc 1 2417 8 is_stmt 0 view .LVU1901
 5732 0046 78B1     		cbz	r0, .L388
2419:Drivers/STM32F2xx_HAL_Driver/Src/stm32f2xx_hal_spi.c ****       {
 5733              		.loc 1 2419 7 is_stmt 1 view .LVU1902
2419:Drivers/STM32F2xx_HAL_Driver/Src/stm32f2xx_hal_spi.c ****       {
 5734              		.loc 1 2419 15 is_stmt 0 view .LVU1903
 5735 0048 94F85100 		ldrb	r0, [r4, #81]	@ zero_extendqisi2
 5736 004c C0B2     		uxtb	r0, r0
2419:Drivers/STM32F2xx_HAL_Driver/Src/stm32f2xx_hal_spi.c ****       {
 5737              		.loc 1 2419 10 view .LVU1904
 5738 004e 0328     		cmp	r0, #3
 5739 0050 5AD0     		beq	.L389
2421:Drivers/STM32F2xx_HAL_Driver/Src/stm32f2xx_hal_spi.c ****         __HAL_SPI_CLEAR_OVRFLAG(hspi);
 5740              		.loc 1 2421 9 is_stmt 1 view .LVU1905
 5741 0052 606D     		ldr	r0, [r4, #84]
 5742 0054 40F00400 		orr	r0, r0, #4
 5743 0058 6065     		str	r0, [r4, #84]
2422:Drivers/STM32F2xx_HAL_Driver/Src/stm32f2xx_hal_spi.c ****       }
 5744              		.loc 1 2422 9 view .LVU1906
 5745              	.LBB10:
2422:Drivers/STM32F2xx_HAL_Driver/Src/stm32f2xx_hal_spi.c ****       }
 5746              		.loc 1 2422 9 view .LVU1907
 5747 005a 0020     		movs	r0, #0
ARM GAS  /var/folders/8x/_y6g3dfs0698dfd49y4vcg_w0000gn/T//ccpNuCLH.s 			page 201


 5748 005c 0090     		str	r0, [sp]
2422:Drivers/STM32F2xx_HAL_Driver/Src/stm32f2xx_hal_spi.c ****       }
 5749              		.loc 1 2422 9 view .LVU1908
 5750 005e D068     		ldr	r0, [r2, #12]
 5751 0060 0090     		str	r0, [sp]
2422:Drivers/STM32F2xx_HAL_Driver/Src/stm32f2xx_hal_spi.c ****       }
 5752              		.loc 1 2422 9 view .LVU1909
 5753 0062 9068     		ldr	r0, [r2, #8]
 5754 0064 0090     		str	r0, [sp]
2422:Drivers/STM32F2xx_HAL_Driver/Src/stm32f2xx_hal_spi.c ****       }
 5755              		.loc 1 2422 9 view .LVU1910
 5756 0066 0098     		ldr	r0, [sp]
 5757              	.LBE10:
2422:Drivers/STM32F2xx_HAL_Driver/Src/stm32f2xx_hal_spi.c ****       }
 5758              		.loc 1 2422 9 view .LVU1911
 5759              	.L388:
2432:Drivers/STM32F2xx_HAL_Driver/Src/stm32f2xx_hal_spi.c ****     {
 5760              		.loc 1 2432 5 view .LVU1912
2432:Drivers/STM32F2xx_HAL_Driver/Src/stm32f2xx_hal_spi.c ****     {
 5761              		.loc 1 2432 8 is_stmt 0 view .LVU1913
 5762 0068 65B1     		cbz	r5, .L390
2434:Drivers/STM32F2xx_HAL_Driver/Src/stm32f2xx_hal_spi.c ****       __HAL_SPI_CLEAR_MODFFLAG(hspi);
 5763              		.loc 1 2434 7 is_stmt 1 view .LVU1914
 5764 006a 606D     		ldr	r0, [r4, #84]
 5765 006c 40F00100 		orr	r0, r0, #1
 5766 0070 6065     		str	r0, [r4, #84]
2435:Drivers/STM32F2xx_HAL_Driver/Src/stm32f2xx_hal_spi.c ****     }
 5767              		.loc 1 2435 7 view .LVU1915
 5768              	.LBB11:
2435:Drivers/STM32F2xx_HAL_Driver/Src/stm32f2xx_hal_spi.c ****     }
 5769              		.loc 1 2435 7 view .LVU1916
 5770 0072 0020     		movs	r0, #0
 5771 0074 0290     		str	r0, [sp, #8]
2435:Drivers/STM32F2xx_HAL_Driver/Src/stm32f2xx_hal_spi.c ****     }
 5772              		.loc 1 2435 7 view .LVU1917
 5773 0076 9068     		ldr	r0, [r2, #8]
 5774 0078 0290     		str	r0, [sp, #8]
2435:Drivers/STM32F2xx_HAL_Driver/Src/stm32f2xx_hal_spi.c ****     }
 5775              		.loc 1 2435 7 view .LVU1918
 5776 007a 1068     		ldr	r0, [r2]
 5777 007c 20F04000 		bic	r0, r0, #64
 5778 0080 1060     		str	r0, [r2]
2435:Drivers/STM32F2xx_HAL_Driver/Src/stm32f2xx_hal_spi.c ****     }
 5779              		.loc 1 2435 7 view .LVU1919
 5780 0082 029A     		ldr	r2, [sp, #8]
 5781              	.L390:
2435:Drivers/STM32F2xx_HAL_Driver/Src/stm32f2xx_hal_spi.c ****     }
 5782              		.loc 1 2435 7 is_stmt 0 view .LVU1920
 5783              	.LBE11:
2435:Drivers/STM32F2xx_HAL_Driver/Src/stm32f2xx_hal_spi.c ****     }
 5784              		.loc 1 2435 7 is_stmt 1 discriminator 1 view .LVU1921
2439:Drivers/STM32F2xx_HAL_Driver/Src/stm32f2xx_hal_spi.c ****     {
 5785              		.loc 1 2439 5 view .LVU1922
2439:Drivers/STM32F2xx_HAL_Driver/Src/stm32f2xx_hal_spi.c ****     {
 5786              		.loc 1 2439 8 is_stmt 0 view .LVU1923
 5787 0084 13F4807F 		tst	r3, #256
 5788 0088 09D0     		beq	.L391
ARM GAS  /var/folders/8x/_y6g3dfs0698dfd49y4vcg_w0000gn/T//ccpNuCLH.s 			page 202


2441:Drivers/STM32F2xx_HAL_Driver/Src/stm32f2xx_hal_spi.c ****       __HAL_SPI_CLEAR_FREFLAG(hspi);
 5789              		.loc 1 2441 7 is_stmt 1 view .LVU1924
 5790 008a 636D     		ldr	r3, [r4, #84]
 5791              	.LVL340:
2441:Drivers/STM32F2xx_HAL_Driver/Src/stm32f2xx_hal_spi.c ****       __HAL_SPI_CLEAR_FREFLAG(hspi);
 5792              		.loc 1 2441 7 is_stmt 0 view .LVU1925
 5793 008c 43F00803 		orr	r3, r3, #8
 5794 0090 6365     		str	r3, [r4, #84]
2442:Drivers/STM32F2xx_HAL_Driver/Src/stm32f2xx_hal_spi.c ****     }
 5795              		.loc 1 2442 7 is_stmt 1 view .LVU1926
 5796              	.LBB12:
2442:Drivers/STM32F2xx_HAL_Driver/Src/stm32f2xx_hal_spi.c ****     }
 5797              		.loc 1 2442 7 view .LVU1927
 5798 0092 0023     		movs	r3, #0
 5799 0094 0393     		str	r3, [sp, #12]
2442:Drivers/STM32F2xx_HAL_Driver/Src/stm32f2xx_hal_spi.c ****     }
 5800              		.loc 1 2442 7 view .LVU1928
 5801 0096 2368     		ldr	r3, [r4]
 5802 0098 9B68     		ldr	r3, [r3, #8]
 5803 009a 0393     		str	r3, [sp, #12]
2442:Drivers/STM32F2xx_HAL_Driver/Src/stm32f2xx_hal_spi.c ****     }
 5804              		.loc 1 2442 7 view .LVU1929
 5805 009c 039B     		ldr	r3, [sp, #12]
 5806              	.L391:
2442:Drivers/STM32F2xx_HAL_Driver/Src/stm32f2xx_hal_spi.c ****     }
 5807              		.loc 1 2442 7 is_stmt 0 view .LVU1930
 5808              	.LBE12:
2442:Drivers/STM32F2xx_HAL_Driver/Src/stm32f2xx_hal_spi.c ****     }
 5809              		.loc 1 2442 7 is_stmt 1 discriminator 1 view .LVU1931
2445:Drivers/STM32F2xx_HAL_Driver/Src/stm32f2xx_hal_spi.c ****     {
 5810              		.loc 1 2445 5 view .LVU1932
2445:Drivers/STM32F2xx_HAL_Driver/Src/stm32f2xx_hal_spi.c ****     {
 5811              		.loc 1 2445 13 is_stmt 0 view .LVU1933
 5812 009e 636D     		ldr	r3, [r4, #84]
2445:Drivers/STM32F2xx_HAL_Driver/Src/stm32f2xx_hal_spi.c ****     {
 5813              		.loc 1 2445 8 view .LVU1934
 5814 00a0 002B     		cmp	r3, #0
 5815 00a2 2FD0     		beq	.L383
2448:Drivers/STM32F2xx_HAL_Driver/Src/stm32f2xx_hal_spi.c **** 
 5816              		.loc 1 2448 7 is_stmt 1 view .LVU1935
 5817 00a4 2268     		ldr	r2, [r4]
 5818 00a6 5368     		ldr	r3, [r2, #4]
 5819 00a8 23F0E003 		bic	r3, r3, #224
 5820 00ac 5360     		str	r3, [r2, #4]
2450:Drivers/STM32F2xx_HAL_Driver/Src/stm32f2xx_hal_spi.c ****       /* Disable the SPI DMA requests if enabled */
 5821              		.loc 1 2450 7 view .LVU1936
2450:Drivers/STM32F2xx_HAL_Driver/Src/stm32f2xx_hal_spi.c ****       /* Disable the SPI DMA requests if enabled */
 5822              		.loc 1 2450 19 is_stmt 0 view .LVU1937
 5823 00ae 0123     		movs	r3, #1
 5824 00b0 84F85130 		strb	r3, [r4, #81]
2452:Drivers/STM32F2xx_HAL_Driver/Src/stm32f2xx_hal_spi.c ****       {
 5825              		.loc 1 2452 7 is_stmt 1 view .LVU1938
2452:Drivers/STM32F2xx_HAL_Driver/Src/stm32f2xx_hal_spi.c ****       {
 5826              		.loc 1 2452 10 is_stmt 0 view .LVU1939
 5827 00b4 11F0030F 		tst	r1, #3
 5828 00b8 2ED0     		beq	.L393
2454:Drivers/STM32F2xx_HAL_Driver/Src/stm32f2xx_hal_spi.c **** 
ARM GAS  /var/folders/8x/_y6g3dfs0698dfd49y4vcg_w0000gn/T//ccpNuCLH.s 			page 203


 5829              		.loc 1 2454 9 is_stmt 1 view .LVU1940
 5830 00ba 2268     		ldr	r2, [r4]
 5831 00bc 5368     		ldr	r3, [r2, #4]
 5832 00be 23F00303 		bic	r3, r3, #3
 5833 00c2 5360     		str	r3, [r2, #4]
2457:Drivers/STM32F2xx_HAL_Driver/Src/stm32f2xx_hal_spi.c ****         {
 5834              		.loc 1 2457 9 view .LVU1941
2457:Drivers/STM32F2xx_HAL_Driver/Src/stm32f2xx_hal_spi.c ****         {
 5835              		.loc 1 2457 17 is_stmt 0 view .LVU1942
 5836 00c4 E36C     		ldr	r3, [r4, #76]
2457:Drivers/STM32F2xx_HAL_Driver/Src/stm32f2xx_hal_spi.c ****         {
 5837              		.loc 1 2457 12 view .LVU1943
 5838 00c6 4BB1     		cbz	r3, .L394
2461:Drivers/STM32F2xx_HAL_Driver/Src/stm32f2xx_hal_spi.c ****           if (HAL_OK != HAL_DMA_Abort_IT(hspi->hdmarx))
 5839              		.loc 1 2461 11 is_stmt 1 view .LVU1944
2461:Drivers/STM32F2xx_HAL_Driver/Src/stm32f2xx_hal_spi.c ****           if (HAL_OK != HAL_DMA_Abort_IT(hspi->hdmarx))
 5840              		.loc 1 2461 43 is_stmt 0 view .LVU1945
 5841 00c8 154A     		ldr	r2, .L398
 5842 00ca 1A65     		str	r2, [r3, #80]
2462:Drivers/STM32F2xx_HAL_Driver/Src/stm32f2xx_hal_spi.c ****           {
 5843              		.loc 1 2462 11 is_stmt 1 view .LVU1946
2462:Drivers/STM32F2xx_HAL_Driver/Src/stm32f2xx_hal_spi.c ****           {
 5844              		.loc 1 2462 25 is_stmt 0 view .LVU1947
 5845 00cc E06C     		ldr	r0, [r4, #76]
 5846 00ce FFF7FEFF 		bl	HAL_DMA_Abort_IT
 5847              	.LVL341:
2462:Drivers/STM32F2xx_HAL_Driver/Src/stm32f2xx_hal_spi.c ****           {
 5848              		.loc 1 2462 14 discriminator 1 view .LVU1948
 5849 00d2 18B1     		cbz	r0, .L394
2464:Drivers/STM32F2xx_HAL_Driver/Src/stm32f2xx_hal_spi.c ****           }
 5850              		.loc 1 2464 13 is_stmt 1 view .LVU1949
 5851 00d4 636D     		ldr	r3, [r4, #84]
 5852 00d6 43F04003 		orr	r3, r3, #64
 5853 00da 6365     		str	r3, [r4, #84]
 5854              	.L394:
2468:Drivers/STM32F2xx_HAL_Driver/Src/stm32f2xx_hal_spi.c ****         {
 5855              		.loc 1 2468 9 view .LVU1950
2468:Drivers/STM32F2xx_HAL_Driver/Src/stm32f2xx_hal_spi.c ****         {
 5856              		.loc 1 2468 17 is_stmt 0 view .LVU1951
 5857 00dc A36C     		ldr	r3, [r4, #72]
2468:Drivers/STM32F2xx_HAL_Driver/Src/stm32f2xx_hal_spi.c ****         {
 5858              		.loc 1 2468 12 view .LVU1952
 5859 00de 8BB1     		cbz	r3, .L383
2472:Drivers/STM32F2xx_HAL_Driver/Src/stm32f2xx_hal_spi.c ****           if (HAL_OK != HAL_DMA_Abort_IT(hspi->hdmatx))
 5860              		.loc 1 2472 11 is_stmt 1 view .LVU1953
2472:Drivers/STM32F2xx_HAL_Driver/Src/stm32f2xx_hal_spi.c ****           if (HAL_OK != HAL_DMA_Abort_IT(hspi->hdmatx))
 5861              		.loc 1 2472 43 is_stmt 0 view .LVU1954
 5862 00e0 0F4A     		ldr	r2, .L398
 5863 00e2 1A65     		str	r2, [r3, #80]
2473:Drivers/STM32F2xx_HAL_Driver/Src/stm32f2xx_hal_spi.c ****           {
 5864              		.loc 1 2473 11 is_stmt 1 view .LVU1955
2473:Drivers/STM32F2xx_HAL_Driver/Src/stm32f2xx_hal_spi.c ****           {
 5865              		.loc 1 2473 25 is_stmt 0 view .LVU1956
 5866 00e4 A06C     		ldr	r0, [r4, #72]
 5867 00e6 FFF7FEFF 		bl	HAL_DMA_Abort_IT
 5868              	.LVL342:
2473:Drivers/STM32F2xx_HAL_Driver/Src/stm32f2xx_hal_spi.c ****           {
ARM GAS  /var/folders/8x/_y6g3dfs0698dfd49y4vcg_w0000gn/T//ccpNuCLH.s 			page 204


 5869              		.loc 1 2473 14 discriminator 1 view .LVU1957
 5870 00ea 58B1     		cbz	r0, .L383
2475:Drivers/STM32F2xx_HAL_Driver/Src/stm32f2xx_hal_spi.c ****           }
 5871              		.loc 1 2475 13 is_stmt 1 view .LVU1958
 5872 00ec 636D     		ldr	r3, [r4, #84]
 5873 00ee 43F04003 		orr	r3, r3, #64
 5874 00f2 6365     		str	r3, [r4, #84]
 5875 00f4 06E0     		b	.L383
 5876              	.LVL343:
 5877              	.L396:
2401:Drivers/STM32F2xx_HAL_Driver/Src/stm32f2xx_hal_spi.c ****     return;
 5878              		.loc 1 2401 5 view .LVU1959
2401:Drivers/STM32F2xx_HAL_Driver/Src/stm32f2xx_hal_spi.c ****     return;
 5879              		.loc 1 2401 9 is_stmt 0 view .LVU1960
 5880 00f6 236C     		ldr	r3, [r4, #64]
 5881              	.LVL344:
2401:Drivers/STM32F2xx_HAL_Driver/Src/stm32f2xx_hal_spi.c ****     return;
 5882              		.loc 1 2401 5 view .LVU1961
 5883 00f8 2046     		mov	r0, r4
 5884 00fa 9847     		blx	r3
 5885              	.LVL345:
2402:Drivers/STM32F2xx_HAL_Driver/Src/stm32f2xx_hal_spi.c ****   }
 5886              		.loc 1 2402 5 is_stmt 1 view .LVU1962
 5887 00fc 02E0     		b	.L383
 5888              	.LVL346:
 5889              	.L397:
2408:Drivers/STM32F2xx_HAL_Driver/Src/stm32f2xx_hal_spi.c ****     return;
 5890              		.loc 1 2408 5 view .LVU1963
2408:Drivers/STM32F2xx_HAL_Driver/Src/stm32f2xx_hal_spi.c ****     return;
 5891              		.loc 1 2408 9 is_stmt 0 view .LVU1964
 5892 00fe 636C     		ldr	r3, [r4, #68]
 5893              	.LVL347:
2408:Drivers/STM32F2xx_HAL_Driver/Src/stm32f2xx_hal_spi.c ****     return;
 5894              		.loc 1 2408 5 view .LVU1965
 5895 0100 2046     		mov	r0, r4
 5896 0102 9847     		blx	r3
 5897              	.LVL348:
2409:Drivers/STM32F2xx_HAL_Driver/Src/stm32f2xx_hal_spi.c ****   }
 5898              		.loc 1 2409 5 is_stmt 1 view .LVU1966
 5899              	.L383:
2491:Drivers/STM32F2xx_HAL_Driver/Src/stm32f2xx_hal_spi.c **** 
 5900              		.loc 1 2491 1 is_stmt 0 view .LVU1967
 5901 0104 05B0     		add	sp, sp, #20
 5902              	.LCFI80:
 5903              		.cfi_remember_state
 5904              		.cfi_def_cfa_offset 12
 5905              		@ sp needed
 5906 0106 30BD     		pop	{r4, r5, pc}
 5907              	.LVL349:
 5908              	.L389:
 5909              	.LCFI81:
 5910              		.cfi_restore_state
2426:Drivers/STM32F2xx_HAL_Driver/Src/stm32f2xx_hal_spi.c ****         return;
 5911              		.loc 1 2426 9 is_stmt 1 view .LVU1968
 5912              	.LBB13:
2426:Drivers/STM32F2xx_HAL_Driver/Src/stm32f2xx_hal_spi.c ****         return;
 5913              		.loc 1 2426 9 view .LVU1969
ARM GAS  /var/folders/8x/_y6g3dfs0698dfd49y4vcg_w0000gn/T//ccpNuCLH.s 			page 205


 5914 0108 0023     		movs	r3, #0
 5915              	.LVL350:
2426:Drivers/STM32F2xx_HAL_Driver/Src/stm32f2xx_hal_spi.c ****         return;
 5916              		.loc 1 2426 9 is_stmt 0 view .LVU1970
 5917 010a 0193     		str	r3, [sp, #4]
2426:Drivers/STM32F2xx_HAL_Driver/Src/stm32f2xx_hal_spi.c ****         return;
 5918              		.loc 1 2426 9 is_stmt 1 view .LVU1971
 5919 010c D368     		ldr	r3, [r2, #12]
 5920 010e 0193     		str	r3, [sp, #4]
2426:Drivers/STM32F2xx_HAL_Driver/Src/stm32f2xx_hal_spi.c ****         return;
 5921              		.loc 1 2426 9 view .LVU1972
 5922 0110 9368     		ldr	r3, [r2, #8]
 5923 0112 0193     		str	r3, [sp, #4]
2426:Drivers/STM32F2xx_HAL_Driver/Src/stm32f2xx_hal_spi.c ****         return;
 5924              		.loc 1 2426 9 view .LVU1973
 5925 0114 019B     		ldr	r3, [sp, #4]
 5926              	.LBE13:
2426:Drivers/STM32F2xx_HAL_Driver/Src/stm32f2xx_hal_spi.c ****         return;
 5927              		.loc 1 2426 9 view .LVU1974
2427:Drivers/STM32F2xx_HAL_Driver/Src/stm32f2xx_hal_spi.c ****       }
 5928              		.loc 1 2427 9 view .LVU1975
 5929 0116 F5E7     		b	.L383
 5930              	.L393:
2485:Drivers/STM32F2xx_HAL_Driver/Src/stm32f2xx_hal_spi.c **** #endif /* USE_HAL_SPI_REGISTER_CALLBACKS */
 5931              		.loc 1 2485 9 view .LVU1976
 5932 0118 2046     		mov	r0, r4
 5933 011a FFF7FEFF 		bl	HAL_SPI_ErrorCallback
 5934              	.LVL351:
2489:Drivers/STM32F2xx_HAL_Driver/Src/stm32f2xx_hal_spi.c ****   }
 5935              		.loc 1 2489 5 view .LVU1977
 5936 011e F1E7     		b	.L383
 5937              	.L399:
 5938              		.align	2
 5939              	.L398:
 5940 0120 00000000 		.word	SPI_DMAAbortOnError
 5941              		.cfi_endproc
 5942              	.LFE90:
 5944              		.section	.text.SPI_DMAAbortOnError,"ax",%progbits
 5945              		.align	1
 5946              		.syntax unified
 5947              		.thumb
 5948              		.thumb_func
 5950              	SPI_DMAAbortOnError:
 5951              	.LVL352:
 5952              	.LFB108:
2989:Drivers/STM32F2xx_HAL_Driver/Src/stm32f2xx_hal_spi.c ****   SPI_HandleTypeDef *hspi = (SPI_HandleTypeDef *)(((DMA_HandleTypeDef *)hdma)->Parent);
 5953              		.loc 1 2989 1 view -0
 5954              		.cfi_startproc
 5955              		@ args = 0, pretend = 0, frame = 0
 5956              		@ frame_needed = 0, uses_anonymous_args = 0
2989:Drivers/STM32F2xx_HAL_Driver/Src/stm32f2xx_hal_spi.c ****   SPI_HandleTypeDef *hspi = (SPI_HandleTypeDef *)(((DMA_HandleTypeDef *)hdma)->Parent);
 5957              		.loc 1 2989 1 is_stmt 0 view .LVU1979
 5958 0000 08B5     		push	{r3, lr}
 5959              	.LCFI82:
 5960              		.cfi_def_cfa_offset 8
 5961              		.cfi_offset 3, -8
 5962              		.cfi_offset 14, -4
ARM GAS  /var/folders/8x/_y6g3dfs0698dfd49y4vcg_w0000gn/T//ccpNuCLH.s 			page 206


2990:Drivers/STM32F2xx_HAL_Driver/Src/stm32f2xx_hal_spi.c ****   hspi->RxXferCount = 0U;
 5963              		.loc 1 2990 3 is_stmt 1 view .LVU1980
2990:Drivers/STM32F2xx_HAL_Driver/Src/stm32f2xx_hal_spi.c ****   hspi->RxXferCount = 0U;
 5964              		.loc 1 2990 22 is_stmt 0 view .LVU1981
 5965 0002 806B     		ldr	r0, [r0, #56]
 5966              	.LVL353:
2991:Drivers/STM32F2xx_HAL_Driver/Src/stm32f2xx_hal_spi.c ****   hspi->TxXferCount = 0U;
 5967              		.loc 1 2991 3 is_stmt 1 view .LVU1982
2991:Drivers/STM32F2xx_HAL_Driver/Src/stm32f2xx_hal_spi.c ****   hspi->TxXferCount = 0U;
 5968              		.loc 1 2991 21 is_stmt 0 view .LVU1983
 5969 0004 0023     		movs	r3, #0
 5970 0006 C387     		strh	r3, [r0, #62]	@ movhi
2992:Drivers/STM32F2xx_HAL_Driver/Src/stm32f2xx_hal_spi.c **** 
 5971              		.loc 1 2992 3 is_stmt 1 view .LVU1984
2992:Drivers/STM32F2xx_HAL_Driver/Src/stm32f2xx_hal_spi.c **** 
 5972              		.loc 1 2992 21 is_stmt 0 view .LVU1985
 5973 0008 C386     		strh	r3, [r0, #54]	@ movhi
2998:Drivers/STM32F2xx_HAL_Driver/Src/stm32f2xx_hal_spi.c **** #endif /* USE_HAL_SPI_REGISTER_CALLBACKS */
 5974              		.loc 1 2998 3 is_stmt 1 view .LVU1986
 5975 000a FFF7FEFF 		bl	HAL_SPI_ErrorCallback
 5976              	.LVL354:
3000:Drivers/STM32F2xx_HAL_Driver/Src/stm32f2xx_hal_spi.c **** 
 5977              		.loc 1 3000 1 is_stmt 0 view .LVU1987
 5978 000e 08BD     		pop	{r3, pc}
 5979              		.cfi_endproc
 5980              	.LFE108:
 5982              		.section	.text.HAL_SPI_AbortCpltCallback,"ax",%progbits
 5983              		.align	1
 5984              		.weak	HAL_SPI_AbortCpltCallback
 5985              		.syntax unified
 5986              		.thumb
 5987              		.thumb_func
 5989              	HAL_SPI_AbortCpltCallback:
 5990              	.LVL355:
 5991              	.LFB98:
2614:Drivers/STM32F2xx_HAL_Driver/Src/stm32f2xx_hal_spi.c ****   /* Prevent unused argument(s) compilation warning */
 5992              		.loc 1 2614 1 is_stmt 1 view -0
 5993              		.cfi_startproc
 5994              		@ args = 0, pretend = 0, frame = 0
 5995              		@ frame_needed = 0, uses_anonymous_args = 0
 5996              		@ link register save eliminated.
2616:Drivers/STM32F2xx_HAL_Driver/Src/stm32f2xx_hal_spi.c **** 
 5997              		.loc 1 2616 3 view .LVU1989
2621:Drivers/STM32F2xx_HAL_Driver/Src/stm32f2xx_hal_spi.c **** 
 5998              		.loc 1 2621 1 is_stmt 0 view .LVU1990
 5999 0000 7047     		bx	lr
 6000              		.cfi_endproc
 6001              	.LFE98:
 6003              		.section	.text.HAL_SPI_Abort_IT,"ax",%progbits
 6004              		.align	1
 6005              		.global	HAL_SPI_Abort_IT
 6006              		.syntax unified
 6007              		.thumb
 6008              		.thumb_func
 6010              	HAL_SPI_Abort_IT:
 6011              	.LVL356:
 6012              	.LFB86:
ARM GAS  /var/folders/8x/_y6g3dfs0698dfd49y4vcg_w0000gn/T//ccpNuCLH.s 			page 207


2150:Drivers/STM32F2xx_HAL_Driver/Src/stm32f2xx_hal_spi.c ****   HAL_StatusTypeDef errorcode;
 6013              		.loc 1 2150 1 is_stmt 1 view -0
 6014              		.cfi_startproc
 6015              		@ args = 0, pretend = 0, frame = 16
 6016              		@ frame_needed = 0, uses_anonymous_args = 0
2150:Drivers/STM32F2xx_HAL_Driver/Src/stm32f2xx_hal_spi.c ****   HAL_StatusTypeDef errorcode;
 6017              		.loc 1 2150 1 is_stmt 0 view .LVU1992
 6018 0000 70B5     		push	{r4, r5, r6, lr}
 6019              	.LCFI83:
 6020              		.cfi_def_cfa_offset 16
 6021              		.cfi_offset 4, -16
 6022              		.cfi_offset 5, -12
 6023              		.cfi_offset 6, -8
 6024              		.cfi_offset 14, -4
 6025 0002 84B0     		sub	sp, sp, #16
 6026              	.LCFI84:
 6027              		.cfi_def_cfa_offset 32
 6028 0004 0446     		mov	r4, r0
2151:Drivers/STM32F2xx_HAL_Driver/Src/stm32f2xx_hal_spi.c ****   uint32_t abortcplt ;
 6029              		.loc 1 2151 3 is_stmt 1 view .LVU1993
2152:Drivers/STM32F2xx_HAL_Driver/Src/stm32f2xx_hal_spi.c ****   __IO uint32_t count;
 6030              		.loc 1 2152 3 view .LVU1994
2153:Drivers/STM32F2xx_HAL_Driver/Src/stm32f2xx_hal_spi.c ****   __IO uint32_t resetcount;
 6031              		.loc 1 2153 3 view .LVU1995
2154:Drivers/STM32F2xx_HAL_Driver/Src/stm32f2xx_hal_spi.c **** 
 6032              		.loc 1 2154 3 view .LVU1996
2157:Drivers/STM32F2xx_HAL_Driver/Src/stm32f2xx_hal_spi.c ****   abortcplt = 1U;
 6033              		.loc 1 2157 3 view .LVU1997
 6034              	.LVL357:
2158:Drivers/STM32F2xx_HAL_Driver/Src/stm32f2xx_hal_spi.c ****   resetcount = SPI_DEFAULT_TIMEOUT * (SystemCoreClock / 24U / 1000U);
 6035              		.loc 1 2158 3 view .LVU1998
2159:Drivers/STM32F2xx_HAL_Driver/Src/stm32f2xx_hal_spi.c ****   count = resetcount;
 6036              		.loc 1 2159 3 view .LVU1999
2159:Drivers/STM32F2xx_HAL_Driver/Src/stm32f2xx_hal_spi.c ****   count = resetcount;
 6037              		.loc 1 2159 61 is_stmt 0 view .LVU2000
 6038 0006 4F4B     		ldr	r3, .L429
 6039 0008 1B68     		ldr	r3, [r3]
 6040 000a 4F4A     		ldr	r2, .L429+4
 6041 000c A2FB0323 		umull	r2, r3, r2, r3
 6042 0010 5B0A     		lsrs	r3, r3, #9
2159:Drivers/STM32F2xx_HAL_Driver/Src/stm32f2xx_hal_spi.c ****   count = resetcount;
 6043              		.loc 1 2159 36 view .LVU2001
 6044 0012 6422     		movs	r2, #100
 6045 0014 02FB03F3 		mul	r3, r2, r3
2159:Drivers/STM32F2xx_HAL_Driver/Src/stm32f2xx_hal_spi.c ****   count = resetcount;
 6046              		.loc 1 2159 14 view .LVU2002
 6047 0018 0293     		str	r3, [sp, #8]
2160:Drivers/STM32F2xx_HAL_Driver/Src/stm32f2xx_hal_spi.c **** 
 6048              		.loc 1 2160 3 is_stmt 1 view .LVU2003
2160:Drivers/STM32F2xx_HAL_Driver/Src/stm32f2xx_hal_spi.c **** 
 6049              		.loc 1 2160 9 is_stmt 0 view .LVU2004
 6050 001a 029B     		ldr	r3, [sp, #8]
 6051 001c 0393     		str	r3, [sp, #12]
2163:Drivers/STM32F2xx_HAL_Driver/Src/stm32f2xx_hal_spi.c **** 
 6052              		.loc 1 2163 3 is_stmt 1 view .LVU2005
 6053 001e 0268     		ldr	r2, [r0]
 6054 0020 5368     		ldr	r3, [r2, #4]
ARM GAS  /var/folders/8x/_y6g3dfs0698dfd49y4vcg_w0000gn/T//ccpNuCLH.s 			page 208


 6055 0022 23F02003 		bic	r3, r3, #32
 6056 0026 5360     		str	r3, [r2, #4]
2166:Drivers/STM32F2xx_HAL_Driver/Src/stm32f2xx_hal_spi.c ****   {
 6057              		.loc 1 2166 3 view .LVU2006
2166:Drivers/STM32F2xx_HAL_Driver/Src/stm32f2xx_hal_spi.c ****   {
 6058              		.loc 1 2166 7 is_stmt 0 view .LVU2007
 6059 0028 0268     		ldr	r2, [r0]
 6060 002a 5368     		ldr	r3, [r2, #4]
2166:Drivers/STM32F2xx_HAL_Driver/Src/stm32f2xx_hal_spi.c ****   {
 6061              		.loc 1 2166 6 view .LVU2008
 6062 002c 13F0800F 		tst	r3, #128
 6063 0030 12D0     		beq	.L404
2168:Drivers/STM32F2xx_HAL_Driver/Src/stm32f2xx_hal_spi.c ****     /* Wait HAL_SPI_STATE_ABORT state */
 6064              		.loc 1 2168 5 is_stmt 1 view .LVU2009
2168:Drivers/STM32F2xx_HAL_Driver/Src/stm32f2xx_hal_spi.c ****     /* Wait HAL_SPI_STATE_ABORT state */
 6065              		.loc 1 2168 17 is_stmt 0 view .LVU2010
 6066 0032 464B     		ldr	r3, .L429+8
 6067 0034 4364     		str	r3, [r0, #68]
 6068              	.L407:
2170:Drivers/STM32F2xx_HAL_Driver/Src/stm32f2xx_hal_spi.c ****     {
 6069              		.loc 1 2170 5 is_stmt 1 view .LVU2011
2172:Drivers/STM32F2xx_HAL_Driver/Src/stm32f2xx_hal_spi.c ****       {
 6070              		.loc 1 2172 7 view .LVU2012
2172:Drivers/STM32F2xx_HAL_Driver/Src/stm32f2xx_hal_spi.c ****       {
 6071              		.loc 1 2172 17 is_stmt 0 view .LVU2013
 6072 0036 039B     		ldr	r3, [sp, #12]
2172:Drivers/STM32F2xx_HAL_Driver/Src/stm32f2xx_hal_spi.c ****       {
 6073              		.loc 1 2172 10 view .LVU2014
 6074 0038 43B1     		cbz	r3, .L426
2177:Drivers/STM32F2xx_HAL_Driver/Src/stm32f2xx_hal_spi.c ****     } while (hspi->State != HAL_SPI_STATE_ABORT);
 6075              		.loc 1 2177 7 is_stmt 1 view .LVU2015
2177:Drivers/STM32F2xx_HAL_Driver/Src/stm32f2xx_hal_spi.c ****     } while (hspi->State != HAL_SPI_STATE_ABORT);
 6076              		.loc 1 2177 12 is_stmt 0 view .LVU2016
 6077 003a 039B     		ldr	r3, [sp, #12]
 6078 003c 013B     		subs	r3, r3, #1
 6079 003e 0393     		str	r3, [sp, #12]
2178:Drivers/STM32F2xx_HAL_Driver/Src/stm32f2xx_hal_spi.c ****     /* Reset Timeout Counter */
 6080              		.loc 1 2178 26 is_stmt 1 view .LVU2017
2178:Drivers/STM32F2xx_HAL_Driver/Src/stm32f2xx_hal_spi.c ****     /* Reset Timeout Counter */
 6081              		.loc 1 2178 18 is_stmt 0 view .LVU2018
 6082 0040 94F85130 		ldrb	r3, [r4, #81]	@ zero_extendqisi2
 6083 0044 DBB2     		uxtb	r3, r3
2178:Drivers/STM32F2xx_HAL_Driver/Src/stm32f2xx_hal_spi.c ****     /* Reset Timeout Counter */
 6084              		.loc 1 2178 26 view .LVU2019
 6085 0046 072B     		cmp	r3, #7
 6086 0048 F5D1     		bne	.L407
 6087 004a 03E0     		b	.L406
 6088              	.L426:
2174:Drivers/STM32F2xx_HAL_Driver/Src/stm32f2xx_hal_spi.c ****         break;
 6089              		.loc 1 2174 9 is_stmt 1 view .LVU2020
 6090 004c 636D     		ldr	r3, [r4, #84]
 6091 004e 43F04003 		orr	r3, r3, #64
 6092 0052 6365     		str	r3, [r4, #84]
2175:Drivers/STM32F2xx_HAL_Driver/Src/stm32f2xx_hal_spi.c ****       }
 6093              		.loc 1 2175 9 view .LVU2021
 6094              	.L406:
2180:Drivers/STM32F2xx_HAL_Driver/Src/stm32f2xx_hal_spi.c ****   }
ARM GAS  /var/folders/8x/_y6g3dfs0698dfd49y4vcg_w0000gn/T//ccpNuCLH.s 			page 209


 6095              		.loc 1 2180 5 view .LVU2022
2180:Drivers/STM32F2xx_HAL_Driver/Src/stm32f2xx_hal_spi.c ****   }
 6096              		.loc 1 2180 11 is_stmt 0 view .LVU2023
 6097 0054 029B     		ldr	r3, [sp, #8]
 6098 0056 0393     		str	r3, [sp, #12]
 6099              	.L404:
2183:Drivers/STM32F2xx_HAL_Driver/Src/stm32f2xx_hal_spi.c ****   {
 6100              		.loc 1 2183 3 is_stmt 1 view .LVU2024
2183:Drivers/STM32F2xx_HAL_Driver/Src/stm32f2xx_hal_spi.c ****   {
 6101              		.loc 1 2183 7 is_stmt 0 view .LVU2025
 6102 0058 5368     		ldr	r3, [r2, #4]
2183:Drivers/STM32F2xx_HAL_Driver/Src/stm32f2xx_hal_spi.c ****   {
 6103              		.loc 1 2183 6 view .LVU2026
 6104 005a 13F0400F 		tst	r3, #64
 6105 005e 12D0     		beq	.L408
2185:Drivers/STM32F2xx_HAL_Driver/Src/stm32f2xx_hal_spi.c ****     /* Wait HAL_SPI_STATE_ABORT state */
 6106              		.loc 1 2185 5 is_stmt 1 view .LVU2027
2185:Drivers/STM32F2xx_HAL_Driver/Src/stm32f2xx_hal_spi.c ****     /* Wait HAL_SPI_STATE_ABORT state */
 6107              		.loc 1 2185 17 is_stmt 0 view .LVU2028
 6108 0060 3B4B     		ldr	r3, .L429+12
 6109 0062 2364     		str	r3, [r4, #64]
 6110              	.L411:
2187:Drivers/STM32F2xx_HAL_Driver/Src/stm32f2xx_hal_spi.c ****     {
 6111              		.loc 1 2187 5 is_stmt 1 view .LVU2029
2189:Drivers/STM32F2xx_HAL_Driver/Src/stm32f2xx_hal_spi.c ****       {
 6112              		.loc 1 2189 7 view .LVU2030
2189:Drivers/STM32F2xx_HAL_Driver/Src/stm32f2xx_hal_spi.c ****       {
 6113              		.loc 1 2189 17 is_stmt 0 view .LVU2031
 6114 0064 039B     		ldr	r3, [sp, #12]
2189:Drivers/STM32F2xx_HAL_Driver/Src/stm32f2xx_hal_spi.c ****       {
 6115              		.loc 1 2189 10 view .LVU2032
 6116 0066 43B1     		cbz	r3, .L427
2194:Drivers/STM32F2xx_HAL_Driver/Src/stm32f2xx_hal_spi.c ****     } while (hspi->State != HAL_SPI_STATE_ABORT);
 6117              		.loc 1 2194 7 is_stmt 1 view .LVU2033
2194:Drivers/STM32F2xx_HAL_Driver/Src/stm32f2xx_hal_spi.c ****     } while (hspi->State != HAL_SPI_STATE_ABORT);
 6118              		.loc 1 2194 12 is_stmt 0 view .LVU2034
 6119 0068 039B     		ldr	r3, [sp, #12]
 6120 006a 013B     		subs	r3, r3, #1
 6121 006c 0393     		str	r3, [sp, #12]
2195:Drivers/STM32F2xx_HAL_Driver/Src/stm32f2xx_hal_spi.c ****     /* Reset Timeout Counter */
 6122              		.loc 1 2195 26 is_stmt 1 view .LVU2035
2195:Drivers/STM32F2xx_HAL_Driver/Src/stm32f2xx_hal_spi.c ****     /* Reset Timeout Counter */
 6123              		.loc 1 2195 18 is_stmt 0 view .LVU2036
 6124 006e 94F85130 		ldrb	r3, [r4, #81]	@ zero_extendqisi2
 6125 0072 DBB2     		uxtb	r3, r3
2195:Drivers/STM32F2xx_HAL_Driver/Src/stm32f2xx_hal_spi.c ****     /* Reset Timeout Counter */
 6126              		.loc 1 2195 26 view .LVU2037
 6127 0074 072B     		cmp	r3, #7
 6128 0076 F5D1     		bne	.L411
 6129 0078 03E0     		b	.L410
 6130              	.L427:
2191:Drivers/STM32F2xx_HAL_Driver/Src/stm32f2xx_hal_spi.c ****         break;
 6131              		.loc 1 2191 9 is_stmt 1 view .LVU2038
 6132 007a 636D     		ldr	r3, [r4, #84]
 6133 007c 43F04003 		orr	r3, r3, #64
 6134 0080 6365     		str	r3, [r4, #84]
2192:Drivers/STM32F2xx_HAL_Driver/Src/stm32f2xx_hal_spi.c ****       }
ARM GAS  /var/folders/8x/_y6g3dfs0698dfd49y4vcg_w0000gn/T//ccpNuCLH.s 			page 210


 6135              		.loc 1 2192 9 view .LVU2039
 6136              	.L410:
2197:Drivers/STM32F2xx_HAL_Driver/Src/stm32f2xx_hal_spi.c ****   }
 6137              		.loc 1 2197 5 view .LVU2040
2197:Drivers/STM32F2xx_HAL_Driver/Src/stm32f2xx_hal_spi.c ****   }
 6138              		.loc 1 2197 11 is_stmt 0 view .LVU2041
 6139 0082 029B     		ldr	r3, [sp, #8]
 6140 0084 0393     		str	r3, [sp, #12]
 6141              	.L408:
2203:Drivers/STM32F2xx_HAL_Driver/Src/stm32f2xx_hal_spi.c ****   {
 6142              		.loc 1 2203 3 is_stmt 1 view .LVU2042
2203:Drivers/STM32F2xx_HAL_Driver/Src/stm32f2xx_hal_spi.c ****   {
 6143              		.loc 1 2203 11 is_stmt 0 view .LVU2043
 6144 0086 A36C     		ldr	r3, [r4, #72]
2203:Drivers/STM32F2xx_HAL_Driver/Src/stm32f2xx_hal_spi.c ****   {
 6145              		.loc 1 2203 6 view .LVU2044
 6146 0088 2BB1     		cbz	r3, .L412
2207:Drivers/STM32F2xx_HAL_Driver/Src/stm32f2xx_hal_spi.c ****     {
 6147              		.loc 1 2207 5 is_stmt 1 view .LVU2045
2207:Drivers/STM32F2xx_HAL_Driver/Src/stm32f2xx_hal_spi.c ****     {
 6148              		.loc 1 2207 9 is_stmt 0 view .LVU2046
 6149 008a 5268     		ldr	r2, [r2, #4]
2207:Drivers/STM32F2xx_HAL_Driver/Src/stm32f2xx_hal_spi.c ****     {
 6150              		.loc 1 2207 8 view .LVU2047
 6151 008c 12F0020F 		tst	r2, #2
 6152 0090 1BD0     		beq	.L413
2209:Drivers/STM32F2xx_HAL_Driver/Src/stm32f2xx_hal_spi.c ****     }
 6153              		.loc 1 2209 7 is_stmt 1 view .LVU2048
2209:Drivers/STM32F2xx_HAL_Driver/Src/stm32f2xx_hal_spi.c ****     }
 6154              		.loc 1 2209 39 is_stmt 0 view .LVU2049
 6155 0092 304A     		ldr	r2, .L429+16
 6156 0094 1A65     		str	r2, [r3, #80]
 6157              	.L412:
2217:Drivers/STM32F2xx_HAL_Driver/Src/stm32f2xx_hal_spi.c ****   {
 6158              		.loc 1 2217 3 is_stmt 1 view .LVU2050
2217:Drivers/STM32F2xx_HAL_Driver/Src/stm32f2xx_hal_spi.c ****   {
 6159              		.loc 1 2217 11 is_stmt 0 view .LVU2051
 6160 0096 E36C     		ldr	r3, [r4, #76]
2217:Drivers/STM32F2xx_HAL_Driver/Src/stm32f2xx_hal_spi.c ****   {
 6161              		.loc 1 2217 6 view .LVU2052
 6162 0098 33B1     		cbz	r3, .L414
2221:Drivers/STM32F2xx_HAL_Driver/Src/stm32f2xx_hal_spi.c ****     {
 6163              		.loc 1 2221 5 is_stmt 1 view .LVU2053
2221:Drivers/STM32F2xx_HAL_Driver/Src/stm32f2xx_hal_spi.c ****     {
 6164              		.loc 1 2221 9 is_stmt 0 view .LVU2054
 6165 009a 2268     		ldr	r2, [r4]
 6166 009c 5268     		ldr	r2, [r2, #4]
2221:Drivers/STM32F2xx_HAL_Driver/Src/stm32f2xx_hal_spi.c ****     {
 6167              		.loc 1 2221 8 view .LVU2055
 6168 009e 12F0010F 		tst	r2, #1
 6169 00a2 15D0     		beq	.L415
2223:Drivers/STM32F2xx_HAL_Driver/Src/stm32f2xx_hal_spi.c ****     }
 6170              		.loc 1 2223 7 is_stmt 1 view .LVU2056
2223:Drivers/STM32F2xx_HAL_Driver/Src/stm32f2xx_hal_spi.c ****     }
 6171              		.loc 1 2223 39 is_stmt 0 view .LVU2057
 6172 00a4 2C4A     		ldr	r2, .L429+20
 6173 00a6 1A65     		str	r2, [r3, #80]
ARM GAS  /var/folders/8x/_y6g3dfs0698dfd49y4vcg_w0000gn/T//ccpNuCLH.s 			page 211


 6174              	.L414:
2232:Drivers/STM32F2xx_HAL_Driver/Src/stm32f2xx_hal_spi.c ****   {
 6175              		.loc 1 2232 3 is_stmt 1 view .LVU2058
2232:Drivers/STM32F2xx_HAL_Driver/Src/stm32f2xx_hal_spi.c ****   {
 6176              		.loc 1 2232 7 is_stmt 0 view .LVU2059
 6177 00a8 2368     		ldr	r3, [r4]
 6178 00aa 5B68     		ldr	r3, [r3, #4]
2232:Drivers/STM32F2xx_HAL_Driver/Src/stm32f2xx_hal_spi.c ****   {
 6179              		.loc 1 2232 6 view .LVU2060
 6180 00ac 13F0020F 		tst	r3, #2
 6181 00b0 11D0     		beq	.L420
2235:Drivers/STM32F2xx_HAL_Driver/Src/stm32f2xx_hal_spi.c ****     {
 6182              		.loc 1 2235 5 is_stmt 1 view .LVU2061
2235:Drivers/STM32F2xx_HAL_Driver/Src/stm32f2xx_hal_spi.c ****     {
 6183              		.loc 1 2235 13 is_stmt 0 view .LVU2062
 6184 00b2 A06C     		ldr	r0, [r4, #72]
 6185              	.LVL358:
2235:Drivers/STM32F2xx_HAL_Driver/Src/stm32f2xx_hal_spi.c ****     {
 6186              		.loc 1 2235 8 view .LVU2063
 6187 00b4 28B3     		cbz	r0, .L421
2238:Drivers/STM32F2xx_HAL_Driver/Src/stm32f2xx_hal_spi.c ****       {
 6188              		.loc 1 2238 7 is_stmt 1 view .LVU2064
2238:Drivers/STM32F2xx_HAL_Driver/Src/stm32f2xx_hal_spi.c ****       {
 6189              		.loc 1 2238 11 is_stmt 0 view .LVU2065
 6190 00b6 FFF7FEFF 		bl	HAL_DMA_Abort_IT
 6191              	.LVL359:
2238:Drivers/STM32F2xx_HAL_Driver/Src/stm32f2xx_hal_spi.c ****       {
 6192              		.loc 1 2238 10 discriminator 1 view .LVU2066
 6193 00ba 20B3     		cbz	r0, .L422
2240:Drivers/STM32F2xx_HAL_Driver/Src/stm32f2xx_hal_spi.c ****         hspi->ErrorCode = HAL_SPI_ERROR_ABORT;
 6194              		.loc 1 2240 9 is_stmt 1 view .LVU2067
2240:Drivers/STM32F2xx_HAL_Driver/Src/stm32f2xx_hal_spi.c ****         hspi->ErrorCode = HAL_SPI_ERROR_ABORT;
 6195              		.loc 1 2240 13 is_stmt 0 view .LVU2068
 6196 00bc A36C     		ldr	r3, [r4, #72]
2240:Drivers/STM32F2xx_HAL_Driver/Src/stm32f2xx_hal_spi.c ****         hspi->ErrorCode = HAL_SPI_ERROR_ABORT;
 6197              		.loc 1 2240 41 view .LVU2069
 6198 00be 0022     		movs	r2, #0
 6199 00c0 1A65     		str	r2, [r3, #80]
2241:Drivers/STM32F2xx_HAL_Driver/Src/stm32f2xx_hal_spi.c ****       }
 6200              		.loc 1 2241 9 is_stmt 1 view .LVU2070
2241:Drivers/STM32F2xx_HAL_Driver/Src/stm32f2xx_hal_spi.c ****       }
 6201              		.loc 1 2241 25 is_stmt 0 view .LVU2071
 6202 00c2 4023     		movs	r3, #64
 6203 00c4 6365     		str	r3, [r4, #84]
2158:Drivers/STM32F2xx_HAL_Driver/Src/stm32f2xx_hal_spi.c ****   resetcount = SPI_DEFAULT_TIMEOUT * (SystemCoreClock / 24U / 1000U);
 6204              		.loc 1 2158 13 view .LVU2072
 6205 00c6 0126     		movs	r6, #1
 6206 00c8 06E0     		b	.L416
 6207              	.LVL360:
 6208              	.L413:
2213:Drivers/STM32F2xx_HAL_Driver/Src/stm32f2xx_hal_spi.c ****     }
 6209              		.loc 1 2213 7 is_stmt 1 view .LVU2073
2213:Drivers/STM32F2xx_HAL_Driver/Src/stm32f2xx_hal_spi.c ****     }
 6210              		.loc 1 2213 39 is_stmt 0 view .LVU2074
 6211 00ca 0022     		movs	r2, #0
 6212 00cc 1A65     		str	r2, [r3, #80]
 6213 00ce E2E7     		b	.L412
ARM GAS  /var/folders/8x/_y6g3dfs0698dfd49y4vcg_w0000gn/T//ccpNuCLH.s 			page 212


 6214              	.L415:
2227:Drivers/STM32F2xx_HAL_Driver/Src/stm32f2xx_hal_spi.c ****     }
 6215              		.loc 1 2227 7 is_stmt 1 view .LVU2075
2227:Drivers/STM32F2xx_HAL_Driver/Src/stm32f2xx_hal_spi.c ****     }
 6216              		.loc 1 2227 39 is_stmt 0 view .LVU2076
 6217 00d0 0022     		movs	r2, #0
 6218 00d2 1A65     		str	r2, [r3, #80]
 6219 00d4 E8E7     		b	.L414
 6220              	.L420:
2158:Drivers/STM32F2xx_HAL_Driver/Src/stm32f2xx_hal_spi.c ****   resetcount = SPI_DEFAULT_TIMEOUT * (SystemCoreClock / 24U / 1000U);
 6221              		.loc 1 2158 13 view .LVU2077
 6222 00d6 0126     		movs	r6, #1
 6223              	.LVL361:
 6224              	.L416:
2250:Drivers/STM32F2xx_HAL_Driver/Src/stm32f2xx_hal_spi.c ****   {
 6225              		.loc 1 2250 3 is_stmt 1 view .LVU2078
2250:Drivers/STM32F2xx_HAL_Driver/Src/stm32f2xx_hal_spi.c ****   {
 6226              		.loc 1 2250 7 is_stmt 0 view .LVU2079
 6227 00d8 2368     		ldr	r3, [r4]
 6228 00da 5B68     		ldr	r3, [r3, #4]
2250:Drivers/STM32F2xx_HAL_Driver/Src/stm32f2xx_hal_spi.c ****   {
 6229              		.loc 1 2250 6 view .LVU2080
 6230 00dc 13F0010F 		tst	r3, #1
 6231 00e0 0AD0     		beq	.L417
2253:Drivers/STM32F2xx_HAL_Driver/Src/stm32f2xx_hal_spi.c ****     {
 6232              		.loc 1 2253 5 is_stmt 1 view .LVU2081
2253:Drivers/STM32F2xx_HAL_Driver/Src/stm32f2xx_hal_spi.c ****     {
 6233              		.loc 1 2253 13 is_stmt 0 view .LVU2082
 6234 00e2 E06C     		ldr	r0, [r4, #76]
2253:Drivers/STM32F2xx_HAL_Driver/Src/stm32f2xx_hal_spi.c ****     {
 6235              		.loc 1 2253 8 view .LVU2083
 6236 00e4 40B1     		cbz	r0, .L417
2256:Drivers/STM32F2xx_HAL_Driver/Src/stm32f2xx_hal_spi.c ****       {
 6237              		.loc 1 2256 7 is_stmt 1 view .LVU2084
2256:Drivers/STM32F2xx_HAL_Driver/Src/stm32f2xx_hal_spi.c ****       {
 6238              		.loc 1 2256 11 is_stmt 0 view .LVU2085
 6239 00e6 FFF7FEFF 		bl	HAL_DMA_Abort_IT
 6240              	.LVL362:
2256:Drivers/STM32F2xx_HAL_Driver/Src/stm32f2xx_hal_spi.c ****       {
 6241              		.loc 1 2256 10 discriminator 1 view .LVU2086
 6242 00ea 0546     		mov	r5, r0
 6243 00ec 30B1     		cbz	r0, .L418
2258:Drivers/STM32F2xx_HAL_Driver/Src/stm32f2xx_hal_spi.c ****         hspi->ErrorCode = HAL_SPI_ERROR_ABORT;
 6244              		.loc 1 2258 9 is_stmt 1 view .LVU2087
2258:Drivers/STM32F2xx_HAL_Driver/Src/stm32f2xx_hal_spi.c ****         hspi->ErrorCode = HAL_SPI_ERROR_ABORT;
 6245              		.loc 1 2258 13 is_stmt 0 view .LVU2088
 6246 00ee E36C     		ldr	r3, [r4, #76]
2258:Drivers/STM32F2xx_HAL_Driver/Src/stm32f2xx_hal_spi.c ****         hspi->ErrorCode = HAL_SPI_ERROR_ABORT;
 6247              		.loc 1 2258 41 view .LVU2089
 6248 00f0 0022     		movs	r2, #0
 6249 00f2 1A65     		str	r2, [r3, #80]
2259:Drivers/STM32F2xx_HAL_Driver/Src/stm32f2xx_hal_spi.c ****       }
 6250              		.loc 1 2259 9 is_stmt 1 view .LVU2090
2259:Drivers/STM32F2xx_HAL_Driver/Src/stm32f2xx_hal_spi.c ****       }
 6251              		.loc 1 2259 25 is_stmt 0 view .LVU2091
 6252 00f4 4023     		movs	r3, #64
 6253 00f6 6365     		str	r3, [r4, #84]
ARM GAS  /var/folders/8x/_y6g3dfs0698dfd49y4vcg_w0000gn/T//ccpNuCLH.s 			page 213


 6254              	.L417:
2268:Drivers/STM32F2xx_HAL_Driver/Src/stm32f2xx_hal_spi.c ****   {
 6255              		.loc 1 2268 3 is_stmt 1 view .LVU2092
2268:Drivers/STM32F2xx_HAL_Driver/Src/stm32f2xx_hal_spi.c ****   {
 6256              		.loc 1 2268 6 is_stmt 0 view .LVU2093
 6257 00f8 3EB9     		cbnz	r6, .L428
2157:Drivers/STM32F2xx_HAL_Driver/Src/stm32f2xx_hal_spi.c ****   abortcplt = 1U;
 6258              		.loc 1 2157 13 view .LVU2094
 6259 00fa 0025     		movs	r5, #0
 6260              	.LVL363:
 6261              	.L418:
2301:Drivers/STM32F2xx_HAL_Driver/Src/stm32f2xx_hal_spi.c **** }
 6262              		.loc 1 2301 3 is_stmt 1 view .LVU2095
2302:Drivers/STM32F2xx_HAL_Driver/Src/stm32f2xx_hal_spi.c **** 
 6263              		.loc 1 2302 1 is_stmt 0 view .LVU2096
 6264 00fc 2846     		mov	r0, r5
 6265 00fe 04B0     		add	sp, sp, #16
 6266              	.LCFI85:
 6267              		.cfi_remember_state
 6268              		.cfi_def_cfa_offset 16
 6269              		@ sp needed
 6270 0100 70BD     		pop	{r4, r5, r6, pc}
 6271              	.LVL364:
 6272              	.L421:
 6273              	.LCFI86:
 6274              		.cfi_restore_state
2158:Drivers/STM32F2xx_HAL_Driver/Src/stm32f2xx_hal_spi.c ****   resetcount = SPI_DEFAULT_TIMEOUT * (SystemCoreClock / 24U / 1000U);
 6275              		.loc 1 2158 13 view .LVU2097
 6276 0102 0126     		movs	r6, #1
 6277 0104 E8E7     		b	.L416
 6278              	.L422:
2245:Drivers/STM32F2xx_HAL_Driver/Src/stm32f2xx_hal_spi.c ****       }
 6279              		.loc 1 2245 19 view .LVU2098
 6280 0106 0026     		movs	r6, #0
 6281 0108 E6E7     		b	.L416
 6282              	.LVL365:
 6283              	.L428:
2271:Drivers/STM32F2xx_HAL_Driver/Src/stm32f2xx_hal_spi.c ****     hspi->TxXferCount = 0U;
 6284              		.loc 1 2271 5 is_stmt 1 view .LVU2099
2271:Drivers/STM32F2xx_HAL_Driver/Src/stm32f2xx_hal_spi.c ****     hspi->TxXferCount = 0U;
 6285              		.loc 1 2271 23 is_stmt 0 view .LVU2100
 6286 010a 0023     		movs	r3, #0
 6287 010c E387     		strh	r3, [r4, #62]	@ movhi
2272:Drivers/STM32F2xx_HAL_Driver/Src/stm32f2xx_hal_spi.c **** 
 6288              		.loc 1 2272 5 is_stmt 1 view .LVU2101
2272:Drivers/STM32F2xx_HAL_Driver/Src/stm32f2xx_hal_spi.c **** 
 6289              		.loc 1 2272 23 is_stmt 0 view .LVU2102
 6290 010e E386     		strh	r3, [r4, #54]	@ movhi
2275:Drivers/STM32F2xx_HAL_Driver/Src/stm32f2xx_hal_spi.c ****     {
 6291              		.loc 1 2275 5 is_stmt 1 view .LVU2103
2275:Drivers/STM32F2xx_HAL_Driver/Src/stm32f2xx_hal_spi.c ****     {
 6292              		.loc 1 2275 13 is_stmt 0 view .LVU2104
 6293 0110 636D     		ldr	r3, [r4, #84]
2275:Drivers/STM32F2xx_HAL_Driver/Src/stm32f2xx_hal_spi.c ****     {
 6294              		.loc 1 2275 8 view .LVU2105
 6295 0112 402B     		cmp	r3, #64
 6296 0114 14D0     		beq	.L424
ARM GAS  /var/folders/8x/_y6g3dfs0698dfd49y4vcg_w0000gn/T//ccpNuCLH.s 			page 214


2283:Drivers/STM32F2xx_HAL_Driver/Src/stm32f2xx_hal_spi.c ****     }
 6297              		.loc 1 2283 7 is_stmt 1 view .LVU2106
2283:Drivers/STM32F2xx_HAL_Driver/Src/stm32f2xx_hal_spi.c ****     }
 6298              		.loc 1 2283 23 is_stmt 0 view .LVU2107
 6299 0116 0025     		movs	r5, #0
 6300 0118 6565     		str	r5, [r4, #84]
 6301              	.L419:
 6302              	.LVL366:
2287:Drivers/STM32F2xx_HAL_Driver/Src/stm32f2xx_hal_spi.c ****     __HAL_SPI_CLEAR_FREFLAG(hspi);
 6303              		.loc 1 2287 5 is_stmt 1 view .LVU2108
 6304              	.LBB14:
2287:Drivers/STM32F2xx_HAL_Driver/Src/stm32f2xx_hal_spi.c ****     __HAL_SPI_CLEAR_FREFLAG(hspi);
 6305              		.loc 1 2287 5 view .LVU2109
 6306 011a 0022     		movs	r2, #0
 6307 011c 0092     		str	r2, [sp]
2287:Drivers/STM32F2xx_HAL_Driver/Src/stm32f2xx_hal_spi.c ****     __HAL_SPI_CLEAR_FREFLAG(hspi);
 6308              		.loc 1 2287 5 view .LVU2110
 6309 011e 2368     		ldr	r3, [r4]
 6310 0120 D968     		ldr	r1, [r3, #12]
 6311 0122 0091     		str	r1, [sp]
2287:Drivers/STM32F2xx_HAL_Driver/Src/stm32f2xx_hal_spi.c ****     __HAL_SPI_CLEAR_FREFLAG(hspi);
 6312              		.loc 1 2287 5 view .LVU2111
 6313 0124 9968     		ldr	r1, [r3, #8]
 6314 0126 0091     		str	r1, [sp]
2287:Drivers/STM32F2xx_HAL_Driver/Src/stm32f2xx_hal_spi.c ****     __HAL_SPI_CLEAR_FREFLAG(hspi);
 6315              		.loc 1 2287 5 view .LVU2112
 6316 0128 0099     		ldr	r1, [sp]
 6317              	.LBE14:
2287:Drivers/STM32F2xx_HAL_Driver/Src/stm32f2xx_hal_spi.c ****     __HAL_SPI_CLEAR_FREFLAG(hspi);
 6318              		.loc 1 2287 5 view .LVU2113
2288:Drivers/STM32F2xx_HAL_Driver/Src/stm32f2xx_hal_spi.c **** 
 6319              		.loc 1 2288 5 view .LVU2114
 6320              	.LBB15:
2288:Drivers/STM32F2xx_HAL_Driver/Src/stm32f2xx_hal_spi.c **** 
 6321              		.loc 1 2288 5 view .LVU2115
 6322 012a 0192     		str	r2, [sp, #4]
2288:Drivers/STM32F2xx_HAL_Driver/Src/stm32f2xx_hal_spi.c **** 
 6323              		.loc 1 2288 5 view .LVU2116
 6324 012c 9B68     		ldr	r3, [r3, #8]
 6325 012e 0193     		str	r3, [sp, #4]
2288:Drivers/STM32F2xx_HAL_Driver/Src/stm32f2xx_hal_spi.c **** 
 6326              		.loc 1 2288 5 view .LVU2117
 6327 0130 019B     		ldr	r3, [sp, #4]
 6328              	.LBE15:
2288:Drivers/STM32F2xx_HAL_Driver/Src/stm32f2xx_hal_spi.c **** 
 6329              		.loc 1 2288 5 view .LVU2118
2291:Drivers/STM32F2xx_HAL_Driver/Src/stm32f2xx_hal_spi.c **** 
 6330              		.loc 1 2291 5 view .LVU2119
2291:Drivers/STM32F2xx_HAL_Driver/Src/stm32f2xx_hal_spi.c **** 
 6331              		.loc 1 2291 17 is_stmt 0 view .LVU2120
 6332 0132 0123     		movs	r3, #1
 6333 0134 84F85130 		strb	r3, [r4, #81]
2297:Drivers/STM32F2xx_HAL_Driver/Src/stm32f2xx_hal_spi.c **** #endif /* USE_HAL_SPI_REGISTER_CALLBACKS */
 6334              		.loc 1 2297 5 is_stmt 1 view .LVU2121
 6335 0138 2046     		mov	r0, r4
 6336 013a FFF7FEFF 		bl	HAL_SPI_AbortCpltCallback
 6337              	.LVL367:
ARM GAS  /var/folders/8x/_y6g3dfs0698dfd49y4vcg_w0000gn/T//ccpNuCLH.s 			page 215


 6338 013e DDE7     		b	.L418
 6339              	.LVL368:
 6340              	.L424:
2278:Drivers/STM32F2xx_HAL_Driver/Src/stm32f2xx_hal_spi.c ****     }
 6341              		.loc 1 2278 17 is_stmt 0 view .LVU2122
 6342 0140 0125     		movs	r5, #1
 6343 0142 EAE7     		b	.L419
 6344              	.L430:
 6345              		.align	2
 6346              	.L429:
 6347 0144 00000000 		.word	SystemCoreClock
 6348 0148 F1197605 		.word	91625969
 6349 014c 00000000 		.word	SPI_AbortTx_ISR
 6350 0150 00000000 		.word	SPI_AbortRx_ISR
 6351 0154 00000000 		.word	SPI_DMATxAbortCallback
 6352 0158 00000000 		.word	SPI_DMARxAbortCallback
 6353              		.cfi_endproc
 6354              	.LFE86:
 6356              		.section	.text.SPI_DMARxAbortCallback,"ax",%progbits
 6357              		.align	1
 6358              		.syntax unified
 6359              		.thumb
 6360              		.thumb_func
 6362              	SPI_DMARxAbortCallback:
 6363              	.LVL369:
 6364              	.LFB110:
3076:Drivers/STM32F2xx_HAL_Driver/Src/stm32f2xx_hal_spi.c ****   SPI_HandleTypeDef *hspi = (SPI_HandleTypeDef *)(((DMA_HandleTypeDef *)hdma)->Parent);
 6365              		.loc 1 3076 1 is_stmt 1 view -0
 6366              		.cfi_startproc
 6367              		@ args = 0, pretend = 0, frame = 8
 6368              		@ frame_needed = 0, uses_anonymous_args = 0
3076:Drivers/STM32F2xx_HAL_Driver/Src/stm32f2xx_hal_spi.c ****   SPI_HandleTypeDef *hspi = (SPI_HandleTypeDef *)(((DMA_HandleTypeDef *)hdma)->Parent);
 6369              		.loc 1 3076 1 is_stmt 0 view .LVU2124
 6370 0000 10B5     		push	{r4, lr}
 6371              	.LCFI87:
 6372              		.cfi_def_cfa_offset 8
 6373              		.cfi_offset 4, -8
 6374              		.cfi_offset 14, -4
 6375 0002 82B0     		sub	sp, sp, #8
 6376              	.LCFI88:
 6377              		.cfi_def_cfa_offset 16
3077:Drivers/STM32F2xx_HAL_Driver/Src/stm32f2xx_hal_spi.c **** 
 6378              		.loc 1 3077 3 is_stmt 1 view .LVU2125
3077:Drivers/STM32F2xx_HAL_Driver/Src/stm32f2xx_hal_spi.c **** 
 6379              		.loc 1 3077 22 is_stmt 0 view .LVU2126
 6380 0004 846B     		ldr	r4, [r0, #56]
 6381              	.LVL370:
3080:Drivers/STM32F2xx_HAL_Driver/Src/stm32f2xx_hal_spi.c **** 
 6382              		.loc 1 3080 3 is_stmt 1 view .LVU2127
 6383 0006 2268     		ldr	r2, [r4]
 6384 0008 1368     		ldr	r3, [r2]
 6385 000a 23F04003 		bic	r3, r3, #64
 6386 000e 1360     		str	r3, [r2]
3082:Drivers/STM32F2xx_HAL_Driver/Src/stm32f2xx_hal_spi.c **** 
 6387              		.loc 1 3082 3 view .LVU2128
3082:Drivers/STM32F2xx_HAL_Driver/Src/stm32f2xx_hal_spi.c **** 
 6388              		.loc 1 3082 7 is_stmt 0 view .LVU2129
ARM GAS  /var/folders/8x/_y6g3dfs0698dfd49y4vcg_w0000gn/T//ccpNuCLH.s 			page 216


 6389 0010 E36C     		ldr	r3, [r4, #76]
3082:Drivers/STM32F2xx_HAL_Driver/Src/stm32f2xx_hal_spi.c **** 
 6390              		.loc 1 3082 35 view .LVU2130
 6391 0012 0022     		movs	r2, #0
 6392 0014 1A65     		str	r2, [r3, #80]
3085:Drivers/STM32F2xx_HAL_Driver/Src/stm32f2xx_hal_spi.c **** 
 6393              		.loc 1 3085 3 is_stmt 1 view .LVU2131
 6394 0016 2268     		ldr	r2, [r4]
 6395 0018 5368     		ldr	r3, [r2, #4]
 6396 001a 23F00103 		bic	r3, r3, #1
 6397 001e 5360     		str	r3, [r2, #4]
3088:Drivers/STM32F2xx_HAL_Driver/Src/stm32f2xx_hal_spi.c ****   {
 6398              		.loc 1 3088 3 view .LVU2132
3088:Drivers/STM32F2xx_HAL_Driver/Src/stm32f2xx_hal_spi.c ****   {
 6399              		.loc 1 3088 7 is_stmt 0 view .LVU2133
 6400 0020 FFF7FEFF 		bl	HAL_GetTick
 6401              	.LVL371:
3088:Drivers/STM32F2xx_HAL_Driver/Src/stm32f2xx_hal_spi.c ****   {
 6402              		.loc 1 3088 7 view .LVU2134
 6403 0024 0246     		mov	r2, r0
3088:Drivers/STM32F2xx_HAL_Driver/Src/stm32f2xx_hal_spi.c ****   {
 6404              		.loc 1 3088 7 discriminator 1 view .LVU2135
 6405 0026 6421     		movs	r1, #100
 6406 0028 2046     		mov	r0, r4
 6407 002a FFF7FEFF 		bl	SPI_EndRxTxTransaction
 6408              	.LVL372:
3088:Drivers/STM32F2xx_HAL_Driver/Src/stm32f2xx_hal_spi.c ****   {
 6409              		.loc 1 3088 6 discriminator 2 view .LVU2136
 6410 002e 18B1     		cbz	r0, .L432
3090:Drivers/STM32F2xx_HAL_Driver/Src/stm32f2xx_hal_spi.c ****   }
 6411              		.loc 1 3090 5 is_stmt 1 view .LVU2137
 6412 0030 636D     		ldr	r3, [r4, #84]
 6413 0032 43F04003 		orr	r3, r3, #64
 6414 0036 6365     		str	r3, [r4, #84]
 6415              	.L432:
3094:Drivers/STM32F2xx_HAL_Driver/Src/stm32f2xx_hal_spi.c ****   {
 6416              		.loc 1 3094 3 view .LVU2138
3094:Drivers/STM32F2xx_HAL_Driver/Src/stm32f2xx_hal_spi.c ****   {
 6417              		.loc 1 3094 11 is_stmt 0 view .LVU2139
 6418 0038 A36C     		ldr	r3, [r4, #72]
3094:Drivers/STM32F2xx_HAL_Driver/Src/stm32f2xx_hal_spi.c ****   {
 6419              		.loc 1 3094 6 view .LVU2140
 6420 003a 0BB1     		cbz	r3, .L433
3096:Drivers/STM32F2xx_HAL_Driver/Src/stm32f2xx_hal_spi.c ****     {
 6421              		.loc 1 3096 5 is_stmt 1 view .LVU2141
3096:Drivers/STM32F2xx_HAL_Driver/Src/stm32f2xx_hal_spi.c ****     {
 6422              		.loc 1 3096 21 is_stmt 0 view .LVU2142
 6423 003c 1B6D     		ldr	r3, [r3, #80]
3096:Drivers/STM32F2xx_HAL_Driver/Src/stm32f2xx_hal_spi.c ****     {
 6424              		.loc 1 3096 8 view .LVU2143
 6425 003e CBB9     		cbnz	r3, .L431
 6426              	.L433:
3103:Drivers/STM32F2xx_HAL_Driver/Src/stm32f2xx_hal_spi.c ****   hspi->TxXferCount = 0U;
 6427              		.loc 1 3103 3 is_stmt 1 view .LVU2144
3103:Drivers/STM32F2xx_HAL_Driver/Src/stm32f2xx_hal_spi.c ****   hspi->TxXferCount = 0U;
 6428              		.loc 1 3103 21 is_stmt 0 view .LVU2145
 6429 0040 0023     		movs	r3, #0
ARM GAS  /var/folders/8x/_y6g3dfs0698dfd49y4vcg_w0000gn/T//ccpNuCLH.s 			page 217


 6430 0042 E387     		strh	r3, [r4, #62]	@ movhi
3104:Drivers/STM32F2xx_HAL_Driver/Src/stm32f2xx_hal_spi.c **** 
 6431              		.loc 1 3104 3 is_stmt 1 view .LVU2146
3104:Drivers/STM32F2xx_HAL_Driver/Src/stm32f2xx_hal_spi.c **** 
 6432              		.loc 1 3104 21 is_stmt 0 view .LVU2147
 6433 0044 E386     		strh	r3, [r4, #54]	@ movhi
3107:Drivers/STM32F2xx_HAL_Driver/Src/stm32f2xx_hal_spi.c ****   {
 6434              		.loc 1 3107 3 is_stmt 1 view .LVU2148
3107:Drivers/STM32F2xx_HAL_Driver/Src/stm32f2xx_hal_spi.c ****   {
 6435              		.loc 1 3107 11 is_stmt 0 view .LVU2149
 6436 0046 636D     		ldr	r3, [r4, #84]
3107:Drivers/STM32F2xx_HAL_Driver/Src/stm32f2xx_hal_spi.c ****   {
 6437              		.loc 1 3107 6 view .LVU2150
 6438 0048 402B     		cmp	r3, #64
 6439 004a 01D0     		beq	.L435
3110:Drivers/STM32F2xx_HAL_Driver/Src/stm32f2xx_hal_spi.c ****   }
 6440              		.loc 1 3110 5 is_stmt 1 view .LVU2151
3110:Drivers/STM32F2xx_HAL_Driver/Src/stm32f2xx_hal_spi.c ****   }
 6441              		.loc 1 3110 21 is_stmt 0 view .LVU2152
 6442 004c 0023     		movs	r3, #0
 6443 004e 6365     		str	r3, [r4, #84]
 6444              	.L435:
3114:Drivers/STM32F2xx_HAL_Driver/Src/stm32f2xx_hal_spi.c ****   __HAL_SPI_CLEAR_FREFLAG(hspi);
 6445              		.loc 1 3114 3 is_stmt 1 view .LVU2153
 6446              	.LBB16:
3114:Drivers/STM32F2xx_HAL_Driver/Src/stm32f2xx_hal_spi.c ****   __HAL_SPI_CLEAR_FREFLAG(hspi);
 6447              		.loc 1 3114 3 view .LVU2154
 6448 0050 0022     		movs	r2, #0
 6449 0052 0092     		str	r2, [sp]
3114:Drivers/STM32F2xx_HAL_Driver/Src/stm32f2xx_hal_spi.c ****   __HAL_SPI_CLEAR_FREFLAG(hspi);
 6450              		.loc 1 3114 3 view .LVU2155
 6451 0054 2368     		ldr	r3, [r4]
 6452 0056 D968     		ldr	r1, [r3, #12]
 6453 0058 0091     		str	r1, [sp]
3114:Drivers/STM32F2xx_HAL_Driver/Src/stm32f2xx_hal_spi.c ****   __HAL_SPI_CLEAR_FREFLAG(hspi);
 6454              		.loc 1 3114 3 view .LVU2156
 6455 005a 9968     		ldr	r1, [r3, #8]
 6456 005c 0091     		str	r1, [sp]
3114:Drivers/STM32F2xx_HAL_Driver/Src/stm32f2xx_hal_spi.c ****   __HAL_SPI_CLEAR_FREFLAG(hspi);
 6457              		.loc 1 3114 3 view .LVU2157
 6458 005e 0099     		ldr	r1, [sp]
 6459              	.LBE16:
3114:Drivers/STM32F2xx_HAL_Driver/Src/stm32f2xx_hal_spi.c ****   __HAL_SPI_CLEAR_FREFLAG(hspi);
 6460              		.loc 1 3114 3 view .LVU2158
3115:Drivers/STM32F2xx_HAL_Driver/Src/stm32f2xx_hal_spi.c **** 
 6461              		.loc 1 3115 3 view .LVU2159
 6462              	.LBB17:
3115:Drivers/STM32F2xx_HAL_Driver/Src/stm32f2xx_hal_spi.c **** 
 6463              		.loc 1 3115 3 view .LVU2160
 6464 0060 0192     		str	r2, [sp, #4]
3115:Drivers/STM32F2xx_HAL_Driver/Src/stm32f2xx_hal_spi.c **** 
 6465              		.loc 1 3115 3 view .LVU2161
 6466 0062 9B68     		ldr	r3, [r3, #8]
 6467 0064 0193     		str	r3, [sp, #4]
3115:Drivers/STM32F2xx_HAL_Driver/Src/stm32f2xx_hal_spi.c **** 
 6468              		.loc 1 3115 3 view .LVU2162
 6469 0066 019B     		ldr	r3, [sp, #4]
ARM GAS  /var/folders/8x/_y6g3dfs0698dfd49y4vcg_w0000gn/T//ccpNuCLH.s 			page 218


 6470              	.LBE17:
3115:Drivers/STM32F2xx_HAL_Driver/Src/stm32f2xx_hal_spi.c **** 
 6471              		.loc 1 3115 3 view .LVU2163
3118:Drivers/STM32F2xx_HAL_Driver/Src/stm32f2xx_hal_spi.c **** 
 6472              		.loc 1 3118 3 view .LVU2164
3118:Drivers/STM32F2xx_HAL_Driver/Src/stm32f2xx_hal_spi.c **** 
 6473              		.loc 1 3118 16 is_stmt 0 view .LVU2165
 6474 0068 0123     		movs	r3, #1
 6475 006a 84F85130 		strb	r3, [r4, #81]
3124:Drivers/STM32F2xx_HAL_Driver/Src/stm32f2xx_hal_spi.c **** #endif /* USE_HAL_SPI_REGISTER_CALLBACKS */
 6476              		.loc 1 3124 3 is_stmt 1 view .LVU2166
 6477 006e 2046     		mov	r0, r4
 6478 0070 FFF7FEFF 		bl	HAL_SPI_AbortCpltCallback
 6479              	.LVL373:
 6480              	.L431:
3126:Drivers/STM32F2xx_HAL_Driver/Src/stm32f2xx_hal_spi.c **** 
 6481              		.loc 1 3126 1 is_stmt 0 view .LVU2167
 6482 0074 02B0     		add	sp, sp, #8
 6483              	.LCFI89:
 6484              		.cfi_def_cfa_offset 8
 6485              		@ sp needed
 6486 0076 10BD     		pop	{r4, pc}
3126:Drivers/STM32F2xx_HAL_Driver/Src/stm32f2xx_hal_spi.c **** 
 6487              		.loc 1 3126 1 view .LVU2168
 6488              		.cfi_endproc
 6489              	.LFE110:
 6491              		.section	.text.SPI_DMATxAbortCallback,"ax",%progbits
 6492              		.align	1
 6493              		.syntax unified
 6494              		.thumb
 6495              		.thumb_func
 6497              	SPI_DMATxAbortCallback:
 6498              	.LVL374:
 6499              	.LFB109:
3011:Drivers/STM32F2xx_HAL_Driver/Src/stm32f2xx_hal_spi.c ****   SPI_HandleTypeDef *hspi = (SPI_HandleTypeDef *)(((DMA_HandleTypeDef *)hdma)->Parent);
 6500              		.loc 1 3011 1 is_stmt 1 view -0
 6501              		.cfi_startproc
 6502              		@ args = 0, pretend = 0, frame = 16
 6503              		@ frame_needed = 0, uses_anonymous_args = 0
3011:Drivers/STM32F2xx_HAL_Driver/Src/stm32f2xx_hal_spi.c ****   SPI_HandleTypeDef *hspi = (SPI_HandleTypeDef *)(((DMA_HandleTypeDef *)hdma)->Parent);
 6504              		.loc 1 3011 1 is_stmt 0 view .LVU2170
 6505 0000 00B5     		push	{lr}
 6506              	.LCFI90:
 6507              		.cfi_def_cfa_offset 4
 6508              		.cfi_offset 14, -4
 6509 0002 85B0     		sub	sp, sp, #20
 6510              	.LCFI91:
 6511              		.cfi_def_cfa_offset 24
3012:Drivers/STM32F2xx_HAL_Driver/Src/stm32f2xx_hal_spi.c ****   __IO uint32_t count;
 6512              		.loc 1 3012 3 is_stmt 1 view .LVU2171
3012:Drivers/STM32F2xx_HAL_Driver/Src/stm32f2xx_hal_spi.c ****   __IO uint32_t count;
 6513              		.loc 1 3012 22 is_stmt 0 view .LVU2172
 6514 0004 806B     		ldr	r0, [r0, #56]
 6515              	.LVL375:
3013:Drivers/STM32F2xx_HAL_Driver/Src/stm32f2xx_hal_spi.c **** 
 6516              		.loc 1 3013 3 is_stmt 1 view .LVU2173
3015:Drivers/STM32F2xx_HAL_Driver/Src/stm32f2xx_hal_spi.c ****   count = SPI_DEFAULT_TIMEOUT * (SystemCoreClock / 24U / 1000U);
ARM GAS  /var/folders/8x/_y6g3dfs0698dfd49y4vcg_w0000gn/T//ccpNuCLH.s 			page 219


 6517              		.loc 1 3015 3 view .LVU2174
3015:Drivers/STM32F2xx_HAL_Driver/Src/stm32f2xx_hal_spi.c ****   count = SPI_DEFAULT_TIMEOUT * (SystemCoreClock / 24U / 1000U);
 6518              		.loc 1 3015 7 is_stmt 0 view .LVU2175
 6519 0006 836C     		ldr	r3, [r0, #72]
3015:Drivers/STM32F2xx_HAL_Driver/Src/stm32f2xx_hal_spi.c ****   count = SPI_DEFAULT_TIMEOUT * (SystemCoreClock / 24U / 1000U);
 6520              		.loc 1 3015 35 view .LVU2176
 6521 0008 0022     		movs	r2, #0
 6522 000a 1A65     		str	r2, [r3, #80]
3016:Drivers/STM32F2xx_HAL_Driver/Src/stm32f2xx_hal_spi.c **** 
 6523              		.loc 1 3016 3 is_stmt 1 view .LVU2177
3016:Drivers/STM32F2xx_HAL_Driver/Src/stm32f2xx_hal_spi.c **** 
 6524              		.loc 1 3016 56 is_stmt 0 view .LVU2178
 6525 000c 1E4B     		ldr	r3, .L446
 6526 000e 1B68     		ldr	r3, [r3]
 6527 0010 1E4A     		ldr	r2, .L446+4
 6528 0012 A2FB0323 		umull	r2, r3, r2, r3
 6529 0016 5B0A     		lsrs	r3, r3, #9
3016:Drivers/STM32F2xx_HAL_Driver/Src/stm32f2xx_hal_spi.c **** 
 6530              		.loc 1 3016 31 view .LVU2179
 6531 0018 6422     		movs	r2, #100
 6532 001a 02FB03F3 		mul	r3, r2, r3
3016:Drivers/STM32F2xx_HAL_Driver/Src/stm32f2xx_hal_spi.c **** 
 6533              		.loc 1 3016 9 view .LVU2180
 6534 001e 0393     		str	r3, [sp, #12]
3019:Drivers/STM32F2xx_HAL_Driver/Src/stm32f2xx_hal_spi.c **** 
 6535              		.loc 1 3019 3 is_stmt 1 view .LVU2181
 6536 0020 0268     		ldr	r2, [r0]
 6537 0022 5368     		ldr	r3, [r2, #4]
 6538 0024 23F00203 		bic	r3, r3, #2
 6539 0028 5360     		str	r3, [r2, #4]
 6540              	.L440:
3022:Drivers/STM32F2xx_HAL_Driver/Src/stm32f2xx_hal_spi.c ****   {
 6541              		.loc 1 3022 3 view .LVU2182
3024:Drivers/STM32F2xx_HAL_Driver/Src/stm32f2xx_hal_spi.c ****     {
 6542              		.loc 1 3024 5 view .LVU2183
3024:Drivers/STM32F2xx_HAL_Driver/Src/stm32f2xx_hal_spi.c ****     {
 6543              		.loc 1 3024 15 is_stmt 0 view .LVU2184
 6544 002a 039B     		ldr	r3, [sp, #12]
3024:Drivers/STM32F2xx_HAL_Driver/Src/stm32f2xx_hal_spi.c ****     {
 6545              		.loc 1 3024 8 view .LVU2185
 6546 002c 43B1     		cbz	r3, .L445
3029:Drivers/STM32F2xx_HAL_Driver/Src/stm32f2xx_hal_spi.c ****   } while ((hspi->Instance->SR & SPI_FLAG_TXE) == RESET);
 6547              		.loc 1 3029 5 is_stmt 1 view .LVU2186
3029:Drivers/STM32F2xx_HAL_Driver/Src/stm32f2xx_hal_spi.c ****   } while ((hspi->Instance->SR & SPI_FLAG_TXE) == RESET);
 6548              		.loc 1 3029 10 is_stmt 0 view .LVU2187
 6549 002e 039B     		ldr	r3, [sp, #12]
 6550 0030 013B     		subs	r3, r3, #1
 6551 0032 0393     		str	r3, [sp, #12]
3030:Drivers/STM32F2xx_HAL_Driver/Src/stm32f2xx_hal_spi.c **** 
 6552              		.loc 1 3030 48 is_stmt 1 view .LVU2188
3030:Drivers/STM32F2xx_HAL_Driver/Src/stm32f2xx_hal_spi.c **** 
 6553              		.loc 1 3030 17 is_stmt 0 view .LVU2189
 6554 0034 0368     		ldr	r3, [r0]
3030:Drivers/STM32F2xx_HAL_Driver/Src/stm32f2xx_hal_spi.c **** 
 6555              		.loc 1 3030 27 view .LVU2190
 6556 0036 9B68     		ldr	r3, [r3, #8]
3030:Drivers/STM32F2xx_HAL_Driver/Src/stm32f2xx_hal_spi.c **** 
ARM GAS  /var/folders/8x/_y6g3dfs0698dfd49y4vcg_w0000gn/T//ccpNuCLH.s 			page 220


 6557              		.loc 1 3030 48 view .LVU2191
 6558 0038 13F0020F 		tst	r3, #2
 6559 003c F5D0     		beq	.L440
 6560 003e 03E0     		b	.L439
 6561              	.L445:
3026:Drivers/STM32F2xx_HAL_Driver/Src/stm32f2xx_hal_spi.c ****       break;
 6562              		.loc 1 3026 7 is_stmt 1 view .LVU2192
 6563 0040 436D     		ldr	r3, [r0, #84]
 6564 0042 43F04003 		orr	r3, r3, #64
 6565 0046 4365     		str	r3, [r0, #84]
3027:Drivers/STM32F2xx_HAL_Driver/Src/stm32f2xx_hal_spi.c ****     }
 6566              		.loc 1 3027 7 view .LVU2193
 6567              	.L439:
3033:Drivers/STM32F2xx_HAL_Driver/Src/stm32f2xx_hal_spi.c ****   {
 6568              		.loc 1 3033 3 view .LVU2194
3033:Drivers/STM32F2xx_HAL_Driver/Src/stm32f2xx_hal_spi.c ****   {
 6569              		.loc 1 3033 11 is_stmt 0 view .LVU2195
 6570 0048 C36C     		ldr	r3, [r0, #76]
3033:Drivers/STM32F2xx_HAL_Driver/Src/stm32f2xx_hal_spi.c ****   {
 6571              		.loc 1 3033 6 view .LVU2196
 6572 004a 0BB1     		cbz	r3, .L441
3035:Drivers/STM32F2xx_HAL_Driver/Src/stm32f2xx_hal_spi.c ****     {
 6573              		.loc 1 3035 5 is_stmt 1 view .LVU2197
3035:Drivers/STM32F2xx_HAL_Driver/Src/stm32f2xx_hal_spi.c ****     {
 6574              		.loc 1 3035 21 is_stmt 0 view .LVU2198
 6575 004c 1B6D     		ldr	r3, [r3, #80]
3035:Drivers/STM32F2xx_HAL_Driver/Src/stm32f2xx_hal_spi.c ****     {
 6576              		.loc 1 3035 8 view .LVU2199
 6577 004e C3B9     		cbnz	r3, .L437
 6578              	.L441:
3042:Drivers/STM32F2xx_HAL_Driver/Src/stm32f2xx_hal_spi.c ****   hspi->TxXferCount = 0U;
 6579              		.loc 1 3042 3 is_stmt 1 view .LVU2200
3042:Drivers/STM32F2xx_HAL_Driver/Src/stm32f2xx_hal_spi.c ****   hspi->TxXferCount = 0U;
 6580              		.loc 1 3042 21 is_stmt 0 view .LVU2201
 6581 0050 0023     		movs	r3, #0
 6582 0052 C387     		strh	r3, [r0, #62]	@ movhi
3043:Drivers/STM32F2xx_HAL_Driver/Src/stm32f2xx_hal_spi.c **** 
 6583              		.loc 1 3043 3 is_stmt 1 view .LVU2202
3043:Drivers/STM32F2xx_HAL_Driver/Src/stm32f2xx_hal_spi.c **** 
 6584              		.loc 1 3043 21 is_stmt 0 view .LVU2203
 6585 0054 C386     		strh	r3, [r0, #54]	@ movhi
3046:Drivers/STM32F2xx_HAL_Driver/Src/stm32f2xx_hal_spi.c ****   {
 6586              		.loc 1 3046 3 is_stmt 1 view .LVU2204
3046:Drivers/STM32F2xx_HAL_Driver/Src/stm32f2xx_hal_spi.c ****   {
 6587              		.loc 1 3046 11 is_stmt 0 view .LVU2205
 6588 0056 436D     		ldr	r3, [r0, #84]
3046:Drivers/STM32F2xx_HAL_Driver/Src/stm32f2xx_hal_spi.c ****   {
 6589              		.loc 1 3046 6 view .LVU2206
 6590 0058 402B     		cmp	r3, #64
 6591 005a 01D0     		beq	.L443
3049:Drivers/STM32F2xx_HAL_Driver/Src/stm32f2xx_hal_spi.c ****   }
 6592              		.loc 1 3049 5 is_stmt 1 view .LVU2207
3049:Drivers/STM32F2xx_HAL_Driver/Src/stm32f2xx_hal_spi.c ****   }
 6593              		.loc 1 3049 21 is_stmt 0 view .LVU2208
 6594 005c 0023     		movs	r3, #0
 6595 005e 4365     		str	r3, [r0, #84]
 6596              	.L443:
ARM GAS  /var/folders/8x/_y6g3dfs0698dfd49y4vcg_w0000gn/T//ccpNuCLH.s 			page 221


3053:Drivers/STM32F2xx_HAL_Driver/Src/stm32f2xx_hal_spi.c ****   __HAL_SPI_CLEAR_FREFLAG(hspi);
 6597              		.loc 1 3053 3 is_stmt 1 view .LVU2209
 6598              	.LBB18:
3053:Drivers/STM32F2xx_HAL_Driver/Src/stm32f2xx_hal_spi.c ****   __HAL_SPI_CLEAR_FREFLAG(hspi);
 6599              		.loc 1 3053 3 view .LVU2210
 6600 0060 0022     		movs	r2, #0
 6601 0062 0192     		str	r2, [sp, #4]
3053:Drivers/STM32F2xx_HAL_Driver/Src/stm32f2xx_hal_spi.c ****   __HAL_SPI_CLEAR_FREFLAG(hspi);
 6602              		.loc 1 3053 3 view .LVU2211
 6603 0064 0368     		ldr	r3, [r0]
 6604 0066 D968     		ldr	r1, [r3, #12]
 6605 0068 0191     		str	r1, [sp, #4]
3053:Drivers/STM32F2xx_HAL_Driver/Src/stm32f2xx_hal_spi.c ****   __HAL_SPI_CLEAR_FREFLAG(hspi);
 6606              		.loc 1 3053 3 view .LVU2212
 6607 006a 9968     		ldr	r1, [r3, #8]
 6608 006c 0191     		str	r1, [sp, #4]
3053:Drivers/STM32F2xx_HAL_Driver/Src/stm32f2xx_hal_spi.c ****   __HAL_SPI_CLEAR_FREFLAG(hspi);
 6609              		.loc 1 3053 3 view .LVU2213
 6610 006e 0199     		ldr	r1, [sp, #4]
 6611              	.LBE18:
3053:Drivers/STM32F2xx_HAL_Driver/Src/stm32f2xx_hal_spi.c ****   __HAL_SPI_CLEAR_FREFLAG(hspi);
 6612              		.loc 1 3053 3 view .LVU2214
3054:Drivers/STM32F2xx_HAL_Driver/Src/stm32f2xx_hal_spi.c **** 
 6613              		.loc 1 3054 3 view .LVU2215
 6614              	.LBB19:
3054:Drivers/STM32F2xx_HAL_Driver/Src/stm32f2xx_hal_spi.c **** 
 6615              		.loc 1 3054 3 view .LVU2216
 6616 0070 0292     		str	r2, [sp, #8]
3054:Drivers/STM32F2xx_HAL_Driver/Src/stm32f2xx_hal_spi.c **** 
 6617              		.loc 1 3054 3 view .LVU2217
 6618 0072 9B68     		ldr	r3, [r3, #8]
 6619 0074 0293     		str	r3, [sp, #8]
3054:Drivers/STM32F2xx_HAL_Driver/Src/stm32f2xx_hal_spi.c **** 
 6620              		.loc 1 3054 3 view .LVU2218
 6621 0076 029B     		ldr	r3, [sp, #8]
 6622              	.LBE19:
3054:Drivers/STM32F2xx_HAL_Driver/Src/stm32f2xx_hal_spi.c **** 
 6623              		.loc 1 3054 3 view .LVU2219
3057:Drivers/STM32F2xx_HAL_Driver/Src/stm32f2xx_hal_spi.c **** 
 6624              		.loc 1 3057 3 view .LVU2220
3057:Drivers/STM32F2xx_HAL_Driver/Src/stm32f2xx_hal_spi.c **** 
 6625              		.loc 1 3057 16 is_stmt 0 view .LVU2221
 6626 0078 0123     		movs	r3, #1
 6627 007a 80F85130 		strb	r3, [r0, #81]
3063:Drivers/STM32F2xx_HAL_Driver/Src/stm32f2xx_hal_spi.c **** #endif /* USE_HAL_SPI_REGISTER_CALLBACKS */
 6628              		.loc 1 3063 3 is_stmt 1 view .LVU2222
 6629 007e FFF7FEFF 		bl	HAL_SPI_AbortCpltCallback
 6630              	.LVL376:
 6631              	.L437:
3065:Drivers/STM32F2xx_HAL_Driver/Src/stm32f2xx_hal_spi.c **** 
 6632              		.loc 1 3065 1 is_stmt 0 view .LVU2223
 6633 0082 05B0     		add	sp, sp, #20
 6634              	.LCFI92:
 6635              		.cfi_def_cfa_offset 4
 6636              		@ sp needed
 6637 0084 5DF804FB 		ldr	pc, [sp], #4
 6638              	.L447:
ARM GAS  /var/folders/8x/_y6g3dfs0698dfd49y4vcg_w0000gn/T//ccpNuCLH.s 			page 222


 6639              		.align	2
 6640              	.L446:
 6641 0088 00000000 		.word	SystemCoreClock
 6642 008c F1197605 		.word	91625969
 6643              		.cfi_endproc
 6644              	.LFE109:
 6646              		.section	.text.HAL_SPI_GetState,"ax",%progbits
 6647              		.align	1
 6648              		.global	HAL_SPI_GetState
 6649              		.syntax unified
 6650              		.thumb
 6651              		.thumb_func
 6653              	HAL_SPI_GetState:
 6654              	.LVL377:
 6655              	.LFB99:
2649:Drivers/STM32F2xx_HAL_Driver/Src/stm32f2xx_hal_spi.c ****   /* Return SPI handle state */
 6656              		.loc 1 2649 1 is_stmt 1 view -0
 6657              		.cfi_startproc
 6658              		@ args = 0, pretend = 0, frame = 0
 6659              		@ frame_needed = 0, uses_anonymous_args = 0
 6660              		@ link register save eliminated.
2651:Drivers/STM32F2xx_HAL_Driver/Src/stm32f2xx_hal_spi.c **** }
 6661              		.loc 1 2651 3 view .LVU2225
2651:Drivers/STM32F2xx_HAL_Driver/Src/stm32f2xx_hal_spi.c **** }
 6662              		.loc 1 2651 14 is_stmt 0 view .LVU2226
 6663 0000 90F85100 		ldrb	r0, [r0, #81]	@ zero_extendqisi2
 6664              	.LVL378:
2652:Drivers/STM32F2xx_HAL_Driver/Src/stm32f2xx_hal_spi.c **** 
 6665              		.loc 1 2652 1 view .LVU2227
 6666 0004 7047     		bx	lr
 6667              		.cfi_endproc
 6668              	.LFE99:
 6670              		.section	.text.HAL_SPI_GetError,"ax",%progbits
 6671              		.align	1
 6672              		.global	HAL_SPI_GetError
 6673              		.syntax unified
 6674              		.thumb
 6675              		.thumb_func
 6677              	HAL_SPI_GetError:
 6678              	.LVL379:
 6679              	.LFB100:
2661:Drivers/STM32F2xx_HAL_Driver/Src/stm32f2xx_hal_spi.c ****   /* Return SPI ErrorCode */
 6680              		.loc 1 2661 1 is_stmt 1 view -0
 6681              		.cfi_startproc
 6682              		@ args = 0, pretend = 0, frame = 0
 6683              		@ frame_needed = 0, uses_anonymous_args = 0
 6684              		@ link register save eliminated.
2663:Drivers/STM32F2xx_HAL_Driver/Src/stm32f2xx_hal_spi.c **** }
 6685              		.loc 1 2663 3 view .LVU2229
2663:Drivers/STM32F2xx_HAL_Driver/Src/stm32f2xx_hal_spi.c **** }
 6686              		.loc 1 2663 14 is_stmt 0 view .LVU2230
 6687 0000 406D     		ldr	r0, [r0, #84]
 6688              	.LVL380:
2664:Drivers/STM32F2xx_HAL_Driver/Src/stm32f2xx_hal_spi.c **** 
 6689              		.loc 1 2664 1 view .LVU2231
 6690 0002 7047     		bx	lr
 6691              		.cfi_endproc
ARM GAS  /var/folders/8x/_y6g3dfs0698dfd49y4vcg_w0000gn/T//ccpNuCLH.s 			page 223


 6692              	.LFE100:
 6694              		.text
 6695              	.Letext0:
 6696              		.file 2 "/Applications/ArmGNUToolchain/13.3.rel1/arm-none-eabi/arm-none-eabi/include/machine/_defa
 6697              		.file 3 "/Applications/ArmGNUToolchain/13.3.rel1/arm-none-eabi/arm-none-eabi/include/sys/_stdint.h
 6698              		.file 4 "Drivers/CMSIS/Device/ST/STM32F2xx/Include/stm32f205xx.h"
 6699              		.file 5 "Drivers/CMSIS/Device/ST/STM32F2xx/Include/stm32f2xx.h"
 6700              		.file 6 "Drivers/STM32F2xx_HAL_Driver/Inc/stm32f2xx_hal_def.h"
 6701              		.file 7 "Drivers/STM32F2xx_HAL_Driver/Inc/stm32f2xx_hal_dma.h"
 6702              		.file 8 "Drivers/STM32F2xx_HAL_Driver/Inc/stm32f2xx_hal_spi.h"
 6703              		.file 9 "Drivers/CMSIS/Device/ST/STM32F2xx/Include/system_stm32f2xx.h"
 6704              		.file 10 "Drivers/STM32F2xx_HAL_Driver/Inc/stm32f2xx_hal.h"
ARM GAS  /var/folders/8x/_y6g3dfs0698dfd49y4vcg_w0000gn/T//ccpNuCLH.s 			page 224


DEFINED SYMBOLS
                            *ABS*:00000000 stm32f2xx_hal_spi.c
/var/folders/8x/_y6g3dfs0698dfd49y4vcg_w0000gn/T//ccpNuCLH.s:19     .text.SPI_AbortRx_ISR:00000000 $t
/var/folders/8x/_y6g3dfs0698dfd49y4vcg_w0000gn/T//ccpNuCLH.s:24     .text.SPI_AbortRx_ISR:00000000 SPI_AbortRx_ISR
/var/folders/8x/_y6g3dfs0698dfd49y4vcg_w0000gn/T//ccpNuCLH.s:111    .text.SPI_AbortRx_ISR:00000060 $d
/var/folders/8x/_y6g3dfs0698dfd49y4vcg_w0000gn/T//ccpNuCLH.s:117    .text.SPI_AbortTx_ISR:00000000 $t
/var/folders/8x/_y6g3dfs0698dfd49y4vcg_w0000gn/T//ccpNuCLH.s:122    .text.SPI_AbortTx_ISR:00000000 SPI_AbortTx_ISR
/var/folders/8x/_y6g3dfs0698dfd49y4vcg_w0000gn/T//ccpNuCLH.s:150    .text.SPI_WaitFlagStateUntilTimeout:00000000 $t
/var/folders/8x/_y6g3dfs0698dfd49y4vcg_w0000gn/T//ccpNuCLH.s:155    .text.SPI_WaitFlagStateUntilTimeout:00000000 SPI_WaitFlagStateUntilTimeout
/var/folders/8x/_y6g3dfs0698dfd49y4vcg_w0000gn/T//ccpNuCLH.s:332    .text.SPI_WaitFlagStateUntilTimeout:000000c4 $d
/var/folders/8x/_y6g3dfs0698dfd49y4vcg_w0000gn/T//ccpNuCLH.s:337    .text.SPI_EndRxTxTransaction:00000000 $t
/var/folders/8x/_y6g3dfs0698dfd49y4vcg_w0000gn/T//ccpNuCLH.s:342    .text.SPI_EndRxTxTransaction:00000000 SPI_EndRxTxTransaction
/var/folders/8x/_y6g3dfs0698dfd49y4vcg_w0000gn/T//ccpNuCLH.s:421    .text.SPI_EndRxTransaction:00000000 $t
/var/folders/8x/_y6g3dfs0698dfd49y4vcg_w0000gn/T//ccpNuCLH.s:426    .text.SPI_EndRxTransaction:00000000 SPI_EndRxTransaction
/var/folders/8x/_y6g3dfs0698dfd49y4vcg_w0000gn/T//ccpNuCLH.s:508    .text.HAL_SPI_MspInit:00000000 $t
/var/folders/8x/_y6g3dfs0698dfd49y4vcg_w0000gn/T//ccpNuCLH.s:514    .text.HAL_SPI_MspInit:00000000 HAL_SPI_MspInit
/var/folders/8x/_y6g3dfs0698dfd49y4vcg_w0000gn/T//ccpNuCLH.s:529    .text.HAL_SPI_Init:00000000 $t
/var/folders/8x/_y6g3dfs0698dfd49y4vcg_w0000gn/T//ccpNuCLH.s:535    .text.HAL_SPI_Init:00000000 HAL_SPI_Init
/var/folders/8x/_y6g3dfs0698dfd49y4vcg_w0000gn/T//ccpNuCLH.s:690    .text.HAL_SPI_MspDeInit:00000000 $t
/var/folders/8x/_y6g3dfs0698dfd49y4vcg_w0000gn/T//ccpNuCLH.s:696    .text.HAL_SPI_MspDeInit:00000000 HAL_SPI_MspDeInit
/var/folders/8x/_y6g3dfs0698dfd49y4vcg_w0000gn/T//ccpNuCLH.s:711    .text.HAL_SPI_DeInit:00000000 $t
/var/folders/8x/_y6g3dfs0698dfd49y4vcg_w0000gn/T//ccpNuCLH.s:717    .text.HAL_SPI_DeInit:00000000 HAL_SPI_DeInit
/var/folders/8x/_y6g3dfs0698dfd49y4vcg_w0000gn/T//ccpNuCLH.s:776    .text.HAL_SPI_Transmit:00000000 $t
/var/folders/8x/_y6g3dfs0698dfd49y4vcg_w0000gn/T//ccpNuCLH.s:782    .text.HAL_SPI_Transmit:00000000 HAL_SPI_Transmit
/var/folders/8x/_y6g3dfs0698dfd49y4vcg_w0000gn/T//ccpNuCLH.s:1188   .text.HAL_SPI_TransmitReceive:00000000 $t
/var/folders/8x/_y6g3dfs0698dfd49y4vcg_w0000gn/T//ccpNuCLH.s:1194   .text.HAL_SPI_TransmitReceive:00000000 HAL_SPI_TransmitReceive
/var/folders/8x/_y6g3dfs0698dfd49y4vcg_w0000gn/T//ccpNuCLH.s:1795   .text.HAL_SPI_Receive:00000000 $t
/var/folders/8x/_y6g3dfs0698dfd49y4vcg_w0000gn/T//ccpNuCLH.s:1801   .text.HAL_SPI_Receive:00000000 HAL_SPI_Receive
/var/folders/8x/_y6g3dfs0698dfd49y4vcg_w0000gn/T//ccpNuCLH.s:2149   .text.HAL_SPI_Transmit_IT:00000000 $t
/var/folders/8x/_y6g3dfs0698dfd49y4vcg_w0000gn/T//ccpNuCLH.s:2155   .text.HAL_SPI_Transmit_IT:00000000 HAL_SPI_Transmit_IT
/var/folders/8x/_y6g3dfs0698dfd49y4vcg_w0000gn/T//ccpNuCLH.s:2337   .text.HAL_SPI_Transmit_IT:000000a0 $d
/var/folders/8x/_y6g3dfs0698dfd49y4vcg_w0000gn/T//ccpNuCLH.s:4527   .text.SPI_TxISR_16BIT:00000000 SPI_TxISR_16BIT
/var/folders/8x/_y6g3dfs0698dfd49y4vcg_w0000gn/T//ccpNuCLH.s:4465   .text.SPI_TxISR_8BIT:00000000 SPI_TxISR_8BIT
/var/folders/8x/_y6g3dfs0698dfd49y4vcg_w0000gn/T//ccpNuCLH.s:2343   .text.HAL_SPI_TransmitReceive_IT:00000000 $t
/var/folders/8x/_y6g3dfs0698dfd49y4vcg_w0000gn/T//ccpNuCLH.s:2349   .text.HAL_SPI_TransmitReceive_IT:00000000 HAL_SPI_TransmitReceive_IT
/var/folders/8x/_y6g3dfs0698dfd49y4vcg_w0000gn/T//ccpNuCLH.s:2563   .text.HAL_SPI_TransmitReceive_IT:000000b8 $d
/var/folders/8x/_y6g3dfs0698dfd49y4vcg_w0000gn/T//ccpNuCLH.s:5205   .text.SPI_2linesRxISR_16BIT:00000000 SPI_2linesRxISR_16BIT
/var/folders/8x/_y6g3dfs0698dfd49y4vcg_w0000gn/T//ccpNuCLH.s:5132   .text.SPI_2linesTxISR_16BIT:00000000 SPI_2linesTxISR_16BIT
/var/folders/8x/_y6g3dfs0698dfd49y4vcg_w0000gn/T//ccpNuCLH.s:5059   .text.SPI_2linesRxISR_8BIT:00000000 SPI_2linesRxISR_8BIT
/var/folders/8x/_y6g3dfs0698dfd49y4vcg_w0000gn/T//ccpNuCLH.s:4986   .text.SPI_2linesTxISR_8BIT:00000000 SPI_2linesTxISR_8BIT
/var/folders/8x/_y6g3dfs0698dfd49y4vcg_w0000gn/T//ccpNuCLH.s:2571   .text.HAL_SPI_Receive_IT:00000000 $t
/var/folders/8x/_y6g3dfs0698dfd49y4vcg_w0000gn/T//ccpNuCLH.s:2577   .text.HAL_SPI_Receive_IT:00000000 HAL_SPI_Receive_IT
/var/folders/8x/_y6g3dfs0698dfd49y4vcg_w0000gn/T//ccpNuCLH.s:2759   .text.HAL_SPI_Receive_IT:000000d0 $d
/var/folders/8x/_y6g3dfs0698dfd49y4vcg_w0000gn/T//ccpNuCLH.s:4752   .text.SPI_RxISR_16BIT:00000000 SPI_RxISR_16BIT
/var/folders/8x/_y6g3dfs0698dfd49y4vcg_w0000gn/T//ccpNuCLH.s:4690   .text.SPI_RxISR_8BIT:00000000 SPI_RxISR_8BIT
/var/folders/8x/_y6g3dfs0698dfd49y4vcg_w0000gn/T//ccpNuCLH.s:2765   .text.HAL_SPI_Transmit_DMA:00000000 $t
/var/folders/8x/_y6g3dfs0698dfd49y4vcg_w0000gn/T//ccpNuCLH.s:2771   .text.HAL_SPI_Transmit_DMA:00000000 HAL_SPI_Transmit_DMA
/var/folders/8x/_y6g3dfs0698dfd49y4vcg_w0000gn/T//ccpNuCLH.s:2974   .text.HAL_SPI_Transmit_DMA:000000d4 $d
/var/folders/8x/_y6g3dfs0698dfd49y4vcg_w0000gn/T//ccpNuCLH.s:4155   .text.SPI_DMAHalfTransmitCplt:00000000 SPI_DMAHalfTransmitCplt
/var/folders/8x/_y6g3dfs0698dfd49y4vcg_w0000gn/T//ccpNuCLH.s:5322   .text.SPI_DMATransmitCplt:00000000 SPI_DMATransmitCplt
/var/folders/8x/_y6g3dfs0698dfd49y4vcg_w0000gn/T//ccpNuCLH.s:5278   .text.SPI_DMAError:00000000 SPI_DMAError
/var/folders/8x/_y6g3dfs0698dfd49y4vcg_w0000gn/T//ccpNuCLH.s:2981   .text.HAL_SPI_TransmitReceive_DMA:00000000 $t
/var/folders/8x/_y6g3dfs0698dfd49y4vcg_w0000gn/T//ccpNuCLH.s:2987   .text.HAL_SPI_TransmitReceive_DMA:00000000 HAL_SPI_TransmitReceive_DMA
/var/folders/8x/_y6g3dfs0698dfd49y4vcg_w0000gn/T//ccpNuCLH.s:3317   .text.HAL_SPI_TransmitReceive_DMA:0000014c $d
/var/folders/8x/_y6g3dfs0698dfd49y4vcg_w0000gn/T//ccpNuCLH.s:4261   .text.SPI_DMAHalfTransmitReceiveCplt:00000000 SPI_DMAHalfTransmitReceiveCplt
/var/folders/8x/_y6g3dfs0698dfd49y4vcg_w0000gn/T//ccpNuCLH.s:5566   .text.SPI_DMATransmitReceiveCplt:00000000 SPI_DMATransmitReceiveCplt
/var/folders/8x/_y6g3dfs0698dfd49y4vcg_w0000gn/T//ccpNuCLH.s:4208   .text.SPI_DMAHalfReceiveCplt:00000000 SPI_DMAHalfReceiveCplt
ARM GAS  /var/folders/8x/_y6g3dfs0698dfd49y4vcg_w0000gn/T//ccpNuCLH.s 			page 225


/var/folders/8x/_y6g3dfs0698dfd49y4vcg_w0000gn/T//ccpNuCLH.s:5449   .text.SPI_DMAReceiveCplt:00000000 SPI_DMAReceiveCplt
/var/folders/8x/_y6g3dfs0698dfd49y4vcg_w0000gn/T//ccpNuCLH.s:3326   .text.HAL_SPI_Receive_DMA:00000000 $t
/var/folders/8x/_y6g3dfs0698dfd49y4vcg_w0000gn/T//ccpNuCLH.s:3332   .text.HAL_SPI_Receive_DMA:00000000 HAL_SPI_Receive_DMA
/var/folders/8x/_y6g3dfs0698dfd49y4vcg_w0000gn/T//ccpNuCLH.s:3557   .text.HAL_SPI_Receive_DMA:000000f0 $d
/var/folders/8x/_y6g3dfs0698dfd49y4vcg_w0000gn/T//ccpNuCLH.s:3564   .text.HAL_SPI_Abort:00000000 $t
/var/folders/8x/_y6g3dfs0698dfd49y4vcg_w0000gn/T//ccpNuCLH.s:3570   .text.HAL_SPI_Abort:00000000 HAL_SPI_Abort
/var/folders/8x/_y6g3dfs0698dfd49y4vcg_w0000gn/T//ccpNuCLH.s:3867   .text.HAL_SPI_Abort:00000134 $d
/var/folders/8x/_y6g3dfs0698dfd49y4vcg_w0000gn/T//ccpNuCLH.s:3875   .text.HAL_SPI_DMAPause:00000000 $t
/var/folders/8x/_y6g3dfs0698dfd49y4vcg_w0000gn/T//ccpNuCLH.s:3881   .text.HAL_SPI_DMAPause:00000000 HAL_SPI_DMAPause
/var/folders/8x/_y6g3dfs0698dfd49y4vcg_w0000gn/T//ccpNuCLH.s:3925   .text.HAL_SPI_DMAResume:00000000 $t
/var/folders/8x/_y6g3dfs0698dfd49y4vcg_w0000gn/T//ccpNuCLH.s:3931   .text.HAL_SPI_DMAResume:00000000 HAL_SPI_DMAResume
/var/folders/8x/_y6g3dfs0698dfd49y4vcg_w0000gn/T//ccpNuCLH.s:3975   .text.HAL_SPI_DMAStop:00000000 $t
/var/folders/8x/_y6g3dfs0698dfd49y4vcg_w0000gn/T//ccpNuCLH.s:3981   .text.HAL_SPI_DMAStop:00000000 HAL_SPI_DMAStop
/var/folders/8x/_y6g3dfs0698dfd49y4vcg_w0000gn/T//ccpNuCLH.s:4066   .text.HAL_SPI_TxCpltCallback:00000000 $t
/var/folders/8x/_y6g3dfs0698dfd49y4vcg_w0000gn/T//ccpNuCLH.s:4072   .text.HAL_SPI_TxCpltCallback:00000000 HAL_SPI_TxCpltCallback
/var/folders/8x/_y6g3dfs0698dfd49y4vcg_w0000gn/T//ccpNuCLH.s:4087   .text.HAL_SPI_RxCpltCallback:00000000 $t
/var/folders/8x/_y6g3dfs0698dfd49y4vcg_w0000gn/T//ccpNuCLH.s:4093   .text.HAL_SPI_RxCpltCallback:00000000 HAL_SPI_RxCpltCallback
/var/folders/8x/_y6g3dfs0698dfd49y4vcg_w0000gn/T//ccpNuCLH.s:4108   .text.HAL_SPI_TxRxCpltCallback:00000000 $t
/var/folders/8x/_y6g3dfs0698dfd49y4vcg_w0000gn/T//ccpNuCLH.s:4114   .text.HAL_SPI_TxRxCpltCallback:00000000 HAL_SPI_TxRxCpltCallback
/var/folders/8x/_y6g3dfs0698dfd49y4vcg_w0000gn/T//ccpNuCLH.s:4129   .text.HAL_SPI_TxHalfCpltCallback:00000000 $t
/var/folders/8x/_y6g3dfs0698dfd49y4vcg_w0000gn/T//ccpNuCLH.s:4135   .text.HAL_SPI_TxHalfCpltCallback:00000000 HAL_SPI_TxHalfCpltCallback
/var/folders/8x/_y6g3dfs0698dfd49y4vcg_w0000gn/T//ccpNuCLH.s:4150   .text.SPI_DMAHalfTransmitCplt:00000000 $t
/var/folders/8x/_y6g3dfs0698dfd49y4vcg_w0000gn/T//ccpNuCLH.s:4182   .text.HAL_SPI_RxHalfCpltCallback:00000000 $t
/var/folders/8x/_y6g3dfs0698dfd49y4vcg_w0000gn/T//ccpNuCLH.s:4188   .text.HAL_SPI_RxHalfCpltCallback:00000000 HAL_SPI_RxHalfCpltCallback
/var/folders/8x/_y6g3dfs0698dfd49y4vcg_w0000gn/T//ccpNuCLH.s:4203   .text.SPI_DMAHalfReceiveCplt:00000000 $t
/var/folders/8x/_y6g3dfs0698dfd49y4vcg_w0000gn/T//ccpNuCLH.s:4235   .text.HAL_SPI_TxRxHalfCpltCallback:00000000 $t
/var/folders/8x/_y6g3dfs0698dfd49y4vcg_w0000gn/T//ccpNuCLH.s:4241   .text.HAL_SPI_TxRxHalfCpltCallback:00000000 HAL_SPI_TxRxHalfCpltCallback
/var/folders/8x/_y6g3dfs0698dfd49y4vcg_w0000gn/T//ccpNuCLH.s:4256   .text.SPI_DMAHalfTransmitReceiveCplt:00000000 $t
/var/folders/8x/_y6g3dfs0698dfd49y4vcg_w0000gn/T//ccpNuCLH.s:4288   .text.HAL_SPI_ErrorCallback:00000000 $t
/var/folders/8x/_y6g3dfs0698dfd49y4vcg_w0000gn/T//ccpNuCLH.s:4294   .text.HAL_SPI_ErrorCallback:00000000 HAL_SPI_ErrorCallback
/var/folders/8x/_y6g3dfs0698dfd49y4vcg_w0000gn/T//ccpNuCLH.s:4309   .text.SPI_CloseTx_ISR:00000000 $t
/var/folders/8x/_y6g3dfs0698dfd49y4vcg_w0000gn/T//ccpNuCLH.s:4314   .text.SPI_CloseTx_ISR:00000000 SPI_CloseTx_ISR
/var/folders/8x/_y6g3dfs0698dfd49y4vcg_w0000gn/T//ccpNuCLH.s:4454   .text.SPI_CloseTx_ISR:00000088 $d
/var/folders/8x/_y6g3dfs0698dfd49y4vcg_w0000gn/T//ccpNuCLH.s:4460   .text.SPI_TxISR_8BIT:00000000 $t
/var/folders/8x/_y6g3dfs0698dfd49y4vcg_w0000gn/T//ccpNuCLH.s:4522   .text.SPI_TxISR_16BIT:00000000 $t
/var/folders/8x/_y6g3dfs0698dfd49y4vcg_w0000gn/T//ccpNuCLH.s:4584   .text.SPI_CloseRx_ISR:00000000 $t
/var/folders/8x/_y6g3dfs0698dfd49y4vcg_w0000gn/T//ccpNuCLH.s:4589   .text.SPI_CloseRx_ISR:00000000 SPI_CloseRx_ISR
/var/folders/8x/_y6g3dfs0698dfd49y4vcg_w0000gn/T//ccpNuCLH.s:4685   .text.SPI_RxISR_8BIT:00000000 $t
/var/folders/8x/_y6g3dfs0698dfd49y4vcg_w0000gn/T//ccpNuCLH.s:4747   .text.SPI_RxISR_16BIT:00000000 $t
/var/folders/8x/_y6g3dfs0698dfd49y4vcg_w0000gn/T//ccpNuCLH.s:4809   .text.SPI_CloseRxTx_ISR:00000000 $t
/var/folders/8x/_y6g3dfs0698dfd49y4vcg_w0000gn/T//ccpNuCLH.s:4814   .text.SPI_CloseRxTx_ISR:00000000 SPI_CloseRxTx_ISR
/var/folders/8x/_y6g3dfs0698dfd49y4vcg_w0000gn/T//ccpNuCLH.s:4975   .text.SPI_CloseRxTx_ISR:000000a8 $d
/var/folders/8x/_y6g3dfs0698dfd49y4vcg_w0000gn/T//ccpNuCLH.s:4981   .text.SPI_2linesTxISR_8BIT:00000000 $t
/var/folders/8x/_y6g3dfs0698dfd49y4vcg_w0000gn/T//ccpNuCLH.s:5054   .text.SPI_2linesRxISR_8BIT:00000000 $t
/var/folders/8x/_y6g3dfs0698dfd49y4vcg_w0000gn/T//ccpNuCLH.s:5127   .text.SPI_2linesTxISR_16BIT:00000000 $t
/var/folders/8x/_y6g3dfs0698dfd49y4vcg_w0000gn/T//ccpNuCLH.s:5200   .text.SPI_2linesRxISR_16BIT:00000000 $t
/var/folders/8x/_y6g3dfs0698dfd49y4vcg_w0000gn/T//ccpNuCLH.s:5273   .text.SPI_DMAError:00000000 $t
/var/folders/8x/_y6g3dfs0698dfd49y4vcg_w0000gn/T//ccpNuCLH.s:5317   .text.SPI_DMATransmitCplt:00000000 $t
/var/folders/8x/_y6g3dfs0698dfd49y4vcg_w0000gn/T//ccpNuCLH.s:5444   .text.SPI_DMAReceiveCplt:00000000 $t
/var/folders/8x/_y6g3dfs0698dfd49y4vcg_w0000gn/T//ccpNuCLH.s:5561   .text.SPI_DMATransmitReceiveCplt:00000000 $t
/var/folders/8x/_y6g3dfs0698dfd49y4vcg_w0000gn/T//ccpNuCLH.s:5661   .text.HAL_SPI_IRQHandler:00000000 $t
/var/folders/8x/_y6g3dfs0698dfd49y4vcg_w0000gn/T//ccpNuCLH.s:5667   .text.HAL_SPI_IRQHandler:00000000 HAL_SPI_IRQHandler
/var/folders/8x/_y6g3dfs0698dfd49y4vcg_w0000gn/T//ccpNuCLH.s:5940   .text.HAL_SPI_IRQHandler:00000120 $d
/var/folders/8x/_y6g3dfs0698dfd49y4vcg_w0000gn/T//ccpNuCLH.s:5950   .text.SPI_DMAAbortOnError:00000000 SPI_DMAAbortOnError
/var/folders/8x/_y6g3dfs0698dfd49y4vcg_w0000gn/T//ccpNuCLH.s:5945   .text.SPI_DMAAbortOnError:00000000 $t
/var/folders/8x/_y6g3dfs0698dfd49y4vcg_w0000gn/T//ccpNuCLH.s:5983   .text.HAL_SPI_AbortCpltCallback:00000000 $t
/var/folders/8x/_y6g3dfs0698dfd49y4vcg_w0000gn/T//ccpNuCLH.s:5989   .text.HAL_SPI_AbortCpltCallback:00000000 HAL_SPI_AbortCpltCallback
ARM GAS  /var/folders/8x/_y6g3dfs0698dfd49y4vcg_w0000gn/T//ccpNuCLH.s 			page 226


/var/folders/8x/_y6g3dfs0698dfd49y4vcg_w0000gn/T//ccpNuCLH.s:6004   .text.HAL_SPI_Abort_IT:00000000 $t
/var/folders/8x/_y6g3dfs0698dfd49y4vcg_w0000gn/T//ccpNuCLH.s:6010   .text.HAL_SPI_Abort_IT:00000000 HAL_SPI_Abort_IT
/var/folders/8x/_y6g3dfs0698dfd49y4vcg_w0000gn/T//ccpNuCLH.s:6347   .text.HAL_SPI_Abort_IT:00000144 $d
/var/folders/8x/_y6g3dfs0698dfd49y4vcg_w0000gn/T//ccpNuCLH.s:6497   .text.SPI_DMATxAbortCallback:00000000 SPI_DMATxAbortCallback
/var/folders/8x/_y6g3dfs0698dfd49y4vcg_w0000gn/T//ccpNuCLH.s:6362   .text.SPI_DMARxAbortCallback:00000000 SPI_DMARxAbortCallback
/var/folders/8x/_y6g3dfs0698dfd49y4vcg_w0000gn/T//ccpNuCLH.s:6357   .text.SPI_DMARxAbortCallback:00000000 $t
/var/folders/8x/_y6g3dfs0698dfd49y4vcg_w0000gn/T//ccpNuCLH.s:6492   .text.SPI_DMATxAbortCallback:00000000 $t
/var/folders/8x/_y6g3dfs0698dfd49y4vcg_w0000gn/T//ccpNuCLH.s:6641   .text.SPI_DMATxAbortCallback:00000088 $d
/var/folders/8x/_y6g3dfs0698dfd49y4vcg_w0000gn/T//ccpNuCLH.s:6647   .text.HAL_SPI_GetState:00000000 $t
/var/folders/8x/_y6g3dfs0698dfd49y4vcg_w0000gn/T//ccpNuCLH.s:6653   .text.HAL_SPI_GetState:00000000 HAL_SPI_GetState
/var/folders/8x/_y6g3dfs0698dfd49y4vcg_w0000gn/T//ccpNuCLH.s:6671   .text.HAL_SPI_GetError:00000000 $t
/var/folders/8x/_y6g3dfs0698dfd49y4vcg_w0000gn/T//ccpNuCLH.s:6677   .text.HAL_SPI_GetError:00000000 HAL_SPI_GetError

UNDEFINED SYMBOLS
SystemCoreClock
HAL_GetTick
HAL_DMA_Start_IT
HAL_DMA_Abort
HAL_DMA_Abort_IT
