ARM GAS  /var/folders/8x/_y6g3dfs0698dfd49y4vcg_w0000gn/T//ccYyxujy.s 			page 1


   1              		.cpu cortex-m3
   2              		.arch armv7-m
   3              		.fpu softvfp
   4              		.eabi_attribute 20, 1
   5              		.eabi_attribute 21, 1
   6              		.eabi_attribute 23, 3
   7              		.eabi_attribute 24, 1
   8              		.eabi_attribute 25, 1
   9              		.eabi_attribute 26, 1
  10              		.eabi_attribute 30, 1
  11              		.eabi_attribute 34, 1
  12              		.eabi_attribute 18, 4
  13              		.file	"stm32f2xx_hal_can.c"
  14              		.text
  15              	.Ltext0:
  16              		.cfi_sections	.debug_frame
  17              		.file 1 "Drivers/STM32F2xx_HAL_Driver/Src/stm32f2xx_hal_can.c"
  18              		.section	.text.HAL_CAN_MspInit,"ax",%progbits
  19              		.align	1
  20              		.weak	HAL_CAN_MspInit
  21              		.syntax unified
  22              		.thumb
  23              		.thumb_func
  25              	HAL_CAN_MspInit:
  26              	.LVL0:
  27              	.LFB74:
   1:Drivers/STM32F2xx_HAL_Driver/Src/stm32f2xx_hal_can.c **** /**
   2:Drivers/STM32F2xx_HAL_Driver/Src/stm32f2xx_hal_can.c ****   ******************************************************************************
   3:Drivers/STM32F2xx_HAL_Driver/Src/stm32f2xx_hal_can.c ****   * @file    stm32f2xx_hal_can.c
   4:Drivers/STM32F2xx_HAL_Driver/Src/stm32f2xx_hal_can.c ****   * @author  MCD Application Team
   5:Drivers/STM32F2xx_HAL_Driver/Src/stm32f2xx_hal_can.c ****   * @brief   CAN HAL module driver.
   6:Drivers/STM32F2xx_HAL_Driver/Src/stm32f2xx_hal_can.c ****   *          This file provides firmware functions to manage the following
   7:Drivers/STM32F2xx_HAL_Driver/Src/stm32f2xx_hal_can.c ****   *          functionalities of the Controller Area Network (CAN) peripheral:
   8:Drivers/STM32F2xx_HAL_Driver/Src/stm32f2xx_hal_can.c ****   *           + Initialization and de-initialization functions
   9:Drivers/STM32F2xx_HAL_Driver/Src/stm32f2xx_hal_can.c ****   *           + Configuration functions
  10:Drivers/STM32F2xx_HAL_Driver/Src/stm32f2xx_hal_can.c ****   *           + Control functions
  11:Drivers/STM32F2xx_HAL_Driver/Src/stm32f2xx_hal_can.c ****   *           + Interrupts management
  12:Drivers/STM32F2xx_HAL_Driver/Src/stm32f2xx_hal_can.c ****   *           + Callbacks functions
  13:Drivers/STM32F2xx_HAL_Driver/Src/stm32f2xx_hal_can.c ****   *           + Peripheral State and Error functions
  14:Drivers/STM32F2xx_HAL_Driver/Src/stm32f2xx_hal_can.c ****   *
  15:Drivers/STM32F2xx_HAL_Driver/Src/stm32f2xx_hal_can.c ****   ******************************************************************************
  16:Drivers/STM32F2xx_HAL_Driver/Src/stm32f2xx_hal_can.c ****   * @attention
  17:Drivers/STM32F2xx_HAL_Driver/Src/stm32f2xx_hal_can.c ****   *
  18:Drivers/STM32F2xx_HAL_Driver/Src/stm32f2xx_hal_can.c ****   * Copyright (c) 2016 STMicroelectronics.
  19:Drivers/STM32F2xx_HAL_Driver/Src/stm32f2xx_hal_can.c ****   * All rights reserved.
  20:Drivers/STM32F2xx_HAL_Driver/Src/stm32f2xx_hal_can.c ****   *
  21:Drivers/STM32F2xx_HAL_Driver/Src/stm32f2xx_hal_can.c ****   * This software is licensed under terms that can be found in the LICENSE file
  22:Drivers/STM32F2xx_HAL_Driver/Src/stm32f2xx_hal_can.c ****   * in the root directory of this software component.
  23:Drivers/STM32F2xx_HAL_Driver/Src/stm32f2xx_hal_can.c ****   * If no LICENSE file comes with this software, it is provided AS-IS.
  24:Drivers/STM32F2xx_HAL_Driver/Src/stm32f2xx_hal_can.c ****   *
  25:Drivers/STM32F2xx_HAL_Driver/Src/stm32f2xx_hal_can.c ****   ******************************************************************************
  26:Drivers/STM32F2xx_HAL_Driver/Src/stm32f2xx_hal_can.c ****   @verbatim
  27:Drivers/STM32F2xx_HAL_Driver/Src/stm32f2xx_hal_can.c ****   ==============================================================================
  28:Drivers/STM32F2xx_HAL_Driver/Src/stm32f2xx_hal_can.c ****                         ##### How to use this driver #####
  29:Drivers/STM32F2xx_HAL_Driver/Src/stm32f2xx_hal_can.c ****   ==============================================================================
  30:Drivers/STM32F2xx_HAL_Driver/Src/stm32f2xx_hal_can.c ****     [..]
  31:Drivers/STM32F2xx_HAL_Driver/Src/stm32f2xx_hal_can.c ****       (#) Initialize the CAN low level resources by implementing the
ARM GAS  /var/folders/8x/_y6g3dfs0698dfd49y4vcg_w0000gn/T//ccYyxujy.s 			page 2


  32:Drivers/STM32F2xx_HAL_Driver/Src/stm32f2xx_hal_can.c ****           HAL_CAN_MspInit():
  33:Drivers/STM32F2xx_HAL_Driver/Src/stm32f2xx_hal_can.c ****          (++) Enable the CAN interface clock using __HAL_RCC_CANx_CLK_ENABLE()
  34:Drivers/STM32F2xx_HAL_Driver/Src/stm32f2xx_hal_can.c ****          (++) Configure CAN pins
  35:Drivers/STM32F2xx_HAL_Driver/Src/stm32f2xx_hal_can.c ****              (+++) Enable the clock for the CAN GPIOs
  36:Drivers/STM32F2xx_HAL_Driver/Src/stm32f2xx_hal_can.c ****              (+++) Configure CAN pins as alternate function
  37:Drivers/STM32F2xx_HAL_Driver/Src/stm32f2xx_hal_can.c ****          (++) In case of using interrupts (e.g. HAL_CAN_ActivateNotification())
  38:Drivers/STM32F2xx_HAL_Driver/Src/stm32f2xx_hal_can.c ****              (+++) Configure the CAN interrupt priority using
  39:Drivers/STM32F2xx_HAL_Driver/Src/stm32f2xx_hal_can.c ****                    HAL_NVIC_SetPriority()
  40:Drivers/STM32F2xx_HAL_Driver/Src/stm32f2xx_hal_can.c ****              (+++) Enable the CAN IRQ handler using HAL_NVIC_EnableIRQ()
  41:Drivers/STM32F2xx_HAL_Driver/Src/stm32f2xx_hal_can.c ****              (+++) In CAN IRQ handler, call HAL_CAN_IRQHandler()
  42:Drivers/STM32F2xx_HAL_Driver/Src/stm32f2xx_hal_can.c **** 
  43:Drivers/STM32F2xx_HAL_Driver/Src/stm32f2xx_hal_can.c ****       (#) Initialize the CAN peripheral using HAL_CAN_Init() function. This
  44:Drivers/STM32F2xx_HAL_Driver/Src/stm32f2xx_hal_can.c ****           function resorts to HAL_CAN_MspInit() for low-level initialization.
  45:Drivers/STM32F2xx_HAL_Driver/Src/stm32f2xx_hal_can.c **** 
  46:Drivers/STM32F2xx_HAL_Driver/Src/stm32f2xx_hal_can.c ****       (#) Configure the reception filters using the following configuration
  47:Drivers/STM32F2xx_HAL_Driver/Src/stm32f2xx_hal_can.c ****           functions:
  48:Drivers/STM32F2xx_HAL_Driver/Src/stm32f2xx_hal_can.c ****             (++) HAL_CAN_ConfigFilter()
  49:Drivers/STM32F2xx_HAL_Driver/Src/stm32f2xx_hal_can.c **** 
  50:Drivers/STM32F2xx_HAL_Driver/Src/stm32f2xx_hal_can.c ****       (#) Start the CAN module using HAL_CAN_Start() function. At this level
  51:Drivers/STM32F2xx_HAL_Driver/Src/stm32f2xx_hal_can.c ****           the node is active on the bus: it receive messages, and can send
  52:Drivers/STM32F2xx_HAL_Driver/Src/stm32f2xx_hal_can.c ****           messages.
  53:Drivers/STM32F2xx_HAL_Driver/Src/stm32f2xx_hal_can.c **** 
  54:Drivers/STM32F2xx_HAL_Driver/Src/stm32f2xx_hal_can.c ****       (#) To manage messages transmission, the following Tx control functions
  55:Drivers/STM32F2xx_HAL_Driver/Src/stm32f2xx_hal_can.c ****           can be used:
  56:Drivers/STM32F2xx_HAL_Driver/Src/stm32f2xx_hal_can.c ****             (++) HAL_CAN_AddTxMessage() to request transmission of a new
  57:Drivers/STM32F2xx_HAL_Driver/Src/stm32f2xx_hal_can.c ****                  message.
  58:Drivers/STM32F2xx_HAL_Driver/Src/stm32f2xx_hal_can.c ****             (++) HAL_CAN_AbortTxRequest() to abort transmission of a pending
  59:Drivers/STM32F2xx_HAL_Driver/Src/stm32f2xx_hal_can.c ****                  message.
  60:Drivers/STM32F2xx_HAL_Driver/Src/stm32f2xx_hal_can.c ****             (++) HAL_CAN_GetTxMailboxesFreeLevel() to get the number of free Tx
  61:Drivers/STM32F2xx_HAL_Driver/Src/stm32f2xx_hal_can.c ****                  mailboxes.
  62:Drivers/STM32F2xx_HAL_Driver/Src/stm32f2xx_hal_can.c ****             (++) HAL_CAN_IsTxMessagePending() to check if a message is pending
  63:Drivers/STM32F2xx_HAL_Driver/Src/stm32f2xx_hal_can.c ****                  in a Tx mailbox.
  64:Drivers/STM32F2xx_HAL_Driver/Src/stm32f2xx_hal_can.c ****             (++) HAL_CAN_GetTxTimestamp() to get the timestamp of Tx message
  65:Drivers/STM32F2xx_HAL_Driver/Src/stm32f2xx_hal_can.c ****                  sent, if time triggered communication mode is enabled.
  66:Drivers/STM32F2xx_HAL_Driver/Src/stm32f2xx_hal_can.c **** 
  67:Drivers/STM32F2xx_HAL_Driver/Src/stm32f2xx_hal_can.c ****       (#) When a message is received into the CAN Rx FIFOs, it can be retrieved
  68:Drivers/STM32F2xx_HAL_Driver/Src/stm32f2xx_hal_can.c ****           using the HAL_CAN_GetRxMessage() function. The function
  69:Drivers/STM32F2xx_HAL_Driver/Src/stm32f2xx_hal_can.c ****           HAL_CAN_GetRxFifoFillLevel() allows to know how many Rx message are
  70:Drivers/STM32F2xx_HAL_Driver/Src/stm32f2xx_hal_can.c ****           stored in the Rx Fifo.
  71:Drivers/STM32F2xx_HAL_Driver/Src/stm32f2xx_hal_can.c **** 
  72:Drivers/STM32F2xx_HAL_Driver/Src/stm32f2xx_hal_can.c ****       (#) Calling the HAL_CAN_Stop() function stops the CAN module.
  73:Drivers/STM32F2xx_HAL_Driver/Src/stm32f2xx_hal_can.c **** 
  74:Drivers/STM32F2xx_HAL_Driver/Src/stm32f2xx_hal_can.c ****       (#) The deinitialization is achieved with HAL_CAN_DeInit() function.
  75:Drivers/STM32F2xx_HAL_Driver/Src/stm32f2xx_hal_can.c **** 
  76:Drivers/STM32F2xx_HAL_Driver/Src/stm32f2xx_hal_can.c **** 
  77:Drivers/STM32F2xx_HAL_Driver/Src/stm32f2xx_hal_can.c ****       *** Polling mode operation ***
  78:Drivers/STM32F2xx_HAL_Driver/Src/stm32f2xx_hal_can.c ****       ==============================
  79:Drivers/STM32F2xx_HAL_Driver/Src/stm32f2xx_hal_can.c ****     [..]
  80:Drivers/STM32F2xx_HAL_Driver/Src/stm32f2xx_hal_can.c ****       (#) Reception:
  81:Drivers/STM32F2xx_HAL_Driver/Src/stm32f2xx_hal_can.c ****             (++) Monitor reception of message using HAL_CAN_GetRxFifoFillLevel()
  82:Drivers/STM32F2xx_HAL_Driver/Src/stm32f2xx_hal_can.c ****                  until at least one message is received.
  83:Drivers/STM32F2xx_HAL_Driver/Src/stm32f2xx_hal_can.c ****             (++) Then get the message using HAL_CAN_GetRxMessage().
  84:Drivers/STM32F2xx_HAL_Driver/Src/stm32f2xx_hal_can.c **** 
  85:Drivers/STM32F2xx_HAL_Driver/Src/stm32f2xx_hal_can.c ****       (#) Transmission:
  86:Drivers/STM32F2xx_HAL_Driver/Src/stm32f2xx_hal_can.c ****             (++) Monitor the Tx mailboxes availability until at least one Tx
  87:Drivers/STM32F2xx_HAL_Driver/Src/stm32f2xx_hal_can.c ****                  mailbox is free, using HAL_CAN_GetTxMailboxesFreeLevel().
  88:Drivers/STM32F2xx_HAL_Driver/Src/stm32f2xx_hal_can.c ****             (++) Then request transmission of a message using
ARM GAS  /var/folders/8x/_y6g3dfs0698dfd49y4vcg_w0000gn/T//ccYyxujy.s 			page 3


  89:Drivers/STM32F2xx_HAL_Driver/Src/stm32f2xx_hal_can.c ****                  HAL_CAN_AddTxMessage().
  90:Drivers/STM32F2xx_HAL_Driver/Src/stm32f2xx_hal_can.c **** 
  91:Drivers/STM32F2xx_HAL_Driver/Src/stm32f2xx_hal_can.c **** 
  92:Drivers/STM32F2xx_HAL_Driver/Src/stm32f2xx_hal_can.c ****       *** Interrupt mode operation ***
  93:Drivers/STM32F2xx_HAL_Driver/Src/stm32f2xx_hal_can.c ****       ================================
  94:Drivers/STM32F2xx_HAL_Driver/Src/stm32f2xx_hal_can.c ****     [..]
  95:Drivers/STM32F2xx_HAL_Driver/Src/stm32f2xx_hal_can.c ****       (#) Notifications are activated using HAL_CAN_ActivateNotification()
  96:Drivers/STM32F2xx_HAL_Driver/Src/stm32f2xx_hal_can.c ****           function. Then, the process can be controlled through the
  97:Drivers/STM32F2xx_HAL_Driver/Src/stm32f2xx_hal_can.c ****           available user callbacks: HAL_CAN_xxxCallback(), using same APIs
  98:Drivers/STM32F2xx_HAL_Driver/Src/stm32f2xx_hal_can.c ****           HAL_CAN_GetRxMessage() and HAL_CAN_AddTxMessage().
  99:Drivers/STM32F2xx_HAL_Driver/Src/stm32f2xx_hal_can.c **** 
 100:Drivers/STM32F2xx_HAL_Driver/Src/stm32f2xx_hal_can.c ****       (#) Notifications can be deactivated using
 101:Drivers/STM32F2xx_HAL_Driver/Src/stm32f2xx_hal_can.c ****           HAL_CAN_DeactivateNotification() function.
 102:Drivers/STM32F2xx_HAL_Driver/Src/stm32f2xx_hal_can.c **** 
 103:Drivers/STM32F2xx_HAL_Driver/Src/stm32f2xx_hal_can.c ****       (#) Special care should be taken for CAN_IT_RX_FIFO0_MSG_PENDING and
 104:Drivers/STM32F2xx_HAL_Driver/Src/stm32f2xx_hal_can.c ****           CAN_IT_RX_FIFO1_MSG_PENDING notifications. These notifications trig
 105:Drivers/STM32F2xx_HAL_Driver/Src/stm32f2xx_hal_can.c ****           the callbacks HAL_CAN_RxFIFO0MsgPendingCallback() and
 106:Drivers/STM32F2xx_HAL_Driver/Src/stm32f2xx_hal_can.c ****           HAL_CAN_RxFIFO1MsgPendingCallback(). User has two possible options
 107:Drivers/STM32F2xx_HAL_Driver/Src/stm32f2xx_hal_can.c ****           here.
 108:Drivers/STM32F2xx_HAL_Driver/Src/stm32f2xx_hal_can.c ****             (++) Directly get the Rx message in the callback, using
 109:Drivers/STM32F2xx_HAL_Driver/Src/stm32f2xx_hal_can.c ****                  HAL_CAN_GetRxMessage().
 110:Drivers/STM32F2xx_HAL_Driver/Src/stm32f2xx_hal_can.c ****             (++) Or deactivate the notification in the callback without
 111:Drivers/STM32F2xx_HAL_Driver/Src/stm32f2xx_hal_can.c ****                  getting the Rx message. The Rx message can then be got later
 112:Drivers/STM32F2xx_HAL_Driver/Src/stm32f2xx_hal_can.c ****                  using HAL_CAN_GetRxMessage(). Once the Rx message have been
 113:Drivers/STM32F2xx_HAL_Driver/Src/stm32f2xx_hal_can.c ****                  read, the notification can be activated again.
 114:Drivers/STM32F2xx_HAL_Driver/Src/stm32f2xx_hal_can.c **** 
 115:Drivers/STM32F2xx_HAL_Driver/Src/stm32f2xx_hal_can.c **** 
 116:Drivers/STM32F2xx_HAL_Driver/Src/stm32f2xx_hal_can.c ****       *** Sleep mode ***
 117:Drivers/STM32F2xx_HAL_Driver/Src/stm32f2xx_hal_can.c ****       ==================
 118:Drivers/STM32F2xx_HAL_Driver/Src/stm32f2xx_hal_can.c ****     [..]
 119:Drivers/STM32F2xx_HAL_Driver/Src/stm32f2xx_hal_can.c ****       (#) The CAN peripheral can be put in sleep mode (low power), using
 120:Drivers/STM32F2xx_HAL_Driver/Src/stm32f2xx_hal_can.c ****           HAL_CAN_RequestSleep(). The sleep mode will be entered as soon as the
 121:Drivers/STM32F2xx_HAL_Driver/Src/stm32f2xx_hal_can.c ****           current CAN activity (transmission or reception of a CAN frame) will
 122:Drivers/STM32F2xx_HAL_Driver/Src/stm32f2xx_hal_can.c ****           be completed.
 123:Drivers/STM32F2xx_HAL_Driver/Src/stm32f2xx_hal_can.c **** 
 124:Drivers/STM32F2xx_HAL_Driver/Src/stm32f2xx_hal_can.c ****       (#) A notification can be activated to be informed when the sleep mode
 125:Drivers/STM32F2xx_HAL_Driver/Src/stm32f2xx_hal_can.c ****           will be entered.
 126:Drivers/STM32F2xx_HAL_Driver/Src/stm32f2xx_hal_can.c **** 
 127:Drivers/STM32F2xx_HAL_Driver/Src/stm32f2xx_hal_can.c ****       (#) It can be checked if the sleep mode is entered using
 128:Drivers/STM32F2xx_HAL_Driver/Src/stm32f2xx_hal_can.c ****           HAL_CAN_IsSleepActive().
 129:Drivers/STM32F2xx_HAL_Driver/Src/stm32f2xx_hal_can.c ****           Note that the CAN state (accessible from the API HAL_CAN_GetState())
 130:Drivers/STM32F2xx_HAL_Driver/Src/stm32f2xx_hal_can.c ****           is HAL_CAN_STATE_SLEEP_PENDING as soon as the sleep mode request is
 131:Drivers/STM32F2xx_HAL_Driver/Src/stm32f2xx_hal_can.c ****           submitted (the sleep mode is not yet entered), and become
 132:Drivers/STM32F2xx_HAL_Driver/Src/stm32f2xx_hal_can.c ****           HAL_CAN_STATE_SLEEP_ACTIVE when the sleep mode is effective.
 133:Drivers/STM32F2xx_HAL_Driver/Src/stm32f2xx_hal_can.c **** 
 134:Drivers/STM32F2xx_HAL_Driver/Src/stm32f2xx_hal_can.c ****       (#) The wake-up from sleep mode can be triggered by two ways:
 135:Drivers/STM32F2xx_HAL_Driver/Src/stm32f2xx_hal_can.c ****             (++) Using HAL_CAN_WakeUp(). When returning from this function,
 136:Drivers/STM32F2xx_HAL_Driver/Src/stm32f2xx_hal_can.c ****                  the sleep mode is exited (if return status is HAL_OK).
 137:Drivers/STM32F2xx_HAL_Driver/Src/stm32f2xx_hal_can.c ****             (++) When a start of Rx CAN frame is detected by the CAN peripheral,
 138:Drivers/STM32F2xx_HAL_Driver/Src/stm32f2xx_hal_can.c ****                  if automatic wake up mode is enabled.
 139:Drivers/STM32F2xx_HAL_Driver/Src/stm32f2xx_hal_can.c **** 
 140:Drivers/STM32F2xx_HAL_Driver/Src/stm32f2xx_hal_can.c ****   *** Callback registration ***
 141:Drivers/STM32F2xx_HAL_Driver/Src/stm32f2xx_hal_can.c ****   =============================================
 142:Drivers/STM32F2xx_HAL_Driver/Src/stm32f2xx_hal_can.c **** 
 143:Drivers/STM32F2xx_HAL_Driver/Src/stm32f2xx_hal_can.c ****   The compilation define  USE_HAL_CAN_REGISTER_CALLBACKS when set to 1
 144:Drivers/STM32F2xx_HAL_Driver/Src/stm32f2xx_hal_can.c ****   allows the user to configure dynamically the driver callbacks.
 145:Drivers/STM32F2xx_HAL_Driver/Src/stm32f2xx_hal_can.c ****   Use Function HAL_CAN_RegisterCallback() to register an interrupt callback.
ARM GAS  /var/folders/8x/_y6g3dfs0698dfd49y4vcg_w0000gn/T//ccYyxujy.s 			page 4


 146:Drivers/STM32F2xx_HAL_Driver/Src/stm32f2xx_hal_can.c **** 
 147:Drivers/STM32F2xx_HAL_Driver/Src/stm32f2xx_hal_can.c ****   Function HAL_CAN_RegisterCallback() allows to register following callbacks:
 148:Drivers/STM32F2xx_HAL_Driver/Src/stm32f2xx_hal_can.c ****     (+) TxMailbox0CompleteCallback   : Tx Mailbox 0 Complete Callback.
 149:Drivers/STM32F2xx_HAL_Driver/Src/stm32f2xx_hal_can.c ****     (+) TxMailbox1CompleteCallback   : Tx Mailbox 1 Complete Callback.
 150:Drivers/STM32F2xx_HAL_Driver/Src/stm32f2xx_hal_can.c ****     (+) TxMailbox2CompleteCallback   : Tx Mailbox 2 Complete Callback.
 151:Drivers/STM32F2xx_HAL_Driver/Src/stm32f2xx_hal_can.c ****     (+) TxMailbox0AbortCallback      : Tx Mailbox 0 Abort Callback.
 152:Drivers/STM32F2xx_HAL_Driver/Src/stm32f2xx_hal_can.c ****     (+) TxMailbox1AbortCallback      : Tx Mailbox 1 Abort Callback.
 153:Drivers/STM32F2xx_HAL_Driver/Src/stm32f2xx_hal_can.c ****     (+) TxMailbox2AbortCallback      : Tx Mailbox 2 Abort Callback.
 154:Drivers/STM32F2xx_HAL_Driver/Src/stm32f2xx_hal_can.c ****     (+) RxFifo0MsgPendingCallback    : Rx Fifo 0 Message Pending Callback.
 155:Drivers/STM32F2xx_HAL_Driver/Src/stm32f2xx_hal_can.c ****     (+) RxFifo0FullCallback          : Rx Fifo 0 Full Callback.
 156:Drivers/STM32F2xx_HAL_Driver/Src/stm32f2xx_hal_can.c ****     (+) RxFifo1MsgPendingCallback    : Rx Fifo 1 Message Pending Callback.
 157:Drivers/STM32F2xx_HAL_Driver/Src/stm32f2xx_hal_can.c ****     (+) RxFifo1FullCallback          : Rx Fifo 1 Full Callback.
 158:Drivers/STM32F2xx_HAL_Driver/Src/stm32f2xx_hal_can.c ****     (+) SleepCallback                : Sleep Callback.
 159:Drivers/STM32F2xx_HAL_Driver/Src/stm32f2xx_hal_can.c ****     (+) WakeUpFromRxMsgCallback      : Wake Up From Rx Message Callback.
 160:Drivers/STM32F2xx_HAL_Driver/Src/stm32f2xx_hal_can.c ****     (+) ErrorCallback                : Error Callback.
 161:Drivers/STM32F2xx_HAL_Driver/Src/stm32f2xx_hal_can.c ****     (+) MspInitCallback              : CAN MspInit.
 162:Drivers/STM32F2xx_HAL_Driver/Src/stm32f2xx_hal_can.c ****     (+) MspDeInitCallback            : CAN MspDeInit.
 163:Drivers/STM32F2xx_HAL_Driver/Src/stm32f2xx_hal_can.c ****   This function takes as parameters the HAL peripheral handle, the Callback ID
 164:Drivers/STM32F2xx_HAL_Driver/Src/stm32f2xx_hal_can.c ****   and a pointer to the user callback function.
 165:Drivers/STM32F2xx_HAL_Driver/Src/stm32f2xx_hal_can.c **** 
 166:Drivers/STM32F2xx_HAL_Driver/Src/stm32f2xx_hal_can.c ****   Use function HAL_CAN_UnRegisterCallback() to reset a callback to the default
 167:Drivers/STM32F2xx_HAL_Driver/Src/stm32f2xx_hal_can.c ****   weak function.
 168:Drivers/STM32F2xx_HAL_Driver/Src/stm32f2xx_hal_can.c ****   HAL_CAN_UnRegisterCallback takes as parameters the HAL peripheral handle,
 169:Drivers/STM32F2xx_HAL_Driver/Src/stm32f2xx_hal_can.c ****   and the Callback ID.
 170:Drivers/STM32F2xx_HAL_Driver/Src/stm32f2xx_hal_can.c ****   This function allows to reset following callbacks:
 171:Drivers/STM32F2xx_HAL_Driver/Src/stm32f2xx_hal_can.c ****     (+) TxMailbox0CompleteCallback   : Tx Mailbox 0 Complete Callback.
 172:Drivers/STM32F2xx_HAL_Driver/Src/stm32f2xx_hal_can.c ****     (+) TxMailbox1CompleteCallback   : Tx Mailbox 1 Complete Callback.
 173:Drivers/STM32F2xx_HAL_Driver/Src/stm32f2xx_hal_can.c ****     (+) TxMailbox2CompleteCallback   : Tx Mailbox 2 Complete Callback.
 174:Drivers/STM32F2xx_HAL_Driver/Src/stm32f2xx_hal_can.c ****     (+) TxMailbox0AbortCallback      : Tx Mailbox 0 Abort Callback.
 175:Drivers/STM32F2xx_HAL_Driver/Src/stm32f2xx_hal_can.c ****     (+) TxMailbox1AbortCallback      : Tx Mailbox 1 Abort Callback.
 176:Drivers/STM32F2xx_HAL_Driver/Src/stm32f2xx_hal_can.c ****     (+) TxMailbox2AbortCallback      : Tx Mailbox 2 Abort Callback.
 177:Drivers/STM32F2xx_HAL_Driver/Src/stm32f2xx_hal_can.c ****     (+) RxFifo0MsgPendingCallback    : Rx Fifo 0 Message Pending Callback.
 178:Drivers/STM32F2xx_HAL_Driver/Src/stm32f2xx_hal_can.c ****     (+) RxFifo0FullCallback          : Rx Fifo 0 Full Callback.
 179:Drivers/STM32F2xx_HAL_Driver/Src/stm32f2xx_hal_can.c ****     (+) RxFifo1MsgPendingCallback    : Rx Fifo 1 Message Pending Callback.
 180:Drivers/STM32F2xx_HAL_Driver/Src/stm32f2xx_hal_can.c ****     (+) RxFifo1FullCallback          : Rx Fifo 1 Full Callback.
 181:Drivers/STM32F2xx_HAL_Driver/Src/stm32f2xx_hal_can.c ****     (+) SleepCallback                : Sleep Callback.
 182:Drivers/STM32F2xx_HAL_Driver/Src/stm32f2xx_hal_can.c ****     (+) WakeUpFromRxMsgCallback      : Wake Up From Rx Message Callback.
 183:Drivers/STM32F2xx_HAL_Driver/Src/stm32f2xx_hal_can.c ****     (+) ErrorCallback                : Error Callback.
 184:Drivers/STM32F2xx_HAL_Driver/Src/stm32f2xx_hal_can.c ****     (+) MspInitCallback              : CAN MspInit.
 185:Drivers/STM32F2xx_HAL_Driver/Src/stm32f2xx_hal_can.c ****     (+) MspDeInitCallback            : CAN MspDeInit.
 186:Drivers/STM32F2xx_HAL_Driver/Src/stm32f2xx_hal_can.c **** 
 187:Drivers/STM32F2xx_HAL_Driver/Src/stm32f2xx_hal_can.c ****   By default, after the HAL_CAN_Init() and when the state is HAL_CAN_STATE_RESET,
 188:Drivers/STM32F2xx_HAL_Driver/Src/stm32f2xx_hal_can.c ****   all callbacks are set to the corresponding weak functions:
 189:Drivers/STM32F2xx_HAL_Driver/Src/stm32f2xx_hal_can.c ****   example HAL_CAN_ErrorCallback().
 190:Drivers/STM32F2xx_HAL_Driver/Src/stm32f2xx_hal_can.c ****   Exception done for MspInit and MspDeInit functions that are
 191:Drivers/STM32F2xx_HAL_Driver/Src/stm32f2xx_hal_can.c ****   reset to the legacy weak function in the HAL_CAN_Init()/ HAL_CAN_DeInit() only when
 192:Drivers/STM32F2xx_HAL_Driver/Src/stm32f2xx_hal_can.c ****   these callbacks are null (not registered beforehand).
 193:Drivers/STM32F2xx_HAL_Driver/Src/stm32f2xx_hal_can.c ****   if not, MspInit or MspDeInit are not null, the HAL_CAN_Init()/ HAL_CAN_DeInit()
 194:Drivers/STM32F2xx_HAL_Driver/Src/stm32f2xx_hal_can.c ****   keep and use the user MspInit/MspDeInit callbacks (registered beforehand)
 195:Drivers/STM32F2xx_HAL_Driver/Src/stm32f2xx_hal_can.c **** 
 196:Drivers/STM32F2xx_HAL_Driver/Src/stm32f2xx_hal_can.c ****   Callbacks can be registered/unregistered in HAL_CAN_STATE_READY state only.
 197:Drivers/STM32F2xx_HAL_Driver/Src/stm32f2xx_hal_can.c ****   Exception done MspInit/MspDeInit that can be registered/unregistered
 198:Drivers/STM32F2xx_HAL_Driver/Src/stm32f2xx_hal_can.c ****   in HAL_CAN_STATE_READY or HAL_CAN_STATE_RESET state,
 199:Drivers/STM32F2xx_HAL_Driver/Src/stm32f2xx_hal_can.c ****   thus registered (user) MspInit/DeInit callbacks can be used during the Init/DeInit.
 200:Drivers/STM32F2xx_HAL_Driver/Src/stm32f2xx_hal_can.c ****   In that case first register the MspInit/MspDeInit user callbacks
 201:Drivers/STM32F2xx_HAL_Driver/Src/stm32f2xx_hal_can.c ****   using HAL_CAN_RegisterCallback() before calling HAL_CAN_DeInit()
 202:Drivers/STM32F2xx_HAL_Driver/Src/stm32f2xx_hal_can.c ****   or HAL_CAN_Init() function.
ARM GAS  /var/folders/8x/_y6g3dfs0698dfd49y4vcg_w0000gn/T//ccYyxujy.s 			page 5


 203:Drivers/STM32F2xx_HAL_Driver/Src/stm32f2xx_hal_can.c **** 
 204:Drivers/STM32F2xx_HAL_Driver/Src/stm32f2xx_hal_can.c ****   When The compilation define USE_HAL_CAN_REGISTER_CALLBACKS is set to 0 or
 205:Drivers/STM32F2xx_HAL_Driver/Src/stm32f2xx_hal_can.c ****   not defined, the callback registration feature is not available and all callbacks
 206:Drivers/STM32F2xx_HAL_Driver/Src/stm32f2xx_hal_can.c ****   are set to the corresponding weak functions.
 207:Drivers/STM32F2xx_HAL_Driver/Src/stm32f2xx_hal_can.c **** 
 208:Drivers/STM32F2xx_HAL_Driver/Src/stm32f2xx_hal_can.c ****   @endverbatim
 209:Drivers/STM32F2xx_HAL_Driver/Src/stm32f2xx_hal_can.c ****   ******************************************************************************
 210:Drivers/STM32F2xx_HAL_Driver/Src/stm32f2xx_hal_can.c ****   */
 211:Drivers/STM32F2xx_HAL_Driver/Src/stm32f2xx_hal_can.c **** 
 212:Drivers/STM32F2xx_HAL_Driver/Src/stm32f2xx_hal_can.c **** /* Includes ------------------------------------------------------------------*/
 213:Drivers/STM32F2xx_HAL_Driver/Src/stm32f2xx_hal_can.c **** #include "stm32f2xx_hal.h"
 214:Drivers/STM32F2xx_HAL_Driver/Src/stm32f2xx_hal_can.c **** 
 215:Drivers/STM32F2xx_HAL_Driver/Src/stm32f2xx_hal_can.c **** /** @addtogroup STM32F2xx_HAL_Driver
 216:Drivers/STM32F2xx_HAL_Driver/Src/stm32f2xx_hal_can.c ****   * @{
 217:Drivers/STM32F2xx_HAL_Driver/Src/stm32f2xx_hal_can.c ****   */
 218:Drivers/STM32F2xx_HAL_Driver/Src/stm32f2xx_hal_can.c **** 
 219:Drivers/STM32F2xx_HAL_Driver/Src/stm32f2xx_hal_can.c **** #if defined(CAN1)
 220:Drivers/STM32F2xx_HAL_Driver/Src/stm32f2xx_hal_can.c **** 
 221:Drivers/STM32F2xx_HAL_Driver/Src/stm32f2xx_hal_can.c **** /** @defgroup CAN CAN
 222:Drivers/STM32F2xx_HAL_Driver/Src/stm32f2xx_hal_can.c ****   * @brief CAN driver modules
 223:Drivers/STM32F2xx_HAL_Driver/Src/stm32f2xx_hal_can.c ****   * @{
 224:Drivers/STM32F2xx_HAL_Driver/Src/stm32f2xx_hal_can.c ****   */
 225:Drivers/STM32F2xx_HAL_Driver/Src/stm32f2xx_hal_can.c **** 
 226:Drivers/STM32F2xx_HAL_Driver/Src/stm32f2xx_hal_can.c **** #ifdef HAL_CAN_MODULE_ENABLED
 227:Drivers/STM32F2xx_HAL_Driver/Src/stm32f2xx_hal_can.c **** 
 228:Drivers/STM32F2xx_HAL_Driver/Src/stm32f2xx_hal_can.c **** #ifdef HAL_CAN_LEGACY_MODULE_ENABLED
 229:Drivers/STM32F2xx_HAL_Driver/Src/stm32f2xx_hal_can.c **** #error "The CAN driver cannot be used with its legacy, Please enable only one CAN module at once"
 230:Drivers/STM32F2xx_HAL_Driver/Src/stm32f2xx_hal_can.c **** #endif /* HAL_CAN_LEGACY_MODULE_ENABLED */
 231:Drivers/STM32F2xx_HAL_Driver/Src/stm32f2xx_hal_can.c **** 
 232:Drivers/STM32F2xx_HAL_Driver/Src/stm32f2xx_hal_can.c **** /* Private typedef -----------------------------------------------------------*/
 233:Drivers/STM32F2xx_HAL_Driver/Src/stm32f2xx_hal_can.c **** /* Private define ------------------------------------------------------------*/
 234:Drivers/STM32F2xx_HAL_Driver/Src/stm32f2xx_hal_can.c **** /** @defgroup CAN_Private_Constants CAN Private Constants
 235:Drivers/STM32F2xx_HAL_Driver/Src/stm32f2xx_hal_can.c ****   * @{
 236:Drivers/STM32F2xx_HAL_Driver/Src/stm32f2xx_hal_can.c ****   */
 237:Drivers/STM32F2xx_HAL_Driver/Src/stm32f2xx_hal_can.c **** #define CAN_TIMEOUT_VALUE 10U
 238:Drivers/STM32F2xx_HAL_Driver/Src/stm32f2xx_hal_can.c **** #define CAN_WAKEUP_TIMEOUT_COUNTER 1000000U
 239:Drivers/STM32F2xx_HAL_Driver/Src/stm32f2xx_hal_can.c **** /**
 240:Drivers/STM32F2xx_HAL_Driver/Src/stm32f2xx_hal_can.c ****   * @}
 241:Drivers/STM32F2xx_HAL_Driver/Src/stm32f2xx_hal_can.c ****   */
 242:Drivers/STM32F2xx_HAL_Driver/Src/stm32f2xx_hal_can.c **** /* Private macro -------------------------------------------------------------*/
 243:Drivers/STM32F2xx_HAL_Driver/Src/stm32f2xx_hal_can.c **** /* Private variables ---------------------------------------------------------*/
 244:Drivers/STM32F2xx_HAL_Driver/Src/stm32f2xx_hal_can.c **** /* Private function prototypes -----------------------------------------------*/
 245:Drivers/STM32F2xx_HAL_Driver/Src/stm32f2xx_hal_can.c **** /* Exported functions --------------------------------------------------------*/
 246:Drivers/STM32F2xx_HAL_Driver/Src/stm32f2xx_hal_can.c **** 
 247:Drivers/STM32F2xx_HAL_Driver/Src/stm32f2xx_hal_can.c **** /** @defgroup CAN_Exported_Functions CAN Exported Functions
 248:Drivers/STM32F2xx_HAL_Driver/Src/stm32f2xx_hal_can.c ****   * @{
 249:Drivers/STM32F2xx_HAL_Driver/Src/stm32f2xx_hal_can.c ****   */
 250:Drivers/STM32F2xx_HAL_Driver/Src/stm32f2xx_hal_can.c **** 
 251:Drivers/STM32F2xx_HAL_Driver/Src/stm32f2xx_hal_can.c **** /** @defgroup CAN_Exported_Functions_Group1 Initialization and de-initialization functions
 252:Drivers/STM32F2xx_HAL_Driver/Src/stm32f2xx_hal_can.c ****   * @brief    Initialization and Configuration functions
 253:Drivers/STM32F2xx_HAL_Driver/Src/stm32f2xx_hal_can.c ****   *
 254:Drivers/STM32F2xx_HAL_Driver/Src/stm32f2xx_hal_can.c **** @verbatim
 255:Drivers/STM32F2xx_HAL_Driver/Src/stm32f2xx_hal_can.c ****   ==============================================================================
 256:Drivers/STM32F2xx_HAL_Driver/Src/stm32f2xx_hal_can.c ****               ##### Initialization and de-initialization functions #####
 257:Drivers/STM32F2xx_HAL_Driver/Src/stm32f2xx_hal_can.c ****   ==============================================================================
 258:Drivers/STM32F2xx_HAL_Driver/Src/stm32f2xx_hal_can.c ****     [..]  This section provides functions allowing to:
 259:Drivers/STM32F2xx_HAL_Driver/Src/stm32f2xx_hal_can.c ****       (+) HAL_CAN_Init                       : Initialize and configure the CAN.
ARM GAS  /var/folders/8x/_y6g3dfs0698dfd49y4vcg_w0000gn/T//ccYyxujy.s 			page 6


 260:Drivers/STM32F2xx_HAL_Driver/Src/stm32f2xx_hal_can.c ****       (+) HAL_CAN_DeInit                     : De-initialize the CAN.
 261:Drivers/STM32F2xx_HAL_Driver/Src/stm32f2xx_hal_can.c ****       (+) HAL_CAN_MspInit                    : Initialize the CAN MSP.
 262:Drivers/STM32F2xx_HAL_Driver/Src/stm32f2xx_hal_can.c ****       (+) HAL_CAN_MspDeInit                  : DeInitialize the CAN MSP.
 263:Drivers/STM32F2xx_HAL_Driver/Src/stm32f2xx_hal_can.c **** 
 264:Drivers/STM32F2xx_HAL_Driver/Src/stm32f2xx_hal_can.c **** @endverbatim
 265:Drivers/STM32F2xx_HAL_Driver/Src/stm32f2xx_hal_can.c ****   * @{
 266:Drivers/STM32F2xx_HAL_Driver/Src/stm32f2xx_hal_can.c ****   */
 267:Drivers/STM32F2xx_HAL_Driver/Src/stm32f2xx_hal_can.c **** 
 268:Drivers/STM32F2xx_HAL_Driver/Src/stm32f2xx_hal_can.c **** /**
 269:Drivers/STM32F2xx_HAL_Driver/Src/stm32f2xx_hal_can.c ****   * @brief  Initializes the CAN peripheral according to the specified
 270:Drivers/STM32F2xx_HAL_Driver/Src/stm32f2xx_hal_can.c ****   *         parameters in the CAN_InitStruct.
 271:Drivers/STM32F2xx_HAL_Driver/Src/stm32f2xx_hal_can.c ****   * @param  hcan pointer to a CAN_HandleTypeDef structure that contains
 272:Drivers/STM32F2xx_HAL_Driver/Src/stm32f2xx_hal_can.c ****   *         the configuration information for the specified CAN.
 273:Drivers/STM32F2xx_HAL_Driver/Src/stm32f2xx_hal_can.c ****   * @retval HAL status
 274:Drivers/STM32F2xx_HAL_Driver/Src/stm32f2xx_hal_can.c ****   */
 275:Drivers/STM32F2xx_HAL_Driver/Src/stm32f2xx_hal_can.c **** HAL_StatusTypeDef HAL_CAN_Init(CAN_HandleTypeDef *hcan)
 276:Drivers/STM32F2xx_HAL_Driver/Src/stm32f2xx_hal_can.c **** {
 277:Drivers/STM32F2xx_HAL_Driver/Src/stm32f2xx_hal_can.c ****   uint32_t tickstart;
 278:Drivers/STM32F2xx_HAL_Driver/Src/stm32f2xx_hal_can.c **** 
 279:Drivers/STM32F2xx_HAL_Driver/Src/stm32f2xx_hal_can.c ****   /* Check CAN handle */
 280:Drivers/STM32F2xx_HAL_Driver/Src/stm32f2xx_hal_can.c ****   if (hcan == NULL)
 281:Drivers/STM32F2xx_HAL_Driver/Src/stm32f2xx_hal_can.c ****   {
 282:Drivers/STM32F2xx_HAL_Driver/Src/stm32f2xx_hal_can.c ****     return HAL_ERROR;
 283:Drivers/STM32F2xx_HAL_Driver/Src/stm32f2xx_hal_can.c ****   }
 284:Drivers/STM32F2xx_HAL_Driver/Src/stm32f2xx_hal_can.c **** 
 285:Drivers/STM32F2xx_HAL_Driver/Src/stm32f2xx_hal_can.c ****   /* Check the parameters */
 286:Drivers/STM32F2xx_HAL_Driver/Src/stm32f2xx_hal_can.c ****   assert_param(IS_CAN_ALL_INSTANCE(hcan->Instance));
 287:Drivers/STM32F2xx_HAL_Driver/Src/stm32f2xx_hal_can.c ****   assert_param(IS_FUNCTIONAL_STATE(hcan->Init.TimeTriggeredMode));
 288:Drivers/STM32F2xx_HAL_Driver/Src/stm32f2xx_hal_can.c ****   assert_param(IS_FUNCTIONAL_STATE(hcan->Init.AutoBusOff));
 289:Drivers/STM32F2xx_HAL_Driver/Src/stm32f2xx_hal_can.c ****   assert_param(IS_FUNCTIONAL_STATE(hcan->Init.AutoWakeUp));
 290:Drivers/STM32F2xx_HAL_Driver/Src/stm32f2xx_hal_can.c ****   assert_param(IS_FUNCTIONAL_STATE(hcan->Init.AutoRetransmission));
 291:Drivers/STM32F2xx_HAL_Driver/Src/stm32f2xx_hal_can.c ****   assert_param(IS_FUNCTIONAL_STATE(hcan->Init.ReceiveFifoLocked));
 292:Drivers/STM32F2xx_HAL_Driver/Src/stm32f2xx_hal_can.c ****   assert_param(IS_FUNCTIONAL_STATE(hcan->Init.TransmitFifoPriority));
 293:Drivers/STM32F2xx_HAL_Driver/Src/stm32f2xx_hal_can.c ****   assert_param(IS_CAN_MODE(hcan->Init.Mode));
 294:Drivers/STM32F2xx_HAL_Driver/Src/stm32f2xx_hal_can.c ****   assert_param(IS_CAN_SJW(hcan->Init.SyncJumpWidth));
 295:Drivers/STM32F2xx_HAL_Driver/Src/stm32f2xx_hal_can.c ****   assert_param(IS_CAN_BS1(hcan->Init.TimeSeg1));
 296:Drivers/STM32F2xx_HAL_Driver/Src/stm32f2xx_hal_can.c ****   assert_param(IS_CAN_BS2(hcan->Init.TimeSeg2));
 297:Drivers/STM32F2xx_HAL_Driver/Src/stm32f2xx_hal_can.c ****   assert_param(IS_CAN_PRESCALER(hcan->Init.Prescaler));
 298:Drivers/STM32F2xx_HAL_Driver/Src/stm32f2xx_hal_can.c **** 
 299:Drivers/STM32F2xx_HAL_Driver/Src/stm32f2xx_hal_can.c **** #if USE_HAL_CAN_REGISTER_CALLBACKS == 1
 300:Drivers/STM32F2xx_HAL_Driver/Src/stm32f2xx_hal_can.c ****   if (hcan->State == HAL_CAN_STATE_RESET)
 301:Drivers/STM32F2xx_HAL_Driver/Src/stm32f2xx_hal_can.c ****   {
 302:Drivers/STM32F2xx_HAL_Driver/Src/stm32f2xx_hal_can.c ****     /* Reset callbacks to legacy functions */
 303:Drivers/STM32F2xx_HAL_Driver/Src/stm32f2xx_hal_can.c ****     hcan->RxFifo0MsgPendingCallback  =  HAL_CAN_RxFifo0MsgPendingCallback;  /* Legacy weak RxFifo0M
 304:Drivers/STM32F2xx_HAL_Driver/Src/stm32f2xx_hal_can.c ****     hcan->RxFifo0FullCallback        =  HAL_CAN_RxFifo0FullCallback;        /* Legacy weak RxFifo0F
 305:Drivers/STM32F2xx_HAL_Driver/Src/stm32f2xx_hal_can.c ****     hcan->RxFifo1MsgPendingCallback  =  HAL_CAN_RxFifo1MsgPendingCallback;  /* Legacy weak RxFifo1M
 306:Drivers/STM32F2xx_HAL_Driver/Src/stm32f2xx_hal_can.c ****     hcan->RxFifo1FullCallback        =  HAL_CAN_RxFifo1FullCallback;        /* Legacy weak RxFifo1F
 307:Drivers/STM32F2xx_HAL_Driver/Src/stm32f2xx_hal_can.c ****     hcan->TxMailbox0CompleteCallback =  HAL_CAN_TxMailbox0CompleteCallback; /* Legacy weak TxMailbo
 308:Drivers/STM32F2xx_HAL_Driver/Src/stm32f2xx_hal_can.c ****     hcan->TxMailbox1CompleteCallback =  HAL_CAN_TxMailbox1CompleteCallback; /* Legacy weak TxMailbo
 309:Drivers/STM32F2xx_HAL_Driver/Src/stm32f2xx_hal_can.c ****     hcan->TxMailbox2CompleteCallback =  HAL_CAN_TxMailbox2CompleteCallback; /* Legacy weak TxMailbo
 310:Drivers/STM32F2xx_HAL_Driver/Src/stm32f2xx_hal_can.c ****     hcan->TxMailbox0AbortCallback    =  HAL_CAN_TxMailbox0AbortCallback;    /* Legacy weak TxMailbo
 311:Drivers/STM32F2xx_HAL_Driver/Src/stm32f2xx_hal_can.c ****     hcan->TxMailbox1AbortCallback    =  HAL_CAN_TxMailbox1AbortCallback;    /* Legacy weak TxMailbo
 312:Drivers/STM32F2xx_HAL_Driver/Src/stm32f2xx_hal_can.c ****     hcan->TxMailbox2AbortCallback    =  HAL_CAN_TxMailbox2AbortCallback;    /* Legacy weak TxMailbo
 313:Drivers/STM32F2xx_HAL_Driver/Src/stm32f2xx_hal_can.c ****     hcan->SleepCallback              =  HAL_CAN_SleepCallback;              /* Legacy weak SleepCal
 314:Drivers/STM32F2xx_HAL_Driver/Src/stm32f2xx_hal_can.c ****     hcan->WakeUpFromRxMsgCallback    =  HAL_CAN_WakeUpFromRxMsgCallback;    /* Legacy weak WakeUpFr
 315:Drivers/STM32F2xx_HAL_Driver/Src/stm32f2xx_hal_can.c ****     hcan->ErrorCallback              =  HAL_CAN_ErrorCallback;              /* Legacy weak ErrorCal
 316:Drivers/STM32F2xx_HAL_Driver/Src/stm32f2xx_hal_can.c **** 
ARM GAS  /var/folders/8x/_y6g3dfs0698dfd49y4vcg_w0000gn/T//ccYyxujy.s 			page 7


 317:Drivers/STM32F2xx_HAL_Driver/Src/stm32f2xx_hal_can.c ****     if (hcan->MspInitCallback == NULL)
 318:Drivers/STM32F2xx_HAL_Driver/Src/stm32f2xx_hal_can.c ****     {
 319:Drivers/STM32F2xx_HAL_Driver/Src/stm32f2xx_hal_can.c ****       hcan->MspInitCallback = HAL_CAN_MspInit; /* Legacy weak MspInit */
 320:Drivers/STM32F2xx_HAL_Driver/Src/stm32f2xx_hal_can.c ****     }
 321:Drivers/STM32F2xx_HAL_Driver/Src/stm32f2xx_hal_can.c **** 
 322:Drivers/STM32F2xx_HAL_Driver/Src/stm32f2xx_hal_can.c ****     /* Init the low level hardware: CLOCK, NVIC */
 323:Drivers/STM32F2xx_HAL_Driver/Src/stm32f2xx_hal_can.c ****     hcan->MspInitCallback(hcan);
 324:Drivers/STM32F2xx_HAL_Driver/Src/stm32f2xx_hal_can.c ****   }
 325:Drivers/STM32F2xx_HAL_Driver/Src/stm32f2xx_hal_can.c **** 
 326:Drivers/STM32F2xx_HAL_Driver/Src/stm32f2xx_hal_can.c **** #else
 327:Drivers/STM32F2xx_HAL_Driver/Src/stm32f2xx_hal_can.c ****   if (hcan->State == HAL_CAN_STATE_RESET)
 328:Drivers/STM32F2xx_HAL_Driver/Src/stm32f2xx_hal_can.c ****   {
 329:Drivers/STM32F2xx_HAL_Driver/Src/stm32f2xx_hal_can.c ****     /* Init the low level hardware: CLOCK, NVIC */
 330:Drivers/STM32F2xx_HAL_Driver/Src/stm32f2xx_hal_can.c ****     HAL_CAN_MspInit(hcan);
 331:Drivers/STM32F2xx_HAL_Driver/Src/stm32f2xx_hal_can.c ****   }
 332:Drivers/STM32F2xx_HAL_Driver/Src/stm32f2xx_hal_can.c **** #endif /* USE_HAL_CAN_REGISTER_CALLBACKS */
 333:Drivers/STM32F2xx_HAL_Driver/Src/stm32f2xx_hal_can.c **** 
 334:Drivers/STM32F2xx_HAL_Driver/Src/stm32f2xx_hal_can.c ****   /* Request initialisation */
 335:Drivers/STM32F2xx_HAL_Driver/Src/stm32f2xx_hal_can.c ****   SET_BIT(hcan->Instance->MCR, CAN_MCR_INRQ);
 336:Drivers/STM32F2xx_HAL_Driver/Src/stm32f2xx_hal_can.c **** 
 337:Drivers/STM32F2xx_HAL_Driver/Src/stm32f2xx_hal_can.c ****   /* Get tick */
 338:Drivers/STM32F2xx_HAL_Driver/Src/stm32f2xx_hal_can.c ****   tickstart = HAL_GetTick();
 339:Drivers/STM32F2xx_HAL_Driver/Src/stm32f2xx_hal_can.c **** 
 340:Drivers/STM32F2xx_HAL_Driver/Src/stm32f2xx_hal_can.c ****   /* Wait initialisation acknowledge */
 341:Drivers/STM32F2xx_HAL_Driver/Src/stm32f2xx_hal_can.c ****   while ((hcan->Instance->MSR & CAN_MSR_INAK) == 0U)
 342:Drivers/STM32F2xx_HAL_Driver/Src/stm32f2xx_hal_can.c ****   {
 343:Drivers/STM32F2xx_HAL_Driver/Src/stm32f2xx_hal_can.c ****     if ((HAL_GetTick() - tickstart) > CAN_TIMEOUT_VALUE)
 344:Drivers/STM32F2xx_HAL_Driver/Src/stm32f2xx_hal_can.c ****     {
 345:Drivers/STM32F2xx_HAL_Driver/Src/stm32f2xx_hal_can.c ****       /* Update error code */
 346:Drivers/STM32F2xx_HAL_Driver/Src/stm32f2xx_hal_can.c ****       hcan->ErrorCode |= HAL_CAN_ERROR_TIMEOUT;
 347:Drivers/STM32F2xx_HAL_Driver/Src/stm32f2xx_hal_can.c **** 
 348:Drivers/STM32F2xx_HAL_Driver/Src/stm32f2xx_hal_can.c ****       /* Change CAN state */
 349:Drivers/STM32F2xx_HAL_Driver/Src/stm32f2xx_hal_can.c ****       hcan->State = HAL_CAN_STATE_ERROR;
 350:Drivers/STM32F2xx_HAL_Driver/Src/stm32f2xx_hal_can.c **** 
 351:Drivers/STM32F2xx_HAL_Driver/Src/stm32f2xx_hal_can.c ****       return HAL_ERROR;
 352:Drivers/STM32F2xx_HAL_Driver/Src/stm32f2xx_hal_can.c ****     }
 353:Drivers/STM32F2xx_HAL_Driver/Src/stm32f2xx_hal_can.c ****   }
 354:Drivers/STM32F2xx_HAL_Driver/Src/stm32f2xx_hal_can.c **** 
 355:Drivers/STM32F2xx_HAL_Driver/Src/stm32f2xx_hal_can.c ****   /* Exit from sleep mode */
 356:Drivers/STM32F2xx_HAL_Driver/Src/stm32f2xx_hal_can.c ****   CLEAR_BIT(hcan->Instance->MCR, CAN_MCR_SLEEP);
 357:Drivers/STM32F2xx_HAL_Driver/Src/stm32f2xx_hal_can.c **** 
 358:Drivers/STM32F2xx_HAL_Driver/Src/stm32f2xx_hal_can.c ****   /* Get tick */
 359:Drivers/STM32F2xx_HAL_Driver/Src/stm32f2xx_hal_can.c ****   tickstart = HAL_GetTick();
 360:Drivers/STM32F2xx_HAL_Driver/Src/stm32f2xx_hal_can.c **** 
 361:Drivers/STM32F2xx_HAL_Driver/Src/stm32f2xx_hal_can.c ****   /* Check Sleep mode leave acknowledge */
 362:Drivers/STM32F2xx_HAL_Driver/Src/stm32f2xx_hal_can.c ****   while ((hcan->Instance->MSR & CAN_MSR_SLAK) != 0U)
 363:Drivers/STM32F2xx_HAL_Driver/Src/stm32f2xx_hal_can.c ****   {
 364:Drivers/STM32F2xx_HAL_Driver/Src/stm32f2xx_hal_can.c ****     if ((HAL_GetTick() - tickstart) > CAN_TIMEOUT_VALUE)
 365:Drivers/STM32F2xx_HAL_Driver/Src/stm32f2xx_hal_can.c ****     {
 366:Drivers/STM32F2xx_HAL_Driver/Src/stm32f2xx_hal_can.c ****       /* Update error code */
 367:Drivers/STM32F2xx_HAL_Driver/Src/stm32f2xx_hal_can.c ****       hcan->ErrorCode |= HAL_CAN_ERROR_TIMEOUT;
 368:Drivers/STM32F2xx_HAL_Driver/Src/stm32f2xx_hal_can.c **** 
 369:Drivers/STM32F2xx_HAL_Driver/Src/stm32f2xx_hal_can.c ****       /* Change CAN state */
 370:Drivers/STM32F2xx_HAL_Driver/Src/stm32f2xx_hal_can.c ****       hcan->State = HAL_CAN_STATE_ERROR;
 371:Drivers/STM32F2xx_HAL_Driver/Src/stm32f2xx_hal_can.c **** 
 372:Drivers/STM32F2xx_HAL_Driver/Src/stm32f2xx_hal_can.c ****       return HAL_ERROR;
 373:Drivers/STM32F2xx_HAL_Driver/Src/stm32f2xx_hal_can.c ****     }
ARM GAS  /var/folders/8x/_y6g3dfs0698dfd49y4vcg_w0000gn/T//ccYyxujy.s 			page 8


 374:Drivers/STM32F2xx_HAL_Driver/Src/stm32f2xx_hal_can.c ****   }
 375:Drivers/STM32F2xx_HAL_Driver/Src/stm32f2xx_hal_can.c **** 
 376:Drivers/STM32F2xx_HAL_Driver/Src/stm32f2xx_hal_can.c ****   /* Set the time triggered communication mode */
 377:Drivers/STM32F2xx_HAL_Driver/Src/stm32f2xx_hal_can.c ****   if (hcan->Init.TimeTriggeredMode == ENABLE)
 378:Drivers/STM32F2xx_HAL_Driver/Src/stm32f2xx_hal_can.c ****   {
 379:Drivers/STM32F2xx_HAL_Driver/Src/stm32f2xx_hal_can.c ****     SET_BIT(hcan->Instance->MCR, CAN_MCR_TTCM);
 380:Drivers/STM32F2xx_HAL_Driver/Src/stm32f2xx_hal_can.c ****   }
 381:Drivers/STM32F2xx_HAL_Driver/Src/stm32f2xx_hal_can.c ****   else
 382:Drivers/STM32F2xx_HAL_Driver/Src/stm32f2xx_hal_can.c ****   {
 383:Drivers/STM32F2xx_HAL_Driver/Src/stm32f2xx_hal_can.c ****     CLEAR_BIT(hcan->Instance->MCR, CAN_MCR_TTCM);
 384:Drivers/STM32F2xx_HAL_Driver/Src/stm32f2xx_hal_can.c ****   }
 385:Drivers/STM32F2xx_HAL_Driver/Src/stm32f2xx_hal_can.c **** 
 386:Drivers/STM32F2xx_HAL_Driver/Src/stm32f2xx_hal_can.c ****   /* Set the automatic bus-off management */
 387:Drivers/STM32F2xx_HAL_Driver/Src/stm32f2xx_hal_can.c ****   if (hcan->Init.AutoBusOff == ENABLE)
 388:Drivers/STM32F2xx_HAL_Driver/Src/stm32f2xx_hal_can.c ****   {
 389:Drivers/STM32F2xx_HAL_Driver/Src/stm32f2xx_hal_can.c ****     SET_BIT(hcan->Instance->MCR, CAN_MCR_ABOM);
 390:Drivers/STM32F2xx_HAL_Driver/Src/stm32f2xx_hal_can.c ****   }
 391:Drivers/STM32F2xx_HAL_Driver/Src/stm32f2xx_hal_can.c ****   else
 392:Drivers/STM32F2xx_HAL_Driver/Src/stm32f2xx_hal_can.c ****   {
 393:Drivers/STM32F2xx_HAL_Driver/Src/stm32f2xx_hal_can.c ****     CLEAR_BIT(hcan->Instance->MCR, CAN_MCR_ABOM);
 394:Drivers/STM32F2xx_HAL_Driver/Src/stm32f2xx_hal_can.c ****   }
 395:Drivers/STM32F2xx_HAL_Driver/Src/stm32f2xx_hal_can.c **** 
 396:Drivers/STM32F2xx_HAL_Driver/Src/stm32f2xx_hal_can.c ****   /* Set the automatic wake-up mode */
 397:Drivers/STM32F2xx_HAL_Driver/Src/stm32f2xx_hal_can.c ****   if (hcan->Init.AutoWakeUp == ENABLE)
 398:Drivers/STM32F2xx_HAL_Driver/Src/stm32f2xx_hal_can.c ****   {
 399:Drivers/STM32F2xx_HAL_Driver/Src/stm32f2xx_hal_can.c ****     SET_BIT(hcan->Instance->MCR, CAN_MCR_AWUM);
 400:Drivers/STM32F2xx_HAL_Driver/Src/stm32f2xx_hal_can.c ****   }
 401:Drivers/STM32F2xx_HAL_Driver/Src/stm32f2xx_hal_can.c ****   else
 402:Drivers/STM32F2xx_HAL_Driver/Src/stm32f2xx_hal_can.c ****   {
 403:Drivers/STM32F2xx_HAL_Driver/Src/stm32f2xx_hal_can.c ****     CLEAR_BIT(hcan->Instance->MCR, CAN_MCR_AWUM);
 404:Drivers/STM32F2xx_HAL_Driver/Src/stm32f2xx_hal_can.c ****   }
 405:Drivers/STM32F2xx_HAL_Driver/Src/stm32f2xx_hal_can.c **** 
 406:Drivers/STM32F2xx_HAL_Driver/Src/stm32f2xx_hal_can.c ****   /* Set the automatic retransmission */
 407:Drivers/STM32F2xx_HAL_Driver/Src/stm32f2xx_hal_can.c ****   if (hcan->Init.AutoRetransmission == ENABLE)
 408:Drivers/STM32F2xx_HAL_Driver/Src/stm32f2xx_hal_can.c ****   {
 409:Drivers/STM32F2xx_HAL_Driver/Src/stm32f2xx_hal_can.c ****     CLEAR_BIT(hcan->Instance->MCR, CAN_MCR_NART);
 410:Drivers/STM32F2xx_HAL_Driver/Src/stm32f2xx_hal_can.c ****   }
 411:Drivers/STM32F2xx_HAL_Driver/Src/stm32f2xx_hal_can.c ****   else
 412:Drivers/STM32F2xx_HAL_Driver/Src/stm32f2xx_hal_can.c ****   {
 413:Drivers/STM32F2xx_HAL_Driver/Src/stm32f2xx_hal_can.c ****     SET_BIT(hcan->Instance->MCR, CAN_MCR_NART);
 414:Drivers/STM32F2xx_HAL_Driver/Src/stm32f2xx_hal_can.c ****   }
 415:Drivers/STM32F2xx_HAL_Driver/Src/stm32f2xx_hal_can.c **** 
 416:Drivers/STM32F2xx_HAL_Driver/Src/stm32f2xx_hal_can.c ****   /* Set the receive FIFO locked mode */
 417:Drivers/STM32F2xx_HAL_Driver/Src/stm32f2xx_hal_can.c ****   if (hcan->Init.ReceiveFifoLocked == ENABLE)
 418:Drivers/STM32F2xx_HAL_Driver/Src/stm32f2xx_hal_can.c ****   {
 419:Drivers/STM32F2xx_HAL_Driver/Src/stm32f2xx_hal_can.c ****     SET_BIT(hcan->Instance->MCR, CAN_MCR_RFLM);
 420:Drivers/STM32F2xx_HAL_Driver/Src/stm32f2xx_hal_can.c ****   }
 421:Drivers/STM32F2xx_HAL_Driver/Src/stm32f2xx_hal_can.c ****   else
 422:Drivers/STM32F2xx_HAL_Driver/Src/stm32f2xx_hal_can.c ****   {
 423:Drivers/STM32F2xx_HAL_Driver/Src/stm32f2xx_hal_can.c ****     CLEAR_BIT(hcan->Instance->MCR, CAN_MCR_RFLM);
 424:Drivers/STM32F2xx_HAL_Driver/Src/stm32f2xx_hal_can.c ****   }
 425:Drivers/STM32F2xx_HAL_Driver/Src/stm32f2xx_hal_can.c **** 
 426:Drivers/STM32F2xx_HAL_Driver/Src/stm32f2xx_hal_can.c ****   /* Set the transmit FIFO priority */
 427:Drivers/STM32F2xx_HAL_Driver/Src/stm32f2xx_hal_can.c ****   if (hcan->Init.TransmitFifoPriority == ENABLE)
 428:Drivers/STM32F2xx_HAL_Driver/Src/stm32f2xx_hal_can.c ****   {
 429:Drivers/STM32F2xx_HAL_Driver/Src/stm32f2xx_hal_can.c ****     SET_BIT(hcan->Instance->MCR, CAN_MCR_TXFP);
 430:Drivers/STM32F2xx_HAL_Driver/Src/stm32f2xx_hal_can.c ****   }
ARM GAS  /var/folders/8x/_y6g3dfs0698dfd49y4vcg_w0000gn/T//ccYyxujy.s 			page 9


 431:Drivers/STM32F2xx_HAL_Driver/Src/stm32f2xx_hal_can.c ****   else
 432:Drivers/STM32F2xx_HAL_Driver/Src/stm32f2xx_hal_can.c ****   {
 433:Drivers/STM32F2xx_HAL_Driver/Src/stm32f2xx_hal_can.c ****     CLEAR_BIT(hcan->Instance->MCR, CAN_MCR_TXFP);
 434:Drivers/STM32F2xx_HAL_Driver/Src/stm32f2xx_hal_can.c ****   }
 435:Drivers/STM32F2xx_HAL_Driver/Src/stm32f2xx_hal_can.c **** 
 436:Drivers/STM32F2xx_HAL_Driver/Src/stm32f2xx_hal_can.c ****   /* Set the bit timing register */
 437:Drivers/STM32F2xx_HAL_Driver/Src/stm32f2xx_hal_can.c ****   WRITE_REG(hcan->Instance->BTR, (uint32_t)(hcan->Init.Mode           |
 438:Drivers/STM32F2xx_HAL_Driver/Src/stm32f2xx_hal_can.c ****                                             hcan->Init.SyncJumpWidth  |
 439:Drivers/STM32F2xx_HAL_Driver/Src/stm32f2xx_hal_can.c ****                                             hcan->Init.TimeSeg1       |
 440:Drivers/STM32F2xx_HAL_Driver/Src/stm32f2xx_hal_can.c ****                                             hcan->Init.TimeSeg2       |
 441:Drivers/STM32F2xx_HAL_Driver/Src/stm32f2xx_hal_can.c ****                                             (hcan->Init.Prescaler - 1U)));
 442:Drivers/STM32F2xx_HAL_Driver/Src/stm32f2xx_hal_can.c **** 
 443:Drivers/STM32F2xx_HAL_Driver/Src/stm32f2xx_hal_can.c ****   /* Initialize the error code */
 444:Drivers/STM32F2xx_HAL_Driver/Src/stm32f2xx_hal_can.c ****   hcan->ErrorCode = HAL_CAN_ERROR_NONE;
 445:Drivers/STM32F2xx_HAL_Driver/Src/stm32f2xx_hal_can.c **** 
 446:Drivers/STM32F2xx_HAL_Driver/Src/stm32f2xx_hal_can.c ****   /* Initialize the CAN state */
 447:Drivers/STM32F2xx_HAL_Driver/Src/stm32f2xx_hal_can.c ****   hcan->State = HAL_CAN_STATE_READY;
 448:Drivers/STM32F2xx_HAL_Driver/Src/stm32f2xx_hal_can.c **** 
 449:Drivers/STM32F2xx_HAL_Driver/Src/stm32f2xx_hal_can.c ****   /* Return function status */
 450:Drivers/STM32F2xx_HAL_Driver/Src/stm32f2xx_hal_can.c ****   return HAL_OK;
 451:Drivers/STM32F2xx_HAL_Driver/Src/stm32f2xx_hal_can.c **** }
 452:Drivers/STM32F2xx_HAL_Driver/Src/stm32f2xx_hal_can.c **** 
 453:Drivers/STM32F2xx_HAL_Driver/Src/stm32f2xx_hal_can.c **** /**
 454:Drivers/STM32F2xx_HAL_Driver/Src/stm32f2xx_hal_can.c ****   * @brief  Deinitializes the CAN peripheral registers to their default
 455:Drivers/STM32F2xx_HAL_Driver/Src/stm32f2xx_hal_can.c ****   *         reset values.
 456:Drivers/STM32F2xx_HAL_Driver/Src/stm32f2xx_hal_can.c ****   * @param  hcan pointer to a CAN_HandleTypeDef structure that contains
 457:Drivers/STM32F2xx_HAL_Driver/Src/stm32f2xx_hal_can.c ****   *         the configuration information for the specified CAN.
 458:Drivers/STM32F2xx_HAL_Driver/Src/stm32f2xx_hal_can.c ****   * @retval HAL status
 459:Drivers/STM32F2xx_HAL_Driver/Src/stm32f2xx_hal_can.c ****   */
 460:Drivers/STM32F2xx_HAL_Driver/Src/stm32f2xx_hal_can.c **** HAL_StatusTypeDef HAL_CAN_DeInit(CAN_HandleTypeDef *hcan)
 461:Drivers/STM32F2xx_HAL_Driver/Src/stm32f2xx_hal_can.c **** {
 462:Drivers/STM32F2xx_HAL_Driver/Src/stm32f2xx_hal_can.c ****   /* Check CAN handle */
 463:Drivers/STM32F2xx_HAL_Driver/Src/stm32f2xx_hal_can.c ****   if (hcan == NULL)
 464:Drivers/STM32F2xx_HAL_Driver/Src/stm32f2xx_hal_can.c ****   {
 465:Drivers/STM32F2xx_HAL_Driver/Src/stm32f2xx_hal_can.c ****     return HAL_ERROR;
 466:Drivers/STM32F2xx_HAL_Driver/Src/stm32f2xx_hal_can.c ****   }
 467:Drivers/STM32F2xx_HAL_Driver/Src/stm32f2xx_hal_can.c **** 
 468:Drivers/STM32F2xx_HAL_Driver/Src/stm32f2xx_hal_can.c ****   /* Check the parameters */
 469:Drivers/STM32F2xx_HAL_Driver/Src/stm32f2xx_hal_can.c ****   assert_param(IS_CAN_ALL_INSTANCE(hcan->Instance));
 470:Drivers/STM32F2xx_HAL_Driver/Src/stm32f2xx_hal_can.c **** 
 471:Drivers/STM32F2xx_HAL_Driver/Src/stm32f2xx_hal_can.c ****   /* Stop the CAN module */
 472:Drivers/STM32F2xx_HAL_Driver/Src/stm32f2xx_hal_can.c ****   (void)HAL_CAN_Stop(hcan);
 473:Drivers/STM32F2xx_HAL_Driver/Src/stm32f2xx_hal_can.c **** 
 474:Drivers/STM32F2xx_HAL_Driver/Src/stm32f2xx_hal_can.c **** #if USE_HAL_CAN_REGISTER_CALLBACKS == 1
 475:Drivers/STM32F2xx_HAL_Driver/Src/stm32f2xx_hal_can.c ****   if (hcan->MspDeInitCallback == NULL)
 476:Drivers/STM32F2xx_HAL_Driver/Src/stm32f2xx_hal_can.c ****   {
 477:Drivers/STM32F2xx_HAL_Driver/Src/stm32f2xx_hal_can.c ****     hcan->MspDeInitCallback = HAL_CAN_MspDeInit; /* Legacy weak MspDeInit */
 478:Drivers/STM32F2xx_HAL_Driver/Src/stm32f2xx_hal_can.c ****   }
 479:Drivers/STM32F2xx_HAL_Driver/Src/stm32f2xx_hal_can.c **** 
 480:Drivers/STM32F2xx_HAL_Driver/Src/stm32f2xx_hal_can.c ****   /* DeInit the low level hardware: CLOCK, NVIC */
 481:Drivers/STM32F2xx_HAL_Driver/Src/stm32f2xx_hal_can.c ****   hcan->MspDeInitCallback(hcan);
 482:Drivers/STM32F2xx_HAL_Driver/Src/stm32f2xx_hal_can.c **** 
 483:Drivers/STM32F2xx_HAL_Driver/Src/stm32f2xx_hal_can.c **** #else
 484:Drivers/STM32F2xx_HAL_Driver/Src/stm32f2xx_hal_can.c ****   /* DeInit the low level hardware: CLOCK, NVIC */
 485:Drivers/STM32F2xx_HAL_Driver/Src/stm32f2xx_hal_can.c ****   HAL_CAN_MspDeInit(hcan);
 486:Drivers/STM32F2xx_HAL_Driver/Src/stm32f2xx_hal_can.c **** #endif /* USE_HAL_CAN_REGISTER_CALLBACKS */
 487:Drivers/STM32F2xx_HAL_Driver/Src/stm32f2xx_hal_can.c **** 
ARM GAS  /var/folders/8x/_y6g3dfs0698dfd49y4vcg_w0000gn/T//ccYyxujy.s 			page 10


 488:Drivers/STM32F2xx_HAL_Driver/Src/stm32f2xx_hal_can.c ****   /* Reset the CAN peripheral */
 489:Drivers/STM32F2xx_HAL_Driver/Src/stm32f2xx_hal_can.c ****   SET_BIT(hcan->Instance->MCR, CAN_MCR_RESET);
 490:Drivers/STM32F2xx_HAL_Driver/Src/stm32f2xx_hal_can.c **** 
 491:Drivers/STM32F2xx_HAL_Driver/Src/stm32f2xx_hal_can.c ****   /* Reset the CAN ErrorCode */
 492:Drivers/STM32F2xx_HAL_Driver/Src/stm32f2xx_hal_can.c ****   hcan->ErrorCode = HAL_CAN_ERROR_NONE;
 493:Drivers/STM32F2xx_HAL_Driver/Src/stm32f2xx_hal_can.c **** 
 494:Drivers/STM32F2xx_HAL_Driver/Src/stm32f2xx_hal_can.c ****   /* Change CAN state */
 495:Drivers/STM32F2xx_HAL_Driver/Src/stm32f2xx_hal_can.c ****   hcan->State = HAL_CAN_STATE_RESET;
 496:Drivers/STM32F2xx_HAL_Driver/Src/stm32f2xx_hal_can.c **** 
 497:Drivers/STM32F2xx_HAL_Driver/Src/stm32f2xx_hal_can.c ****   /* Return function status */
 498:Drivers/STM32F2xx_HAL_Driver/Src/stm32f2xx_hal_can.c ****   return HAL_OK;
 499:Drivers/STM32F2xx_HAL_Driver/Src/stm32f2xx_hal_can.c **** }
 500:Drivers/STM32F2xx_HAL_Driver/Src/stm32f2xx_hal_can.c **** 
 501:Drivers/STM32F2xx_HAL_Driver/Src/stm32f2xx_hal_can.c **** /**
 502:Drivers/STM32F2xx_HAL_Driver/Src/stm32f2xx_hal_can.c ****   * @brief  Initializes the CAN MSP.
 503:Drivers/STM32F2xx_HAL_Driver/Src/stm32f2xx_hal_can.c ****   * @param  hcan pointer to a CAN_HandleTypeDef structure that contains
 504:Drivers/STM32F2xx_HAL_Driver/Src/stm32f2xx_hal_can.c ****   *         the configuration information for the specified CAN.
 505:Drivers/STM32F2xx_HAL_Driver/Src/stm32f2xx_hal_can.c ****   * @retval None
 506:Drivers/STM32F2xx_HAL_Driver/Src/stm32f2xx_hal_can.c ****   */
 507:Drivers/STM32F2xx_HAL_Driver/Src/stm32f2xx_hal_can.c **** __weak void HAL_CAN_MspInit(CAN_HandleTypeDef *hcan)
 508:Drivers/STM32F2xx_HAL_Driver/Src/stm32f2xx_hal_can.c **** {
  28              		.loc 1 508 1 view -0
  29              		.cfi_startproc
  30              		@ args = 0, pretend = 0, frame = 0
  31              		@ frame_needed = 0, uses_anonymous_args = 0
  32              		@ link register save eliminated.
 509:Drivers/STM32F2xx_HAL_Driver/Src/stm32f2xx_hal_can.c ****   /* Prevent unused argument(s) compilation warning */
 510:Drivers/STM32F2xx_HAL_Driver/Src/stm32f2xx_hal_can.c ****   UNUSED(hcan);
  33              		.loc 1 510 3 view .LVU1
 511:Drivers/STM32F2xx_HAL_Driver/Src/stm32f2xx_hal_can.c **** 
 512:Drivers/STM32F2xx_HAL_Driver/Src/stm32f2xx_hal_can.c ****   /* NOTE : This function Should not be modified, when the callback is needed,
 513:Drivers/STM32F2xx_HAL_Driver/Src/stm32f2xx_hal_can.c ****             the HAL_CAN_MspInit could be implemented in the user file
 514:Drivers/STM32F2xx_HAL_Driver/Src/stm32f2xx_hal_can.c ****    */
 515:Drivers/STM32F2xx_HAL_Driver/Src/stm32f2xx_hal_can.c **** }
  34              		.loc 1 515 1 is_stmt 0 view .LVU2
  35 0000 7047     		bx	lr
  36              		.cfi_endproc
  37              	.LFE74:
  39              		.section	.text.HAL_CAN_Init,"ax",%progbits
  40              		.align	1
  41              		.global	HAL_CAN_Init
  42              		.syntax unified
  43              		.thumb
  44              		.thumb_func
  46              	HAL_CAN_Init:
  47              	.LVL1:
  48              	.LFB72:
 276:Drivers/STM32F2xx_HAL_Driver/Src/stm32f2xx_hal_can.c ****   uint32_t tickstart;
  49              		.loc 1 276 1 is_stmt 1 view -0
  50              		.cfi_startproc
  51              		@ args = 0, pretend = 0, frame = 0
  52              		@ frame_needed = 0, uses_anonymous_args = 0
 277:Drivers/STM32F2xx_HAL_Driver/Src/stm32f2xx_hal_can.c **** 
  53              		.loc 1 277 3 view .LVU4
 280:Drivers/STM32F2xx_HAL_Driver/Src/stm32f2xx_hal_can.c ****   {
  54              		.loc 1 280 3 view .LVU5
 280:Drivers/STM32F2xx_HAL_Driver/Src/stm32f2xx_hal_can.c ****   {
ARM GAS  /var/folders/8x/_y6g3dfs0698dfd49y4vcg_w0000gn/T//ccYyxujy.s 			page 11


  55              		.loc 1 280 6 is_stmt 0 view .LVU6
  56 0000 0028     		cmp	r0, #0
  57 0002 00F0A180 		beq	.L21
 276:Drivers/STM32F2xx_HAL_Driver/Src/stm32f2xx_hal_can.c ****   uint32_t tickstart;
  58              		.loc 1 276 1 view .LVU7
  59 0006 38B5     		push	{r3, r4, r5, lr}
  60              	.LCFI0:
  61              		.cfi_def_cfa_offset 16
  62              		.cfi_offset 3, -16
  63              		.cfi_offset 4, -12
  64              		.cfi_offset 5, -8
  65              		.cfi_offset 14, -4
  66 0008 0446     		mov	r4, r0
 286:Drivers/STM32F2xx_HAL_Driver/Src/stm32f2xx_hal_can.c ****   assert_param(IS_FUNCTIONAL_STATE(hcan->Init.TimeTriggeredMode));
  67              		.loc 1 286 3 is_stmt 1 view .LVU8
 287:Drivers/STM32F2xx_HAL_Driver/Src/stm32f2xx_hal_can.c ****   assert_param(IS_FUNCTIONAL_STATE(hcan->Init.AutoBusOff));
  68              		.loc 1 287 3 view .LVU9
 288:Drivers/STM32F2xx_HAL_Driver/Src/stm32f2xx_hal_can.c ****   assert_param(IS_FUNCTIONAL_STATE(hcan->Init.AutoWakeUp));
  69              		.loc 1 288 3 view .LVU10
 289:Drivers/STM32F2xx_HAL_Driver/Src/stm32f2xx_hal_can.c ****   assert_param(IS_FUNCTIONAL_STATE(hcan->Init.AutoRetransmission));
  70              		.loc 1 289 3 view .LVU11
 290:Drivers/STM32F2xx_HAL_Driver/Src/stm32f2xx_hal_can.c ****   assert_param(IS_FUNCTIONAL_STATE(hcan->Init.ReceiveFifoLocked));
  71              		.loc 1 290 3 view .LVU12
 291:Drivers/STM32F2xx_HAL_Driver/Src/stm32f2xx_hal_can.c ****   assert_param(IS_FUNCTIONAL_STATE(hcan->Init.TransmitFifoPriority));
  72              		.loc 1 291 3 view .LVU13
 292:Drivers/STM32F2xx_HAL_Driver/Src/stm32f2xx_hal_can.c ****   assert_param(IS_CAN_MODE(hcan->Init.Mode));
  73              		.loc 1 292 3 view .LVU14
 293:Drivers/STM32F2xx_HAL_Driver/Src/stm32f2xx_hal_can.c ****   assert_param(IS_CAN_SJW(hcan->Init.SyncJumpWidth));
  74              		.loc 1 293 3 view .LVU15
 294:Drivers/STM32F2xx_HAL_Driver/Src/stm32f2xx_hal_can.c ****   assert_param(IS_CAN_BS1(hcan->Init.TimeSeg1));
  75              		.loc 1 294 3 view .LVU16
 295:Drivers/STM32F2xx_HAL_Driver/Src/stm32f2xx_hal_can.c ****   assert_param(IS_CAN_BS2(hcan->Init.TimeSeg2));
  76              		.loc 1 295 3 view .LVU17
 296:Drivers/STM32F2xx_HAL_Driver/Src/stm32f2xx_hal_can.c ****   assert_param(IS_CAN_PRESCALER(hcan->Init.Prescaler));
  77              		.loc 1 296 3 view .LVU18
 297:Drivers/STM32F2xx_HAL_Driver/Src/stm32f2xx_hal_can.c **** 
  78              		.loc 1 297 3 view .LVU19
 327:Drivers/STM32F2xx_HAL_Driver/Src/stm32f2xx_hal_can.c ****   {
  79              		.loc 1 327 3 view .LVU20
 327:Drivers/STM32F2xx_HAL_Driver/Src/stm32f2xx_hal_can.c ****   {
  80              		.loc 1 327 11 is_stmt 0 view .LVU21
  81 000a 90F82030 		ldrb	r3, [r0, #32]	@ zero_extendqisi2
 327:Drivers/STM32F2xx_HAL_Driver/Src/stm32f2xx_hal_can.c ****   {
  82              		.loc 1 327 6 view .LVU22
  83 000e D3B1     		cbz	r3, .L26
  84              	.LVL2:
  85              	.L4:
 335:Drivers/STM32F2xx_HAL_Driver/Src/stm32f2xx_hal_can.c **** 
  86              		.loc 1 335 3 is_stmt 1 view .LVU23
  87 0010 2268     		ldr	r2, [r4]
  88 0012 1368     		ldr	r3, [r2]
  89 0014 43F00103 		orr	r3, r3, #1
  90 0018 1360     		str	r3, [r2]
 338:Drivers/STM32F2xx_HAL_Driver/Src/stm32f2xx_hal_can.c **** 
  91              		.loc 1 338 3 view .LVU24
 338:Drivers/STM32F2xx_HAL_Driver/Src/stm32f2xx_hal_can.c **** 
  92              		.loc 1 338 15 is_stmt 0 view .LVU25
ARM GAS  /var/folders/8x/_y6g3dfs0698dfd49y4vcg_w0000gn/T//ccYyxujy.s 			page 12


  93 001a FFF7FEFF 		bl	HAL_GetTick
  94              	.LVL3:
  95 001e 0546     		mov	r5, r0
  96              	.LVL4:
 341:Drivers/STM32F2xx_HAL_Driver/Src/stm32f2xx_hal_can.c ****   {
  97              		.loc 1 341 3 is_stmt 1 view .LVU26
  98              	.L5:
 341:Drivers/STM32F2xx_HAL_Driver/Src/stm32f2xx_hal_can.c ****   {
  99              		.loc 1 341 47 view .LVU27
 341:Drivers/STM32F2xx_HAL_Driver/Src/stm32f2xx_hal_can.c ****   {
 100              		.loc 1 341 15 is_stmt 0 view .LVU28
 101 0020 2368     		ldr	r3, [r4]
 341:Drivers/STM32F2xx_HAL_Driver/Src/stm32f2xx_hal_can.c ****   {
 102              		.loc 1 341 25 view .LVU29
 103 0022 5A68     		ldr	r2, [r3, #4]
 341:Drivers/STM32F2xx_HAL_Driver/Src/stm32f2xx_hal_can.c ****   {
 104              		.loc 1 341 47 view .LVU30
 105 0024 12F0010F 		tst	r2, #1
 106 0028 10D1     		bne	.L27
 343:Drivers/STM32F2xx_HAL_Driver/Src/stm32f2xx_hal_can.c ****     {
 107              		.loc 1 343 5 is_stmt 1 view .LVU31
 343:Drivers/STM32F2xx_HAL_Driver/Src/stm32f2xx_hal_can.c ****     {
 108              		.loc 1 343 10 is_stmt 0 view .LVU32
 109 002a FFF7FEFF 		bl	HAL_GetTick
 110              	.LVL5:
 343:Drivers/STM32F2xx_HAL_Driver/Src/stm32f2xx_hal_can.c ****     {
 111              		.loc 1 343 24 discriminator 1 view .LVU33
 112 002e 401B     		subs	r0, r0, r5
 343:Drivers/STM32F2xx_HAL_Driver/Src/stm32f2xx_hal_can.c ****     {
 113              		.loc 1 343 8 discriminator 1 view .LVU34
 114 0030 0A28     		cmp	r0, #10
 115 0032 F5D9     		bls	.L5
 346:Drivers/STM32F2xx_HAL_Driver/Src/stm32f2xx_hal_can.c **** 
 116              		.loc 1 346 7 is_stmt 1 view .LVU35
 346:Drivers/STM32F2xx_HAL_Driver/Src/stm32f2xx_hal_can.c **** 
 117              		.loc 1 346 11 is_stmt 0 view .LVU36
 118 0034 636A     		ldr	r3, [r4, #36]
 346:Drivers/STM32F2xx_HAL_Driver/Src/stm32f2xx_hal_can.c **** 
 119              		.loc 1 346 23 view .LVU37
 120 0036 43F40033 		orr	r3, r3, #131072
 121 003a 6362     		str	r3, [r4, #36]
 349:Drivers/STM32F2xx_HAL_Driver/Src/stm32f2xx_hal_can.c **** 
 122              		.loc 1 349 7 is_stmt 1 view .LVU38
 349:Drivers/STM32F2xx_HAL_Driver/Src/stm32f2xx_hal_can.c **** 
 123              		.loc 1 349 19 is_stmt 0 view .LVU39
 124 003c 0523     		movs	r3, #5
 125 003e 84F82030 		strb	r3, [r4, #32]
 351:Drivers/STM32F2xx_HAL_Driver/Src/stm32f2xx_hal_can.c ****     }
 126              		.loc 1 351 7 is_stmt 1 view .LVU40
 351:Drivers/STM32F2xx_HAL_Driver/Src/stm32f2xx_hal_can.c ****     }
 127              		.loc 1 351 14 is_stmt 0 view .LVU41
 128 0042 0120     		movs	r0, #1
 129              	.L3:
 451:Drivers/STM32F2xx_HAL_Driver/Src/stm32f2xx_hal_can.c **** 
 130              		.loc 1 451 1 view .LVU42
 131 0044 38BD     		pop	{r3, r4, r5, pc}
 132              	.LVL6:
ARM GAS  /var/folders/8x/_y6g3dfs0698dfd49y4vcg_w0000gn/T//ccYyxujy.s 			page 13


 133              	.L26:
 330:Drivers/STM32F2xx_HAL_Driver/Src/stm32f2xx_hal_can.c ****   }
 134              		.loc 1 330 5 is_stmt 1 view .LVU43
 135 0046 FFF7FEFF 		bl	HAL_CAN_MspInit
 136              	.LVL7:
 330:Drivers/STM32F2xx_HAL_Driver/Src/stm32f2xx_hal_can.c ****   }
 137              		.loc 1 330 5 is_stmt 0 view .LVU44
 138 004a E1E7     		b	.L4
 139              	.LVL8:
 140              	.L27:
 356:Drivers/STM32F2xx_HAL_Driver/Src/stm32f2xx_hal_can.c **** 
 141              		.loc 1 356 3 is_stmt 1 view .LVU45
 142 004c 1A68     		ldr	r2, [r3]
 143 004e 22F00202 		bic	r2, r2, #2
 144 0052 1A60     		str	r2, [r3]
 359:Drivers/STM32F2xx_HAL_Driver/Src/stm32f2xx_hal_can.c **** 
 145              		.loc 1 359 3 view .LVU46
 359:Drivers/STM32F2xx_HAL_Driver/Src/stm32f2xx_hal_can.c **** 
 146              		.loc 1 359 15 is_stmt 0 view .LVU47
 147 0054 FFF7FEFF 		bl	HAL_GetTick
 148              	.LVL9:
 149 0058 0546     		mov	r5, r0
 150              	.LVL10:
 362:Drivers/STM32F2xx_HAL_Driver/Src/stm32f2xx_hal_can.c ****   {
 151              		.loc 1 362 3 is_stmt 1 view .LVU48
 152              	.L7:
 362:Drivers/STM32F2xx_HAL_Driver/Src/stm32f2xx_hal_can.c ****   {
 153              		.loc 1 362 47 view .LVU49
 362:Drivers/STM32F2xx_HAL_Driver/Src/stm32f2xx_hal_can.c ****   {
 154              		.loc 1 362 15 is_stmt 0 view .LVU50
 155 005a 2368     		ldr	r3, [r4]
 362:Drivers/STM32F2xx_HAL_Driver/Src/stm32f2xx_hal_can.c ****   {
 156              		.loc 1 362 25 view .LVU51
 157 005c 5A68     		ldr	r2, [r3, #4]
 362:Drivers/STM32F2xx_HAL_Driver/Src/stm32f2xx_hal_can.c ****   {
 158              		.loc 1 362 47 view .LVU52
 159 005e 12F0020F 		tst	r2, #2
 160 0062 0DD0     		beq	.L28
 364:Drivers/STM32F2xx_HAL_Driver/Src/stm32f2xx_hal_can.c ****     {
 161              		.loc 1 364 5 is_stmt 1 view .LVU53
 364:Drivers/STM32F2xx_HAL_Driver/Src/stm32f2xx_hal_can.c ****     {
 162              		.loc 1 364 10 is_stmt 0 view .LVU54
 163 0064 FFF7FEFF 		bl	HAL_GetTick
 164              	.LVL11:
 364:Drivers/STM32F2xx_HAL_Driver/Src/stm32f2xx_hal_can.c ****     {
 165              		.loc 1 364 24 discriminator 1 view .LVU55
 166 0068 401B     		subs	r0, r0, r5
 364:Drivers/STM32F2xx_HAL_Driver/Src/stm32f2xx_hal_can.c ****     {
 167              		.loc 1 364 8 discriminator 1 view .LVU56
 168 006a 0A28     		cmp	r0, #10
 169 006c F5D9     		bls	.L7
 367:Drivers/STM32F2xx_HAL_Driver/Src/stm32f2xx_hal_can.c **** 
 170              		.loc 1 367 7 is_stmt 1 view .LVU57
 367:Drivers/STM32F2xx_HAL_Driver/Src/stm32f2xx_hal_can.c **** 
 171              		.loc 1 367 11 is_stmt 0 view .LVU58
 172 006e 636A     		ldr	r3, [r4, #36]
 367:Drivers/STM32F2xx_HAL_Driver/Src/stm32f2xx_hal_can.c **** 
ARM GAS  /var/folders/8x/_y6g3dfs0698dfd49y4vcg_w0000gn/T//ccYyxujy.s 			page 14


 173              		.loc 1 367 23 view .LVU59
 174 0070 43F40033 		orr	r3, r3, #131072
 175 0074 6362     		str	r3, [r4, #36]
 370:Drivers/STM32F2xx_HAL_Driver/Src/stm32f2xx_hal_can.c **** 
 176              		.loc 1 370 7 is_stmt 1 view .LVU60
 370:Drivers/STM32F2xx_HAL_Driver/Src/stm32f2xx_hal_can.c **** 
 177              		.loc 1 370 19 is_stmt 0 view .LVU61
 178 0076 0523     		movs	r3, #5
 179 0078 84F82030 		strb	r3, [r4, #32]
 372:Drivers/STM32F2xx_HAL_Driver/Src/stm32f2xx_hal_can.c ****     }
 180              		.loc 1 372 7 is_stmt 1 view .LVU62
 372:Drivers/STM32F2xx_HAL_Driver/Src/stm32f2xx_hal_can.c ****     }
 181              		.loc 1 372 14 is_stmt 0 view .LVU63
 182 007c 0120     		movs	r0, #1
 183 007e E1E7     		b	.L3
 184              	.L28:
 377:Drivers/STM32F2xx_HAL_Driver/Src/stm32f2xx_hal_can.c ****   {
 185              		.loc 1 377 3 is_stmt 1 view .LVU64
 377:Drivers/STM32F2xx_HAL_Driver/Src/stm32f2xx_hal_can.c ****   {
 186              		.loc 1 377 17 is_stmt 0 view .LVU65
 187 0080 227E     		ldrb	r2, [r4, #24]	@ zero_extendqisi2
 377:Drivers/STM32F2xx_HAL_Driver/Src/stm32f2xx_hal_can.c ****   {
 188              		.loc 1 377 6 view .LVU66
 189 0082 012A     		cmp	r2, #1
 190 0084 3DD0     		beq	.L29
 383:Drivers/STM32F2xx_HAL_Driver/Src/stm32f2xx_hal_can.c ****   }
 191              		.loc 1 383 5 is_stmt 1 view .LVU67
 192 0086 1A68     		ldr	r2, [r3]
 193 0088 22F08002 		bic	r2, r2, #128
 194 008c 1A60     		str	r2, [r3]
 195              	.L10:
 387:Drivers/STM32F2xx_HAL_Driver/Src/stm32f2xx_hal_can.c ****   {
 196              		.loc 1 387 3 view .LVU68
 387:Drivers/STM32F2xx_HAL_Driver/Src/stm32f2xx_hal_can.c ****   {
 197              		.loc 1 387 17 is_stmt 0 view .LVU69
 198 008e 637E     		ldrb	r3, [r4, #25]	@ zero_extendqisi2
 387:Drivers/STM32F2xx_HAL_Driver/Src/stm32f2xx_hal_can.c ****   {
 199              		.loc 1 387 6 view .LVU70
 200 0090 012B     		cmp	r3, #1
 201 0092 3BD0     		beq	.L30
 393:Drivers/STM32F2xx_HAL_Driver/Src/stm32f2xx_hal_can.c ****   }
 202              		.loc 1 393 5 is_stmt 1 view .LVU71
 203 0094 2268     		ldr	r2, [r4]
 204 0096 1368     		ldr	r3, [r2]
 205 0098 23F04003 		bic	r3, r3, #64
 206 009c 1360     		str	r3, [r2]
 207              	.L12:
 397:Drivers/STM32F2xx_HAL_Driver/Src/stm32f2xx_hal_can.c ****   {
 208              		.loc 1 397 3 view .LVU72
 397:Drivers/STM32F2xx_HAL_Driver/Src/stm32f2xx_hal_can.c ****   {
 209              		.loc 1 397 17 is_stmt 0 view .LVU73
 210 009e A37E     		ldrb	r3, [r4, #26]	@ zero_extendqisi2
 397:Drivers/STM32F2xx_HAL_Driver/Src/stm32f2xx_hal_can.c ****   {
 211              		.loc 1 397 6 view .LVU74
 212 00a0 012B     		cmp	r3, #1
 213 00a2 39D0     		beq	.L31
 403:Drivers/STM32F2xx_HAL_Driver/Src/stm32f2xx_hal_can.c ****   }
ARM GAS  /var/folders/8x/_y6g3dfs0698dfd49y4vcg_w0000gn/T//ccYyxujy.s 			page 15


 214              		.loc 1 403 5 is_stmt 1 view .LVU75
 215 00a4 2268     		ldr	r2, [r4]
 216 00a6 1368     		ldr	r3, [r2]
 217 00a8 23F02003 		bic	r3, r3, #32
 218 00ac 1360     		str	r3, [r2]
 219              	.L14:
 407:Drivers/STM32F2xx_HAL_Driver/Src/stm32f2xx_hal_can.c ****   {
 220              		.loc 1 407 3 view .LVU76
 407:Drivers/STM32F2xx_HAL_Driver/Src/stm32f2xx_hal_can.c ****   {
 221              		.loc 1 407 17 is_stmt 0 view .LVU77
 222 00ae E37E     		ldrb	r3, [r4, #27]	@ zero_extendqisi2
 407:Drivers/STM32F2xx_HAL_Driver/Src/stm32f2xx_hal_can.c ****   {
 223              		.loc 1 407 6 view .LVU78
 224 00b0 012B     		cmp	r3, #1
 225 00b2 37D0     		beq	.L32
 413:Drivers/STM32F2xx_HAL_Driver/Src/stm32f2xx_hal_can.c ****   }
 226              		.loc 1 413 5 is_stmt 1 view .LVU79
 227 00b4 2268     		ldr	r2, [r4]
 228 00b6 1368     		ldr	r3, [r2]
 229 00b8 43F01003 		orr	r3, r3, #16
 230 00bc 1360     		str	r3, [r2]
 231              	.L16:
 417:Drivers/STM32F2xx_HAL_Driver/Src/stm32f2xx_hal_can.c ****   {
 232              		.loc 1 417 3 view .LVU80
 417:Drivers/STM32F2xx_HAL_Driver/Src/stm32f2xx_hal_can.c ****   {
 233              		.loc 1 417 17 is_stmt 0 view .LVU81
 234 00be 237F     		ldrb	r3, [r4, #28]	@ zero_extendqisi2
 417:Drivers/STM32F2xx_HAL_Driver/Src/stm32f2xx_hal_can.c ****   {
 235              		.loc 1 417 6 view .LVU82
 236 00c0 012B     		cmp	r3, #1
 237 00c2 35D0     		beq	.L33
 423:Drivers/STM32F2xx_HAL_Driver/Src/stm32f2xx_hal_can.c ****   }
 238              		.loc 1 423 5 is_stmt 1 view .LVU83
 239 00c4 2268     		ldr	r2, [r4]
 240 00c6 1368     		ldr	r3, [r2]
 241 00c8 23F00803 		bic	r3, r3, #8
 242 00cc 1360     		str	r3, [r2]
 243              	.L18:
 427:Drivers/STM32F2xx_HAL_Driver/Src/stm32f2xx_hal_can.c ****   {
 244              		.loc 1 427 3 view .LVU84
 427:Drivers/STM32F2xx_HAL_Driver/Src/stm32f2xx_hal_can.c ****   {
 245              		.loc 1 427 17 is_stmt 0 view .LVU85
 246 00ce 637F     		ldrb	r3, [r4, #29]	@ zero_extendqisi2
 427:Drivers/STM32F2xx_HAL_Driver/Src/stm32f2xx_hal_can.c ****   {
 247              		.loc 1 427 6 view .LVU86
 248 00d0 012B     		cmp	r3, #1
 249 00d2 33D0     		beq	.L34
 433:Drivers/STM32F2xx_HAL_Driver/Src/stm32f2xx_hal_can.c ****   }
 250              		.loc 1 433 5 is_stmt 1 view .LVU87
 251 00d4 2268     		ldr	r2, [r4]
 252 00d6 1368     		ldr	r3, [r2]
 253 00d8 23F00403 		bic	r3, r3, #4
 254 00dc 1360     		str	r3, [r2]
 255              	.L20:
 437:Drivers/STM32F2xx_HAL_Driver/Src/stm32f2xx_hal_can.c ****                                             hcan->Init.SyncJumpWidth  |
 256              		.loc 1 437 3 view .LVU88
 257 00de A368     		ldr	r3, [r4, #8]
ARM GAS  /var/folders/8x/_y6g3dfs0698dfd49y4vcg_w0000gn/T//ccYyxujy.s 			page 16


 258 00e0 E268     		ldr	r2, [r4, #12]
 259 00e2 1343     		orrs	r3, r3, r2
 260 00e4 2269     		ldr	r2, [r4, #16]
 261 00e6 1343     		orrs	r3, r3, r2
 262 00e8 6269     		ldr	r2, [r4, #20]
 263 00ea 1343     		orrs	r3, r3, r2
 264 00ec 6268     		ldr	r2, [r4, #4]
 265 00ee 013A     		subs	r2, r2, #1
 266 00f0 2168     		ldr	r1, [r4]
 267 00f2 1343     		orrs	r3, r3, r2
 268 00f4 CB61     		str	r3, [r1, #28]
 444:Drivers/STM32F2xx_HAL_Driver/Src/stm32f2xx_hal_can.c **** 
 269              		.loc 1 444 3 view .LVU89
 444:Drivers/STM32F2xx_HAL_Driver/Src/stm32f2xx_hal_can.c **** 
 270              		.loc 1 444 19 is_stmt 0 view .LVU90
 271 00f6 0020     		movs	r0, #0
 272 00f8 6062     		str	r0, [r4, #36]
 447:Drivers/STM32F2xx_HAL_Driver/Src/stm32f2xx_hal_can.c **** 
 273              		.loc 1 447 3 is_stmt 1 view .LVU91
 447:Drivers/STM32F2xx_HAL_Driver/Src/stm32f2xx_hal_can.c **** 
 274              		.loc 1 447 15 is_stmt 0 view .LVU92
 275 00fa 0123     		movs	r3, #1
 276 00fc 84F82030 		strb	r3, [r4, #32]
 450:Drivers/STM32F2xx_HAL_Driver/Src/stm32f2xx_hal_can.c **** }
 277              		.loc 1 450 3 is_stmt 1 view .LVU93
 450:Drivers/STM32F2xx_HAL_Driver/Src/stm32f2xx_hal_can.c **** }
 278              		.loc 1 450 10 is_stmt 0 view .LVU94
 279 0100 A0E7     		b	.L3
 280              	.L29:
 379:Drivers/STM32F2xx_HAL_Driver/Src/stm32f2xx_hal_can.c ****   }
 281              		.loc 1 379 5 is_stmt 1 view .LVU95
 282 0102 1A68     		ldr	r2, [r3]
 283 0104 42F08002 		orr	r2, r2, #128
 284 0108 1A60     		str	r2, [r3]
 285 010a C0E7     		b	.L10
 286              	.L30:
 389:Drivers/STM32F2xx_HAL_Driver/Src/stm32f2xx_hal_can.c ****   }
 287              		.loc 1 389 5 view .LVU96
 288 010c 2268     		ldr	r2, [r4]
 289 010e 1368     		ldr	r3, [r2]
 290 0110 43F04003 		orr	r3, r3, #64
 291 0114 1360     		str	r3, [r2]
 292 0116 C2E7     		b	.L12
 293              	.L31:
 399:Drivers/STM32F2xx_HAL_Driver/Src/stm32f2xx_hal_can.c ****   }
 294              		.loc 1 399 5 view .LVU97
 295 0118 2268     		ldr	r2, [r4]
 296 011a 1368     		ldr	r3, [r2]
 297 011c 43F02003 		orr	r3, r3, #32
 298 0120 1360     		str	r3, [r2]
 299 0122 C4E7     		b	.L14
 300              	.L32:
 409:Drivers/STM32F2xx_HAL_Driver/Src/stm32f2xx_hal_can.c ****   }
 301              		.loc 1 409 5 view .LVU98
 302 0124 2268     		ldr	r2, [r4]
 303 0126 1368     		ldr	r3, [r2]
 304 0128 23F01003 		bic	r3, r3, #16
ARM GAS  /var/folders/8x/_y6g3dfs0698dfd49y4vcg_w0000gn/T//ccYyxujy.s 			page 17


 305 012c 1360     		str	r3, [r2]
 306 012e C6E7     		b	.L16
 307              	.L33:
 419:Drivers/STM32F2xx_HAL_Driver/Src/stm32f2xx_hal_can.c ****   }
 308              		.loc 1 419 5 view .LVU99
 309 0130 2268     		ldr	r2, [r4]
 310 0132 1368     		ldr	r3, [r2]
 311 0134 43F00803 		orr	r3, r3, #8
 312 0138 1360     		str	r3, [r2]
 313 013a C8E7     		b	.L18
 314              	.L34:
 429:Drivers/STM32F2xx_HAL_Driver/Src/stm32f2xx_hal_can.c ****   }
 315              		.loc 1 429 5 view .LVU100
 316 013c 2268     		ldr	r2, [r4]
 317 013e 1368     		ldr	r3, [r2]
 318 0140 43F00403 		orr	r3, r3, #4
 319 0144 1360     		str	r3, [r2]
 320 0146 CAE7     		b	.L20
 321              	.LVL12:
 322              	.L21:
 323              	.LCFI1:
 324              		.cfi_def_cfa_offset 0
 325              		.cfi_restore 3
 326              		.cfi_restore 4
 327              		.cfi_restore 5
 328              		.cfi_restore 14
 282:Drivers/STM32F2xx_HAL_Driver/Src/stm32f2xx_hal_can.c ****   }
 329              		.loc 1 282 12 is_stmt 0 view .LVU101
 330 0148 0120     		movs	r0, #1
 331              	.LVL13:
 451:Drivers/STM32F2xx_HAL_Driver/Src/stm32f2xx_hal_can.c **** 
 332              		.loc 1 451 1 view .LVU102
 333 014a 7047     		bx	lr
 334              		.cfi_endproc
 335              	.LFE72:
 337              		.section	.text.HAL_CAN_MspDeInit,"ax",%progbits
 338              		.align	1
 339              		.weak	HAL_CAN_MspDeInit
 340              		.syntax unified
 341              		.thumb
 342              		.thumb_func
 344              	HAL_CAN_MspDeInit:
 345              	.LVL14:
 346              	.LFB75:
 516:Drivers/STM32F2xx_HAL_Driver/Src/stm32f2xx_hal_can.c **** 
 517:Drivers/STM32F2xx_HAL_Driver/Src/stm32f2xx_hal_can.c **** /**
 518:Drivers/STM32F2xx_HAL_Driver/Src/stm32f2xx_hal_can.c ****   * @brief  DeInitializes the CAN MSP.
 519:Drivers/STM32F2xx_HAL_Driver/Src/stm32f2xx_hal_can.c ****   * @param  hcan pointer to a CAN_HandleTypeDef structure that contains
 520:Drivers/STM32F2xx_HAL_Driver/Src/stm32f2xx_hal_can.c ****   *         the configuration information for the specified CAN.
 521:Drivers/STM32F2xx_HAL_Driver/Src/stm32f2xx_hal_can.c ****   * @retval None
 522:Drivers/STM32F2xx_HAL_Driver/Src/stm32f2xx_hal_can.c ****   */
 523:Drivers/STM32F2xx_HAL_Driver/Src/stm32f2xx_hal_can.c **** __weak void HAL_CAN_MspDeInit(CAN_HandleTypeDef *hcan)
 524:Drivers/STM32F2xx_HAL_Driver/Src/stm32f2xx_hal_can.c **** {
 347              		.loc 1 524 1 is_stmt 1 view -0
 348              		.cfi_startproc
 349              		@ args = 0, pretend = 0, frame = 0
 350              		@ frame_needed = 0, uses_anonymous_args = 0
ARM GAS  /var/folders/8x/_y6g3dfs0698dfd49y4vcg_w0000gn/T//ccYyxujy.s 			page 18


 351              		@ link register save eliminated.
 525:Drivers/STM32F2xx_HAL_Driver/Src/stm32f2xx_hal_can.c ****   /* Prevent unused argument(s) compilation warning */
 526:Drivers/STM32F2xx_HAL_Driver/Src/stm32f2xx_hal_can.c ****   UNUSED(hcan);
 352              		.loc 1 526 3 view .LVU104
 527:Drivers/STM32F2xx_HAL_Driver/Src/stm32f2xx_hal_can.c **** 
 528:Drivers/STM32F2xx_HAL_Driver/Src/stm32f2xx_hal_can.c ****   /* NOTE : This function Should not be modified, when the callback is needed,
 529:Drivers/STM32F2xx_HAL_Driver/Src/stm32f2xx_hal_can.c ****             the HAL_CAN_MspDeInit could be implemented in the user file
 530:Drivers/STM32F2xx_HAL_Driver/Src/stm32f2xx_hal_can.c ****    */
 531:Drivers/STM32F2xx_HAL_Driver/Src/stm32f2xx_hal_can.c **** }
 353              		.loc 1 531 1 is_stmt 0 view .LVU105
 354 0000 7047     		bx	lr
 355              		.cfi_endproc
 356              	.LFE75:
 358              		.section	.text.HAL_CAN_ConfigFilter,"ax",%progbits
 359              		.align	1
 360              		.global	HAL_CAN_ConfigFilter
 361              		.syntax unified
 362              		.thumb
 363              		.thumb_func
 365              	HAL_CAN_ConfigFilter:
 366              	.LVL15:
 367              	.LFB76:
 532:Drivers/STM32F2xx_HAL_Driver/Src/stm32f2xx_hal_can.c **** 
 533:Drivers/STM32F2xx_HAL_Driver/Src/stm32f2xx_hal_can.c **** #if USE_HAL_CAN_REGISTER_CALLBACKS == 1
 534:Drivers/STM32F2xx_HAL_Driver/Src/stm32f2xx_hal_can.c **** /**
 535:Drivers/STM32F2xx_HAL_Driver/Src/stm32f2xx_hal_can.c ****   * @brief  Register a CAN CallBack.
 536:Drivers/STM32F2xx_HAL_Driver/Src/stm32f2xx_hal_can.c ****   *         To be used instead of the weak predefined callback
 537:Drivers/STM32F2xx_HAL_Driver/Src/stm32f2xx_hal_can.c ****   * @param  hcan pointer to a CAN_HandleTypeDef structure that contains
 538:Drivers/STM32F2xx_HAL_Driver/Src/stm32f2xx_hal_can.c ****   *         the configuration information for CAN module
 539:Drivers/STM32F2xx_HAL_Driver/Src/stm32f2xx_hal_can.c ****   * @param  CallbackID ID of the callback to be registered
 540:Drivers/STM32F2xx_HAL_Driver/Src/stm32f2xx_hal_can.c ****   *         This parameter can be one of the following values:
 541:Drivers/STM32F2xx_HAL_Driver/Src/stm32f2xx_hal_can.c ****   *           @arg @ref HAL_CAN_TX_MAILBOX0_COMPLETE_CB_ID Tx Mailbox 0 Complete callback ID
 542:Drivers/STM32F2xx_HAL_Driver/Src/stm32f2xx_hal_can.c ****   *           @arg @ref HAL_CAN_TX_MAILBOX1_COMPLETE_CB_ID Tx Mailbox 1 Complete callback ID
 543:Drivers/STM32F2xx_HAL_Driver/Src/stm32f2xx_hal_can.c ****   *           @arg @ref HAL_CAN_TX_MAILBOX2_COMPLETE_CB_ID Tx Mailbox 2 Complete callback ID
 544:Drivers/STM32F2xx_HAL_Driver/Src/stm32f2xx_hal_can.c ****   *           @arg @ref HAL_CAN_TX_MAILBOX0_ABORT_CB_ID Tx Mailbox 0 Abort callback ID
 545:Drivers/STM32F2xx_HAL_Driver/Src/stm32f2xx_hal_can.c ****   *           @arg @ref HAL_CAN_TX_MAILBOX1_ABORT_CB_ID Tx Mailbox 1 Abort callback ID
 546:Drivers/STM32F2xx_HAL_Driver/Src/stm32f2xx_hal_can.c ****   *           @arg @ref HAL_CAN_TX_MAILBOX2_ABORT_CB_ID Tx Mailbox 2 Abort callback ID
 547:Drivers/STM32F2xx_HAL_Driver/Src/stm32f2xx_hal_can.c ****   *           @arg @ref HAL_CAN_RX_FIFO0_MSG_PENDING_CB_ID Rx Fifo 0 message pending callback ID
 548:Drivers/STM32F2xx_HAL_Driver/Src/stm32f2xx_hal_can.c ****   *           @arg @ref HAL_CAN_RX_FIFO0_FULL_CB_ID Rx Fifo 0 full callback ID
 549:Drivers/STM32F2xx_HAL_Driver/Src/stm32f2xx_hal_can.c ****   *           @arg @ref HAL_CAN_RX_FIFO1_MSG_PENDING_CB_ID Rx Fifo 1 message pending callback ID
 550:Drivers/STM32F2xx_HAL_Driver/Src/stm32f2xx_hal_can.c ****   *           @arg @ref HAL_CAN_RX_FIFO1_FULL_CB_ID Rx Fifo 1 full callback ID
 551:Drivers/STM32F2xx_HAL_Driver/Src/stm32f2xx_hal_can.c ****   *           @arg @ref HAL_CAN_SLEEP_CB_ID Sleep callback ID
 552:Drivers/STM32F2xx_HAL_Driver/Src/stm32f2xx_hal_can.c ****   *           @arg @ref HAL_CAN_WAKEUP_FROM_RX_MSG_CB_ID Wake Up from Rx message callback ID
 553:Drivers/STM32F2xx_HAL_Driver/Src/stm32f2xx_hal_can.c ****   *           @arg @ref HAL_CAN_ERROR_CB_ID Error callback ID
 554:Drivers/STM32F2xx_HAL_Driver/Src/stm32f2xx_hal_can.c ****   *           @arg @ref HAL_CAN_MSPINIT_CB_ID MspInit callback ID
 555:Drivers/STM32F2xx_HAL_Driver/Src/stm32f2xx_hal_can.c ****   *           @arg @ref HAL_CAN_MSPDEINIT_CB_ID MspDeInit callback ID
 556:Drivers/STM32F2xx_HAL_Driver/Src/stm32f2xx_hal_can.c ****   * @param  pCallback pointer to the Callback function
 557:Drivers/STM32F2xx_HAL_Driver/Src/stm32f2xx_hal_can.c ****   * @retval HAL status
 558:Drivers/STM32F2xx_HAL_Driver/Src/stm32f2xx_hal_can.c ****   */
 559:Drivers/STM32F2xx_HAL_Driver/Src/stm32f2xx_hal_can.c **** HAL_StatusTypeDef HAL_CAN_RegisterCallback(CAN_HandleTypeDef *hcan, HAL_CAN_CallbackIDTypeDef Callb
 560:Drivers/STM32F2xx_HAL_Driver/Src/stm32f2xx_hal_can.c ****                                            void (* pCallback)(CAN_HandleTypeDef *_hcan))
 561:Drivers/STM32F2xx_HAL_Driver/Src/stm32f2xx_hal_can.c **** {
 562:Drivers/STM32F2xx_HAL_Driver/Src/stm32f2xx_hal_can.c ****   HAL_StatusTypeDef status = HAL_OK;
 563:Drivers/STM32F2xx_HAL_Driver/Src/stm32f2xx_hal_can.c **** 
 564:Drivers/STM32F2xx_HAL_Driver/Src/stm32f2xx_hal_can.c ****   if (pCallback == NULL)
 565:Drivers/STM32F2xx_HAL_Driver/Src/stm32f2xx_hal_can.c ****   {
 566:Drivers/STM32F2xx_HAL_Driver/Src/stm32f2xx_hal_can.c ****     /* Update the error code */
ARM GAS  /var/folders/8x/_y6g3dfs0698dfd49y4vcg_w0000gn/T//ccYyxujy.s 			page 19


 567:Drivers/STM32F2xx_HAL_Driver/Src/stm32f2xx_hal_can.c ****     hcan->ErrorCode |= HAL_CAN_ERROR_INVALID_CALLBACK;
 568:Drivers/STM32F2xx_HAL_Driver/Src/stm32f2xx_hal_can.c **** 
 569:Drivers/STM32F2xx_HAL_Driver/Src/stm32f2xx_hal_can.c ****     return HAL_ERROR;
 570:Drivers/STM32F2xx_HAL_Driver/Src/stm32f2xx_hal_can.c ****   }
 571:Drivers/STM32F2xx_HAL_Driver/Src/stm32f2xx_hal_can.c **** 
 572:Drivers/STM32F2xx_HAL_Driver/Src/stm32f2xx_hal_can.c ****   if (hcan->State == HAL_CAN_STATE_READY)
 573:Drivers/STM32F2xx_HAL_Driver/Src/stm32f2xx_hal_can.c ****   {
 574:Drivers/STM32F2xx_HAL_Driver/Src/stm32f2xx_hal_can.c ****     switch (CallbackID)
 575:Drivers/STM32F2xx_HAL_Driver/Src/stm32f2xx_hal_can.c ****     {
 576:Drivers/STM32F2xx_HAL_Driver/Src/stm32f2xx_hal_can.c ****       case HAL_CAN_TX_MAILBOX0_COMPLETE_CB_ID :
 577:Drivers/STM32F2xx_HAL_Driver/Src/stm32f2xx_hal_can.c ****         hcan->TxMailbox0CompleteCallback = pCallback;
 578:Drivers/STM32F2xx_HAL_Driver/Src/stm32f2xx_hal_can.c ****         break;
 579:Drivers/STM32F2xx_HAL_Driver/Src/stm32f2xx_hal_can.c **** 
 580:Drivers/STM32F2xx_HAL_Driver/Src/stm32f2xx_hal_can.c ****       case HAL_CAN_TX_MAILBOX1_COMPLETE_CB_ID :
 581:Drivers/STM32F2xx_HAL_Driver/Src/stm32f2xx_hal_can.c ****         hcan->TxMailbox1CompleteCallback = pCallback;
 582:Drivers/STM32F2xx_HAL_Driver/Src/stm32f2xx_hal_can.c ****         break;
 583:Drivers/STM32F2xx_HAL_Driver/Src/stm32f2xx_hal_can.c **** 
 584:Drivers/STM32F2xx_HAL_Driver/Src/stm32f2xx_hal_can.c ****       case HAL_CAN_TX_MAILBOX2_COMPLETE_CB_ID :
 585:Drivers/STM32F2xx_HAL_Driver/Src/stm32f2xx_hal_can.c ****         hcan->TxMailbox2CompleteCallback = pCallback;
 586:Drivers/STM32F2xx_HAL_Driver/Src/stm32f2xx_hal_can.c ****         break;
 587:Drivers/STM32F2xx_HAL_Driver/Src/stm32f2xx_hal_can.c **** 
 588:Drivers/STM32F2xx_HAL_Driver/Src/stm32f2xx_hal_can.c ****       case HAL_CAN_TX_MAILBOX0_ABORT_CB_ID :
 589:Drivers/STM32F2xx_HAL_Driver/Src/stm32f2xx_hal_can.c ****         hcan->TxMailbox0AbortCallback = pCallback;
 590:Drivers/STM32F2xx_HAL_Driver/Src/stm32f2xx_hal_can.c ****         break;
 591:Drivers/STM32F2xx_HAL_Driver/Src/stm32f2xx_hal_can.c **** 
 592:Drivers/STM32F2xx_HAL_Driver/Src/stm32f2xx_hal_can.c ****       case HAL_CAN_TX_MAILBOX1_ABORT_CB_ID :
 593:Drivers/STM32F2xx_HAL_Driver/Src/stm32f2xx_hal_can.c ****         hcan->TxMailbox1AbortCallback = pCallback;
 594:Drivers/STM32F2xx_HAL_Driver/Src/stm32f2xx_hal_can.c ****         break;
 595:Drivers/STM32F2xx_HAL_Driver/Src/stm32f2xx_hal_can.c **** 
 596:Drivers/STM32F2xx_HAL_Driver/Src/stm32f2xx_hal_can.c ****       case HAL_CAN_TX_MAILBOX2_ABORT_CB_ID :
 597:Drivers/STM32F2xx_HAL_Driver/Src/stm32f2xx_hal_can.c ****         hcan->TxMailbox2AbortCallback = pCallback;
 598:Drivers/STM32F2xx_HAL_Driver/Src/stm32f2xx_hal_can.c ****         break;
 599:Drivers/STM32F2xx_HAL_Driver/Src/stm32f2xx_hal_can.c **** 
 600:Drivers/STM32F2xx_HAL_Driver/Src/stm32f2xx_hal_can.c ****       case HAL_CAN_RX_FIFO0_MSG_PENDING_CB_ID :
 601:Drivers/STM32F2xx_HAL_Driver/Src/stm32f2xx_hal_can.c ****         hcan->RxFifo0MsgPendingCallback = pCallback;
 602:Drivers/STM32F2xx_HAL_Driver/Src/stm32f2xx_hal_can.c ****         break;
 603:Drivers/STM32F2xx_HAL_Driver/Src/stm32f2xx_hal_can.c **** 
 604:Drivers/STM32F2xx_HAL_Driver/Src/stm32f2xx_hal_can.c ****       case HAL_CAN_RX_FIFO0_FULL_CB_ID :
 605:Drivers/STM32F2xx_HAL_Driver/Src/stm32f2xx_hal_can.c ****         hcan->RxFifo0FullCallback = pCallback;
 606:Drivers/STM32F2xx_HAL_Driver/Src/stm32f2xx_hal_can.c ****         break;
 607:Drivers/STM32F2xx_HAL_Driver/Src/stm32f2xx_hal_can.c **** 
 608:Drivers/STM32F2xx_HAL_Driver/Src/stm32f2xx_hal_can.c ****       case HAL_CAN_RX_FIFO1_MSG_PENDING_CB_ID :
 609:Drivers/STM32F2xx_HAL_Driver/Src/stm32f2xx_hal_can.c ****         hcan->RxFifo1MsgPendingCallback = pCallback;
 610:Drivers/STM32F2xx_HAL_Driver/Src/stm32f2xx_hal_can.c ****         break;
 611:Drivers/STM32F2xx_HAL_Driver/Src/stm32f2xx_hal_can.c **** 
 612:Drivers/STM32F2xx_HAL_Driver/Src/stm32f2xx_hal_can.c ****       case HAL_CAN_RX_FIFO1_FULL_CB_ID :
 613:Drivers/STM32F2xx_HAL_Driver/Src/stm32f2xx_hal_can.c ****         hcan->RxFifo1FullCallback = pCallback;
 614:Drivers/STM32F2xx_HAL_Driver/Src/stm32f2xx_hal_can.c ****         break;
 615:Drivers/STM32F2xx_HAL_Driver/Src/stm32f2xx_hal_can.c **** 
 616:Drivers/STM32F2xx_HAL_Driver/Src/stm32f2xx_hal_can.c ****       case HAL_CAN_SLEEP_CB_ID :
 617:Drivers/STM32F2xx_HAL_Driver/Src/stm32f2xx_hal_can.c ****         hcan->SleepCallback = pCallback;
 618:Drivers/STM32F2xx_HAL_Driver/Src/stm32f2xx_hal_can.c ****         break;
 619:Drivers/STM32F2xx_HAL_Driver/Src/stm32f2xx_hal_can.c **** 
 620:Drivers/STM32F2xx_HAL_Driver/Src/stm32f2xx_hal_can.c ****       case HAL_CAN_WAKEUP_FROM_RX_MSG_CB_ID :
 621:Drivers/STM32F2xx_HAL_Driver/Src/stm32f2xx_hal_can.c ****         hcan->WakeUpFromRxMsgCallback = pCallback;
 622:Drivers/STM32F2xx_HAL_Driver/Src/stm32f2xx_hal_can.c ****         break;
 623:Drivers/STM32F2xx_HAL_Driver/Src/stm32f2xx_hal_can.c **** 
ARM GAS  /var/folders/8x/_y6g3dfs0698dfd49y4vcg_w0000gn/T//ccYyxujy.s 			page 20


 624:Drivers/STM32F2xx_HAL_Driver/Src/stm32f2xx_hal_can.c ****       case HAL_CAN_ERROR_CB_ID :
 625:Drivers/STM32F2xx_HAL_Driver/Src/stm32f2xx_hal_can.c ****         hcan->ErrorCallback = pCallback;
 626:Drivers/STM32F2xx_HAL_Driver/Src/stm32f2xx_hal_can.c ****         break;
 627:Drivers/STM32F2xx_HAL_Driver/Src/stm32f2xx_hal_can.c **** 
 628:Drivers/STM32F2xx_HAL_Driver/Src/stm32f2xx_hal_can.c ****       case HAL_CAN_MSPINIT_CB_ID :
 629:Drivers/STM32F2xx_HAL_Driver/Src/stm32f2xx_hal_can.c ****         hcan->MspInitCallback = pCallback;
 630:Drivers/STM32F2xx_HAL_Driver/Src/stm32f2xx_hal_can.c ****         break;
 631:Drivers/STM32F2xx_HAL_Driver/Src/stm32f2xx_hal_can.c **** 
 632:Drivers/STM32F2xx_HAL_Driver/Src/stm32f2xx_hal_can.c ****       case HAL_CAN_MSPDEINIT_CB_ID :
 633:Drivers/STM32F2xx_HAL_Driver/Src/stm32f2xx_hal_can.c ****         hcan->MspDeInitCallback = pCallback;
 634:Drivers/STM32F2xx_HAL_Driver/Src/stm32f2xx_hal_can.c ****         break;
 635:Drivers/STM32F2xx_HAL_Driver/Src/stm32f2xx_hal_can.c **** 
 636:Drivers/STM32F2xx_HAL_Driver/Src/stm32f2xx_hal_can.c ****       default :
 637:Drivers/STM32F2xx_HAL_Driver/Src/stm32f2xx_hal_can.c ****         /* Update the error code */
 638:Drivers/STM32F2xx_HAL_Driver/Src/stm32f2xx_hal_can.c ****         hcan->ErrorCode |= HAL_CAN_ERROR_INVALID_CALLBACK;
 639:Drivers/STM32F2xx_HAL_Driver/Src/stm32f2xx_hal_can.c **** 
 640:Drivers/STM32F2xx_HAL_Driver/Src/stm32f2xx_hal_can.c ****         /* Return error status */
 641:Drivers/STM32F2xx_HAL_Driver/Src/stm32f2xx_hal_can.c ****         status =  HAL_ERROR;
 642:Drivers/STM32F2xx_HAL_Driver/Src/stm32f2xx_hal_can.c ****         break;
 643:Drivers/STM32F2xx_HAL_Driver/Src/stm32f2xx_hal_can.c ****     }
 644:Drivers/STM32F2xx_HAL_Driver/Src/stm32f2xx_hal_can.c ****   }
 645:Drivers/STM32F2xx_HAL_Driver/Src/stm32f2xx_hal_can.c ****   else if (hcan->State == HAL_CAN_STATE_RESET)
 646:Drivers/STM32F2xx_HAL_Driver/Src/stm32f2xx_hal_can.c ****   {
 647:Drivers/STM32F2xx_HAL_Driver/Src/stm32f2xx_hal_can.c ****     switch (CallbackID)
 648:Drivers/STM32F2xx_HAL_Driver/Src/stm32f2xx_hal_can.c ****     {
 649:Drivers/STM32F2xx_HAL_Driver/Src/stm32f2xx_hal_can.c ****       case HAL_CAN_MSPINIT_CB_ID :
 650:Drivers/STM32F2xx_HAL_Driver/Src/stm32f2xx_hal_can.c ****         hcan->MspInitCallback = pCallback;
 651:Drivers/STM32F2xx_HAL_Driver/Src/stm32f2xx_hal_can.c ****         break;
 652:Drivers/STM32F2xx_HAL_Driver/Src/stm32f2xx_hal_can.c **** 
 653:Drivers/STM32F2xx_HAL_Driver/Src/stm32f2xx_hal_can.c ****       case HAL_CAN_MSPDEINIT_CB_ID :
 654:Drivers/STM32F2xx_HAL_Driver/Src/stm32f2xx_hal_can.c ****         hcan->MspDeInitCallback = pCallback;
 655:Drivers/STM32F2xx_HAL_Driver/Src/stm32f2xx_hal_can.c ****         break;
 656:Drivers/STM32F2xx_HAL_Driver/Src/stm32f2xx_hal_can.c **** 
 657:Drivers/STM32F2xx_HAL_Driver/Src/stm32f2xx_hal_can.c ****       default :
 658:Drivers/STM32F2xx_HAL_Driver/Src/stm32f2xx_hal_can.c ****         /* Update the error code */
 659:Drivers/STM32F2xx_HAL_Driver/Src/stm32f2xx_hal_can.c ****         hcan->ErrorCode |= HAL_CAN_ERROR_INVALID_CALLBACK;
 660:Drivers/STM32F2xx_HAL_Driver/Src/stm32f2xx_hal_can.c **** 
 661:Drivers/STM32F2xx_HAL_Driver/Src/stm32f2xx_hal_can.c ****         /* Return error status */
 662:Drivers/STM32F2xx_HAL_Driver/Src/stm32f2xx_hal_can.c ****         status =  HAL_ERROR;
 663:Drivers/STM32F2xx_HAL_Driver/Src/stm32f2xx_hal_can.c ****         break;
 664:Drivers/STM32F2xx_HAL_Driver/Src/stm32f2xx_hal_can.c ****     }
 665:Drivers/STM32F2xx_HAL_Driver/Src/stm32f2xx_hal_can.c ****   }
 666:Drivers/STM32F2xx_HAL_Driver/Src/stm32f2xx_hal_can.c ****   else
 667:Drivers/STM32F2xx_HAL_Driver/Src/stm32f2xx_hal_can.c ****   {
 668:Drivers/STM32F2xx_HAL_Driver/Src/stm32f2xx_hal_can.c ****     /* Update the error code */
 669:Drivers/STM32F2xx_HAL_Driver/Src/stm32f2xx_hal_can.c ****     hcan->ErrorCode |= HAL_CAN_ERROR_INVALID_CALLBACK;
 670:Drivers/STM32F2xx_HAL_Driver/Src/stm32f2xx_hal_can.c **** 
 671:Drivers/STM32F2xx_HAL_Driver/Src/stm32f2xx_hal_can.c ****     /* Return error status */
 672:Drivers/STM32F2xx_HAL_Driver/Src/stm32f2xx_hal_can.c ****     status =  HAL_ERROR;
 673:Drivers/STM32F2xx_HAL_Driver/Src/stm32f2xx_hal_can.c ****   }
 674:Drivers/STM32F2xx_HAL_Driver/Src/stm32f2xx_hal_can.c **** 
 675:Drivers/STM32F2xx_HAL_Driver/Src/stm32f2xx_hal_can.c ****   return status;
 676:Drivers/STM32F2xx_HAL_Driver/Src/stm32f2xx_hal_can.c **** }
 677:Drivers/STM32F2xx_HAL_Driver/Src/stm32f2xx_hal_can.c **** 
 678:Drivers/STM32F2xx_HAL_Driver/Src/stm32f2xx_hal_can.c **** /**
 679:Drivers/STM32F2xx_HAL_Driver/Src/stm32f2xx_hal_can.c ****   * @brief  Unregister a CAN CallBack.
 680:Drivers/STM32F2xx_HAL_Driver/Src/stm32f2xx_hal_can.c ****   *         CAN callback is redirected to the weak predefined callback
ARM GAS  /var/folders/8x/_y6g3dfs0698dfd49y4vcg_w0000gn/T//ccYyxujy.s 			page 21


 681:Drivers/STM32F2xx_HAL_Driver/Src/stm32f2xx_hal_can.c ****   * @param  hcan pointer to a CAN_HandleTypeDef structure that contains
 682:Drivers/STM32F2xx_HAL_Driver/Src/stm32f2xx_hal_can.c ****   *         the configuration information for CAN module
 683:Drivers/STM32F2xx_HAL_Driver/Src/stm32f2xx_hal_can.c ****   * @param  CallbackID ID of the callback to be unregistered
 684:Drivers/STM32F2xx_HAL_Driver/Src/stm32f2xx_hal_can.c ****   *         This parameter can be one of the following values:
 685:Drivers/STM32F2xx_HAL_Driver/Src/stm32f2xx_hal_can.c ****   *           @arg @ref HAL_CAN_TX_MAILBOX0_COMPLETE_CB_ID Tx Mailbox 0 Complete callback ID
 686:Drivers/STM32F2xx_HAL_Driver/Src/stm32f2xx_hal_can.c ****   *           @arg @ref HAL_CAN_TX_MAILBOX1_COMPLETE_CB_ID Tx Mailbox 1 Complete callback ID
 687:Drivers/STM32F2xx_HAL_Driver/Src/stm32f2xx_hal_can.c ****   *           @arg @ref HAL_CAN_TX_MAILBOX2_COMPLETE_CB_ID Tx Mailbox 2 Complete callback ID
 688:Drivers/STM32F2xx_HAL_Driver/Src/stm32f2xx_hal_can.c ****   *           @arg @ref HAL_CAN_TX_MAILBOX0_ABORT_CB_ID Tx Mailbox 0 Abort callback ID
 689:Drivers/STM32F2xx_HAL_Driver/Src/stm32f2xx_hal_can.c ****   *           @arg @ref HAL_CAN_TX_MAILBOX1_ABORT_CB_ID Tx Mailbox 1 Abort callback ID
 690:Drivers/STM32F2xx_HAL_Driver/Src/stm32f2xx_hal_can.c ****   *           @arg @ref HAL_CAN_TX_MAILBOX2_ABORT_CB_ID Tx Mailbox 2 Abort callback ID
 691:Drivers/STM32F2xx_HAL_Driver/Src/stm32f2xx_hal_can.c ****   *           @arg @ref HAL_CAN_RX_FIFO0_MSG_PENDING_CB_ID Rx Fifo 0 message pending callback ID
 692:Drivers/STM32F2xx_HAL_Driver/Src/stm32f2xx_hal_can.c ****   *           @arg @ref HAL_CAN_RX_FIFO0_FULL_CB_ID Rx Fifo 0 full callback ID
 693:Drivers/STM32F2xx_HAL_Driver/Src/stm32f2xx_hal_can.c ****   *           @arg @ref HAL_CAN_RX_FIFO1_MSG_PENDING_CB_ID Rx Fifo 1 message pending callback ID
 694:Drivers/STM32F2xx_HAL_Driver/Src/stm32f2xx_hal_can.c ****   *           @arg @ref HAL_CAN_RX_FIFO1_FULL_CB_ID Rx Fifo 1 full callback ID
 695:Drivers/STM32F2xx_HAL_Driver/Src/stm32f2xx_hal_can.c ****   *           @arg @ref HAL_CAN_SLEEP_CB_ID Sleep callback ID
 696:Drivers/STM32F2xx_HAL_Driver/Src/stm32f2xx_hal_can.c ****   *           @arg @ref HAL_CAN_WAKEUP_FROM_RX_MSG_CB_ID Wake Up from Rx message callback ID
 697:Drivers/STM32F2xx_HAL_Driver/Src/stm32f2xx_hal_can.c ****   *           @arg @ref HAL_CAN_ERROR_CB_ID Error callback ID
 698:Drivers/STM32F2xx_HAL_Driver/Src/stm32f2xx_hal_can.c ****   *           @arg @ref HAL_CAN_MSPINIT_CB_ID MspInit callback ID
 699:Drivers/STM32F2xx_HAL_Driver/Src/stm32f2xx_hal_can.c ****   *           @arg @ref HAL_CAN_MSPDEINIT_CB_ID MspDeInit callback ID
 700:Drivers/STM32F2xx_HAL_Driver/Src/stm32f2xx_hal_can.c ****   * @retval HAL status
 701:Drivers/STM32F2xx_HAL_Driver/Src/stm32f2xx_hal_can.c ****   */
 702:Drivers/STM32F2xx_HAL_Driver/Src/stm32f2xx_hal_can.c **** HAL_StatusTypeDef HAL_CAN_UnRegisterCallback(CAN_HandleTypeDef *hcan, HAL_CAN_CallbackIDTypeDef Cal
 703:Drivers/STM32F2xx_HAL_Driver/Src/stm32f2xx_hal_can.c **** {
 704:Drivers/STM32F2xx_HAL_Driver/Src/stm32f2xx_hal_can.c ****   HAL_StatusTypeDef status = HAL_OK;
 705:Drivers/STM32F2xx_HAL_Driver/Src/stm32f2xx_hal_can.c **** 
 706:Drivers/STM32F2xx_HAL_Driver/Src/stm32f2xx_hal_can.c ****   if (hcan->State == HAL_CAN_STATE_READY)
 707:Drivers/STM32F2xx_HAL_Driver/Src/stm32f2xx_hal_can.c ****   {
 708:Drivers/STM32F2xx_HAL_Driver/Src/stm32f2xx_hal_can.c ****     switch (CallbackID)
 709:Drivers/STM32F2xx_HAL_Driver/Src/stm32f2xx_hal_can.c ****     {
 710:Drivers/STM32F2xx_HAL_Driver/Src/stm32f2xx_hal_can.c ****       case HAL_CAN_TX_MAILBOX0_COMPLETE_CB_ID :
 711:Drivers/STM32F2xx_HAL_Driver/Src/stm32f2xx_hal_can.c ****         hcan->TxMailbox0CompleteCallback = HAL_CAN_TxMailbox0CompleteCallback;
 712:Drivers/STM32F2xx_HAL_Driver/Src/stm32f2xx_hal_can.c ****         break;
 713:Drivers/STM32F2xx_HAL_Driver/Src/stm32f2xx_hal_can.c **** 
 714:Drivers/STM32F2xx_HAL_Driver/Src/stm32f2xx_hal_can.c ****       case HAL_CAN_TX_MAILBOX1_COMPLETE_CB_ID :
 715:Drivers/STM32F2xx_HAL_Driver/Src/stm32f2xx_hal_can.c ****         hcan->TxMailbox1CompleteCallback = HAL_CAN_TxMailbox1CompleteCallback;
 716:Drivers/STM32F2xx_HAL_Driver/Src/stm32f2xx_hal_can.c ****         break;
 717:Drivers/STM32F2xx_HAL_Driver/Src/stm32f2xx_hal_can.c **** 
 718:Drivers/STM32F2xx_HAL_Driver/Src/stm32f2xx_hal_can.c ****       case HAL_CAN_TX_MAILBOX2_COMPLETE_CB_ID :
 719:Drivers/STM32F2xx_HAL_Driver/Src/stm32f2xx_hal_can.c ****         hcan->TxMailbox2CompleteCallback = HAL_CAN_TxMailbox2CompleteCallback;
 720:Drivers/STM32F2xx_HAL_Driver/Src/stm32f2xx_hal_can.c ****         break;
 721:Drivers/STM32F2xx_HAL_Driver/Src/stm32f2xx_hal_can.c **** 
 722:Drivers/STM32F2xx_HAL_Driver/Src/stm32f2xx_hal_can.c ****       case HAL_CAN_TX_MAILBOX0_ABORT_CB_ID :
 723:Drivers/STM32F2xx_HAL_Driver/Src/stm32f2xx_hal_can.c ****         hcan->TxMailbox0AbortCallback = HAL_CAN_TxMailbox0AbortCallback;
 724:Drivers/STM32F2xx_HAL_Driver/Src/stm32f2xx_hal_can.c ****         break;
 725:Drivers/STM32F2xx_HAL_Driver/Src/stm32f2xx_hal_can.c **** 
 726:Drivers/STM32F2xx_HAL_Driver/Src/stm32f2xx_hal_can.c ****       case HAL_CAN_TX_MAILBOX1_ABORT_CB_ID :
 727:Drivers/STM32F2xx_HAL_Driver/Src/stm32f2xx_hal_can.c ****         hcan->TxMailbox1AbortCallback = HAL_CAN_TxMailbox1AbortCallback;
 728:Drivers/STM32F2xx_HAL_Driver/Src/stm32f2xx_hal_can.c ****         break;
 729:Drivers/STM32F2xx_HAL_Driver/Src/stm32f2xx_hal_can.c **** 
 730:Drivers/STM32F2xx_HAL_Driver/Src/stm32f2xx_hal_can.c ****       case HAL_CAN_TX_MAILBOX2_ABORT_CB_ID :
 731:Drivers/STM32F2xx_HAL_Driver/Src/stm32f2xx_hal_can.c ****         hcan->TxMailbox2AbortCallback = HAL_CAN_TxMailbox2AbortCallback;
 732:Drivers/STM32F2xx_HAL_Driver/Src/stm32f2xx_hal_can.c ****         break;
 733:Drivers/STM32F2xx_HAL_Driver/Src/stm32f2xx_hal_can.c **** 
 734:Drivers/STM32F2xx_HAL_Driver/Src/stm32f2xx_hal_can.c ****       case HAL_CAN_RX_FIFO0_MSG_PENDING_CB_ID :
 735:Drivers/STM32F2xx_HAL_Driver/Src/stm32f2xx_hal_can.c ****         hcan->RxFifo0MsgPendingCallback = HAL_CAN_RxFifo0MsgPendingCallback;
 736:Drivers/STM32F2xx_HAL_Driver/Src/stm32f2xx_hal_can.c ****         break;
 737:Drivers/STM32F2xx_HAL_Driver/Src/stm32f2xx_hal_can.c **** 
ARM GAS  /var/folders/8x/_y6g3dfs0698dfd49y4vcg_w0000gn/T//ccYyxujy.s 			page 22


 738:Drivers/STM32F2xx_HAL_Driver/Src/stm32f2xx_hal_can.c ****       case HAL_CAN_RX_FIFO0_FULL_CB_ID :
 739:Drivers/STM32F2xx_HAL_Driver/Src/stm32f2xx_hal_can.c ****         hcan->RxFifo0FullCallback = HAL_CAN_RxFifo0FullCallback;
 740:Drivers/STM32F2xx_HAL_Driver/Src/stm32f2xx_hal_can.c ****         break;
 741:Drivers/STM32F2xx_HAL_Driver/Src/stm32f2xx_hal_can.c **** 
 742:Drivers/STM32F2xx_HAL_Driver/Src/stm32f2xx_hal_can.c ****       case HAL_CAN_RX_FIFO1_MSG_PENDING_CB_ID :
 743:Drivers/STM32F2xx_HAL_Driver/Src/stm32f2xx_hal_can.c ****         hcan->RxFifo1MsgPendingCallback = HAL_CAN_RxFifo1MsgPendingCallback;
 744:Drivers/STM32F2xx_HAL_Driver/Src/stm32f2xx_hal_can.c ****         break;
 745:Drivers/STM32F2xx_HAL_Driver/Src/stm32f2xx_hal_can.c **** 
 746:Drivers/STM32F2xx_HAL_Driver/Src/stm32f2xx_hal_can.c ****       case HAL_CAN_RX_FIFO1_FULL_CB_ID :
 747:Drivers/STM32F2xx_HAL_Driver/Src/stm32f2xx_hal_can.c ****         hcan->RxFifo1FullCallback = HAL_CAN_RxFifo1FullCallback;
 748:Drivers/STM32F2xx_HAL_Driver/Src/stm32f2xx_hal_can.c ****         break;
 749:Drivers/STM32F2xx_HAL_Driver/Src/stm32f2xx_hal_can.c **** 
 750:Drivers/STM32F2xx_HAL_Driver/Src/stm32f2xx_hal_can.c ****       case HAL_CAN_SLEEP_CB_ID :
 751:Drivers/STM32F2xx_HAL_Driver/Src/stm32f2xx_hal_can.c ****         hcan->SleepCallback = HAL_CAN_SleepCallback;
 752:Drivers/STM32F2xx_HAL_Driver/Src/stm32f2xx_hal_can.c ****         break;
 753:Drivers/STM32F2xx_HAL_Driver/Src/stm32f2xx_hal_can.c **** 
 754:Drivers/STM32F2xx_HAL_Driver/Src/stm32f2xx_hal_can.c ****       case HAL_CAN_WAKEUP_FROM_RX_MSG_CB_ID :
 755:Drivers/STM32F2xx_HAL_Driver/Src/stm32f2xx_hal_can.c ****         hcan->WakeUpFromRxMsgCallback = HAL_CAN_WakeUpFromRxMsgCallback;
 756:Drivers/STM32F2xx_HAL_Driver/Src/stm32f2xx_hal_can.c ****         break;
 757:Drivers/STM32F2xx_HAL_Driver/Src/stm32f2xx_hal_can.c **** 
 758:Drivers/STM32F2xx_HAL_Driver/Src/stm32f2xx_hal_can.c ****       case HAL_CAN_ERROR_CB_ID :
 759:Drivers/STM32F2xx_HAL_Driver/Src/stm32f2xx_hal_can.c ****         hcan->ErrorCallback = HAL_CAN_ErrorCallback;
 760:Drivers/STM32F2xx_HAL_Driver/Src/stm32f2xx_hal_can.c ****         break;
 761:Drivers/STM32F2xx_HAL_Driver/Src/stm32f2xx_hal_can.c **** 
 762:Drivers/STM32F2xx_HAL_Driver/Src/stm32f2xx_hal_can.c ****       case HAL_CAN_MSPINIT_CB_ID :
 763:Drivers/STM32F2xx_HAL_Driver/Src/stm32f2xx_hal_can.c ****         hcan->MspInitCallback = HAL_CAN_MspInit;
 764:Drivers/STM32F2xx_HAL_Driver/Src/stm32f2xx_hal_can.c ****         break;
 765:Drivers/STM32F2xx_HAL_Driver/Src/stm32f2xx_hal_can.c **** 
 766:Drivers/STM32F2xx_HAL_Driver/Src/stm32f2xx_hal_can.c ****       case HAL_CAN_MSPDEINIT_CB_ID :
 767:Drivers/STM32F2xx_HAL_Driver/Src/stm32f2xx_hal_can.c ****         hcan->MspDeInitCallback = HAL_CAN_MspDeInit;
 768:Drivers/STM32F2xx_HAL_Driver/Src/stm32f2xx_hal_can.c ****         break;
 769:Drivers/STM32F2xx_HAL_Driver/Src/stm32f2xx_hal_can.c **** 
 770:Drivers/STM32F2xx_HAL_Driver/Src/stm32f2xx_hal_can.c ****       default :
 771:Drivers/STM32F2xx_HAL_Driver/Src/stm32f2xx_hal_can.c ****         /* Update the error code */
 772:Drivers/STM32F2xx_HAL_Driver/Src/stm32f2xx_hal_can.c ****         hcan->ErrorCode |= HAL_CAN_ERROR_INVALID_CALLBACK;
 773:Drivers/STM32F2xx_HAL_Driver/Src/stm32f2xx_hal_can.c **** 
 774:Drivers/STM32F2xx_HAL_Driver/Src/stm32f2xx_hal_can.c ****         /* Return error status */
 775:Drivers/STM32F2xx_HAL_Driver/Src/stm32f2xx_hal_can.c ****         status =  HAL_ERROR;
 776:Drivers/STM32F2xx_HAL_Driver/Src/stm32f2xx_hal_can.c ****         break;
 777:Drivers/STM32F2xx_HAL_Driver/Src/stm32f2xx_hal_can.c ****     }
 778:Drivers/STM32F2xx_HAL_Driver/Src/stm32f2xx_hal_can.c ****   }
 779:Drivers/STM32F2xx_HAL_Driver/Src/stm32f2xx_hal_can.c ****   else if (hcan->State == HAL_CAN_STATE_RESET)
 780:Drivers/STM32F2xx_HAL_Driver/Src/stm32f2xx_hal_can.c ****   {
 781:Drivers/STM32F2xx_HAL_Driver/Src/stm32f2xx_hal_can.c ****     switch (CallbackID)
 782:Drivers/STM32F2xx_HAL_Driver/Src/stm32f2xx_hal_can.c ****     {
 783:Drivers/STM32F2xx_HAL_Driver/Src/stm32f2xx_hal_can.c ****       case HAL_CAN_MSPINIT_CB_ID :
 784:Drivers/STM32F2xx_HAL_Driver/Src/stm32f2xx_hal_can.c ****         hcan->MspInitCallback = HAL_CAN_MspInit;
 785:Drivers/STM32F2xx_HAL_Driver/Src/stm32f2xx_hal_can.c ****         break;
 786:Drivers/STM32F2xx_HAL_Driver/Src/stm32f2xx_hal_can.c **** 
 787:Drivers/STM32F2xx_HAL_Driver/Src/stm32f2xx_hal_can.c ****       case HAL_CAN_MSPDEINIT_CB_ID :
 788:Drivers/STM32F2xx_HAL_Driver/Src/stm32f2xx_hal_can.c ****         hcan->MspDeInitCallback = HAL_CAN_MspDeInit;
 789:Drivers/STM32F2xx_HAL_Driver/Src/stm32f2xx_hal_can.c ****         break;
 790:Drivers/STM32F2xx_HAL_Driver/Src/stm32f2xx_hal_can.c **** 
 791:Drivers/STM32F2xx_HAL_Driver/Src/stm32f2xx_hal_can.c ****       default :
 792:Drivers/STM32F2xx_HAL_Driver/Src/stm32f2xx_hal_can.c ****         /* Update the error code */
 793:Drivers/STM32F2xx_HAL_Driver/Src/stm32f2xx_hal_can.c ****         hcan->ErrorCode |= HAL_CAN_ERROR_INVALID_CALLBACK;
 794:Drivers/STM32F2xx_HAL_Driver/Src/stm32f2xx_hal_can.c **** 
ARM GAS  /var/folders/8x/_y6g3dfs0698dfd49y4vcg_w0000gn/T//ccYyxujy.s 			page 23


 795:Drivers/STM32F2xx_HAL_Driver/Src/stm32f2xx_hal_can.c ****         /* Return error status */
 796:Drivers/STM32F2xx_HAL_Driver/Src/stm32f2xx_hal_can.c ****         status =  HAL_ERROR;
 797:Drivers/STM32F2xx_HAL_Driver/Src/stm32f2xx_hal_can.c ****         break;
 798:Drivers/STM32F2xx_HAL_Driver/Src/stm32f2xx_hal_can.c ****     }
 799:Drivers/STM32F2xx_HAL_Driver/Src/stm32f2xx_hal_can.c ****   }
 800:Drivers/STM32F2xx_HAL_Driver/Src/stm32f2xx_hal_can.c ****   else
 801:Drivers/STM32F2xx_HAL_Driver/Src/stm32f2xx_hal_can.c ****   {
 802:Drivers/STM32F2xx_HAL_Driver/Src/stm32f2xx_hal_can.c ****     /* Update the error code */
 803:Drivers/STM32F2xx_HAL_Driver/Src/stm32f2xx_hal_can.c ****     hcan->ErrorCode |= HAL_CAN_ERROR_INVALID_CALLBACK;
 804:Drivers/STM32F2xx_HAL_Driver/Src/stm32f2xx_hal_can.c **** 
 805:Drivers/STM32F2xx_HAL_Driver/Src/stm32f2xx_hal_can.c ****     /* Return error status */
 806:Drivers/STM32F2xx_HAL_Driver/Src/stm32f2xx_hal_can.c ****     status =  HAL_ERROR;
 807:Drivers/STM32F2xx_HAL_Driver/Src/stm32f2xx_hal_can.c ****   }
 808:Drivers/STM32F2xx_HAL_Driver/Src/stm32f2xx_hal_can.c **** 
 809:Drivers/STM32F2xx_HAL_Driver/Src/stm32f2xx_hal_can.c ****   return status;
 810:Drivers/STM32F2xx_HAL_Driver/Src/stm32f2xx_hal_can.c **** }
 811:Drivers/STM32F2xx_HAL_Driver/Src/stm32f2xx_hal_can.c **** #endif /* USE_HAL_CAN_REGISTER_CALLBACKS */
 812:Drivers/STM32F2xx_HAL_Driver/Src/stm32f2xx_hal_can.c **** 
 813:Drivers/STM32F2xx_HAL_Driver/Src/stm32f2xx_hal_can.c **** /**
 814:Drivers/STM32F2xx_HAL_Driver/Src/stm32f2xx_hal_can.c ****   * @}
 815:Drivers/STM32F2xx_HAL_Driver/Src/stm32f2xx_hal_can.c ****   */
 816:Drivers/STM32F2xx_HAL_Driver/Src/stm32f2xx_hal_can.c **** 
 817:Drivers/STM32F2xx_HAL_Driver/Src/stm32f2xx_hal_can.c **** /** @defgroup CAN_Exported_Functions_Group2 Configuration functions
 818:Drivers/STM32F2xx_HAL_Driver/Src/stm32f2xx_hal_can.c ****   * @brief    Configuration functions.
 819:Drivers/STM32F2xx_HAL_Driver/Src/stm32f2xx_hal_can.c ****   *
 820:Drivers/STM32F2xx_HAL_Driver/Src/stm32f2xx_hal_can.c **** @verbatim
 821:Drivers/STM32F2xx_HAL_Driver/Src/stm32f2xx_hal_can.c ****   ==============================================================================
 822:Drivers/STM32F2xx_HAL_Driver/Src/stm32f2xx_hal_can.c ****               ##### Configuration functions #####
 823:Drivers/STM32F2xx_HAL_Driver/Src/stm32f2xx_hal_can.c ****   ==============================================================================
 824:Drivers/STM32F2xx_HAL_Driver/Src/stm32f2xx_hal_can.c ****     [..]  This section provides functions allowing to:
 825:Drivers/STM32F2xx_HAL_Driver/Src/stm32f2xx_hal_can.c ****       (+) HAL_CAN_ConfigFilter            : Configure the CAN reception filters
 826:Drivers/STM32F2xx_HAL_Driver/Src/stm32f2xx_hal_can.c **** 
 827:Drivers/STM32F2xx_HAL_Driver/Src/stm32f2xx_hal_can.c **** @endverbatim
 828:Drivers/STM32F2xx_HAL_Driver/Src/stm32f2xx_hal_can.c ****   * @{
 829:Drivers/STM32F2xx_HAL_Driver/Src/stm32f2xx_hal_can.c ****   */
 830:Drivers/STM32F2xx_HAL_Driver/Src/stm32f2xx_hal_can.c **** 
 831:Drivers/STM32F2xx_HAL_Driver/Src/stm32f2xx_hal_can.c **** /**
 832:Drivers/STM32F2xx_HAL_Driver/Src/stm32f2xx_hal_can.c ****   * @brief  Configures the CAN reception filter according to the specified
 833:Drivers/STM32F2xx_HAL_Driver/Src/stm32f2xx_hal_can.c ****   *         parameters in the CAN_FilterInitStruct.
 834:Drivers/STM32F2xx_HAL_Driver/Src/stm32f2xx_hal_can.c ****   * @param  hcan pointer to a CAN_HandleTypeDef structure that contains
 835:Drivers/STM32F2xx_HAL_Driver/Src/stm32f2xx_hal_can.c ****   *         the configuration information for the specified CAN.
 836:Drivers/STM32F2xx_HAL_Driver/Src/stm32f2xx_hal_can.c ****   * @param  sFilterConfig pointer to a CAN_FilterTypeDef structure that
 837:Drivers/STM32F2xx_HAL_Driver/Src/stm32f2xx_hal_can.c ****   *         contains the filter configuration information.
 838:Drivers/STM32F2xx_HAL_Driver/Src/stm32f2xx_hal_can.c ****   * @retval None
 839:Drivers/STM32F2xx_HAL_Driver/Src/stm32f2xx_hal_can.c ****   */
 840:Drivers/STM32F2xx_HAL_Driver/Src/stm32f2xx_hal_can.c **** HAL_StatusTypeDef HAL_CAN_ConfigFilter(CAN_HandleTypeDef *hcan, const CAN_FilterTypeDef *sFilterCon
 841:Drivers/STM32F2xx_HAL_Driver/Src/stm32f2xx_hal_can.c **** {
 368              		.loc 1 841 1 is_stmt 1 view -0
 369              		.cfi_startproc
 370              		@ args = 0, pretend = 0, frame = 0
 371              		@ frame_needed = 0, uses_anonymous_args = 0
 842:Drivers/STM32F2xx_HAL_Driver/Src/stm32f2xx_hal_can.c ****   uint32_t filternbrbitpos;
 372              		.loc 1 842 3 view .LVU107
 843:Drivers/STM32F2xx_HAL_Driver/Src/stm32f2xx_hal_can.c ****   CAN_TypeDef *can_ip = hcan->Instance;
 373              		.loc 1 843 3 view .LVU108
 844:Drivers/STM32F2xx_HAL_Driver/Src/stm32f2xx_hal_can.c ****   HAL_CAN_StateTypeDef state = hcan->State;
 374              		.loc 1 844 3 view .LVU109
ARM GAS  /var/folders/8x/_y6g3dfs0698dfd49y4vcg_w0000gn/T//ccYyxujy.s 			page 24


 375              		.loc 1 844 24 is_stmt 0 view .LVU110
 376 0000 90F82030 		ldrb	r3, [r0, #32]	@ zero_extendqisi2
 377              	.LVL16:
 845:Drivers/STM32F2xx_HAL_Driver/Src/stm32f2xx_hal_can.c **** 
 846:Drivers/STM32F2xx_HAL_Driver/Src/stm32f2xx_hal_can.c ****   if ((state == HAL_CAN_STATE_READY) ||
 378              		.loc 1 846 3 is_stmt 1 view .LVU111
 379              		.loc 1 846 38 is_stmt 0 view .LVU112
 380 0004 013B     		subs	r3, r3, #1
 381              	.LVL17:
 382              		.loc 1 846 38 view .LVU113
 383 0006 DBB2     		uxtb	r3, r3
 384              	.LVL18:
 385              		.loc 1 846 6 view .LVU114
 386 0008 012B     		cmp	r3, #1
 387 000a 05D9     		bls	.L50
 847:Drivers/STM32F2xx_HAL_Driver/Src/stm32f2xx_hal_can.c ****       (state == HAL_CAN_STATE_LISTENING))
 848:Drivers/STM32F2xx_HAL_Driver/Src/stm32f2xx_hal_can.c ****   {
 849:Drivers/STM32F2xx_HAL_Driver/Src/stm32f2xx_hal_can.c ****     /* Check the parameters */
 850:Drivers/STM32F2xx_HAL_Driver/Src/stm32f2xx_hal_can.c ****     assert_param(IS_CAN_FILTER_ID_HALFWORD(sFilterConfig->FilterIdHigh));
 851:Drivers/STM32F2xx_HAL_Driver/Src/stm32f2xx_hal_can.c ****     assert_param(IS_CAN_FILTER_ID_HALFWORD(sFilterConfig->FilterIdLow));
 852:Drivers/STM32F2xx_HAL_Driver/Src/stm32f2xx_hal_can.c ****     assert_param(IS_CAN_FILTER_ID_HALFWORD(sFilterConfig->FilterMaskIdHigh));
 853:Drivers/STM32F2xx_HAL_Driver/Src/stm32f2xx_hal_can.c ****     assert_param(IS_CAN_FILTER_ID_HALFWORD(sFilterConfig->FilterMaskIdLow));
 854:Drivers/STM32F2xx_HAL_Driver/Src/stm32f2xx_hal_can.c ****     assert_param(IS_CAN_FILTER_MODE(sFilterConfig->FilterMode));
 855:Drivers/STM32F2xx_HAL_Driver/Src/stm32f2xx_hal_can.c ****     assert_param(IS_CAN_FILTER_SCALE(sFilterConfig->FilterScale));
 856:Drivers/STM32F2xx_HAL_Driver/Src/stm32f2xx_hal_can.c ****     assert_param(IS_CAN_FILTER_FIFO(sFilterConfig->FilterFIFOAssignment));
 857:Drivers/STM32F2xx_HAL_Driver/Src/stm32f2xx_hal_can.c ****     assert_param(IS_CAN_FILTER_ACTIVATION(sFilterConfig->FilterActivation));
 858:Drivers/STM32F2xx_HAL_Driver/Src/stm32f2xx_hal_can.c **** 
 859:Drivers/STM32F2xx_HAL_Driver/Src/stm32f2xx_hal_can.c **** #if   defined(CAN2)
 860:Drivers/STM32F2xx_HAL_Driver/Src/stm32f2xx_hal_can.c ****     /* CAN1 and CAN2 are dual instances with 28 common filters banks */
 861:Drivers/STM32F2xx_HAL_Driver/Src/stm32f2xx_hal_can.c ****     /* Select master instance to access the filter banks */
 862:Drivers/STM32F2xx_HAL_Driver/Src/stm32f2xx_hal_can.c ****     can_ip = CAN1;
 863:Drivers/STM32F2xx_HAL_Driver/Src/stm32f2xx_hal_can.c **** 
 864:Drivers/STM32F2xx_HAL_Driver/Src/stm32f2xx_hal_can.c ****     /* Check the parameters */
 865:Drivers/STM32F2xx_HAL_Driver/Src/stm32f2xx_hal_can.c ****     assert_param(IS_CAN_FILTER_BANK_DUAL(sFilterConfig->FilterBank));
 866:Drivers/STM32F2xx_HAL_Driver/Src/stm32f2xx_hal_can.c ****     assert_param(IS_CAN_FILTER_BANK_DUAL(sFilterConfig->SlaveStartFilterBank));
 867:Drivers/STM32F2xx_HAL_Driver/Src/stm32f2xx_hal_can.c **** #else
 868:Drivers/STM32F2xx_HAL_Driver/Src/stm32f2xx_hal_can.c ****     /* CAN1 is single instance with 14 dedicated filters banks */
 869:Drivers/STM32F2xx_HAL_Driver/Src/stm32f2xx_hal_can.c **** 
 870:Drivers/STM32F2xx_HAL_Driver/Src/stm32f2xx_hal_can.c ****     /* Check the parameters */
 871:Drivers/STM32F2xx_HAL_Driver/Src/stm32f2xx_hal_can.c ****     assert_param(IS_CAN_FILTER_BANK_SINGLE(sFilterConfig->FilterBank));
 872:Drivers/STM32F2xx_HAL_Driver/Src/stm32f2xx_hal_can.c **** #endif /* CAN3 */
 873:Drivers/STM32F2xx_HAL_Driver/Src/stm32f2xx_hal_can.c **** 
 874:Drivers/STM32F2xx_HAL_Driver/Src/stm32f2xx_hal_can.c ****     /* Initialisation mode for the filter */
 875:Drivers/STM32F2xx_HAL_Driver/Src/stm32f2xx_hal_can.c ****     SET_BIT(can_ip->FMR, CAN_FMR_FINIT);
 876:Drivers/STM32F2xx_HAL_Driver/Src/stm32f2xx_hal_can.c **** 
 877:Drivers/STM32F2xx_HAL_Driver/Src/stm32f2xx_hal_can.c **** #if   defined(CAN2)
 878:Drivers/STM32F2xx_HAL_Driver/Src/stm32f2xx_hal_can.c ****     /* Select the start filter number of CAN2 slave instance */
 879:Drivers/STM32F2xx_HAL_Driver/Src/stm32f2xx_hal_can.c ****     CLEAR_BIT(can_ip->FMR, CAN_FMR_CAN2SB);
 880:Drivers/STM32F2xx_HAL_Driver/Src/stm32f2xx_hal_can.c ****     SET_BIT(can_ip->FMR, sFilterConfig->SlaveStartFilterBank << CAN_FMR_CAN2SB_Pos);
 881:Drivers/STM32F2xx_HAL_Driver/Src/stm32f2xx_hal_can.c **** 
 882:Drivers/STM32F2xx_HAL_Driver/Src/stm32f2xx_hal_can.c **** #endif /* CAN3 */
 883:Drivers/STM32F2xx_HAL_Driver/Src/stm32f2xx_hal_can.c ****     /* Convert filter number into bit position */
 884:Drivers/STM32F2xx_HAL_Driver/Src/stm32f2xx_hal_can.c ****     filternbrbitpos = (uint32_t)1 << (sFilterConfig->FilterBank & 0x1FU);
 885:Drivers/STM32F2xx_HAL_Driver/Src/stm32f2xx_hal_can.c **** 
 886:Drivers/STM32F2xx_HAL_Driver/Src/stm32f2xx_hal_can.c ****     /* Filter Deactivation */
 887:Drivers/STM32F2xx_HAL_Driver/Src/stm32f2xx_hal_can.c ****     CLEAR_BIT(can_ip->FA1R, filternbrbitpos);
 888:Drivers/STM32F2xx_HAL_Driver/Src/stm32f2xx_hal_can.c **** 
ARM GAS  /var/folders/8x/_y6g3dfs0698dfd49y4vcg_w0000gn/T//ccYyxujy.s 			page 25


 889:Drivers/STM32F2xx_HAL_Driver/Src/stm32f2xx_hal_can.c ****     /* Filter Scale */
 890:Drivers/STM32F2xx_HAL_Driver/Src/stm32f2xx_hal_can.c ****     if (sFilterConfig->FilterScale == CAN_FILTERSCALE_16BIT)
 891:Drivers/STM32F2xx_HAL_Driver/Src/stm32f2xx_hal_can.c ****     {
 892:Drivers/STM32F2xx_HAL_Driver/Src/stm32f2xx_hal_can.c ****       /* 16-bit scale for the filter */
 893:Drivers/STM32F2xx_HAL_Driver/Src/stm32f2xx_hal_can.c ****       CLEAR_BIT(can_ip->FS1R, filternbrbitpos);
 894:Drivers/STM32F2xx_HAL_Driver/Src/stm32f2xx_hal_can.c **** 
 895:Drivers/STM32F2xx_HAL_Driver/Src/stm32f2xx_hal_can.c ****       /* First 16-bit identifier and First 16-bit mask */
 896:Drivers/STM32F2xx_HAL_Driver/Src/stm32f2xx_hal_can.c ****       /* Or First 16-bit identifier and Second 16-bit identifier */
 897:Drivers/STM32F2xx_HAL_Driver/Src/stm32f2xx_hal_can.c ****       can_ip->sFilterRegister[sFilterConfig->FilterBank].FR1 =
 898:Drivers/STM32F2xx_HAL_Driver/Src/stm32f2xx_hal_can.c ****         ((0x0000FFFFU & (uint32_t)sFilterConfig->FilterMaskIdLow) << 16U) |
 899:Drivers/STM32F2xx_HAL_Driver/Src/stm32f2xx_hal_can.c ****         (0x0000FFFFU & (uint32_t)sFilterConfig->FilterIdLow);
 900:Drivers/STM32F2xx_HAL_Driver/Src/stm32f2xx_hal_can.c **** 
 901:Drivers/STM32F2xx_HAL_Driver/Src/stm32f2xx_hal_can.c ****       /* Second 16-bit identifier and Second 16-bit mask */
 902:Drivers/STM32F2xx_HAL_Driver/Src/stm32f2xx_hal_can.c ****       /* Or Third 16-bit identifier and Fourth 16-bit identifier */
 903:Drivers/STM32F2xx_HAL_Driver/Src/stm32f2xx_hal_can.c ****       can_ip->sFilterRegister[sFilterConfig->FilterBank].FR2 =
 904:Drivers/STM32F2xx_HAL_Driver/Src/stm32f2xx_hal_can.c ****         ((0x0000FFFFU & (uint32_t)sFilterConfig->FilterMaskIdHigh) << 16U) |
 905:Drivers/STM32F2xx_HAL_Driver/Src/stm32f2xx_hal_can.c ****         (0x0000FFFFU & (uint32_t)sFilterConfig->FilterIdHigh);
 906:Drivers/STM32F2xx_HAL_Driver/Src/stm32f2xx_hal_can.c ****     }
 907:Drivers/STM32F2xx_HAL_Driver/Src/stm32f2xx_hal_can.c **** 
 908:Drivers/STM32F2xx_HAL_Driver/Src/stm32f2xx_hal_can.c ****     if (sFilterConfig->FilterScale == CAN_FILTERSCALE_32BIT)
 909:Drivers/STM32F2xx_HAL_Driver/Src/stm32f2xx_hal_can.c ****     {
 910:Drivers/STM32F2xx_HAL_Driver/Src/stm32f2xx_hal_can.c ****       /* 32-bit scale for the filter */
 911:Drivers/STM32F2xx_HAL_Driver/Src/stm32f2xx_hal_can.c ****       SET_BIT(can_ip->FS1R, filternbrbitpos);
 912:Drivers/STM32F2xx_HAL_Driver/Src/stm32f2xx_hal_can.c **** 
 913:Drivers/STM32F2xx_HAL_Driver/Src/stm32f2xx_hal_can.c ****       /* 32-bit identifier or First 32-bit identifier */
 914:Drivers/STM32F2xx_HAL_Driver/Src/stm32f2xx_hal_can.c ****       can_ip->sFilterRegister[sFilterConfig->FilterBank].FR1 =
 915:Drivers/STM32F2xx_HAL_Driver/Src/stm32f2xx_hal_can.c ****         ((0x0000FFFFU & (uint32_t)sFilterConfig->FilterIdHigh) << 16U) |
 916:Drivers/STM32F2xx_HAL_Driver/Src/stm32f2xx_hal_can.c ****         (0x0000FFFFU & (uint32_t)sFilterConfig->FilterIdLow);
 917:Drivers/STM32F2xx_HAL_Driver/Src/stm32f2xx_hal_can.c **** 
 918:Drivers/STM32F2xx_HAL_Driver/Src/stm32f2xx_hal_can.c ****       /* 32-bit mask or Second 32-bit identifier */
 919:Drivers/STM32F2xx_HAL_Driver/Src/stm32f2xx_hal_can.c ****       can_ip->sFilterRegister[sFilterConfig->FilterBank].FR2 =
 920:Drivers/STM32F2xx_HAL_Driver/Src/stm32f2xx_hal_can.c ****         ((0x0000FFFFU & (uint32_t)sFilterConfig->FilterMaskIdHigh) << 16U) |
 921:Drivers/STM32F2xx_HAL_Driver/Src/stm32f2xx_hal_can.c ****         (0x0000FFFFU & (uint32_t)sFilterConfig->FilterMaskIdLow);
 922:Drivers/STM32F2xx_HAL_Driver/Src/stm32f2xx_hal_can.c ****     }
 923:Drivers/STM32F2xx_HAL_Driver/Src/stm32f2xx_hal_can.c **** 
 924:Drivers/STM32F2xx_HAL_Driver/Src/stm32f2xx_hal_can.c ****     /* Filter Mode */
 925:Drivers/STM32F2xx_HAL_Driver/Src/stm32f2xx_hal_can.c ****     if (sFilterConfig->FilterMode == CAN_FILTERMODE_IDMASK)
 926:Drivers/STM32F2xx_HAL_Driver/Src/stm32f2xx_hal_can.c ****     {
 927:Drivers/STM32F2xx_HAL_Driver/Src/stm32f2xx_hal_can.c ****       /* Id/Mask mode for the filter*/
 928:Drivers/STM32F2xx_HAL_Driver/Src/stm32f2xx_hal_can.c ****       CLEAR_BIT(can_ip->FM1R, filternbrbitpos);
 929:Drivers/STM32F2xx_HAL_Driver/Src/stm32f2xx_hal_can.c ****     }
 930:Drivers/STM32F2xx_HAL_Driver/Src/stm32f2xx_hal_can.c ****     else /* CAN_FilterInitStruct->CAN_FilterMode == CAN_FilterMode_IdList */
 931:Drivers/STM32F2xx_HAL_Driver/Src/stm32f2xx_hal_can.c ****     {
 932:Drivers/STM32F2xx_HAL_Driver/Src/stm32f2xx_hal_can.c ****       /* Identifier list mode for the filter*/
 933:Drivers/STM32F2xx_HAL_Driver/Src/stm32f2xx_hal_can.c ****       SET_BIT(can_ip->FM1R, filternbrbitpos);
 934:Drivers/STM32F2xx_HAL_Driver/Src/stm32f2xx_hal_can.c ****     }
 935:Drivers/STM32F2xx_HAL_Driver/Src/stm32f2xx_hal_can.c **** 
 936:Drivers/STM32F2xx_HAL_Driver/Src/stm32f2xx_hal_can.c ****     /* Filter FIFO assignment */
 937:Drivers/STM32F2xx_HAL_Driver/Src/stm32f2xx_hal_can.c ****     if (sFilterConfig->FilterFIFOAssignment == CAN_FILTER_FIFO0)
 938:Drivers/STM32F2xx_HAL_Driver/Src/stm32f2xx_hal_can.c ****     {
 939:Drivers/STM32F2xx_HAL_Driver/Src/stm32f2xx_hal_can.c ****       /* FIFO 0 assignation for the filter */
 940:Drivers/STM32F2xx_HAL_Driver/Src/stm32f2xx_hal_can.c ****       CLEAR_BIT(can_ip->FFA1R, filternbrbitpos);
 941:Drivers/STM32F2xx_HAL_Driver/Src/stm32f2xx_hal_can.c ****     }
 942:Drivers/STM32F2xx_HAL_Driver/Src/stm32f2xx_hal_can.c ****     else
 943:Drivers/STM32F2xx_HAL_Driver/Src/stm32f2xx_hal_can.c ****     {
 944:Drivers/STM32F2xx_HAL_Driver/Src/stm32f2xx_hal_can.c ****       /* FIFO 1 assignation for the filter */
 945:Drivers/STM32F2xx_HAL_Driver/Src/stm32f2xx_hal_can.c ****       SET_BIT(can_ip->FFA1R, filternbrbitpos);
ARM GAS  /var/folders/8x/_y6g3dfs0698dfd49y4vcg_w0000gn/T//ccYyxujy.s 			page 26


 946:Drivers/STM32F2xx_HAL_Driver/Src/stm32f2xx_hal_can.c ****     }
 947:Drivers/STM32F2xx_HAL_Driver/Src/stm32f2xx_hal_can.c **** 
 948:Drivers/STM32F2xx_HAL_Driver/Src/stm32f2xx_hal_can.c ****     /* Filter activation */
 949:Drivers/STM32F2xx_HAL_Driver/Src/stm32f2xx_hal_can.c ****     if (sFilterConfig->FilterActivation == CAN_FILTER_ENABLE)
 950:Drivers/STM32F2xx_HAL_Driver/Src/stm32f2xx_hal_can.c ****     {
 951:Drivers/STM32F2xx_HAL_Driver/Src/stm32f2xx_hal_can.c ****       SET_BIT(can_ip->FA1R, filternbrbitpos);
 952:Drivers/STM32F2xx_HAL_Driver/Src/stm32f2xx_hal_can.c ****     }
 953:Drivers/STM32F2xx_HAL_Driver/Src/stm32f2xx_hal_can.c **** 
 954:Drivers/STM32F2xx_HAL_Driver/Src/stm32f2xx_hal_can.c ****     /* Leave the initialisation mode for the filter */
 955:Drivers/STM32F2xx_HAL_Driver/Src/stm32f2xx_hal_can.c ****     CLEAR_BIT(can_ip->FMR, CAN_FMR_FINIT);
 956:Drivers/STM32F2xx_HAL_Driver/Src/stm32f2xx_hal_can.c **** 
 957:Drivers/STM32F2xx_HAL_Driver/Src/stm32f2xx_hal_can.c ****     /* Return function status */
 958:Drivers/STM32F2xx_HAL_Driver/Src/stm32f2xx_hal_can.c ****     return HAL_OK;
 959:Drivers/STM32F2xx_HAL_Driver/Src/stm32f2xx_hal_can.c ****   }
 960:Drivers/STM32F2xx_HAL_Driver/Src/stm32f2xx_hal_can.c ****   else
 961:Drivers/STM32F2xx_HAL_Driver/Src/stm32f2xx_hal_can.c ****   {
 962:Drivers/STM32F2xx_HAL_Driver/Src/stm32f2xx_hal_can.c ****     /* Update error code */
 963:Drivers/STM32F2xx_HAL_Driver/Src/stm32f2xx_hal_can.c ****     hcan->ErrorCode |= HAL_CAN_ERROR_NOT_INITIALIZED;
 388              		.loc 1 963 5 is_stmt 1 view .LVU115
 389              		.loc 1 963 9 is_stmt 0 view .LVU116
 390 000c 436A     		ldr	r3, [r0, #36]
 391              		.loc 1 963 21 view .LVU117
 392 000e 43F48023 		orr	r3, r3, #262144
 393 0012 4362     		str	r3, [r0, #36]
 964:Drivers/STM32F2xx_HAL_Driver/Src/stm32f2xx_hal_can.c **** 
 965:Drivers/STM32F2xx_HAL_Driver/Src/stm32f2xx_hal_can.c ****     return HAL_ERROR;
 394              		.loc 1 965 5 is_stmt 1 view .LVU118
 395              		.loc 1 965 12 is_stmt 0 view .LVU119
 396 0014 0120     		movs	r0, #1
 397              	.LVL19:
 966:Drivers/STM32F2xx_HAL_Driver/Src/stm32f2xx_hal_can.c ****   }
 967:Drivers/STM32F2xx_HAL_Driver/Src/stm32f2xx_hal_can.c **** }
 398              		.loc 1 967 1 view .LVU120
 399 0016 7047     		bx	lr
 400              	.LVL20:
 401              	.L50:
 841:Drivers/STM32F2xx_HAL_Driver/Src/stm32f2xx_hal_can.c ****   uint32_t filternbrbitpos;
 402              		.loc 1 841 1 view .LVU121
 403 0018 10B5     		push	{r4, lr}
 404              	.LCFI2:
 405              		.cfi_def_cfa_offset 8
 406              		.cfi_offset 4, -8
 407              		.cfi_offset 14, -4
 850:Drivers/STM32F2xx_HAL_Driver/Src/stm32f2xx_hal_can.c ****     assert_param(IS_CAN_FILTER_ID_HALFWORD(sFilterConfig->FilterIdLow));
 408              		.loc 1 850 5 is_stmt 1 view .LVU122
 851:Drivers/STM32F2xx_HAL_Driver/Src/stm32f2xx_hal_can.c ****     assert_param(IS_CAN_FILTER_ID_HALFWORD(sFilterConfig->FilterMaskIdHigh));
 409              		.loc 1 851 5 view .LVU123
 852:Drivers/STM32F2xx_HAL_Driver/Src/stm32f2xx_hal_can.c ****     assert_param(IS_CAN_FILTER_ID_HALFWORD(sFilterConfig->FilterMaskIdLow));
 410              		.loc 1 852 5 view .LVU124
 853:Drivers/STM32F2xx_HAL_Driver/Src/stm32f2xx_hal_can.c ****     assert_param(IS_CAN_FILTER_MODE(sFilterConfig->FilterMode));
 411              		.loc 1 853 5 view .LVU125
 854:Drivers/STM32F2xx_HAL_Driver/Src/stm32f2xx_hal_can.c ****     assert_param(IS_CAN_FILTER_SCALE(sFilterConfig->FilterScale));
 412              		.loc 1 854 5 view .LVU126
 855:Drivers/STM32F2xx_HAL_Driver/Src/stm32f2xx_hal_can.c ****     assert_param(IS_CAN_FILTER_FIFO(sFilterConfig->FilterFIFOAssignment));
 413              		.loc 1 855 5 view .LVU127
 856:Drivers/STM32F2xx_HAL_Driver/Src/stm32f2xx_hal_can.c ****     assert_param(IS_CAN_FILTER_ACTIVATION(sFilterConfig->FilterActivation));
 414              		.loc 1 856 5 view .LVU128
ARM GAS  /var/folders/8x/_y6g3dfs0698dfd49y4vcg_w0000gn/T//ccYyxujy.s 			page 27


 857:Drivers/STM32F2xx_HAL_Driver/Src/stm32f2xx_hal_can.c **** 
 415              		.loc 1 857 5 view .LVU129
 862:Drivers/STM32F2xx_HAL_Driver/Src/stm32f2xx_hal_can.c **** 
 416              		.loc 1 862 5 view .LVU130
 417              	.LVL21:
 865:Drivers/STM32F2xx_HAL_Driver/Src/stm32f2xx_hal_can.c ****     assert_param(IS_CAN_FILTER_BANK_DUAL(sFilterConfig->SlaveStartFilterBank));
 418              		.loc 1 865 5 view .LVU131
 866:Drivers/STM32F2xx_HAL_Driver/Src/stm32f2xx_hal_can.c **** #else
 419              		.loc 1 866 5 view .LVU132
 875:Drivers/STM32F2xx_HAL_Driver/Src/stm32f2xx_hal_can.c **** 
 420              		.loc 1 875 5 view .LVU133
 421 001a 474B     		ldr	r3, .L53
 422 001c D3F80022 		ldr	r2, [r3, #512]
 423 0020 42F00102 		orr	r2, r2, #1
 424 0024 C3F80022 		str	r2, [r3, #512]
 879:Drivers/STM32F2xx_HAL_Driver/Src/stm32f2xx_hal_can.c ****     SET_BIT(can_ip->FMR, sFilterConfig->SlaveStartFilterBank << CAN_FMR_CAN2SB_Pos);
 425              		.loc 1 879 5 view .LVU134
 426 0028 D3F80022 		ldr	r2, [r3, #512]
 427 002c 22F47C52 		bic	r2, r2, #16128
 428 0030 C3F80022 		str	r2, [r3, #512]
 880:Drivers/STM32F2xx_HAL_Driver/Src/stm32f2xx_hal_can.c **** 
 429              		.loc 1 880 5 view .LVU135
 430 0034 D3F80022 		ldr	r2, [r3, #512]
 431 0038 486A     		ldr	r0, [r1, #36]
 432              	.LVL22:
 880:Drivers/STM32F2xx_HAL_Driver/Src/stm32f2xx_hal_can.c **** 
 433              		.loc 1 880 5 is_stmt 0 view .LVU136
 434 003a 42EA0022 		orr	r2, r2, r0, lsl #8
 435 003e C3F80022 		str	r2, [r3, #512]
 884:Drivers/STM32F2xx_HAL_Driver/Src/stm32f2xx_hal_can.c **** 
 436              		.loc 1 884 5 is_stmt 1 view .LVU137
 884:Drivers/STM32F2xx_HAL_Driver/Src/stm32f2xx_hal_can.c **** 
 437              		.loc 1 884 52 is_stmt 0 view .LVU138
 438 0042 4A69     		ldr	r2, [r1, #20]
 884:Drivers/STM32F2xx_HAL_Driver/Src/stm32f2xx_hal_can.c **** 
 439              		.loc 1 884 65 view .LVU139
 440 0044 02F01F02 		and	r2, r2, #31
 884:Drivers/STM32F2xx_HAL_Driver/Src/stm32f2xx_hal_can.c **** 
 441              		.loc 1 884 21 view .LVU140
 442 0048 0120     		movs	r0, #1
 443 004a 00FA02F2 		lsl	r2, r0, r2
 444              	.LVL23:
 887:Drivers/STM32F2xx_HAL_Driver/Src/stm32f2xx_hal_can.c **** 
 445              		.loc 1 887 5 is_stmt 1 view .LVU141
 446 004e D3F81C02 		ldr	r0, [r3, #540]
 447 0052 6FEA020C 		mvn	ip, r2
 448 0056 20EA0200 		bic	r0, r0, r2
 449 005a C3F81C02 		str	r0, [r3, #540]
 890:Drivers/STM32F2xx_HAL_Driver/Src/stm32f2xx_hal_can.c ****     {
 450              		.loc 1 890 5 view .LVU142
 890:Drivers/STM32F2xx_HAL_Driver/Src/stm32f2xx_hal_can.c ****     {
 451              		.loc 1 890 22 is_stmt 0 view .LVU143
 452 005e CB69     		ldr	r3, [r1, #28]
 890:Drivers/STM32F2xx_HAL_Driver/Src/stm32f2xx_hal_can.c ****     {
 453              		.loc 1 890 8 view .LVU144
 454 0060 CBB9     		cbnz	r3, .L38
 893:Drivers/STM32F2xx_HAL_Driver/Src/stm32f2xx_hal_can.c **** 
ARM GAS  /var/folders/8x/_y6g3dfs0698dfd49y4vcg_w0000gn/T//ccYyxujy.s 			page 28


 455              		.loc 1 893 7 is_stmt 1 view .LVU145
 456 0062 354B     		ldr	r3, .L53
 457 0064 D3F80C02 		ldr	r0, [r3, #524]
 458 0068 0CEA0000 		and	r0, ip, r0
 459 006c C3F80C02 		str	r0, [r3, #524]
 897:Drivers/STM32F2xx_HAL_Driver/Src/stm32f2xx_hal_can.c ****         ((0x0000FFFFU & (uint32_t)sFilterConfig->FilterMaskIdLow) << 16U) |
 460              		.loc 1 897 7 view .LVU146
 899:Drivers/STM32F2xx_HAL_Driver/Src/stm32f2xx_hal_can.c **** 
 461              		.loc 1 899 22 is_stmt 0 view .LVU147
 462 0070 8C88     		ldrh	r4, [r1, #4]
 897:Drivers/STM32F2xx_HAL_Driver/Src/stm32f2xx_hal_can.c ****         ((0x0000FFFFU & (uint32_t)sFilterConfig->FilterMaskIdLow) << 16U) |
 463              		.loc 1 897 44 view .LVU148
 464 0072 4869     		ldr	r0, [r1, #20]
 898:Drivers/STM32F2xx_HAL_Driver/Src/stm32f2xx_hal_can.c ****         (0x0000FFFFU & (uint32_t)sFilterConfig->FilterIdLow);
 465              		.loc 1 898 75 view .LVU149
 466 0074 D1F80CE0 		ldr	lr, [r1, #12]
 467 0078 44EA0E44 		orr	r4, r4, lr, lsl #16
 897:Drivers/STM32F2xx_HAL_Driver/Src/stm32f2xx_hal_can.c ****         ((0x0000FFFFU & (uint32_t)sFilterConfig->FilterMaskIdLow) << 16U) |
 468              		.loc 1 897 62 view .LVU150
 469 007c 4830     		adds	r0, r0, #72
 470 007e 43F83040 		str	r4, [r3, r0, lsl #3]
 903:Drivers/STM32F2xx_HAL_Driver/Src/stm32f2xx_hal_can.c ****         ((0x0000FFFFU & (uint32_t)sFilterConfig->FilterMaskIdHigh) << 16U) |
 471              		.loc 1 903 7 is_stmt 1 view .LVU151
 904:Drivers/STM32F2xx_HAL_Driver/Src/stm32f2xx_hal_can.c ****         (0x0000FFFFU & (uint32_t)sFilterConfig->FilterIdHigh);
 472              		.loc 1 904 48 is_stmt 0 view .LVU152
 473 0082 8C68     		ldr	r4, [r1, #8]
 905:Drivers/STM32F2xx_HAL_Driver/Src/stm32f2xx_hal_can.c ****     }
 474              		.loc 1 905 22 view .LVU153
 475 0084 0888     		ldrh	r0, [r1]
 904:Drivers/STM32F2xx_HAL_Driver/Src/stm32f2xx_hal_can.c ****         (0x0000FFFFU & (uint32_t)sFilterConfig->FilterIdHigh);
 476              		.loc 1 904 76 view .LVU154
 477 0086 40EA0440 		orr	r0, r0, r4, lsl #16
 903:Drivers/STM32F2xx_HAL_Driver/Src/stm32f2xx_hal_can.c ****         ((0x0000FFFFU & (uint32_t)sFilterConfig->FilterMaskIdHigh) << 16U) |
 478              		.loc 1 903 62 view .LVU155
 479 008a 4C69     		ldr	r4, [r1, #20]
 480 008c 04F1480E 		add	lr, r4, #72
 481 0090 03EBCE03 		add	r3, r3, lr, lsl #3
 482 0094 5860     		str	r0, [r3, #4]
 483              	.L38:
 908:Drivers/STM32F2xx_HAL_Driver/Src/stm32f2xx_hal_can.c ****     {
 484              		.loc 1 908 5 is_stmt 1 view .LVU156
 908:Drivers/STM32F2xx_HAL_Driver/Src/stm32f2xx_hal_can.c ****     {
 485              		.loc 1 908 22 is_stmt 0 view .LVU157
 486 0096 CB69     		ldr	r3, [r1, #28]
 908:Drivers/STM32F2xx_HAL_Driver/Src/stm32f2xx_hal_can.c ****     {
 487              		.loc 1 908 8 view .LVU158
 488 0098 012B     		cmp	r3, #1
 489 009a 1ED0     		beq	.L51
 490              	.L39:
 925:Drivers/STM32F2xx_HAL_Driver/Src/stm32f2xx_hal_can.c ****     {
 491              		.loc 1 925 5 is_stmt 1 view .LVU159
 925:Drivers/STM32F2xx_HAL_Driver/Src/stm32f2xx_hal_can.c ****     {
 492              		.loc 1 925 22 is_stmt 0 view .LVU160
 493 009c 8B69     		ldr	r3, [r1, #24]
 925:Drivers/STM32F2xx_HAL_Driver/Src/stm32f2xx_hal_can.c ****     {
 494              		.loc 1 925 8 view .LVU161
 495 009e 002B     		cmp	r3, #0
ARM GAS  /var/folders/8x/_y6g3dfs0698dfd49y4vcg_w0000gn/T//ccYyxujy.s 			page 29


 496 00a0 35D1     		bne	.L40
 928:Drivers/STM32F2xx_HAL_Driver/Src/stm32f2xx_hal_can.c ****     }
 497              		.loc 1 928 7 is_stmt 1 view .LVU162
 498 00a2 2548     		ldr	r0, .L53
 499 00a4 D0F80432 		ldr	r3, [r0, #516]
 500 00a8 0CEA0303 		and	r3, ip, r3
 501 00ac C0F80432 		str	r3, [r0, #516]
 502              	.L41:
 937:Drivers/STM32F2xx_HAL_Driver/Src/stm32f2xx_hal_can.c ****     {
 503              		.loc 1 937 5 view .LVU163
 937:Drivers/STM32F2xx_HAL_Driver/Src/stm32f2xx_hal_can.c ****     {
 504              		.loc 1 937 22 is_stmt 0 view .LVU164
 505 00b0 0B69     		ldr	r3, [r1, #16]
 937:Drivers/STM32F2xx_HAL_Driver/Src/stm32f2xx_hal_can.c ****     {
 506              		.loc 1 937 8 view .LVU165
 507 00b2 9BBB     		cbnz	r3, .L42
 940:Drivers/STM32F2xx_HAL_Driver/Src/stm32f2xx_hal_can.c ****     }
 508              		.loc 1 940 7 is_stmt 1 view .LVU166
 509 00b4 2048     		ldr	r0, .L53
 510 00b6 D0F81432 		ldr	r3, [r0, #532]
 511 00ba 0CEA0303 		and	r3, ip, r3
 512 00be C0F81432 		str	r3, [r0, #532]
 513              	.L43:
 949:Drivers/STM32F2xx_HAL_Driver/Src/stm32f2xx_hal_can.c ****     {
 514              		.loc 1 949 5 view .LVU167
 949:Drivers/STM32F2xx_HAL_Driver/Src/stm32f2xx_hal_can.c ****     {
 515              		.loc 1 949 22 is_stmt 0 view .LVU168
 516 00c2 0B6A     		ldr	r3, [r1, #32]
 949:Drivers/STM32F2xx_HAL_Driver/Src/stm32f2xx_hal_can.c ****     {
 517              		.loc 1 949 8 view .LVU169
 518 00c4 012B     		cmp	r3, #1
 519 00c6 30D0     		beq	.L52
 520              	.LVL24:
 521              	.L44:
 955:Drivers/STM32F2xx_HAL_Driver/Src/stm32f2xx_hal_can.c **** 
 522              		.loc 1 955 5 is_stmt 1 view .LVU170
 523 00c8 1B4A     		ldr	r2, .L53
 524              	.LVL25:
 955:Drivers/STM32F2xx_HAL_Driver/Src/stm32f2xx_hal_can.c **** 
 525              		.loc 1 955 5 is_stmt 0 view .LVU171
 526 00ca D2F80032 		ldr	r3, [r2, #512]
 527 00ce 23F00103 		bic	r3, r3, #1
 528 00d2 C2F80032 		str	r3, [r2, #512]
 958:Drivers/STM32F2xx_HAL_Driver/Src/stm32f2xx_hal_can.c ****   }
 529              		.loc 1 958 5 is_stmt 1 view .LVU172
 958:Drivers/STM32F2xx_HAL_Driver/Src/stm32f2xx_hal_can.c ****   }
 530              		.loc 1 958 12 is_stmt 0 view .LVU173
 531 00d6 0020     		movs	r0, #0
 532              		.loc 1 967 1 view .LVU174
 533 00d8 10BD     		pop	{r4, pc}
 534              	.LVL26:
 535              	.L51:
 911:Drivers/STM32F2xx_HAL_Driver/Src/stm32f2xx_hal_can.c **** 
 536              		.loc 1 911 7 is_stmt 1 view .LVU175
 537 00da 174B     		ldr	r3, .L53
 538 00dc D3F80C02 		ldr	r0, [r3, #524]
 539 00e0 1043     		orrs	r0, r0, r2
ARM GAS  /var/folders/8x/_y6g3dfs0698dfd49y4vcg_w0000gn/T//ccYyxujy.s 			page 30


 540 00e2 C3F80C02 		str	r0, [r3, #524]
 914:Drivers/STM32F2xx_HAL_Driver/Src/stm32f2xx_hal_can.c ****         ((0x0000FFFFU & (uint32_t)sFilterConfig->FilterIdHigh) << 16U) |
 541              		.loc 1 914 7 view .LVU176
 916:Drivers/STM32F2xx_HAL_Driver/Src/stm32f2xx_hal_can.c **** 
 542              		.loc 1 916 22 is_stmt 0 view .LVU177
 543 00e6 8C88     		ldrh	r4, [r1, #4]
 914:Drivers/STM32F2xx_HAL_Driver/Src/stm32f2xx_hal_can.c ****         ((0x0000FFFFU & (uint32_t)sFilterConfig->FilterIdHigh) << 16U) |
 544              		.loc 1 914 44 view .LVU178
 545 00e8 4869     		ldr	r0, [r1, #20]
 915:Drivers/STM32F2xx_HAL_Driver/Src/stm32f2xx_hal_can.c ****         (0x0000FFFFU & (uint32_t)sFilterConfig->FilterIdLow);
 546              		.loc 1 915 72 view .LVU179
 547 00ea D1F800E0 		ldr	lr, [r1]
 548 00ee 44EA0E44 		orr	r4, r4, lr, lsl #16
 914:Drivers/STM32F2xx_HAL_Driver/Src/stm32f2xx_hal_can.c ****         ((0x0000FFFFU & (uint32_t)sFilterConfig->FilterIdHigh) << 16U) |
 549              		.loc 1 914 62 view .LVU180
 550 00f2 4830     		adds	r0, r0, #72
 551 00f4 43F83040 		str	r4, [r3, r0, lsl #3]
 919:Drivers/STM32F2xx_HAL_Driver/Src/stm32f2xx_hal_can.c ****         ((0x0000FFFFU & (uint32_t)sFilterConfig->FilterMaskIdHigh) << 16U) |
 552              		.loc 1 919 7 is_stmt 1 view .LVU181
 921:Drivers/STM32F2xx_HAL_Driver/Src/stm32f2xx_hal_can.c ****     }
 553              		.loc 1 921 22 is_stmt 0 view .LVU182
 554 00f8 8889     		ldrh	r0, [r1, #12]
 919:Drivers/STM32F2xx_HAL_Driver/Src/stm32f2xx_hal_can.c ****         ((0x0000FFFFU & (uint32_t)sFilterConfig->FilterMaskIdHigh) << 16U) |
 555              		.loc 1 919 44 view .LVU183
 556 00fa 4C69     		ldr	r4, [r1, #20]
 920:Drivers/STM32F2xx_HAL_Driver/Src/stm32f2xx_hal_can.c ****         (0x0000FFFFU & (uint32_t)sFilterConfig->FilterMaskIdLow);
 557              		.loc 1 920 76 view .LVU184
 558 00fc D1F808E0 		ldr	lr, [r1, #8]
 559 0100 40EA0E40 		orr	r0, r0, lr, lsl #16
 919:Drivers/STM32F2xx_HAL_Driver/Src/stm32f2xx_hal_can.c ****         ((0x0000FFFFU & (uint32_t)sFilterConfig->FilterMaskIdHigh) << 16U) |
 560              		.loc 1 919 62 view .LVU185
 561 0104 4834     		adds	r4, r4, #72
 562 0106 03EBC403 		add	r3, r3, r4, lsl #3
 563 010a 5860     		str	r0, [r3, #4]
 564 010c C6E7     		b	.L39
 565              	.L40:
 933:Drivers/STM32F2xx_HAL_Driver/Src/stm32f2xx_hal_can.c ****     }
 566              		.loc 1 933 7 is_stmt 1 view .LVU186
 567 010e 0A48     		ldr	r0, .L53
 568 0110 D0F80432 		ldr	r3, [r0, #516]
 569 0114 1343     		orrs	r3, r3, r2
 570 0116 C0F80432 		str	r3, [r0, #516]
 571 011a C9E7     		b	.L41
 572              	.L42:
 945:Drivers/STM32F2xx_HAL_Driver/Src/stm32f2xx_hal_can.c ****     }
 573              		.loc 1 945 7 view .LVU187
 574 011c 0648     		ldr	r0, .L53
 575 011e D0F81432 		ldr	r3, [r0, #532]
 576 0122 1343     		orrs	r3, r3, r2
 577 0124 C0F81432 		str	r3, [r0, #532]
 578 0128 CBE7     		b	.L43
 579              	.L52:
 951:Drivers/STM32F2xx_HAL_Driver/Src/stm32f2xx_hal_can.c ****     }
 580              		.loc 1 951 7 view .LVU188
 581 012a 0349     		ldr	r1, .L53
 582              	.LVL27:
 951:Drivers/STM32F2xx_HAL_Driver/Src/stm32f2xx_hal_can.c ****     }
ARM GAS  /var/folders/8x/_y6g3dfs0698dfd49y4vcg_w0000gn/T//ccYyxujy.s 			page 31


 583              		.loc 1 951 7 is_stmt 0 view .LVU189
 584 012c D1F81C32 		ldr	r3, [r1, #540]
 585 0130 1343     		orrs	r3, r3, r2
 586 0132 C1F81C32 		str	r3, [r1, #540]
 587 0136 C7E7     		b	.L44
 588              	.L54:
 589              		.align	2
 590              	.L53:
 591 0138 00640040 		.word	1073767424
 592              		.cfi_endproc
 593              	.LFE76:
 595              		.section	.text.HAL_CAN_Start,"ax",%progbits
 596              		.align	1
 597              		.global	HAL_CAN_Start
 598              		.syntax unified
 599              		.thumb
 600              		.thumb_func
 602              	HAL_CAN_Start:
 603              	.LVL28:
 604              	.LFB77:
 968:Drivers/STM32F2xx_HAL_Driver/Src/stm32f2xx_hal_can.c **** 
 969:Drivers/STM32F2xx_HAL_Driver/Src/stm32f2xx_hal_can.c **** /**
 970:Drivers/STM32F2xx_HAL_Driver/Src/stm32f2xx_hal_can.c ****   * @}
 971:Drivers/STM32F2xx_HAL_Driver/Src/stm32f2xx_hal_can.c ****   */
 972:Drivers/STM32F2xx_HAL_Driver/Src/stm32f2xx_hal_can.c **** 
 973:Drivers/STM32F2xx_HAL_Driver/Src/stm32f2xx_hal_can.c **** /** @defgroup CAN_Exported_Functions_Group3 Control functions
 974:Drivers/STM32F2xx_HAL_Driver/Src/stm32f2xx_hal_can.c ****   * @brief    Control functions
 975:Drivers/STM32F2xx_HAL_Driver/Src/stm32f2xx_hal_can.c ****   *
 976:Drivers/STM32F2xx_HAL_Driver/Src/stm32f2xx_hal_can.c **** @verbatim
 977:Drivers/STM32F2xx_HAL_Driver/Src/stm32f2xx_hal_can.c ****   ==============================================================================
 978:Drivers/STM32F2xx_HAL_Driver/Src/stm32f2xx_hal_can.c ****                       ##### Control functions #####
 979:Drivers/STM32F2xx_HAL_Driver/Src/stm32f2xx_hal_can.c ****   ==============================================================================
 980:Drivers/STM32F2xx_HAL_Driver/Src/stm32f2xx_hal_can.c ****     [..]  This section provides functions allowing to:
 981:Drivers/STM32F2xx_HAL_Driver/Src/stm32f2xx_hal_can.c ****       (+) HAL_CAN_Start                    : Start the CAN module
 982:Drivers/STM32F2xx_HAL_Driver/Src/stm32f2xx_hal_can.c ****       (+) HAL_CAN_Stop                     : Stop the CAN module
 983:Drivers/STM32F2xx_HAL_Driver/Src/stm32f2xx_hal_can.c ****       (+) HAL_CAN_RequestSleep             : Request sleep mode entry.
 984:Drivers/STM32F2xx_HAL_Driver/Src/stm32f2xx_hal_can.c ****       (+) HAL_CAN_WakeUp                   : Wake up from sleep mode.
 985:Drivers/STM32F2xx_HAL_Driver/Src/stm32f2xx_hal_can.c ****       (+) HAL_CAN_IsSleepActive            : Check is sleep mode is active.
 986:Drivers/STM32F2xx_HAL_Driver/Src/stm32f2xx_hal_can.c ****       (+) HAL_CAN_AddTxMessage             : Add a message to the Tx mailboxes
 987:Drivers/STM32F2xx_HAL_Driver/Src/stm32f2xx_hal_can.c ****                                              and activate the corresponding
 988:Drivers/STM32F2xx_HAL_Driver/Src/stm32f2xx_hal_can.c ****                                              transmission request
 989:Drivers/STM32F2xx_HAL_Driver/Src/stm32f2xx_hal_can.c ****       (+) HAL_CAN_AbortTxRequest           : Abort transmission request
 990:Drivers/STM32F2xx_HAL_Driver/Src/stm32f2xx_hal_can.c ****       (+) HAL_CAN_GetTxMailboxesFreeLevel  : Return Tx mailboxes free level
 991:Drivers/STM32F2xx_HAL_Driver/Src/stm32f2xx_hal_can.c ****       (+) HAL_CAN_IsTxMessagePending       : Check if a transmission request is
 992:Drivers/STM32F2xx_HAL_Driver/Src/stm32f2xx_hal_can.c ****                                              pending on the selected Tx mailbox
 993:Drivers/STM32F2xx_HAL_Driver/Src/stm32f2xx_hal_can.c ****       (+) HAL_CAN_GetRxMessage             : Get a CAN frame from the Rx FIFO
 994:Drivers/STM32F2xx_HAL_Driver/Src/stm32f2xx_hal_can.c ****       (+) HAL_CAN_GetRxFifoFillLevel       : Return Rx FIFO fill level
 995:Drivers/STM32F2xx_HAL_Driver/Src/stm32f2xx_hal_can.c **** 
 996:Drivers/STM32F2xx_HAL_Driver/Src/stm32f2xx_hal_can.c **** @endverbatim
 997:Drivers/STM32F2xx_HAL_Driver/Src/stm32f2xx_hal_can.c ****   * @{
 998:Drivers/STM32F2xx_HAL_Driver/Src/stm32f2xx_hal_can.c ****   */
 999:Drivers/STM32F2xx_HAL_Driver/Src/stm32f2xx_hal_can.c **** 
1000:Drivers/STM32F2xx_HAL_Driver/Src/stm32f2xx_hal_can.c **** /**
1001:Drivers/STM32F2xx_HAL_Driver/Src/stm32f2xx_hal_can.c ****   * @brief  Start the CAN module.
1002:Drivers/STM32F2xx_HAL_Driver/Src/stm32f2xx_hal_can.c ****   * @param  hcan pointer to an CAN_HandleTypeDef structure that contains
1003:Drivers/STM32F2xx_HAL_Driver/Src/stm32f2xx_hal_can.c ****   *         the configuration information for the specified CAN.
1004:Drivers/STM32F2xx_HAL_Driver/Src/stm32f2xx_hal_can.c ****   * @retval HAL status
ARM GAS  /var/folders/8x/_y6g3dfs0698dfd49y4vcg_w0000gn/T//ccYyxujy.s 			page 32


1005:Drivers/STM32F2xx_HAL_Driver/Src/stm32f2xx_hal_can.c ****   */
1006:Drivers/STM32F2xx_HAL_Driver/Src/stm32f2xx_hal_can.c **** HAL_StatusTypeDef HAL_CAN_Start(CAN_HandleTypeDef *hcan)
1007:Drivers/STM32F2xx_HAL_Driver/Src/stm32f2xx_hal_can.c **** {
 605              		.loc 1 1007 1 is_stmt 1 view -0
 606              		.cfi_startproc
 607              		@ args = 0, pretend = 0, frame = 0
 608              		@ frame_needed = 0, uses_anonymous_args = 0
 609              		.loc 1 1007 1 is_stmt 0 view .LVU191
 610 0000 70B5     		push	{r4, r5, r6, lr}
 611              	.LCFI3:
 612              		.cfi_def_cfa_offset 16
 613              		.cfi_offset 4, -16
 614              		.cfi_offset 5, -12
 615              		.cfi_offset 6, -8
 616              		.cfi_offset 14, -4
 617 0002 0446     		mov	r4, r0
1008:Drivers/STM32F2xx_HAL_Driver/Src/stm32f2xx_hal_can.c ****   uint32_t tickstart;
 618              		.loc 1 1008 3 is_stmt 1 view .LVU192
1009:Drivers/STM32F2xx_HAL_Driver/Src/stm32f2xx_hal_can.c **** 
1010:Drivers/STM32F2xx_HAL_Driver/Src/stm32f2xx_hal_can.c ****   if (hcan->State == HAL_CAN_STATE_READY)
 619              		.loc 1 1010 3 view .LVU193
 620              		.loc 1 1010 11 is_stmt 0 view .LVU194
 621 0004 90F82050 		ldrb	r5, [r0, #32]	@ zero_extendqisi2
 622 0008 EDB2     		uxtb	r5, r5
 623              		.loc 1 1010 6 view .LVU195
 624 000a 012D     		cmp	r5, #1
 625 000c 06D0     		beq	.L61
1011:Drivers/STM32F2xx_HAL_Driver/Src/stm32f2xx_hal_can.c ****   {
1012:Drivers/STM32F2xx_HAL_Driver/Src/stm32f2xx_hal_can.c ****     /* Change CAN peripheral state */
1013:Drivers/STM32F2xx_HAL_Driver/Src/stm32f2xx_hal_can.c ****     hcan->State = HAL_CAN_STATE_LISTENING;
1014:Drivers/STM32F2xx_HAL_Driver/Src/stm32f2xx_hal_can.c **** 
1015:Drivers/STM32F2xx_HAL_Driver/Src/stm32f2xx_hal_can.c ****     /* Request leave initialisation */
1016:Drivers/STM32F2xx_HAL_Driver/Src/stm32f2xx_hal_can.c ****     CLEAR_BIT(hcan->Instance->MCR, CAN_MCR_INRQ);
1017:Drivers/STM32F2xx_HAL_Driver/Src/stm32f2xx_hal_can.c **** 
1018:Drivers/STM32F2xx_HAL_Driver/Src/stm32f2xx_hal_can.c ****     /* Get tick */
1019:Drivers/STM32F2xx_HAL_Driver/Src/stm32f2xx_hal_can.c ****     tickstart = HAL_GetTick();
1020:Drivers/STM32F2xx_HAL_Driver/Src/stm32f2xx_hal_can.c **** 
1021:Drivers/STM32F2xx_HAL_Driver/Src/stm32f2xx_hal_can.c ****     /* Wait the acknowledge */
1022:Drivers/STM32F2xx_HAL_Driver/Src/stm32f2xx_hal_can.c ****     while ((hcan->Instance->MSR & CAN_MSR_INAK) != 0U)
1023:Drivers/STM32F2xx_HAL_Driver/Src/stm32f2xx_hal_can.c ****     {
1024:Drivers/STM32F2xx_HAL_Driver/Src/stm32f2xx_hal_can.c ****       /* Check for the Timeout */
1025:Drivers/STM32F2xx_HAL_Driver/Src/stm32f2xx_hal_can.c ****       if ((HAL_GetTick() - tickstart) > CAN_TIMEOUT_VALUE)
1026:Drivers/STM32F2xx_HAL_Driver/Src/stm32f2xx_hal_can.c ****       {
1027:Drivers/STM32F2xx_HAL_Driver/Src/stm32f2xx_hal_can.c ****         /* Update error code */
1028:Drivers/STM32F2xx_HAL_Driver/Src/stm32f2xx_hal_can.c ****         hcan->ErrorCode |= HAL_CAN_ERROR_TIMEOUT;
1029:Drivers/STM32F2xx_HAL_Driver/Src/stm32f2xx_hal_can.c **** 
1030:Drivers/STM32F2xx_HAL_Driver/Src/stm32f2xx_hal_can.c ****         /* Change CAN state */
1031:Drivers/STM32F2xx_HAL_Driver/Src/stm32f2xx_hal_can.c ****         hcan->State = HAL_CAN_STATE_ERROR;
1032:Drivers/STM32F2xx_HAL_Driver/Src/stm32f2xx_hal_can.c **** 
1033:Drivers/STM32F2xx_HAL_Driver/Src/stm32f2xx_hal_can.c ****         return HAL_ERROR;
1034:Drivers/STM32F2xx_HAL_Driver/Src/stm32f2xx_hal_can.c ****       }
1035:Drivers/STM32F2xx_HAL_Driver/Src/stm32f2xx_hal_can.c ****     }
1036:Drivers/STM32F2xx_HAL_Driver/Src/stm32f2xx_hal_can.c **** 
1037:Drivers/STM32F2xx_HAL_Driver/Src/stm32f2xx_hal_can.c ****     /* Reset the CAN ErrorCode */
1038:Drivers/STM32F2xx_HAL_Driver/Src/stm32f2xx_hal_can.c ****     hcan->ErrorCode = HAL_CAN_ERROR_NONE;
1039:Drivers/STM32F2xx_HAL_Driver/Src/stm32f2xx_hal_can.c **** 
1040:Drivers/STM32F2xx_HAL_Driver/Src/stm32f2xx_hal_can.c ****     /* Return function status */
ARM GAS  /var/folders/8x/_y6g3dfs0698dfd49y4vcg_w0000gn/T//ccYyxujy.s 			page 33


1041:Drivers/STM32F2xx_HAL_Driver/Src/stm32f2xx_hal_can.c ****     return HAL_OK;
1042:Drivers/STM32F2xx_HAL_Driver/Src/stm32f2xx_hal_can.c ****   }
1043:Drivers/STM32F2xx_HAL_Driver/Src/stm32f2xx_hal_can.c ****   else
1044:Drivers/STM32F2xx_HAL_Driver/Src/stm32f2xx_hal_can.c ****   {
1045:Drivers/STM32F2xx_HAL_Driver/Src/stm32f2xx_hal_can.c ****     /* Update error code */
1046:Drivers/STM32F2xx_HAL_Driver/Src/stm32f2xx_hal_can.c ****     hcan->ErrorCode |= HAL_CAN_ERROR_NOT_READY;
 626              		.loc 1 1046 5 is_stmt 1 view .LVU196
 627              		.loc 1 1046 9 is_stmt 0 view .LVU197
 628 000e 436A     		ldr	r3, [r0, #36]
 629              		.loc 1 1046 21 view .LVU198
 630 0010 43F40023 		orr	r3, r3, #524288
 631 0014 4362     		str	r3, [r0, #36]
1047:Drivers/STM32F2xx_HAL_Driver/Src/stm32f2xx_hal_can.c **** 
1048:Drivers/STM32F2xx_HAL_Driver/Src/stm32f2xx_hal_can.c ****     return HAL_ERROR;
 632              		.loc 1 1048 5 is_stmt 1 view .LVU199
 633              		.loc 1 1048 12 is_stmt 0 view .LVU200
 634 0016 0125     		movs	r5, #1
 635              	.LVL29:
 636              	.L58:
1049:Drivers/STM32F2xx_HAL_Driver/Src/stm32f2xx_hal_can.c ****   }
1050:Drivers/STM32F2xx_HAL_Driver/Src/stm32f2xx_hal_can.c **** }
 637              		.loc 1 1050 1 view .LVU201
 638 0018 2846     		mov	r0, r5
 639 001a 70BD     		pop	{r4, r5, r6, pc}
 640              	.LVL30:
 641              	.L61:
1013:Drivers/STM32F2xx_HAL_Driver/Src/stm32f2xx_hal_can.c **** 
 642              		.loc 1 1013 5 is_stmt 1 view .LVU202
1013:Drivers/STM32F2xx_HAL_Driver/Src/stm32f2xx_hal_can.c **** 
 643              		.loc 1 1013 17 is_stmt 0 view .LVU203
 644 001c 0223     		movs	r3, #2
 645 001e 80F82030 		strb	r3, [r0, #32]
1016:Drivers/STM32F2xx_HAL_Driver/Src/stm32f2xx_hal_can.c **** 
 646              		.loc 1 1016 5 is_stmt 1 view .LVU204
 647 0022 0268     		ldr	r2, [r0]
 648 0024 1368     		ldr	r3, [r2]
 649 0026 23F00103 		bic	r3, r3, #1
 650 002a 1360     		str	r3, [r2]
1019:Drivers/STM32F2xx_HAL_Driver/Src/stm32f2xx_hal_can.c **** 
 651              		.loc 1 1019 5 view .LVU205
1019:Drivers/STM32F2xx_HAL_Driver/Src/stm32f2xx_hal_can.c **** 
 652              		.loc 1 1019 17 is_stmt 0 view .LVU206
 653 002c FFF7FEFF 		bl	HAL_GetTick
 654              	.LVL31:
1019:Drivers/STM32F2xx_HAL_Driver/Src/stm32f2xx_hal_can.c **** 
 655              		.loc 1 1019 17 view .LVU207
 656 0030 0646     		mov	r6, r0
 657              	.LVL32:
1022:Drivers/STM32F2xx_HAL_Driver/Src/stm32f2xx_hal_can.c ****     {
 658              		.loc 1 1022 5 is_stmt 1 view .LVU208
 659              	.L57:
1022:Drivers/STM32F2xx_HAL_Driver/Src/stm32f2xx_hal_can.c ****     {
 660              		.loc 1 1022 49 view .LVU209
1022:Drivers/STM32F2xx_HAL_Driver/Src/stm32f2xx_hal_can.c ****     {
 661              		.loc 1 1022 17 is_stmt 0 view .LVU210
 662 0032 2368     		ldr	r3, [r4]
1022:Drivers/STM32F2xx_HAL_Driver/Src/stm32f2xx_hal_can.c ****     {
ARM GAS  /var/folders/8x/_y6g3dfs0698dfd49y4vcg_w0000gn/T//ccYyxujy.s 			page 34


 663              		.loc 1 1022 27 view .LVU211
 664 0034 5B68     		ldr	r3, [r3, #4]
1022:Drivers/STM32F2xx_HAL_Driver/Src/stm32f2xx_hal_can.c ****     {
 665              		.loc 1 1022 49 view .LVU212
 666 0036 13F0010F 		tst	r3, #1
 667 003a 0CD0     		beq	.L62
1025:Drivers/STM32F2xx_HAL_Driver/Src/stm32f2xx_hal_can.c ****       {
 668              		.loc 1 1025 7 is_stmt 1 view .LVU213
1025:Drivers/STM32F2xx_HAL_Driver/Src/stm32f2xx_hal_can.c ****       {
 669              		.loc 1 1025 12 is_stmt 0 view .LVU214
 670 003c FFF7FEFF 		bl	HAL_GetTick
 671              	.LVL33:
1025:Drivers/STM32F2xx_HAL_Driver/Src/stm32f2xx_hal_can.c ****       {
 672              		.loc 1 1025 26 discriminator 1 view .LVU215
 673 0040 831B     		subs	r3, r0, r6
1025:Drivers/STM32F2xx_HAL_Driver/Src/stm32f2xx_hal_can.c ****       {
 674              		.loc 1 1025 10 discriminator 1 view .LVU216
 675 0042 0A2B     		cmp	r3, #10
 676 0044 F5D9     		bls	.L57
1028:Drivers/STM32F2xx_HAL_Driver/Src/stm32f2xx_hal_can.c **** 
 677              		.loc 1 1028 9 is_stmt 1 view .LVU217
1028:Drivers/STM32F2xx_HAL_Driver/Src/stm32f2xx_hal_can.c **** 
 678              		.loc 1 1028 13 is_stmt 0 view .LVU218
 679 0046 636A     		ldr	r3, [r4, #36]
1028:Drivers/STM32F2xx_HAL_Driver/Src/stm32f2xx_hal_can.c **** 
 680              		.loc 1 1028 25 view .LVU219
 681 0048 43F40033 		orr	r3, r3, #131072
 682 004c 6362     		str	r3, [r4, #36]
1031:Drivers/STM32F2xx_HAL_Driver/Src/stm32f2xx_hal_can.c **** 
 683              		.loc 1 1031 9 is_stmt 1 view .LVU220
1031:Drivers/STM32F2xx_HAL_Driver/Src/stm32f2xx_hal_can.c **** 
 684              		.loc 1 1031 21 is_stmt 0 view .LVU221
 685 004e 0523     		movs	r3, #5
 686 0050 84F82030 		strb	r3, [r4, #32]
1033:Drivers/STM32F2xx_HAL_Driver/Src/stm32f2xx_hal_can.c ****       }
 687              		.loc 1 1033 9 is_stmt 1 view .LVU222
1033:Drivers/STM32F2xx_HAL_Driver/Src/stm32f2xx_hal_can.c ****       }
 688              		.loc 1 1033 16 is_stmt 0 view .LVU223
 689 0054 E0E7     		b	.L58
 690              	.L62:
1038:Drivers/STM32F2xx_HAL_Driver/Src/stm32f2xx_hal_can.c **** 
 691              		.loc 1 1038 5 is_stmt 1 view .LVU224
1038:Drivers/STM32F2xx_HAL_Driver/Src/stm32f2xx_hal_can.c **** 
 692              		.loc 1 1038 21 is_stmt 0 view .LVU225
 693 0056 0025     		movs	r5, #0
 694 0058 6562     		str	r5, [r4, #36]
1041:Drivers/STM32F2xx_HAL_Driver/Src/stm32f2xx_hal_can.c ****   }
 695              		.loc 1 1041 5 is_stmt 1 view .LVU226
1041:Drivers/STM32F2xx_HAL_Driver/Src/stm32f2xx_hal_can.c ****   }
 696              		.loc 1 1041 12 is_stmt 0 view .LVU227
 697 005a DDE7     		b	.L58
 698              		.cfi_endproc
 699              	.LFE77:
 701              		.section	.text.HAL_CAN_Stop,"ax",%progbits
 702              		.align	1
 703              		.global	HAL_CAN_Stop
 704              		.syntax unified
ARM GAS  /var/folders/8x/_y6g3dfs0698dfd49y4vcg_w0000gn/T//ccYyxujy.s 			page 35


 705              		.thumb
 706              		.thumb_func
 708              	HAL_CAN_Stop:
 709              	.LVL34:
 710              	.LFB78:
1051:Drivers/STM32F2xx_HAL_Driver/Src/stm32f2xx_hal_can.c **** 
1052:Drivers/STM32F2xx_HAL_Driver/Src/stm32f2xx_hal_can.c **** /**
1053:Drivers/STM32F2xx_HAL_Driver/Src/stm32f2xx_hal_can.c ****   * @brief  Stop the CAN module and enable access to configuration registers.
1054:Drivers/STM32F2xx_HAL_Driver/Src/stm32f2xx_hal_can.c ****   * @param  hcan pointer to an CAN_HandleTypeDef structure that contains
1055:Drivers/STM32F2xx_HAL_Driver/Src/stm32f2xx_hal_can.c ****   *         the configuration information for the specified CAN.
1056:Drivers/STM32F2xx_HAL_Driver/Src/stm32f2xx_hal_can.c ****   * @retval HAL status
1057:Drivers/STM32F2xx_HAL_Driver/Src/stm32f2xx_hal_can.c ****   */
1058:Drivers/STM32F2xx_HAL_Driver/Src/stm32f2xx_hal_can.c **** HAL_StatusTypeDef HAL_CAN_Stop(CAN_HandleTypeDef *hcan)
1059:Drivers/STM32F2xx_HAL_Driver/Src/stm32f2xx_hal_can.c **** {
 711              		.loc 1 1059 1 is_stmt 1 view -0
 712              		.cfi_startproc
 713              		@ args = 0, pretend = 0, frame = 0
 714              		@ frame_needed = 0, uses_anonymous_args = 0
 715              		.loc 1 1059 1 is_stmt 0 view .LVU229
 716 0000 38B5     		push	{r3, r4, r5, lr}
 717              	.LCFI4:
 718              		.cfi_def_cfa_offset 16
 719              		.cfi_offset 3, -16
 720              		.cfi_offset 4, -12
 721              		.cfi_offset 5, -8
 722              		.cfi_offset 14, -4
 723 0002 0446     		mov	r4, r0
1060:Drivers/STM32F2xx_HAL_Driver/Src/stm32f2xx_hal_can.c ****   uint32_t tickstart;
 724              		.loc 1 1060 3 is_stmt 1 view .LVU230
1061:Drivers/STM32F2xx_HAL_Driver/Src/stm32f2xx_hal_can.c **** 
1062:Drivers/STM32F2xx_HAL_Driver/Src/stm32f2xx_hal_can.c ****   if (hcan->State == HAL_CAN_STATE_LISTENING)
 725              		.loc 1 1062 3 view .LVU231
 726              		.loc 1 1062 11 is_stmt 0 view .LVU232
 727 0004 90F82030 		ldrb	r3, [r0, #32]	@ zero_extendqisi2
 728 0008 DBB2     		uxtb	r3, r3
 729              		.loc 1 1062 6 view .LVU233
 730 000a 022B     		cmp	r3, #2
 731 000c 05D0     		beq	.L69
1063:Drivers/STM32F2xx_HAL_Driver/Src/stm32f2xx_hal_can.c ****   {
1064:Drivers/STM32F2xx_HAL_Driver/Src/stm32f2xx_hal_can.c ****     /* Request initialisation */
1065:Drivers/STM32F2xx_HAL_Driver/Src/stm32f2xx_hal_can.c ****     SET_BIT(hcan->Instance->MCR, CAN_MCR_INRQ);
1066:Drivers/STM32F2xx_HAL_Driver/Src/stm32f2xx_hal_can.c **** 
1067:Drivers/STM32F2xx_HAL_Driver/Src/stm32f2xx_hal_can.c ****     /* Get tick */
1068:Drivers/STM32F2xx_HAL_Driver/Src/stm32f2xx_hal_can.c ****     tickstart = HAL_GetTick();
1069:Drivers/STM32F2xx_HAL_Driver/Src/stm32f2xx_hal_can.c **** 
1070:Drivers/STM32F2xx_HAL_Driver/Src/stm32f2xx_hal_can.c ****     /* Wait the acknowledge */
1071:Drivers/STM32F2xx_HAL_Driver/Src/stm32f2xx_hal_can.c ****     while ((hcan->Instance->MSR & CAN_MSR_INAK) == 0U)
1072:Drivers/STM32F2xx_HAL_Driver/Src/stm32f2xx_hal_can.c ****     {
1073:Drivers/STM32F2xx_HAL_Driver/Src/stm32f2xx_hal_can.c ****       /* Check for the Timeout */
1074:Drivers/STM32F2xx_HAL_Driver/Src/stm32f2xx_hal_can.c ****       if ((HAL_GetTick() - tickstart) > CAN_TIMEOUT_VALUE)
1075:Drivers/STM32F2xx_HAL_Driver/Src/stm32f2xx_hal_can.c ****       {
1076:Drivers/STM32F2xx_HAL_Driver/Src/stm32f2xx_hal_can.c ****         /* Update error code */
1077:Drivers/STM32F2xx_HAL_Driver/Src/stm32f2xx_hal_can.c ****         hcan->ErrorCode |= HAL_CAN_ERROR_TIMEOUT;
1078:Drivers/STM32F2xx_HAL_Driver/Src/stm32f2xx_hal_can.c **** 
1079:Drivers/STM32F2xx_HAL_Driver/Src/stm32f2xx_hal_can.c ****         /* Change CAN state */
1080:Drivers/STM32F2xx_HAL_Driver/Src/stm32f2xx_hal_can.c ****         hcan->State = HAL_CAN_STATE_ERROR;
1081:Drivers/STM32F2xx_HAL_Driver/Src/stm32f2xx_hal_can.c **** 
ARM GAS  /var/folders/8x/_y6g3dfs0698dfd49y4vcg_w0000gn/T//ccYyxujy.s 			page 36


1082:Drivers/STM32F2xx_HAL_Driver/Src/stm32f2xx_hal_can.c ****         return HAL_ERROR;
1083:Drivers/STM32F2xx_HAL_Driver/Src/stm32f2xx_hal_can.c ****       }
1084:Drivers/STM32F2xx_HAL_Driver/Src/stm32f2xx_hal_can.c ****     }
1085:Drivers/STM32F2xx_HAL_Driver/Src/stm32f2xx_hal_can.c **** 
1086:Drivers/STM32F2xx_HAL_Driver/Src/stm32f2xx_hal_can.c ****     /* Exit from sleep mode */
1087:Drivers/STM32F2xx_HAL_Driver/Src/stm32f2xx_hal_can.c ****     CLEAR_BIT(hcan->Instance->MCR, CAN_MCR_SLEEP);
1088:Drivers/STM32F2xx_HAL_Driver/Src/stm32f2xx_hal_can.c **** 
1089:Drivers/STM32F2xx_HAL_Driver/Src/stm32f2xx_hal_can.c ****     /* Change CAN peripheral state */
1090:Drivers/STM32F2xx_HAL_Driver/Src/stm32f2xx_hal_can.c ****     hcan->State = HAL_CAN_STATE_READY;
1091:Drivers/STM32F2xx_HAL_Driver/Src/stm32f2xx_hal_can.c **** 
1092:Drivers/STM32F2xx_HAL_Driver/Src/stm32f2xx_hal_can.c ****     /* Return function status */
1093:Drivers/STM32F2xx_HAL_Driver/Src/stm32f2xx_hal_can.c ****     return HAL_OK;
1094:Drivers/STM32F2xx_HAL_Driver/Src/stm32f2xx_hal_can.c ****   }
1095:Drivers/STM32F2xx_HAL_Driver/Src/stm32f2xx_hal_can.c ****   else
1096:Drivers/STM32F2xx_HAL_Driver/Src/stm32f2xx_hal_can.c ****   {
1097:Drivers/STM32F2xx_HAL_Driver/Src/stm32f2xx_hal_can.c ****     /* Update error code */
1098:Drivers/STM32F2xx_HAL_Driver/Src/stm32f2xx_hal_can.c ****     hcan->ErrorCode |= HAL_CAN_ERROR_NOT_STARTED;
 732              		.loc 1 1098 5 is_stmt 1 view .LVU234
 733              		.loc 1 1098 9 is_stmt 0 view .LVU235
 734 000e 436A     		ldr	r3, [r0, #36]
 735              		.loc 1 1098 21 view .LVU236
 736 0010 43F48013 		orr	r3, r3, #1048576
 737 0014 4362     		str	r3, [r0, #36]
1099:Drivers/STM32F2xx_HAL_Driver/Src/stm32f2xx_hal_can.c **** 
1100:Drivers/STM32F2xx_HAL_Driver/Src/stm32f2xx_hal_can.c ****     return HAL_ERROR;
 738              		.loc 1 1100 5 is_stmt 1 view .LVU237
 739              		.loc 1 1100 12 is_stmt 0 view .LVU238
 740 0016 0120     		movs	r0, #1
 741              	.LVL35:
 742              	.L66:
1101:Drivers/STM32F2xx_HAL_Driver/Src/stm32f2xx_hal_can.c ****   }
1102:Drivers/STM32F2xx_HAL_Driver/Src/stm32f2xx_hal_can.c **** }
 743              		.loc 1 1102 1 view .LVU239
 744 0018 38BD     		pop	{r3, r4, r5, pc}
 745              	.LVL36:
 746              	.L69:
1065:Drivers/STM32F2xx_HAL_Driver/Src/stm32f2xx_hal_can.c **** 
 747              		.loc 1 1065 5 is_stmt 1 view .LVU240
 748 001a 0268     		ldr	r2, [r0]
 749 001c 1368     		ldr	r3, [r2]
 750 001e 43F00103 		orr	r3, r3, #1
 751 0022 1360     		str	r3, [r2]
1068:Drivers/STM32F2xx_HAL_Driver/Src/stm32f2xx_hal_can.c **** 
 752              		.loc 1 1068 5 view .LVU241
1068:Drivers/STM32F2xx_HAL_Driver/Src/stm32f2xx_hal_can.c **** 
 753              		.loc 1 1068 17 is_stmt 0 view .LVU242
 754 0024 FFF7FEFF 		bl	HAL_GetTick
 755              	.LVL37:
1068:Drivers/STM32F2xx_HAL_Driver/Src/stm32f2xx_hal_can.c **** 
 756              		.loc 1 1068 17 view .LVU243
 757 0028 0546     		mov	r5, r0
 758              	.LVL38:
1071:Drivers/STM32F2xx_HAL_Driver/Src/stm32f2xx_hal_can.c ****     {
 759              		.loc 1 1071 5 is_stmt 1 view .LVU244
 760              	.L65:
1071:Drivers/STM32F2xx_HAL_Driver/Src/stm32f2xx_hal_can.c ****     {
 761              		.loc 1 1071 49 view .LVU245
ARM GAS  /var/folders/8x/_y6g3dfs0698dfd49y4vcg_w0000gn/T//ccYyxujy.s 			page 37


1071:Drivers/STM32F2xx_HAL_Driver/Src/stm32f2xx_hal_can.c ****     {
 762              		.loc 1 1071 17 is_stmt 0 view .LVU246
 763 002a 2368     		ldr	r3, [r4]
1071:Drivers/STM32F2xx_HAL_Driver/Src/stm32f2xx_hal_can.c ****     {
 764              		.loc 1 1071 27 view .LVU247
 765 002c 5A68     		ldr	r2, [r3, #4]
1071:Drivers/STM32F2xx_HAL_Driver/Src/stm32f2xx_hal_can.c ****     {
 766              		.loc 1 1071 49 view .LVU248
 767 002e 12F0010F 		tst	r2, #1
 768 0032 0DD1     		bne	.L70
1074:Drivers/STM32F2xx_HAL_Driver/Src/stm32f2xx_hal_can.c ****       {
 769              		.loc 1 1074 7 is_stmt 1 view .LVU249
1074:Drivers/STM32F2xx_HAL_Driver/Src/stm32f2xx_hal_can.c ****       {
 770              		.loc 1 1074 12 is_stmt 0 view .LVU250
 771 0034 FFF7FEFF 		bl	HAL_GetTick
 772              	.LVL39:
1074:Drivers/STM32F2xx_HAL_Driver/Src/stm32f2xx_hal_can.c ****       {
 773              		.loc 1 1074 26 discriminator 1 view .LVU251
 774 0038 431B     		subs	r3, r0, r5
1074:Drivers/STM32F2xx_HAL_Driver/Src/stm32f2xx_hal_can.c ****       {
 775              		.loc 1 1074 10 discriminator 1 view .LVU252
 776 003a 0A2B     		cmp	r3, #10
 777 003c F5D9     		bls	.L65
1077:Drivers/STM32F2xx_HAL_Driver/Src/stm32f2xx_hal_can.c **** 
 778              		.loc 1 1077 9 is_stmt 1 view .LVU253
1077:Drivers/STM32F2xx_HAL_Driver/Src/stm32f2xx_hal_can.c **** 
 779              		.loc 1 1077 13 is_stmt 0 view .LVU254
 780 003e 636A     		ldr	r3, [r4, #36]
1077:Drivers/STM32F2xx_HAL_Driver/Src/stm32f2xx_hal_can.c **** 
 781              		.loc 1 1077 25 view .LVU255
 782 0040 43F40033 		orr	r3, r3, #131072
 783 0044 6362     		str	r3, [r4, #36]
1080:Drivers/STM32F2xx_HAL_Driver/Src/stm32f2xx_hal_can.c **** 
 784              		.loc 1 1080 9 is_stmt 1 view .LVU256
1080:Drivers/STM32F2xx_HAL_Driver/Src/stm32f2xx_hal_can.c **** 
 785              		.loc 1 1080 21 is_stmt 0 view .LVU257
 786 0046 0523     		movs	r3, #5
 787 0048 84F82030 		strb	r3, [r4, #32]
1082:Drivers/STM32F2xx_HAL_Driver/Src/stm32f2xx_hal_can.c ****       }
 788              		.loc 1 1082 9 is_stmt 1 view .LVU258
1082:Drivers/STM32F2xx_HAL_Driver/Src/stm32f2xx_hal_can.c ****       }
 789              		.loc 1 1082 16 is_stmt 0 view .LVU259
 790 004c 0120     		movs	r0, #1
 791 004e E3E7     		b	.L66
 792              	.L70:
1087:Drivers/STM32F2xx_HAL_Driver/Src/stm32f2xx_hal_can.c **** 
 793              		.loc 1 1087 5 is_stmt 1 view .LVU260
 794 0050 1A68     		ldr	r2, [r3]
 795 0052 22F00202 		bic	r2, r2, #2
 796 0056 1A60     		str	r2, [r3]
1090:Drivers/STM32F2xx_HAL_Driver/Src/stm32f2xx_hal_can.c **** 
 797              		.loc 1 1090 5 view .LVU261
1090:Drivers/STM32F2xx_HAL_Driver/Src/stm32f2xx_hal_can.c **** 
 798              		.loc 1 1090 17 is_stmt 0 view .LVU262
 799 0058 0123     		movs	r3, #1
 800 005a 84F82030 		strb	r3, [r4, #32]
1093:Drivers/STM32F2xx_HAL_Driver/Src/stm32f2xx_hal_can.c ****   }
ARM GAS  /var/folders/8x/_y6g3dfs0698dfd49y4vcg_w0000gn/T//ccYyxujy.s 			page 38


 801              		.loc 1 1093 5 is_stmt 1 view .LVU263
1093:Drivers/STM32F2xx_HAL_Driver/Src/stm32f2xx_hal_can.c ****   }
 802              		.loc 1 1093 12 is_stmt 0 view .LVU264
 803 005e 0020     		movs	r0, #0
 804 0060 DAE7     		b	.L66
 805              		.cfi_endproc
 806              	.LFE78:
 808              		.section	.text.HAL_CAN_DeInit,"ax",%progbits
 809              		.align	1
 810              		.global	HAL_CAN_DeInit
 811              		.syntax unified
 812              		.thumb
 813              		.thumb_func
 815              	HAL_CAN_DeInit:
 816              	.LVL40:
 817              	.LFB73:
 461:Drivers/STM32F2xx_HAL_Driver/Src/stm32f2xx_hal_can.c ****   /* Check CAN handle */
 818              		.loc 1 461 1 is_stmt 1 view -0
 819              		.cfi_startproc
 820              		@ args = 0, pretend = 0, frame = 0
 821              		@ frame_needed = 0, uses_anonymous_args = 0
 463:Drivers/STM32F2xx_HAL_Driver/Src/stm32f2xx_hal_can.c ****   {
 822              		.loc 1 463 3 view .LVU266
 463:Drivers/STM32F2xx_HAL_Driver/Src/stm32f2xx_hal_can.c ****   {
 823              		.loc 1 463 6 is_stmt 0 view .LVU267
 824 0000 80B1     		cbz	r0, .L73
 461:Drivers/STM32F2xx_HAL_Driver/Src/stm32f2xx_hal_can.c ****   /* Check CAN handle */
 825              		.loc 1 461 1 view .LVU268
 826 0002 10B5     		push	{r4, lr}
 827              	.LCFI5:
 828              		.cfi_def_cfa_offset 8
 829              		.cfi_offset 4, -8
 830              		.cfi_offset 14, -4
 831 0004 0446     		mov	r4, r0
 469:Drivers/STM32F2xx_HAL_Driver/Src/stm32f2xx_hal_can.c **** 
 832              		.loc 1 469 3 is_stmt 1 view .LVU269
 472:Drivers/STM32F2xx_HAL_Driver/Src/stm32f2xx_hal_can.c **** 
 833              		.loc 1 472 3 view .LVU270
 472:Drivers/STM32F2xx_HAL_Driver/Src/stm32f2xx_hal_can.c **** 
 834              		.loc 1 472 9 is_stmt 0 view .LVU271
 835 0006 FFF7FEFF 		bl	HAL_CAN_Stop
 836              	.LVL41:
 485:Drivers/STM32F2xx_HAL_Driver/Src/stm32f2xx_hal_can.c **** #endif /* USE_HAL_CAN_REGISTER_CALLBACKS */
 837              		.loc 1 485 3 is_stmt 1 view .LVU272
 838 000a 2046     		mov	r0, r4
 839 000c FFF7FEFF 		bl	HAL_CAN_MspDeInit
 840              	.LVL42:
 489:Drivers/STM32F2xx_HAL_Driver/Src/stm32f2xx_hal_can.c **** 
 841              		.loc 1 489 3 view .LVU273
 842 0010 2268     		ldr	r2, [r4]
 843 0012 1368     		ldr	r3, [r2]
 844 0014 43F40043 		orr	r3, r3, #32768
 845 0018 1360     		str	r3, [r2]
 492:Drivers/STM32F2xx_HAL_Driver/Src/stm32f2xx_hal_can.c **** 
 846              		.loc 1 492 3 view .LVU274
 492:Drivers/STM32F2xx_HAL_Driver/Src/stm32f2xx_hal_can.c **** 
 847              		.loc 1 492 19 is_stmt 0 view .LVU275
ARM GAS  /var/folders/8x/_y6g3dfs0698dfd49y4vcg_w0000gn/T//ccYyxujy.s 			page 39


 848 001a 0020     		movs	r0, #0
 849 001c 6062     		str	r0, [r4, #36]
 495:Drivers/STM32F2xx_HAL_Driver/Src/stm32f2xx_hal_can.c **** 
 850              		.loc 1 495 3 is_stmt 1 view .LVU276
 495:Drivers/STM32F2xx_HAL_Driver/Src/stm32f2xx_hal_can.c **** 
 851              		.loc 1 495 15 is_stmt 0 view .LVU277
 852 001e 84F82000 		strb	r0, [r4, #32]
 498:Drivers/STM32F2xx_HAL_Driver/Src/stm32f2xx_hal_can.c **** }
 853              		.loc 1 498 3 is_stmt 1 view .LVU278
 499:Drivers/STM32F2xx_HAL_Driver/Src/stm32f2xx_hal_can.c **** 
 854              		.loc 1 499 1 is_stmt 0 view .LVU279
 855 0022 10BD     		pop	{r4, pc}
 856              	.LVL43:
 857              	.L73:
 858              	.LCFI6:
 859              		.cfi_def_cfa_offset 0
 860              		.cfi_restore 4
 861              		.cfi_restore 14
 465:Drivers/STM32F2xx_HAL_Driver/Src/stm32f2xx_hal_can.c ****   }
 862              		.loc 1 465 12 view .LVU280
 863 0024 0120     		movs	r0, #1
 864              	.LVL44:
 499:Drivers/STM32F2xx_HAL_Driver/Src/stm32f2xx_hal_can.c **** 
 865              		.loc 1 499 1 view .LVU281
 866 0026 7047     		bx	lr
 867              		.cfi_endproc
 868              	.LFE73:
 870              		.section	.text.HAL_CAN_RequestSleep,"ax",%progbits
 871              		.align	1
 872              		.global	HAL_CAN_RequestSleep
 873              		.syntax unified
 874              		.thumb
 875              		.thumb_func
 877              	HAL_CAN_RequestSleep:
 878              	.LVL45:
 879              	.LFB79:
1103:Drivers/STM32F2xx_HAL_Driver/Src/stm32f2xx_hal_can.c **** 
1104:Drivers/STM32F2xx_HAL_Driver/Src/stm32f2xx_hal_can.c **** /**
1105:Drivers/STM32F2xx_HAL_Driver/Src/stm32f2xx_hal_can.c ****   * @brief  Request the sleep mode (low power) entry.
1106:Drivers/STM32F2xx_HAL_Driver/Src/stm32f2xx_hal_can.c ****   *         When returning from this function, Sleep mode will be entered
1107:Drivers/STM32F2xx_HAL_Driver/Src/stm32f2xx_hal_can.c ****   *         as soon as the current CAN activity (transmission or reception
1108:Drivers/STM32F2xx_HAL_Driver/Src/stm32f2xx_hal_can.c ****   *         of a CAN frame) has been completed.
1109:Drivers/STM32F2xx_HAL_Driver/Src/stm32f2xx_hal_can.c ****   * @param  hcan pointer to a CAN_HandleTypeDef structure that contains
1110:Drivers/STM32F2xx_HAL_Driver/Src/stm32f2xx_hal_can.c ****   *         the configuration information for the specified CAN.
1111:Drivers/STM32F2xx_HAL_Driver/Src/stm32f2xx_hal_can.c ****   * @retval HAL status.
1112:Drivers/STM32F2xx_HAL_Driver/Src/stm32f2xx_hal_can.c ****   */
1113:Drivers/STM32F2xx_HAL_Driver/Src/stm32f2xx_hal_can.c **** HAL_StatusTypeDef HAL_CAN_RequestSleep(CAN_HandleTypeDef *hcan)
1114:Drivers/STM32F2xx_HAL_Driver/Src/stm32f2xx_hal_can.c **** {
 880              		.loc 1 1114 1 is_stmt 1 view -0
 881              		.cfi_startproc
 882              		@ args = 0, pretend = 0, frame = 0
 883              		@ frame_needed = 0, uses_anonymous_args = 0
 884              		@ link register save eliminated.
1115:Drivers/STM32F2xx_HAL_Driver/Src/stm32f2xx_hal_can.c ****   HAL_CAN_StateTypeDef state = hcan->State;
 885              		.loc 1 1115 3 view .LVU283
 886              		.loc 1 1115 24 is_stmt 0 view .LVU284
 887 0000 90F82030 		ldrb	r3, [r0, #32]	@ zero_extendqisi2
ARM GAS  /var/folders/8x/_y6g3dfs0698dfd49y4vcg_w0000gn/T//ccYyxujy.s 			page 40


 888              	.LVL46:
1116:Drivers/STM32F2xx_HAL_Driver/Src/stm32f2xx_hal_can.c **** 
1117:Drivers/STM32F2xx_HAL_Driver/Src/stm32f2xx_hal_can.c ****   if ((state == HAL_CAN_STATE_READY) ||
 889              		.loc 1 1117 3 is_stmt 1 view .LVU285
 890              		.loc 1 1117 38 is_stmt 0 view .LVU286
 891 0004 013B     		subs	r3, r3, #1
 892              	.LVL47:
 893              		.loc 1 1117 38 view .LVU287
 894 0006 DBB2     		uxtb	r3, r3
 895              	.LVL48:
 896              		.loc 1 1117 6 view .LVU288
 897 0008 012B     		cmp	r3, #1
 898 000a 05D9     		bls	.L81
1118:Drivers/STM32F2xx_HAL_Driver/Src/stm32f2xx_hal_can.c ****       (state == HAL_CAN_STATE_LISTENING))
1119:Drivers/STM32F2xx_HAL_Driver/Src/stm32f2xx_hal_can.c ****   {
1120:Drivers/STM32F2xx_HAL_Driver/Src/stm32f2xx_hal_can.c ****     /* Request Sleep mode */
1121:Drivers/STM32F2xx_HAL_Driver/Src/stm32f2xx_hal_can.c ****     SET_BIT(hcan->Instance->MCR, CAN_MCR_SLEEP);
1122:Drivers/STM32F2xx_HAL_Driver/Src/stm32f2xx_hal_can.c **** 
1123:Drivers/STM32F2xx_HAL_Driver/Src/stm32f2xx_hal_can.c ****     /* Return function status */
1124:Drivers/STM32F2xx_HAL_Driver/Src/stm32f2xx_hal_can.c ****     return HAL_OK;
1125:Drivers/STM32F2xx_HAL_Driver/Src/stm32f2xx_hal_can.c ****   }
1126:Drivers/STM32F2xx_HAL_Driver/Src/stm32f2xx_hal_can.c ****   else
1127:Drivers/STM32F2xx_HAL_Driver/Src/stm32f2xx_hal_can.c ****   {
1128:Drivers/STM32F2xx_HAL_Driver/Src/stm32f2xx_hal_can.c ****     /* Update error code */
1129:Drivers/STM32F2xx_HAL_Driver/Src/stm32f2xx_hal_can.c ****     hcan->ErrorCode |= HAL_CAN_ERROR_NOT_INITIALIZED;
 899              		.loc 1 1129 5 is_stmt 1 view .LVU289
 900              		.loc 1 1129 9 is_stmt 0 view .LVU290
 901 000c 436A     		ldr	r3, [r0, #36]
 902              		.loc 1 1129 21 view .LVU291
 903 000e 43F48023 		orr	r3, r3, #262144
 904 0012 4362     		str	r3, [r0, #36]
1130:Drivers/STM32F2xx_HAL_Driver/Src/stm32f2xx_hal_can.c **** 
1131:Drivers/STM32F2xx_HAL_Driver/Src/stm32f2xx_hal_can.c ****     /* Return function status */
1132:Drivers/STM32F2xx_HAL_Driver/Src/stm32f2xx_hal_can.c ****     return HAL_ERROR;
 905              		.loc 1 1132 5 is_stmt 1 view .LVU292
 906              		.loc 1 1132 12 is_stmt 0 view .LVU293
 907 0014 0120     		movs	r0, #1
 908              	.LVL49:
1133:Drivers/STM32F2xx_HAL_Driver/Src/stm32f2xx_hal_can.c ****   }
1134:Drivers/STM32F2xx_HAL_Driver/Src/stm32f2xx_hal_can.c **** }
 909              		.loc 1 1134 1 view .LVU294
 910 0016 7047     		bx	lr
 911              	.LVL50:
 912              	.L81:
1121:Drivers/STM32F2xx_HAL_Driver/Src/stm32f2xx_hal_can.c **** 
 913              		.loc 1 1121 5 is_stmt 1 view .LVU295
 914 0018 0268     		ldr	r2, [r0]
 915 001a 1368     		ldr	r3, [r2]
 916 001c 43F00203 		orr	r3, r3, #2
 917 0020 1360     		str	r3, [r2]
1124:Drivers/STM32F2xx_HAL_Driver/Src/stm32f2xx_hal_can.c ****   }
 918              		.loc 1 1124 5 view .LVU296
1124:Drivers/STM32F2xx_HAL_Driver/Src/stm32f2xx_hal_can.c ****   }
 919              		.loc 1 1124 12 is_stmt 0 view .LVU297
 920 0022 0020     		movs	r0, #0
 921              	.LVL51:
1124:Drivers/STM32F2xx_HAL_Driver/Src/stm32f2xx_hal_can.c ****   }
ARM GAS  /var/folders/8x/_y6g3dfs0698dfd49y4vcg_w0000gn/T//ccYyxujy.s 			page 41


 922              		.loc 1 1124 12 view .LVU298
 923 0024 7047     		bx	lr
 924              		.cfi_endproc
 925              	.LFE79:
 927              		.section	.text.HAL_CAN_WakeUp,"ax",%progbits
 928              		.align	1
 929              		.global	HAL_CAN_WakeUp
 930              		.syntax unified
 931              		.thumb
 932              		.thumb_func
 934              	HAL_CAN_WakeUp:
 935              	.LVL52:
 936              	.LFB80:
1135:Drivers/STM32F2xx_HAL_Driver/Src/stm32f2xx_hal_can.c **** 
1136:Drivers/STM32F2xx_HAL_Driver/Src/stm32f2xx_hal_can.c **** /**
1137:Drivers/STM32F2xx_HAL_Driver/Src/stm32f2xx_hal_can.c ****   * @brief  Wake up from sleep mode.
1138:Drivers/STM32F2xx_HAL_Driver/Src/stm32f2xx_hal_can.c ****   *         When returning with HAL_OK status from this function, Sleep mode
1139:Drivers/STM32F2xx_HAL_Driver/Src/stm32f2xx_hal_can.c ****   *         is exited.
1140:Drivers/STM32F2xx_HAL_Driver/Src/stm32f2xx_hal_can.c ****   * @param  hcan pointer to a CAN_HandleTypeDef structure that contains
1141:Drivers/STM32F2xx_HAL_Driver/Src/stm32f2xx_hal_can.c ****   *         the configuration information for the specified CAN.
1142:Drivers/STM32F2xx_HAL_Driver/Src/stm32f2xx_hal_can.c ****   * @retval HAL status.
1143:Drivers/STM32F2xx_HAL_Driver/Src/stm32f2xx_hal_can.c ****   */
1144:Drivers/STM32F2xx_HAL_Driver/Src/stm32f2xx_hal_can.c **** HAL_StatusTypeDef HAL_CAN_WakeUp(CAN_HandleTypeDef *hcan)
1145:Drivers/STM32F2xx_HAL_Driver/Src/stm32f2xx_hal_can.c **** {
 937              		.loc 1 1145 1 is_stmt 1 view -0
 938              		.cfi_startproc
 939              		@ args = 0, pretend = 0, frame = 8
 940              		@ frame_needed = 0, uses_anonymous_args = 0
 941              		@ link register save eliminated.
 942              		.loc 1 1145 1 is_stmt 0 view .LVU300
 943 0000 82B0     		sub	sp, sp, #8
 944              	.LCFI7:
 945              		.cfi_def_cfa_offset 8
1146:Drivers/STM32F2xx_HAL_Driver/Src/stm32f2xx_hal_can.c ****   __IO uint32_t count = 0;
 946              		.loc 1 1146 3 is_stmt 1 view .LVU301
 947              		.loc 1 1146 17 is_stmt 0 view .LVU302
 948 0002 0023     		movs	r3, #0
 949 0004 0193     		str	r3, [sp, #4]
1147:Drivers/STM32F2xx_HAL_Driver/Src/stm32f2xx_hal_can.c ****   HAL_CAN_StateTypeDef state = hcan->State;
 950              		.loc 1 1147 3 is_stmt 1 view .LVU303
 951              		.loc 1 1147 24 is_stmt 0 view .LVU304
 952 0006 90F82030 		ldrb	r3, [r0, #32]	@ zero_extendqisi2
 953              	.LVL53:
1148:Drivers/STM32F2xx_HAL_Driver/Src/stm32f2xx_hal_can.c **** 
1149:Drivers/STM32F2xx_HAL_Driver/Src/stm32f2xx_hal_can.c ****   if ((state == HAL_CAN_STATE_READY) ||
 954              		.loc 1 1149 3 is_stmt 1 view .LVU305
 955              		.loc 1 1149 38 is_stmt 0 view .LVU306
 956 000a 013B     		subs	r3, r3, #1
 957              	.LVL54:
 958              		.loc 1 1149 38 view .LVU307
 959 000c DBB2     		uxtb	r3, r3
 960              	.LVL55:
 961              		.loc 1 1149 6 view .LVU308
 962 000e 012B     		cmp	r3, #1
 963 0010 18D8     		bhi	.L83
1150:Drivers/STM32F2xx_HAL_Driver/Src/stm32f2xx_hal_can.c ****       (state == HAL_CAN_STATE_LISTENING))
1151:Drivers/STM32F2xx_HAL_Driver/Src/stm32f2xx_hal_can.c ****   {
ARM GAS  /var/folders/8x/_y6g3dfs0698dfd49y4vcg_w0000gn/T//ccYyxujy.s 			page 42


1152:Drivers/STM32F2xx_HAL_Driver/Src/stm32f2xx_hal_can.c ****     /* Wake up request */
1153:Drivers/STM32F2xx_HAL_Driver/Src/stm32f2xx_hal_can.c ****     CLEAR_BIT(hcan->Instance->MCR, CAN_MCR_SLEEP);
 964              		.loc 1 1153 5 is_stmt 1 view .LVU309
 965 0012 0268     		ldr	r2, [r0]
 966 0014 1368     		ldr	r3, [r2]
 967 0016 23F00203 		bic	r3, r3, #2
 968 001a 1360     		str	r3, [r2]
 969              	.L86:
1154:Drivers/STM32F2xx_HAL_Driver/Src/stm32f2xx_hal_can.c **** 
1155:Drivers/STM32F2xx_HAL_Driver/Src/stm32f2xx_hal_can.c ****     /* Wait sleep mode is exited */
1156:Drivers/STM32F2xx_HAL_Driver/Src/stm32f2xx_hal_can.c ****     do
 970              		.loc 1 1156 5 view .LVU310
1157:Drivers/STM32F2xx_HAL_Driver/Src/stm32f2xx_hal_can.c ****     {
1158:Drivers/STM32F2xx_HAL_Driver/Src/stm32f2xx_hal_can.c ****       /* Increment counter */
1159:Drivers/STM32F2xx_HAL_Driver/Src/stm32f2xx_hal_can.c ****       count++;
 971              		.loc 1 1159 7 view .LVU311
 972              		.loc 1 1159 12 is_stmt 0 view .LVU312
 973 001c 019B     		ldr	r3, [sp, #4]
 974 001e 0133     		adds	r3, r3, #1
 975 0020 0193     		str	r3, [sp, #4]
1160:Drivers/STM32F2xx_HAL_Driver/Src/stm32f2xx_hal_can.c **** 
1161:Drivers/STM32F2xx_HAL_Driver/Src/stm32f2xx_hal_can.c ****       /* Check if timeout is reached */
1162:Drivers/STM32F2xx_HAL_Driver/Src/stm32f2xx_hal_can.c ****       if (count > CAN_WAKEUP_TIMEOUT_COUNTER)
 976              		.loc 1 1162 7 is_stmt 1 view .LVU313
 977              		.loc 1 1162 17 is_stmt 0 view .LVU314
 978 0022 019A     		ldr	r2, [sp, #4]
 979              		.loc 1 1162 10 view .LVU315
 980 0024 0B4B     		ldr	r3, .L89
 981 0026 9A42     		cmp	r2, r3
 982 0028 06D8     		bhi	.L88
1163:Drivers/STM32F2xx_HAL_Driver/Src/stm32f2xx_hal_can.c ****       {
1164:Drivers/STM32F2xx_HAL_Driver/Src/stm32f2xx_hal_can.c ****         /* Update error code */
1165:Drivers/STM32F2xx_HAL_Driver/Src/stm32f2xx_hal_can.c ****         hcan->ErrorCode |= HAL_CAN_ERROR_TIMEOUT;
1166:Drivers/STM32F2xx_HAL_Driver/Src/stm32f2xx_hal_can.c **** 
1167:Drivers/STM32F2xx_HAL_Driver/Src/stm32f2xx_hal_can.c ****         return HAL_ERROR;
1168:Drivers/STM32F2xx_HAL_Driver/Src/stm32f2xx_hal_can.c ****       }
1169:Drivers/STM32F2xx_HAL_Driver/Src/stm32f2xx_hal_can.c ****     } while ((hcan->Instance->MSR & CAN_MSR_SLAK) != 0U);
 983              		.loc 1 1169 51 is_stmt 1 view .LVU316
 984              		.loc 1 1169 19 is_stmt 0 view .LVU317
 985 002a 0368     		ldr	r3, [r0]
 986              		.loc 1 1169 29 view .LVU318
 987 002c 5B68     		ldr	r3, [r3, #4]
 988              		.loc 1 1169 51 view .LVU319
 989 002e 13F0020F 		tst	r3, #2
 990 0032 F3D1     		bne	.L86
1170:Drivers/STM32F2xx_HAL_Driver/Src/stm32f2xx_hal_can.c **** 
1171:Drivers/STM32F2xx_HAL_Driver/Src/stm32f2xx_hal_can.c ****     /* Return function status */
1172:Drivers/STM32F2xx_HAL_Driver/Src/stm32f2xx_hal_can.c ****     return HAL_OK;
 991              		.loc 1 1172 12 view .LVU320
 992 0034 0020     		movs	r0, #0
 993              	.LVL56:
 994              		.loc 1 1172 12 view .LVU321
 995 0036 0AE0     		b	.L85
 996              	.LVL57:
 997              	.L88:
1165:Drivers/STM32F2xx_HAL_Driver/Src/stm32f2xx_hal_can.c **** 
 998              		.loc 1 1165 9 is_stmt 1 view .LVU322
ARM GAS  /var/folders/8x/_y6g3dfs0698dfd49y4vcg_w0000gn/T//ccYyxujy.s 			page 43


1165:Drivers/STM32F2xx_HAL_Driver/Src/stm32f2xx_hal_can.c **** 
 999              		.loc 1 1165 13 is_stmt 0 view .LVU323
 1000 0038 436A     		ldr	r3, [r0, #36]
1165:Drivers/STM32F2xx_HAL_Driver/Src/stm32f2xx_hal_can.c **** 
 1001              		.loc 1 1165 25 view .LVU324
 1002 003a 43F40033 		orr	r3, r3, #131072
 1003 003e 4362     		str	r3, [r0, #36]
1167:Drivers/STM32F2xx_HAL_Driver/Src/stm32f2xx_hal_can.c ****       }
 1004              		.loc 1 1167 9 is_stmt 1 view .LVU325
1167:Drivers/STM32F2xx_HAL_Driver/Src/stm32f2xx_hal_can.c ****       }
 1005              		.loc 1 1167 16 is_stmt 0 view .LVU326
 1006 0040 0120     		movs	r0, #1
 1007              	.LVL58:
1167:Drivers/STM32F2xx_HAL_Driver/Src/stm32f2xx_hal_can.c ****       }
 1008              		.loc 1 1167 16 view .LVU327
 1009 0042 04E0     		b	.L85
 1010              	.LVL59:
 1011              	.L83:
1173:Drivers/STM32F2xx_HAL_Driver/Src/stm32f2xx_hal_can.c ****   }
1174:Drivers/STM32F2xx_HAL_Driver/Src/stm32f2xx_hal_can.c ****   else
1175:Drivers/STM32F2xx_HAL_Driver/Src/stm32f2xx_hal_can.c ****   {
1176:Drivers/STM32F2xx_HAL_Driver/Src/stm32f2xx_hal_can.c ****     /* Update error code */
1177:Drivers/STM32F2xx_HAL_Driver/Src/stm32f2xx_hal_can.c ****     hcan->ErrorCode |= HAL_CAN_ERROR_NOT_INITIALIZED;
 1012              		.loc 1 1177 5 is_stmt 1 view .LVU328
 1013              		.loc 1 1177 9 is_stmt 0 view .LVU329
 1014 0044 436A     		ldr	r3, [r0, #36]
 1015              		.loc 1 1177 21 view .LVU330
 1016 0046 43F48023 		orr	r3, r3, #262144
 1017 004a 4362     		str	r3, [r0, #36]
1178:Drivers/STM32F2xx_HAL_Driver/Src/stm32f2xx_hal_can.c **** 
1179:Drivers/STM32F2xx_HAL_Driver/Src/stm32f2xx_hal_can.c ****     return HAL_ERROR;
 1018              		.loc 1 1179 5 is_stmt 1 view .LVU331
 1019              		.loc 1 1179 12 is_stmt 0 view .LVU332
 1020 004c 0120     		movs	r0, #1
 1021              	.LVL60:
 1022              	.L85:
1180:Drivers/STM32F2xx_HAL_Driver/Src/stm32f2xx_hal_can.c ****   }
1181:Drivers/STM32F2xx_HAL_Driver/Src/stm32f2xx_hal_can.c **** }
 1023              		.loc 1 1181 1 view .LVU333
 1024 004e 02B0     		add	sp, sp, #8
 1025              	.LCFI8:
 1026              		.cfi_def_cfa_offset 0
 1027              		@ sp needed
 1028 0050 7047     		bx	lr
 1029              	.L90:
 1030 0052 00BF     		.align	2
 1031              	.L89:
 1032 0054 40420F00 		.word	1000000
 1033              		.cfi_endproc
 1034              	.LFE80:
 1036              		.section	.text.HAL_CAN_IsSleepActive,"ax",%progbits
 1037              		.align	1
 1038              		.global	HAL_CAN_IsSleepActive
 1039              		.syntax unified
 1040              		.thumb
 1041              		.thumb_func
 1043              	HAL_CAN_IsSleepActive:
ARM GAS  /var/folders/8x/_y6g3dfs0698dfd49y4vcg_w0000gn/T//ccYyxujy.s 			page 44


 1044              	.LVL61:
 1045              	.LFB81:
1182:Drivers/STM32F2xx_HAL_Driver/Src/stm32f2xx_hal_can.c **** 
1183:Drivers/STM32F2xx_HAL_Driver/Src/stm32f2xx_hal_can.c **** /**
1184:Drivers/STM32F2xx_HAL_Driver/Src/stm32f2xx_hal_can.c ****   * @brief  Check is sleep mode is active.
1185:Drivers/STM32F2xx_HAL_Driver/Src/stm32f2xx_hal_can.c ****   * @param  hcan pointer to a CAN_HandleTypeDef structure that contains
1186:Drivers/STM32F2xx_HAL_Driver/Src/stm32f2xx_hal_can.c ****   *         the configuration information for the specified CAN.
1187:Drivers/STM32F2xx_HAL_Driver/Src/stm32f2xx_hal_can.c ****   * @retval Status
1188:Drivers/STM32F2xx_HAL_Driver/Src/stm32f2xx_hal_can.c ****   *          - 0 : Sleep mode is not active.
1189:Drivers/STM32F2xx_HAL_Driver/Src/stm32f2xx_hal_can.c ****   *          - 1 : Sleep mode is active.
1190:Drivers/STM32F2xx_HAL_Driver/Src/stm32f2xx_hal_can.c ****   */
1191:Drivers/STM32F2xx_HAL_Driver/Src/stm32f2xx_hal_can.c **** uint32_t HAL_CAN_IsSleepActive(const CAN_HandleTypeDef *hcan)
1192:Drivers/STM32F2xx_HAL_Driver/Src/stm32f2xx_hal_can.c **** {
 1046              		.loc 1 1192 1 is_stmt 1 view -0
 1047              		.cfi_startproc
 1048              		@ args = 0, pretend = 0, frame = 0
 1049              		@ frame_needed = 0, uses_anonymous_args = 0
 1050              		@ link register save eliminated.
1193:Drivers/STM32F2xx_HAL_Driver/Src/stm32f2xx_hal_can.c ****   uint32_t status = 0U;
 1051              		.loc 1 1193 3 view .LVU335
1194:Drivers/STM32F2xx_HAL_Driver/Src/stm32f2xx_hal_can.c ****   HAL_CAN_StateTypeDef state = hcan->State;
 1052              		.loc 1 1194 3 view .LVU336
 1053              		.loc 1 1194 24 is_stmt 0 view .LVU337
 1054 0000 90F82030 		ldrb	r3, [r0, #32]	@ zero_extendqisi2
 1055              	.LVL62:
1195:Drivers/STM32F2xx_HAL_Driver/Src/stm32f2xx_hal_can.c **** 
1196:Drivers/STM32F2xx_HAL_Driver/Src/stm32f2xx_hal_can.c ****   if ((state == HAL_CAN_STATE_READY) ||
 1056              		.loc 1 1196 3 is_stmt 1 view .LVU338
 1057              		.loc 1 1196 38 is_stmt 0 view .LVU339
 1058 0004 013B     		subs	r3, r3, #1
 1059              	.LVL63:
 1060              		.loc 1 1196 38 view .LVU340
 1061 0006 DBB2     		uxtb	r3, r3
 1062              	.LVL64:
 1063              		.loc 1 1196 6 view .LVU341
 1064 0008 012B     		cmp	r3, #1
 1065 000a 01D9     		bls	.L95
1193:Drivers/STM32F2xx_HAL_Driver/Src/stm32f2xx_hal_can.c ****   HAL_CAN_StateTypeDef state = hcan->State;
 1066              		.loc 1 1193 12 view .LVU342
 1067 000c 0020     		movs	r0, #0
 1068              	.LVL65:
1193:Drivers/STM32F2xx_HAL_Driver/Src/stm32f2xx_hal_can.c ****   HAL_CAN_StateTypeDef state = hcan->State;
 1069              		.loc 1 1193 12 view .LVU343
 1070 000e 7047     		bx	lr
 1071              	.LVL66:
 1072              	.L95:
1197:Drivers/STM32F2xx_HAL_Driver/Src/stm32f2xx_hal_can.c ****       (state == HAL_CAN_STATE_LISTENING))
1198:Drivers/STM32F2xx_HAL_Driver/Src/stm32f2xx_hal_can.c ****   {
1199:Drivers/STM32F2xx_HAL_Driver/Src/stm32f2xx_hal_can.c ****     /* Check Sleep mode */
1200:Drivers/STM32F2xx_HAL_Driver/Src/stm32f2xx_hal_can.c ****     if ((hcan->Instance->MSR & CAN_MSR_SLAK) != 0U)
 1073              		.loc 1 1200 5 is_stmt 1 view .LVU344
 1074              		.loc 1 1200 14 is_stmt 0 view .LVU345
 1075 0010 0368     		ldr	r3, [r0]
 1076              		.loc 1 1200 24 view .LVU346
 1077 0012 5868     		ldr	r0, [r3, #4]
 1078              	.LVL67:
 1079              		.loc 1 1200 8 view .LVU347
ARM GAS  /var/folders/8x/_y6g3dfs0698dfd49y4vcg_w0000gn/T//ccYyxujy.s 			page 45


 1080 0014 10F00200 		ands	r0, r0, #2
 1081 0018 00D1     		bne	.L94
 1082 001a 7047     		bx	lr
 1083              	.L94:
1201:Drivers/STM32F2xx_HAL_Driver/Src/stm32f2xx_hal_can.c ****     {
1202:Drivers/STM32F2xx_HAL_Driver/Src/stm32f2xx_hal_can.c ****       status = 1U;
 1084              		.loc 1 1202 14 view .LVU348
 1085 001c 0120     		movs	r0, #1
 1086              	.LVL68:
1203:Drivers/STM32F2xx_HAL_Driver/Src/stm32f2xx_hal_can.c ****     }
1204:Drivers/STM32F2xx_HAL_Driver/Src/stm32f2xx_hal_can.c ****   }
1205:Drivers/STM32F2xx_HAL_Driver/Src/stm32f2xx_hal_can.c **** 
1206:Drivers/STM32F2xx_HAL_Driver/Src/stm32f2xx_hal_can.c ****   /* Return function status */
1207:Drivers/STM32F2xx_HAL_Driver/Src/stm32f2xx_hal_can.c ****   return status;
 1087              		.loc 1 1207 3 is_stmt 1 view .LVU349
1208:Drivers/STM32F2xx_HAL_Driver/Src/stm32f2xx_hal_can.c **** }
 1088              		.loc 1 1208 1 is_stmt 0 view .LVU350
 1089 001e 7047     		bx	lr
 1090              		.cfi_endproc
 1091              	.LFE81:
 1093              		.section	.text.HAL_CAN_AddTxMessage,"ax",%progbits
 1094              		.align	1
 1095              		.global	HAL_CAN_AddTxMessage
 1096              		.syntax unified
 1097              		.thumb
 1098              		.thumb_func
 1100              	HAL_CAN_AddTxMessage:
 1101              	.LVL69:
 1102              	.LFB82:
1209:Drivers/STM32F2xx_HAL_Driver/Src/stm32f2xx_hal_can.c **** 
1210:Drivers/STM32F2xx_HAL_Driver/Src/stm32f2xx_hal_can.c **** /**
1211:Drivers/STM32F2xx_HAL_Driver/Src/stm32f2xx_hal_can.c ****   * @brief  Add a message to the first free Tx mailbox and activate the
1212:Drivers/STM32F2xx_HAL_Driver/Src/stm32f2xx_hal_can.c ****   *         corresponding transmission request.
1213:Drivers/STM32F2xx_HAL_Driver/Src/stm32f2xx_hal_can.c ****   * @param  hcan pointer to a CAN_HandleTypeDef structure that contains
1214:Drivers/STM32F2xx_HAL_Driver/Src/stm32f2xx_hal_can.c ****   *         the configuration information for the specified CAN.
1215:Drivers/STM32F2xx_HAL_Driver/Src/stm32f2xx_hal_can.c ****   * @param  pHeader pointer to a CAN_TxHeaderTypeDef structure.
1216:Drivers/STM32F2xx_HAL_Driver/Src/stm32f2xx_hal_can.c ****   * @param  aData array containing the payload of the Tx frame.
1217:Drivers/STM32F2xx_HAL_Driver/Src/stm32f2xx_hal_can.c ****   * @param  pTxMailbox pointer to a variable where the function will return
1218:Drivers/STM32F2xx_HAL_Driver/Src/stm32f2xx_hal_can.c ****   *         the TxMailbox used to store the Tx message.
1219:Drivers/STM32F2xx_HAL_Driver/Src/stm32f2xx_hal_can.c ****   *         This parameter can be a value of @arg CAN_Tx_Mailboxes.
1220:Drivers/STM32F2xx_HAL_Driver/Src/stm32f2xx_hal_can.c ****   * @retval HAL status
1221:Drivers/STM32F2xx_HAL_Driver/Src/stm32f2xx_hal_can.c ****   */
1222:Drivers/STM32F2xx_HAL_Driver/Src/stm32f2xx_hal_can.c **** HAL_StatusTypeDef HAL_CAN_AddTxMessage(CAN_HandleTypeDef *hcan, const CAN_TxHeaderTypeDef *pHeader,
1223:Drivers/STM32F2xx_HAL_Driver/Src/stm32f2xx_hal_can.c ****                                        const uint8_t aData[], uint32_t *pTxMailbox)
1224:Drivers/STM32F2xx_HAL_Driver/Src/stm32f2xx_hal_can.c **** {
 1103              		.loc 1 1224 1 is_stmt 1 view -0
 1104              		.cfi_startproc
 1105              		@ args = 0, pretend = 0, frame = 0
 1106              		@ frame_needed = 0, uses_anonymous_args = 0
 1107              		.loc 1 1224 1 is_stmt 0 view .LVU352
 1108 0000 30B5     		push	{r4, r5, lr}
 1109              	.LCFI9:
 1110              		.cfi_def_cfa_offset 12
 1111              		.cfi_offset 4, -12
 1112              		.cfi_offset 5, -8
 1113              		.cfi_offset 14, -4
1225:Drivers/STM32F2xx_HAL_Driver/Src/stm32f2xx_hal_can.c ****   uint32_t transmitmailbox;
ARM GAS  /var/folders/8x/_y6g3dfs0698dfd49y4vcg_w0000gn/T//ccYyxujy.s 			page 46


 1114              		.loc 1 1225 3 is_stmt 1 view .LVU353
1226:Drivers/STM32F2xx_HAL_Driver/Src/stm32f2xx_hal_can.c ****   HAL_CAN_StateTypeDef state = hcan->State;
 1115              		.loc 1 1226 3 view .LVU354
 1116              		.loc 1 1226 24 is_stmt 0 view .LVU355
 1117 0002 90F820C0 		ldrb	ip, [r0, #32]	@ zero_extendqisi2
 1118              	.LVL70:
1227:Drivers/STM32F2xx_HAL_Driver/Src/stm32f2xx_hal_can.c ****   uint32_t tsr = READ_REG(hcan->Instance->TSR);
 1119              		.loc 1 1227 3 is_stmt 1 view .LVU356
 1120              		.loc 1 1227 12 is_stmt 0 view .LVU357
 1121 0006 0468     		ldr	r4, [r0]
 1122 0008 A468     		ldr	r4, [r4, #8]
 1123              	.LVL71:
1228:Drivers/STM32F2xx_HAL_Driver/Src/stm32f2xx_hal_can.c **** 
1229:Drivers/STM32F2xx_HAL_Driver/Src/stm32f2xx_hal_can.c ****   /* Check the parameters */
1230:Drivers/STM32F2xx_HAL_Driver/Src/stm32f2xx_hal_can.c ****   assert_param(IS_CAN_IDTYPE(pHeader->IDE));
 1124              		.loc 1 1230 3 is_stmt 1 view .LVU358
1231:Drivers/STM32F2xx_HAL_Driver/Src/stm32f2xx_hal_can.c ****   assert_param(IS_CAN_RTR(pHeader->RTR));
 1125              		.loc 1 1231 3 view .LVU359
1232:Drivers/STM32F2xx_HAL_Driver/Src/stm32f2xx_hal_can.c ****   assert_param(IS_CAN_DLC(pHeader->DLC));
 1126              		.loc 1 1232 3 view .LVU360
1233:Drivers/STM32F2xx_HAL_Driver/Src/stm32f2xx_hal_can.c ****   if (pHeader->IDE == CAN_ID_STD)
 1127              		.loc 1 1233 3 view .LVU361
1234:Drivers/STM32F2xx_HAL_Driver/Src/stm32f2xx_hal_can.c ****   {
1235:Drivers/STM32F2xx_HAL_Driver/Src/stm32f2xx_hal_can.c ****     assert_param(IS_CAN_STDID(pHeader->StdId));
 1128              		.loc 1 1235 5 view .LVU362
1236:Drivers/STM32F2xx_HAL_Driver/Src/stm32f2xx_hal_can.c ****   }
1237:Drivers/STM32F2xx_HAL_Driver/Src/stm32f2xx_hal_can.c ****   else
1238:Drivers/STM32F2xx_HAL_Driver/Src/stm32f2xx_hal_can.c ****   {
1239:Drivers/STM32F2xx_HAL_Driver/Src/stm32f2xx_hal_can.c ****     assert_param(IS_CAN_EXTID(pHeader->ExtId));
 1129              		.loc 1 1239 5 view .LVU363
1240:Drivers/STM32F2xx_HAL_Driver/Src/stm32f2xx_hal_can.c ****   }
1241:Drivers/STM32F2xx_HAL_Driver/Src/stm32f2xx_hal_can.c ****   assert_param(IS_FUNCTIONAL_STATE(pHeader->TransmitGlobalTime));
 1130              		.loc 1 1241 3 view .LVU364
1242:Drivers/STM32F2xx_HAL_Driver/Src/stm32f2xx_hal_can.c **** 
1243:Drivers/STM32F2xx_HAL_Driver/Src/stm32f2xx_hal_can.c ****   if ((state == HAL_CAN_STATE_READY) ||
 1131              		.loc 1 1243 3 view .LVU365
 1132              		.loc 1 1243 38 is_stmt 0 view .LVU366
 1133 000a 0CF1FF3C 		add	ip, ip, #-1
 1134              	.LVL72:
 1135              		.loc 1 1243 38 view .LVU367
 1136 000e 5FFA8CFC 		uxtb	ip, ip
 1137              	.LVL73:
 1138              		.loc 1 1243 6 view .LVU368
 1139 0012 BCF1010F 		cmp	ip, #1
 1140 0016 62D8     		bhi	.L97
1244:Drivers/STM32F2xx_HAL_Driver/Src/stm32f2xx_hal_can.c ****       (state == HAL_CAN_STATE_LISTENING))
1245:Drivers/STM32F2xx_HAL_Driver/Src/stm32f2xx_hal_can.c ****   {
1246:Drivers/STM32F2xx_HAL_Driver/Src/stm32f2xx_hal_can.c ****     /* Check that all the Tx mailboxes are not full */
1247:Drivers/STM32F2xx_HAL_Driver/Src/stm32f2xx_hal_can.c ****     if (((tsr & CAN_TSR_TME0) != 0U) ||
 1141              		.loc 1 1247 5 is_stmt 1 view .LVU369
 1142              		.loc 1 1247 8 is_stmt 0 view .LVU370
 1143 0018 14F0E05F 		tst	r4, #469762048
 1144 001c 59D0     		beq	.L98
1248:Drivers/STM32F2xx_HAL_Driver/Src/stm32f2xx_hal_can.c ****         ((tsr & CAN_TSR_TME1) != 0U) ||
1249:Drivers/STM32F2xx_HAL_Driver/Src/stm32f2xx_hal_can.c ****         ((tsr & CAN_TSR_TME2) != 0U))
1250:Drivers/STM32F2xx_HAL_Driver/Src/stm32f2xx_hal_can.c ****     {
1251:Drivers/STM32F2xx_HAL_Driver/Src/stm32f2xx_hal_can.c ****       /* Select an empty transmit mailbox */
ARM GAS  /var/folders/8x/_y6g3dfs0698dfd49y4vcg_w0000gn/T//ccYyxujy.s 			page 47


1252:Drivers/STM32F2xx_HAL_Driver/Src/stm32f2xx_hal_can.c ****       transmitmailbox = (tsr & CAN_TSR_CODE) >> CAN_TSR_CODE_Pos;
 1145              		.loc 1 1252 7 is_stmt 1 view .LVU371
 1146              		.loc 1 1252 23 is_stmt 0 view .LVU372
 1147 001e C4F3016C 		ubfx	ip, r4, #24, #2
 1148              	.LVL74:
1253:Drivers/STM32F2xx_HAL_Driver/Src/stm32f2xx_hal_can.c **** 
1254:Drivers/STM32F2xx_HAL_Driver/Src/stm32f2xx_hal_can.c ****       /* Store the Tx mailbox */
1255:Drivers/STM32F2xx_HAL_Driver/Src/stm32f2xx_hal_can.c ****       *pTxMailbox = (uint32_t)1 << transmitmailbox;
 1149              		.loc 1 1255 7 is_stmt 1 view .LVU373
 1150              		.loc 1 1255 33 is_stmt 0 view .LVU374
 1151 0022 0124     		movs	r4, #1
 1152              	.LVL75:
 1153              		.loc 1 1255 33 view .LVU375
 1154 0024 04FA0CF4 		lsl	r4, r4, ip
 1155              		.loc 1 1255 19 view .LVU376
 1156 0028 1C60     		str	r4, [r3]
1256:Drivers/STM32F2xx_HAL_Driver/Src/stm32f2xx_hal_can.c **** 
1257:Drivers/STM32F2xx_HAL_Driver/Src/stm32f2xx_hal_can.c ****       /* Set up the Id */
1258:Drivers/STM32F2xx_HAL_Driver/Src/stm32f2xx_hal_can.c ****       if (pHeader->IDE == CAN_ID_STD)
 1157              		.loc 1 1258 7 is_stmt 1 view .LVU377
 1158              		.loc 1 1258 18 is_stmt 0 view .LVU378
 1159 002a 8B68     		ldr	r3, [r1, #8]
 1160              	.LVL76:
 1161              		.loc 1 1258 10 view .LVU379
 1162 002c 002B     		cmp	r3, #0
 1163 002e 3DD1     		bne	.L99
1259:Drivers/STM32F2xx_HAL_Driver/Src/stm32f2xx_hal_can.c ****       {
1260:Drivers/STM32F2xx_HAL_Driver/Src/stm32f2xx_hal_can.c ****         hcan->Instance->sTxMailBox[transmitmailbox].TIR = ((pHeader->StdId << CAN_TI0R_STID_Pos) |
 1164              		.loc 1 1260 9 is_stmt 1 view .LVU380
 1165              		.loc 1 1260 68 is_stmt 0 view .LVU381
 1166 0030 0D68     		ldr	r5, [r1]
1261:Drivers/STM32F2xx_HAL_Driver/Src/stm32f2xx_hal_can.c ****                                                            pHeader->RTR);
 1167              		.loc 1 1261 67 view .LVU382
 1168 0032 CB68     		ldr	r3, [r1, #12]
1260:Drivers/STM32F2xx_HAL_Driver/Src/stm32f2xx_hal_can.c ****                                                            pHeader->RTR);
 1169              		.loc 1 1260 13 view .LVU383
 1170 0034 0468     		ldr	r4, [r0]
1260:Drivers/STM32F2xx_HAL_Driver/Src/stm32f2xx_hal_can.c ****                                                            pHeader->RTR);
 1171              		.loc 1 1260 98 view .LVU384
 1172 0036 43EA4555 		orr	r5, r3, r5, lsl #21
1260:Drivers/STM32F2xx_HAL_Driver/Src/stm32f2xx_hal_can.c ****                                                            pHeader->RTR);
 1173              		.loc 1 1260 57 view .LVU385
 1174 003a 0CF11803 		add	r3, ip, #24
 1175 003e 1B01     		lsls	r3, r3, #4
 1176 0040 E550     		str	r5, [r4, r3]
 1177              	.L100:
1262:Drivers/STM32F2xx_HAL_Driver/Src/stm32f2xx_hal_can.c ****       }
1263:Drivers/STM32F2xx_HAL_Driver/Src/stm32f2xx_hal_can.c ****       else
1264:Drivers/STM32F2xx_HAL_Driver/Src/stm32f2xx_hal_can.c ****       {
1265:Drivers/STM32F2xx_HAL_Driver/Src/stm32f2xx_hal_can.c ****         hcan->Instance->sTxMailBox[transmitmailbox].TIR = ((pHeader->ExtId << CAN_TI0R_EXID_Pos) |
1266:Drivers/STM32F2xx_HAL_Driver/Src/stm32f2xx_hal_can.c ****                                                            pHeader->IDE |
1267:Drivers/STM32F2xx_HAL_Driver/Src/stm32f2xx_hal_can.c ****                                                            pHeader->RTR);
1268:Drivers/STM32F2xx_HAL_Driver/Src/stm32f2xx_hal_can.c ****       }
1269:Drivers/STM32F2xx_HAL_Driver/Src/stm32f2xx_hal_can.c **** 
1270:Drivers/STM32F2xx_HAL_Driver/Src/stm32f2xx_hal_can.c ****       /* Set up the DLC */
1271:Drivers/STM32F2xx_HAL_Driver/Src/stm32f2xx_hal_can.c ****       hcan->Instance->sTxMailBox[transmitmailbox].TDTR = (pHeader->DLC);
 1178              		.loc 1 1271 7 is_stmt 1 view .LVU386
ARM GAS  /var/folders/8x/_y6g3dfs0698dfd49y4vcg_w0000gn/T//ccYyxujy.s 			page 48


 1179              		.loc 1 1271 11 is_stmt 0 view .LVU387
 1180 0042 0368     		ldr	r3, [r0]
 1181              		.loc 1 1271 66 view .LVU388
 1182 0044 0C69     		ldr	r4, [r1, #16]
 1183              		.loc 1 1271 56 view .LVU389
 1184 0046 0CF1180E 		add	lr, ip, #24
 1185 004a 03EB0E13 		add	r3, r3, lr, lsl #4
 1186 004e 5C60     		str	r4, [r3, #4]
1272:Drivers/STM32F2xx_HAL_Driver/Src/stm32f2xx_hal_can.c **** 
1273:Drivers/STM32F2xx_HAL_Driver/Src/stm32f2xx_hal_can.c ****       /* Set up the Transmit Global Time mode */
1274:Drivers/STM32F2xx_HAL_Driver/Src/stm32f2xx_hal_can.c ****       if (pHeader->TransmitGlobalTime == ENABLE)
 1187              		.loc 1 1274 7 is_stmt 1 view .LVU390
 1188              		.loc 1 1274 18 is_stmt 0 view .LVU391
 1189 0050 0B7D     		ldrb	r3, [r1, #20]	@ zero_extendqisi2
 1190              		.loc 1 1274 10 view .LVU392
 1191 0052 012B     		cmp	r3, #1
 1192 0054 35D0     		beq	.L104
 1193              	.LVL77:
 1194              	.L101:
1275:Drivers/STM32F2xx_HAL_Driver/Src/stm32f2xx_hal_can.c ****       {
1276:Drivers/STM32F2xx_HAL_Driver/Src/stm32f2xx_hal_can.c ****         SET_BIT(hcan->Instance->sTxMailBox[transmitmailbox].TDTR, CAN_TDT0R_TGT);
1277:Drivers/STM32F2xx_HAL_Driver/Src/stm32f2xx_hal_can.c ****       }
1278:Drivers/STM32F2xx_HAL_Driver/Src/stm32f2xx_hal_can.c **** 
1279:Drivers/STM32F2xx_HAL_Driver/Src/stm32f2xx_hal_can.c ****       /* Set up the data field */
1280:Drivers/STM32F2xx_HAL_Driver/Src/stm32f2xx_hal_can.c ****       WRITE_REG(hcan->Instance->sTxMailBox[transmitmailbox].TDHR,
 1195              		.loc 1 1280 7 is_stmt 1 view .LVU393
 1196 0056 D179     		ldrb	r1, [r2, #7]	@ zero_extendqisi2
 1197 0058 9379     		ldrb	r3, [r2, #6]	@ zero_extendqisi2
 1198 005a 1B04     		lsls	r3, r3, #16
 1199 005c 43EA0163 		orr	r3, r3, r1, lsl #24
 1200 0060 5179     		ldrb	r1, [r2, #5]	@ zero_extendqisi2
 1201 0062 43EA0123 		orr	r3, r3, r1, lsl #8
 1202 0066 1479     		ldrb	r4, [r2, #4]	@ zero_extendqisi2
 1203 0068 0168     		ldr	r1, [r0]
 1204 006a 2343     		orrs	r3, r3, r4
 1205 006c 01EB0C11 		add	r1, r1, ip, lsl #4
 1206 0070 C1F88C31 		str	r3, [r1, #396]
1281:Drivers/STM32F2xx_HAL_Driver/Src/stm32f2xx_hal_can.c ****                 ((uint32_t)aData[7] << CAN_TDH0R_DATA7_Pos) |
1282:Drivers/STM32F2xx_HAL_Driver/Src/stm32f2xx_hal_can.c ****                 ((uint32_t)aData[6] << CAN_TDH0R_DATA6_Pos) |
1283:Drivers/STM32F2xx_HAL_Driver/Src/stm32f2xx_hal_can.c ****                 ((uint32_t)aData[5] << CAN_TDH0R_DATA5_Pos) |
1284:Drivers/STM32F2xx_HAL_Driver/Src/stm32f2xx_hal_can.c ****                 ((uint32_t)aData[4] << CAN_TDH0R_DATA4_Pos));
1285:Drivers/STM32F2xx_HAL_Driver/Src/stm32f2xx_hal_can.c ****       WRITE_REG(hcan->Instance->sTxMailBox[transmitmailbox].TDLR,
 1207              		.loc 1 1285 7 view .LVU394
 1208 0074 D178     		ldrb	r1, [r2, #3]	@ zero_extendqisi2
 1209 0076 9378     		ldrb	r3, [r2, #2]	@ zero_extendqisi2
 1210 0078 1B04     		lsls	r3, r3, #16
 1211 007a 43EA0163 		orr	r3, r3, r1, lsl #24
 1212 007e 5178     		ldrb	r1, [r2, #1]	@ zero_extendqisi2
 1213 0080 43EA0123 		orr	r3, r3, r1, lsl #8
 1214 0084 1178     		ldrb	r1, [r2]	@ zero_extendqisi2
 1215 0086 0268     		ldr	r2, [r0]
 1216              	.LVL78:
 1217              		.loc 1 1285 7 is_stmt 0 view .LVU395
 1218 0088 0B43     		orrs	r3, r3, r1
 1219 008a 02EB0C12 		add	r2, r2, ip, lsl #4
 1220 008e C2F88831 		str	r3, [r2, #392]
1286:Drivers/STM32F2xx_HAL_Driver/Src/stm32f2xx_hal_can.c ****                 ((uint32_t)aData[3] << CAN_TDL0R_DATA3_Pos) |
ARM GAS  /var/folders/8x/_y6g3dfs0698dfd49y4vcg_w0000gn/T//ccYyxujy.s 			page 49


1287:Drivers/STM32F2xx_HAL_Driver/Src/stm32f2xx_hal_can.c ****                 ((uint32_t)aData[2] << CAN_TDL0R_DATA2_Pos) |
1288:Drivers/STM32F2xx_HAL_Driver/Src/stm32f2xx_hal_can.c ****                 ((uint32_t)aData[1] << CAN_TDL0R_DATA1_Pos) |
1289:Drivers/STM32F2xx_HAL_Driver/Src/stm32f2xx_hal_can.c ****                 ((uint32_t)aData[0] << CAN_TDL0R_DATA0_Pos));
1290:Drivers/STM32F2xx_HAL_Driver/Src/stm32f2xx_hal_can.c **** 
1291:Drivers/STM32F2xx_HAL_Driver/Src/stm32f2xx_hal_can.c ****       /* Request transmission */
1292:Drivers/STM32F2xx_HAL_Driver/Src/stm32f2xx_hal_can.c ****       SET_BIT(hcan->Instance->sTxMailBox[transmitmailbox].TIR, CAN_TI0R_TXRQ);
 1221              		.loc 1 1292 7 is_stmt 1 view .LVU396
 1222 0092 0268     		ldr	r2, [r0]
 1223 0094 0CF1180C 		add	ip, ip, #24
 1224              	.LVL79:
 1225              		.loc 1 1292 7 is_stmt 0 view .LVU397
 1226 0098 4FEA0C1C 		lsl	ip, ip, #4
 1227 009c 52F80C30 		ldr	r3, [r2, ip]
 1228 00a0 43F00103 		orr	r3, r3, #1
 1229 00a4 42F80C30 		str	r3, [r2, ip]
1293:Drivers/STM32F2xx_HAL_Driver/Src/stm32f2xx_hal_can.c **** 
1294:Drivers/STM32F2xx_HAL_Driver/Src/stm32f2xx_hal_can.c ****       /* Return function status */
1295:Drivers/STM32F2xx_HAL_Driver/Src/stm32f2xx_hal_can.c ****       return HAL_OK;
 1230              		.loc 1 1295 7 is_stmt 1 view .LVU398
 1231              		.loc 1 1295 14 is_stmt 0 view .LVU399
 1232 00a8 0020     		movs	r0, #0
 1233              	.LVL80:
 1234              		.loc 1 1295 14 view .LVU400
 1235 00aa 1DE0     		b	.L102
 1236              	.LVL81:
 1237              	.L99:
1265:Drivers/STM32F2xx_HAL_Driver/Src/stm32f2xx_hal_can.c ****                                                            pHeader->IDE |
 1238              		.loc 1 1265 9 is_stmt 1 view .LVU401
1265:Drivers/STM32F2xx_HAL_Driver/Src/stm32f2xx_hal_can.c ****                                                            pHeader->IDE |
 1239              		.loc 1 1265 68 is_stmt 0 view .LVU402
 1240 00ac 4C68     		ldr	r4, [r1, #4]
1265:Drivers/STM32F2xx_HAL_Driver/Src/stm32f2xx_hal_can.c ****                                                            pHeader->IDE |
 1241              		.loc 1 1265 98 view .LVU403
 1242 00ae 43EAC403 		orr	r3, r3, r4, lsl #3
1267:Drivers/STM32F2xx_HAL_Driver/Src/stm32f2xx_hal_can.c ****       }
 1243              		.loc 1 1267 67 view .LVU404
 1244 00b2 CC68     		ldr	r4, [r1, #12]
1266:Drivers/STM32F2xx_HAL_Driver/Src/stm32f2xx_hal_can.c ****                                                            pHeader->RTR);
 1245              		.loc 1 1266 73 view .LVU405
 1246 00b4 2343     		orrs	r3, r3, r4
1265:Drivers/STM32F2xx_HAL_Driver/Src/stm32f2xx_hal_can.c ****                                                            pHeader->IDE |
 1247              		.loc 1 1265 57 view .LVU406
 1248 00b6 0CF11804 		add	r4, ip, #24
 1249 00ba 2401     		lsls	r4, r4, #4
 1250 00bc 0568     		ldr	r5, [r0]
 1251 00be 2B51     		str	r3, [r5, r4]
 1252 00c0 BFE7     		b	.L100
 1253              	.L104:
1276:Drivers/STM32F2xx_HAL_Driver/Src/stm32f2xx_hal_can.c ****       }
 1254              		.loc 1 1276 9 is_stmt 1 view .LVU407
 1255 00c2 0368     		ldr	r3, [r0]
 1256 00c4 03EB0E13 		add	r3, r3, lr, lsl #4
 1257 00c8 5968     		ldr	r1, [r3, #4]
 1258              	.LVL82:
1276:Drivers/STM32F2xx_HAL_Driver/Src/stm32f2xx_hal_can.c ****       }
 1259              		.loc 1 1276 9 is_stmt 0 view .LVU408
 1260 00ca 41F48071 		orr	r1, r1, #256
ARM GAS  /var/folders/8x/_y6g3dfs0698dfd49y4vcg_w0000gn/T//ccYyxujy.s 			page 50


 1261 00ce 5960     		str	r1, [r3, #4]
 1262 00d0 C1E7     		b	.L101
 1263              	.LVL83:
 1264              	.L98:
1296:Drivers/STM32F2xx_HAL_Driver/Src/stm32f2xx_hal_can.c ****     }
1297:Drivers/STM32F2xx_HAL_Driver/Src/stm32f2xx_hal_can.c ****     else
1298:Drivers/STM32F2xx_HAL_Driver/Src/stm32f2xx_hal_can.c ****     {
1299:Drivers/STM32F2xx_HAL_Driver/Src/stm32f2xx_hal_can.c ****       /* Update error code */
1300:Drivers/STM32F2xx_HAL_Driver/Src/stm32f2xx_hal_can.c ****       hcan->ErrorCode |= HAL_CAN_ERROR_PARAM;
 1265              		.loc 1 1300 7 is_stmt 1 view .LVU409
 1266              		.loc 1 1300 11 is_stmt 0 view .LVU410
 1267 00d2 436A     		ldr	r3, [r0, #36]
 1268              	.LVL84:
 1269              		.loc 1 1300 23 view .LVU411
 1270 00d4 43F40013 		orr	r3, r3, #2097152
 1271 00d8 4362     		str	r3, [r0, #36]
1301:Drivers/STM32F2xx_HAL_Driver/Src/stm32f2xx_hal_can.c **** 
1302:Drivers/STM32F2xx_HAL_Driver/Src/stm32f2xx_hal_can.c ****       return HAL_ERROR;
 1272              		.loc 1 1302 7 is_stmt 1 view .LVU412
 1273              		.loc 1 1302 14 is_stmt 0 view .LVU413
 1274 00da 0120     		movs	r0, #1
 1275              	.LVL85:
 1276              		.loc 1 1302 14 view .LVU414
 1277 00dc 04E0     		b	.L102
 1278              	.LVL86:
 1279              	.L97:
1303:Drivers/STM32F2xx_HAL_Driver/Src/stm32f2xx_hal_can.c ****     }
1304:Drivers/STM32F2xx_HAL_Driver/Src/stm32f2xx_hal_can.c ****   }
1305:Drivers/STM32F2xx_HAL_Driver/Src/stm32f2xx_hal_can.c ****   else
1306:Drivers/STM32F2xx_HAL_Driver/Src/stm32f2xx_hal_can.c ****   {
1307:Drivers/STM32F2xx_HAL_Driver/Src/stm32f2xx_hal_can.c ****     /* Update error code */
1308:Drivers/STM32F2xx_HAL_Driver/Src/stm32f2xx_hal_can.c ****     hcan->ErrorCode |= HAL_CAN_ERROR_NOT_INITIALIZED;
 1280              		.loc 1 1308 5 is_stmt 1 view .LVU415
 1281              		.loc 1 1308 9 is_stmt 0 view .LVU416
 1282 00de 436A     		ldr	r3, [r0, #36]
 1283              	.LVL87:
 1284              		.loc 1 1308 21 view .LVU417
 1285 00e0 43F48023 		orr	r3, r3, #262144
 1286 00e4 4362     		str	r3, [r0, #36]
1309:Drivers/STM32F2xx_HAL_Driver/Src/stm32f2xx_hal_can.c **** 
1310:Drivers/STM32F2xx_HAL_Driver/Src/stm32f2xx_hal_can.c ****     return HAL_ERROR;
 1287              		.loc 1 1310 5 is_stmt 1 view .LVU418
 1288              		.loc 1 1310 12 is_stmt 0 view .LVU419
 1289 00e6 0120     		movs	r0, #1
 1290              	.LVL88:
 1291              	.L102:
1311:Drivers/STM32F2xx_HAL_Driver/Src/stm32f2xx_hal_can.c ****   }
1312:Drivers/STM32F2xx_HAL_Driver/Src/stm32f2xx_hal_can.c **** }
 1292              		.loc 1 1312 1 view .LVU420
 1293 00e8 30BD     		pop	{r4, r5, pc}
 1294              		.cfi_endproc
 1295              	.LFE82:
 1297              		.section	.text.HAL_CAN_AbortTxRequest,"ax",%progbits
 1298              		.align	1
 1299              		.global	HAL_CAN_AbortTxRequest
 1300              		.syntax unified
 1301              		.thumb
ARM GAS  /var/folders/8x/_y6g3dfs0698dfd49y4vcg_w0000gn/T//ccYyxujy.s 			page 51


 1302              		.thumb_func
 1304              	HAL_CAN_AbortTxRequest:
 1305              	.LVL89:
 1306              	.LFB83:
1313:Drivers/STM32F2xx_HAL_Driver/Src/stm32f2xx_hal_can.c **** 
1314:Drivers/STM32F2xx_HAL_Driver/Src/stm32f2xx_hal_can.c **** /**
1315:Drivers/STM32F2xx_HAL_Driver/Src/stm32f2xx_hal_can.c ****   * @brief  Abort transmission requests
1316:Drivers/STM32F2xx_HAL_Driver/Src/stm32f2xx_hal_can.c ****   * @param  hcan pointer to an CAN_HandleTypeDef structure that contains
1317:Drivers/STM32F2xx_HAL_Driver/Src/stm32f2xx_hal_can.c ****   *         the configuration information for the specified CAN.
1318:Drivers/STM32F2xx_HAL_Driver/Src/stm32f2xx_hal_can.c ****   * @param  TxMailboxes List of the Tx Mailboxes to abort.
1319:Drivers/STM32F2xx_HAL_Driver/Src/stm32f2xx_hal_can.c ****   *         This parameter can be any combination of @arg CAN_Tx_Mailboxes.
1320:Drivers/STM32F2xx_HAL_Driver/Src/stm32f2xx_hal_can.c ****   * @retval HAL status
1321:Drivers/STM32F2xx_HAL_Driver/Src/stm32f2xx_hal_can.c ****   */
1322:Drivers/STM32F2xx_HAL_Driver/Src/stm32f2xx_hal_can.c **** HAL_StatusTypeDef HAL_CAN_AbortTxRequest(CAN_HandleTypeDef *hcan, uint32_t TxMailboxes)
1323:Drivers/STM32F2xx_HAL_Driver/Src/stm32f2xx_hal_can.c **** {
 1307              		.loc 1 1323 1 is_stmt 1 view -0
 1308              		.cfi_startproc
 1309              		@ args = 0, pretend = 0, frame = 0
 1310              		@ frame_needed = 0, uses_anonymous_args = 0
 1311              		@ link register save eliminated.
1324:Drivers/STM32F2xx_HAL_Driver/Src/stm32f2xx_hal_can.c ****   HAL_CAN_StateTypeDef state = hcan->State;
 1312              		.loc 1 1324 3 view .LVU422
 1313              		.loc 1 1324 24 is_stmt 0 view .LVU423
 1314 0000 90F82030 		ldrb	r3, [r0, #32]	@ zero_extendqisi2
 1315              	.LVL90:
1325:Drivers/STM32F2xx_HAL_Driver/Src/stm32f2xx_hal_can.c **** 
1326:Drivers/STM32F2xx_HAL_Driver/Src/stm32f2xx_hal_can.c ****   /* Check function parameters */
1327:Drivers/STM32F2xx_HAL_Driver/Src/stm32f2xx_hal_can.c ****   assert_param(IS_CAN_TX_MAILBOX_LIST(TxMailboxes));
 1316              		.loc 1 1327 3 is_stmt 1 view .LVU424
1328:Drivers/STM32F2xx_HAL_Driver/Src/stm32f2xx_hal_can.c **** 
1329:Drivers/STM32F2xx_HAL_Driver/Src/stm32f2xx_hal_can.c ****   if ((state == HAL_CAN_STATE_READY) ||
 1317              		.loc 1 1329 3 view .LVU425
 1318              		.loc 1 1329 38 is_stmt 0 view .LVU426
 1319 0004 013B     		subs	r3, r3, #1
 1320              	.LVL91:
 1321              		.loc 1 1329 38 view .LVU427
 1322 0006 DBB2     		uxtb	r3, r3
 1323              	.LVL92:
 1324              		.loc 1 1329 6 view .LVU428
 1325 0008 012B     		cmp	r3, #1
 1326 000a 05D9     		bls	.L111
1330:Drivers/STM32F2xx_HAL_Driver/Src/stm32f2xx_hal_can.c ****       (state == HAL_CAN_STATE_LISTENING))
1331:Drivers/STM32F2xx_HAL_Driver/Src/stm32f2xx_hal_can.c ****   {
1332:Drivers/STM32F2xx_HAL_Driver/Src/stm32f2xx_hal_can.c ****     /* Check Tx Mailbox 0 */
1333:Drivers/STM32F2xx_HAL_Driver/Src/stm32f2xx_hal_can.c ****     if ((TxMailboxes & CAN_TX_MAILBOX0) != 0U)
1334:Drivers/STM32F2xx_HAL_Driver/Src/stm32f2xx_hal_can.c ****     {
1335:Drivers/STM32F2xx_HAL_Driver/Src/stm32f2xx_hal_can.c ****       /* Add cancellation request for Tx Mailbox 0 */
1336:Drivers/STM32F2xx_HAL_Driver/Src/stm32f2xx_hal_can.c ****       SET_BIT(hcan->Instance->TSR, CAN_TSR_ABRQ0);
1337:Drivers/STM32F2xx_HAL_Driver/Src/stm32f2xx_hal_can.c ****     }
1338:Drivers/STM32F2xx_HAL_Driver/Src/stm32f2xx_hal_can.c **** 
1339:Drivers/STM32F2xx_HAL_Driver/Src/stm32f2xx_hal_can.c ****     /* Check Tx Mailbox 1 */
1340:Drivers/STM32F2xx_HAL_Driver/Src/stm32f2xx_hal_can.c ****     if ((TxMailboxes & CAN_TX_MAILBOX1) != 0U)
1341:Drivers/STM32F2xx_HAL_Driver/Src/stm32f2xx_hal_can.c ****     {
1342:Drivers/STM32F2xx_HAL_Driver/Src/stm32f2xx_hal_can.c ****       /* Add cancellation request for Tx Mailbox 1 */
1343:Drivers/STM32F2xx_HAL_Driver/Src/stm32f2xx_hal_can.c ****       SET_BIT(hcan->Instance->TSR, CAN_TSR_ABRQ1);
1344:Drivers/STM32F2xx_HAL_Driver/Src/stm32f2xx_hal_can.c ****     }
1345:Drivers/STM32F2xx_HAL_Driver/Src/stm32f2xx_hal_can.c **** 
ARM GAS  /var/folders/8x/_y6g3dfs0698dfd49y4vcg_w0000gn/T//ccYyxujy.s 			page 52


1346:Drivers/STM32F2xx_HAL_Driver/Src/stm32f2xx_hal_can.c ****     /* Check Tx Mailbox 2 */
1347:Drivers/STM32F2xx_HAL_Driver/Src/stm32f2xx_hal_can.c ****     if ((TxMailboxes & CAN_TX_MAILBOX2) != 0U)
1348:Drivers/STM32F2xx_HAL_Driver/Src/stm32f2xx_hal_can.c ****     {
1349:Drivers/STM32F2xx_HAL_Driver/Src/stm32f2xx_hal_can.c ****       /* Add cancellation request for Tx Mailbox 2 */
1350:Drivers/STM32F2xx_HAL_Driver/Src/stm32f2xx_hal_can.c ****       SET_BIT(hcan->Instance->TSR, CAN_TSR_ABRQ2);
1351:Drivers/STM32F2xx_HAL_Driver/Src/stm32f2xx_hal_can.c ****     }
1352:Drivers/STM32F2xx_HAL_Driver/Src/stm32f2xx_hal_can.c **** 
1353:Drivers/STM32F2xx_HAL_Driver/Src/stm32f2xx_hal_can.c ****     /* Return function status */
1354:Drivers/STM32F2xx_HAL_Driver/Src/stm32f2xx_hal_can.c ****     return HAL_OK;
1355:Drivers/STM32F2xx_HAL_Driver/Src/stm32f2xx_hal_can.c ****   }
1356:Drivers/STM32F2xx_HAL_Driver/Src/stm32f2xx_hal_can.c ****   else
1357:Drivers/STM32F2xx_HAL_Driver/Src/stm32f2xx_hal_can.c ****   {
1358:Drivers/STM32F2xx_HAL_Driver/Src/stm32f2xx_hal_can.c ****     /* Update error code */
1359:Drivers/STM32F2xx_HAL_Driver/Src/stm32f2xx_hal_can.c ****     hcan->ErrorCode |= HAL_CAN_ERROR_NOT_INITIALIZED;
 1327              		.loc 1 1359 5 is_stmt 1 view .LVU429
 1328              		.loc 1 1359 9 is_stmt 0 view .LVU430
 1329 000c 436A     		ldr	r3, [r0, #36]
 1330              		.loc 1 1359 21 view .LVU431
 1331 000e 43F48023 		orr	r3, r3, #262144
 1332 0012 4362     		str	r3, [r0, #36]
1360:Drivers/STM32F2xx_HAL_Driver/Src/stm32f2xx_hal_can.c **** 
1361:Drivers/STM32F2xx_HAL_Driver/Src/stm32f2xx_hal_can.c ****     return HAL_ERROR;
 1333              		.loc 1 1361 5 is_stmt 1 view .LVU432
 1334              		.loc 1 1361 12 is_stmt 0 view .LVU433
 1335 0014 0120     		movs	r0, #1
 1336              	.LVL93:
1362:Drivers/STM32F2xx_HAL_Driver/Src/stm32f2xx_hal_can.c ****   }
1363:Drivers/STM32F2xx_HAL_Driver/Src/stm32f2xx_hal_can.c **** }
 1337              		.loc 1 1363 1 view .LVU434
 1338 0016 7047     		bx	lr
 1339              	.LVL94:
 1340              	.L111:
1333:Drivers/STM32F2xx_HAL_Driver/Src/stm32f2xx_hal_can.c ****     {
 1341              		.loc 1 1333 5 is_stmt 1 view .LVU435
1333:Drivers/STM32F2xx_HAL_Driver/Src/stm32f2xx_hal_can.c ****     {
 1342              		.loc 1 1333 8 is_stmt 0 view .LVU436
 1343 0018 11F0010F 		tst	r1, #1
 1344 001c 04D0     		beq	.L107
1336:Drivers/STM32F2xx_HAL_Driver/Src/stm32f2xx_hal_can.c ****     }
 1345              		.loc 1 1336 7 is_stmt 1 view .LVU437
 1346 001e 0268     		ldr	r2, [r0]
 1347 0020 9368     		ldr	r3, [r2, #8]
 1348 0022 43F08003 		orr	r3, r3, #128
 1349 0026 9360     		str	r3, [r2, #8]
 1350              	.L107:
1340:Drivers/STM32F2xx_HAL_Driver/Src/stm32f2xx_hal_can.c ****     {
 1351              		.loc 1 1340 5 view .LVU438
1340:Drivers/STM32F2xx_HAL_Driver/Src/stm32f2xx_hal_can.c ****     {
 1352              		.loc 1 1340 8 is_stmt 0 view .LVU439
 1353 0028 11F0020F 		tst	r1, #2
 1354 002c 04D0     		beq	.L108
1343:Drivers/STM32F2xx_HAL_Driver/Src/stm32f2xx_hal_can.c ****     }
 1355              		.loc 1 1343 7 is_stmt 1 view .LVU440
 1356 002e 0268     		ldr	r2, [r0]
 1357 0030 9368     		ldr	r3, [r2, #8]
 1358 0032 43F40043 		orr	r3, r3, #32768
 1359 0036 9360     		str	r3, [r2, #8]
ARM GAS  /var/folders/8x/_y6g3dfs0698dfd49y4vcg_w0000gn/T//ccYyxujy.s 			page 53


 1360              	.L108:
1347:Drivers/STM32F2xx_HAL_Driver/Src/stm32f2xx_hal_can.c ****     {
 1361              		.loc 1 1347 5 view .LVU441
1347:Drivers/STM32F2xx_HAL_Driver/Src/stm32f2xx_hal_can.c ****     {
 1362              		.loc 1 1347 8 is_stmt 0 view .LVU442
 1363 0038 11F0040F 		tst	r1, #4
 1364 003c 04D0     		beq	.L109
1350:Drivers/STM32F2xx_HAL_Driver/Src/stm32f2xx_hal_can.c ****     }
 1365              		.loc 1 1350 7 is_stmt 1 view .LVU443
 1366 003e 0268     		ldr	r2, [r0]
 1367 0040 9368     		ldr	r3, [r2, #8]
 1368 0042 43F40003 		orr	r3, r3, #8388608
 1369 0046 9360     		str	r3, [r2, #8]
 1370              	.L109:
1354:Drivers/STM32F2xx_HAL_Driver/Src/stm32f2xx_hal_can.c ****   }
 1371              		.loc 1 1354 5 view .LVU444
1354:Drivers/STM32F2xx_HAL_Driver/Src/stm32f2xx_hal_can.c ****   }
 1372              		.loc 1 1354 12 is_stmt 0 view .LVU445
 1373 0048 0020     		movs	r0, #0
 1374              	.LVL95:
1354:Drivers/STM32F2xx_HAL_Driver/Src/stm32f2xx_hal_can.c ****   }
 1375              		.loc 1 1354 12 view .LVU446
 1376 004a 7047     		bx	lr
 1377              		.cfi_endproc
 1378              	.LFE83:
 1380              		.section	.text.HAL_CAN_GetTxMailboxesFreeLevel,"ax",%progbits
 1381              		.align	1
 1382              		.global	HAL_CAN_GetTxMailboxesFreeLevel
 1383              		.syntax unified
 1384              		.thumb
 1385              		.thumb_func
 1387              	HAL_CAN_GetTxMailboxesFreeLevel:
 1388              	.LVL96:
 1389              	.LFB84:
1364:Drivers/STM32F2xx_HAL_Driver/Src/stm32f2xx_hal_can.c **** 
1365:Drivers/STM32F2xx_HAL_Driver/Src/stm32f2xx_hal_can.c **** /**
1366:Drivers/STM32F2xx_HAL_Driver/Src/stm32f2xx_hal_can.c ****   * @brief  Return Tx Mailboxes free level: number of free Tx Mailboxes.
1367:Drivers/STM32F2xx_HAL_Driver/Src/stm32f2xx_hal_can.c ****   * @param  hcan pointer to a CAN_HandleTypeDef structure that contains
1368:Drivers/STM32F2xx_HAL_Driver/Src/stm32f2xx_hal_can.c ****   *         the configuration information for the specified CAN.
1369:Drivers/STM32F2xx_HAL_Driver/Src/stm32f2xx_hal_can.c ****   * @retval Number of free Tx Mailboxes.
1370:Drivers/STM32F2xx_HAL_Driver/Src/stm32f2xx_hal_can.c ****   */
1371:Drivers/STM32F2xx_HAL_Driver/Src/stm32f2xx_hal_can.c **** uint32_t HAL_CAN_GetTxMailboxesFreeLevel(const CAN_HandleTypeDef *hcan)
1372:Drivers/STM32F2xx_HAL_Driver/Src/stm32f2xx_hal_can.c **** {
 1390              		.loc 1 1372 1 is_stmt 1 view -0
 1391              		.cfi_startproc
 1392              		@ args = 0, pretend = 0, frame = 0
 1393              		@ frame_needed = 0, uses_anonymous_args = 0
 1394              		@ link register save eliminated.
1373:Drivers/STM32F2xx_HAL_Driver/Src/stm32f2xx_hal_can.c ****   uint32_t freelevel = 0U;
 1395              		.loc 1 1373 3 view .LVU448
1374:Drivers/STM32F2xx_HAL_Driver/Src/stm32f2xx_hal_can.c ****   HAL_CAN_StateTypeDef state = hcan->State;
 1396              		.loc 1 1374 3 view .LVU449
 1397              		.loc 1 1374 24 is_stmt 0 view .LVU450
 1398 0000 90F82030 		ldrb	r3, [r0, #32]	@ zero_extendqisi2
 1399              	.LVL97:
1375:Drivers/STM32F2xx_HAL_Driver/Src/stm32f2xx_hal_can.c **** 
1376:Drivers/STM32F2xx_HAL_Driver/Src/stm32f2xx_hal_can.c ****   if ((state == HAL_CAN_STATE_READY) ||
ARM GAS  /var/folders/8x/_y6g3dfs0698dfd49y4vcg_w0000gn/T//ccYyxujy.s 			page 54


 1400              		.loc 1 1376 3 is_stmt 1 view .LVU451
 1401              		.loc 1 1376 38 is_stmt 0 view .LVU452
 1402 0004 013B     		subs	r3, r3, #1
 1403              	.LVL98:
 1404              		.loc 1 1376 38 view .LVU453
 1405 0006 DBB2     		uxtb	r3, r3
 1406              	.LVL99:
 1407              		.loc 1 1376 6 view .LVU454
 1408 0008 012B     		cmp	r3, #1
 1409 000a 01D9     		bls	.L118
1373:Drivers/STM32F2xx_HAL_Driver/Src/stm32f2xx_hal_can.c ****   HAL_CAN_StateTypeDef state = hcan->State;
 1410              		.loc 1 1373 12 view .LVU455
 1411 000c 0020     		movs	r0, #0
 1412              	.LVL100:
1377:Drivers/STM32F2xx_HAL_Driver/Src/stm32f2xx_hal_can.c ****       (state == HAL_CAN_STATE_LISTENING))
1378:Drivers/STM32F2xx_HAL_Driver/Src/stm32f2xx_hal_can.c ****   {
1379:Drivers/STM32F2xx_HAL_Driver/Src/stm32f2xx_hal_can.c ****     /* Check Tx Mailbox 0 status */
1380:Drivers/STM32F2xx_HAL_Driver/Src/stm32f2xx_hal_can.c ****     if ((hcan->Instance->TSR & CAN_TSR_TME0) != 0U)
1381:Drivers/STM32F2xx_HAL_Driver/Src/stm32f2xx_hal_can.c ****     {
1382:Drivers/STM32F2xx_HAL_Driver/Src/stm32f2xx_hal_can.c ****       freelevel++;
1383:Drivers/STM32F2xx_HAL_Driver/Src/stm32f2xx_hal_can.c ****     }
1384:Drivers/STM32F2xx_HAL_Driver/Src/stm32f2xx_hal_can.c **** 
1385:Drivers/STM32F2xx_HAL_Driver/Src/stm32f2xx_hal_can.c ****     /* Check Tx Mailbox 1 status */
1386:Drivers/STM32F2xx_HAL_Driver/Src/stm32f2xx_hal_can.c ****     if ((hcan->Instance->TSR & CAN_TSR_TME1) != 0U)
1387:Drivers/STM32F2xx_HAL_Driver/Src/stm32f2xx_hal_can.c ****     {
1388:Drivers/STM32F2xx_HAL_Driver/Src/stm32f2xx_hal_can.c ****       freelevel++;
1389:Drivers/STM32F2xx_HAL_Driver/Src/stm32f2xx_hal_can.c ****     }
1390:Drivers/STM32F2xx_HAL_Driver/Src/stm32f2xx_hal_can.c **** 
1391:Drivers/STM32F2xx_HAL_Driver/Src/stm32f2xx_hal_can.c ****     /* Check Tx Mailbox 2 status */
1392:Drivers/STM32F2xx_HAL_Driver/Src/stm32f2xx_hal_can.c ****     if ((hcan->Instance->TSR & CAN_TSR_TME2) != 0U)
1393:Drivers/STM32F2xx_HAL_Driver/Src/stm32f2xx_hal_can.c ****     {
1394:Drivers/STM32F2xx_HAL_Driver/Src/stm32f2xx_hal_can.c ****       freelevel++;
1395:Drivers/STM32F2xx_HAL_Driver/Src/stm32f2xx_hal_can.c ****     }
1396:Drivers/STM32F2xx_HAL_Driver/Src/stm32f2xx_hal_can.c ****   }
1397:Drivers/STM32F2xx_HAL_Driver/Src/stm32f2xx_hal_can.c **** 
1398:Drivers/STM32F2xx_HAL_Driver/Src/stm32f2xx_hal_can.c ****   /* Return Tx Mailboxes free level */
1399:Drivers/STM32F2xx_HAL_Driver/Src/stm32f2xx_hal_can.c ****   return freelevel;
 1413              		.loc 1 1399 3 is_stmt 1 view .LVU456
 1414              	.L112:
1400:Drivers/STM32F2xx_HAL_Driver/Src/stm32f2xx_hal_can.c **** }
 1415              		.loc 1 1400 1 is_stmt 0 view .LVU457
 1416 000e 7047     		bx	lr
 1417              	.LVL101:
 1418              	.L118:
1380:Drivers/STM32F2xx_HAL_Driver/Src/stm32f2xx_hal_can.c ****     {
 1419              		.loc 1 1380 5 is_stmt 1 view .LVU458
1380:Drivers/STM32F2xx_HAL_Driver/Src/stm32f2xx_hal_can.c ****     {
 1420              		.loc 1 1380 14 is_stmt 0 view .LVU459
 1421 0010 0368     		ldr	r3, [r0]
1380:Drivers/STM32F2xx_HAL_Driver/Src/stm32f2xx_hal_can.c ****     {
 1422              		.loc 1 1380 24 view .LVU460
 1423 0012 9868     		ldr	r0, [r3, #8]
 1424              	.LVL102:
1380:Drivers/STM32F2xx_HAL_Driver/Src/stm32f2xx_hal_can.c ****     {
 1425              		.loc 1 1380 8 view .LVU461
 1426 0014 10F08060 		ands	r0, r0, #67108864
 1427 0018 00D0     		beq	.L114
ARM GAS  /var/folders/8x/_y6g3dfs0698dfd49y4vcg_w0000gn/T//ccYyxujy.s 			page 55


1382:Drivers/STM32F2xx_HAL_Driver/Src/stm32f2xx_hal_can.c ****     }
 1428              		.loc 1 1382 16 view .LVU462
 1429 001a 0120     		movs	r0, #1
 1430              	.L114:
 1431              	.LVL103:
1386:Drivers/STM32F2xx_HAL_Driver/Src/stm32f2xx_hal_can.c ****     {
 1432              		.loc 1 1386 5 is_stmt 1 view .LVU463
1386:Drivers/STM32F2xx_HAL_Driver/Src/stm32f2xx_hal_can.c ****     {
 1433              		.loc 1 1386 24 is_stmt 0 view .LVU464
 1434 001c 9A68     		ldr	r2, [r3, #8]
1386:Drivers/STM32F2xx_HAL_Driver/Src/stm32f2xx_hal_can.c ****     {
 1435              		.loc 1 1386 8 view .LVU465
 1436 001e 12F0006F 		tst	r2, #134217728
 1437 0022 00D0     		beq	.L115
1388:Drivers/STM32F2xx_HAL_Driver/Src/stm32f2xx_hal_can.c ****     }
 1438              		.loc 1 1388 7 is_stmt 1 view .LVU466
1388:Drivers/STM32F2xx_HAL_Driver/Src/stm32f2xx_hal_can.c ****     }
 1439              		.loc 1 1388 16 is_stmt 0 view .LVU467
 1440 0024 0130     		adds	r0, r0, #1
 1441              	.LVL104:
 1442              	.L115:
1392:Drivers/STM32F2xx_HAL_Driver/Src/stm32f2xx_hal_can.c ****     {
 1443              		.loc 1 1392 5 is_stmt 1 view .LVU468
1392:Drivers/STM32F2xx_HAL_Driver/Src/stm32f2xx_hal_can.c ****     {
 1444              		.loc 1 1392 24 is_stmt 0 view .LVU469
 1445 0026 9B68     		ldr	r3, [r3, #8]
1392:Drivers/STM32F2xx_HAL_Driver/Src/stm32f2xx_hal_can.c ****     {
 1446              		.loc 1 1392 8 view .LVU470
 1447 0028 13F0805F 		tst	r3, #268435456
 1448 002c EFD0     		beq	.L112
1394:Drivers/STM32F2xx_HAL_Driver/Src/stm32f2xx_hal_can.c ****     }
 1449              		.loc 1 1394 7 is_stmt 1 view .LVU471
1394:Drivers/STM32F2xx_HAL_Driver/Src/stm32f2xx_hal_can.c ****     }
 1450              		.loc 1 1394 16 is_stmt 0 view .LVU472
 1451 002e 0130     		adds	r0, r0, #1
 1452              	.LVL105:
1394:Drivers/STM32F2xx_HAL_Driver/Src/stm32f2xx_hal_can.c ****     }
 1453              		.loc 1 1394 16 view .LVU473
 1454 0030 7047     		bx	lr
 1455              		.cfi_endproc
 1456              	.LFE84:
 1458              		.section	.text.HAL_CAN_IsTxMessagePending,"ax",%progbits
 1459              		.align	1
 1460              		.global	HAL_CAN_IsTxMessagePending
 1461              		.syntax unified
 1462              		.thumb
 1463              		.thumb_func
 1465              	HAL_CAN_IsTxMessagePending:
 1466              	.LVL106:
 1467              	.LFB85:
1401:Drivers/STM32F2xx_HAL_Driver/Src/stm32f2xx_hal_can.c **** 
1402:Drivers/STM32F2xx_HAL_Driver/Src/stm32f2xx_hal_can.c **** /**
1403:Drivers/STM32F2xx_HAL_Driver/Src/stm32f2xx_hal_can.c ****   * @brief  Check if a transmission request is pending on the selected Tx
1404:Drivers/STM32F2xx_HAL_Driver/Src/stm32f2xx_hal_can.c ****   *         Mailboxes.
1405:Drivers/STM32F2xx_HAL_Driver/Src/stm32f2xx_hal_can.c ****   * @param  hcan pointer to an CAN_HandleTypeDef structure that contains
1406:Drivers/STM32F2xx_HAL_Driver/Src/stm32f2xx_hal_can.c ****   *         the configuration information for the specified CAN.
1407:Drivers/STM32F2xx_HAL_Driver/Src/stm32f2xx_hal_can.c ****   * @param  TxMailboxes List of Tx Mailboxes to check.
ARM GAS  /var/folders/8x/_y6g3dfs0698dfd49y4vcg_w0000gn/T//ccYyxujy.s 			page 56


1408:Drivers/STM32F2xx_HAL_Driver/Src/stm32f2xx_hal_can.c ****   *         This parameter can be any combination of @arg CAN_Tx_Mailboxes.
1409:Drivers/STM32F2xx_HAL_Driver/Src/stm32f2xx_hal_can.c ****   * @retval Status
1410:Drivers/STM32F2xx_HAL_Driver/Src/stm32f2xx_hal_can.c ****   *          - 0 : No pending transmission request on any selected Tx Mailboxes.
1411:Drivers/STM32F2xx_HAL_Driver/Src/stm32f2xx_hal_can.c ****   *          - 1 : Pending transmission request on at least one of the selected
1412:Drivers/STM32F2xx_HAL_Driver/Src/stm32f2xx_hal_can.c ****   *                Tx Mailbox.
1413:Drivers/STM32F2xx_HAL_Driver/Src/stm32f2xx_hal_can.c ****   */
1414:Drivers/STM32F2xx_HAL_Driver/Src/stm32f2xx_hal_can.c **** uint32_t HAL_CAN_IsTxMessagePending(const CAN_HandleTypeDef *hcan, uint32_t TxMailboxes)
1415:Drivers/STM32F2xx_HAL_Driver/Src/stm32f2xx_hal_can.c **** {
 1468              		.loc 1 1415 1 is_stmt 1 view -0
 1469              		.cfi_startproc
 1470              		@ args = 0, pretend = 0, frame = 0
 1471              		@ frame_needed = 0, uses_anonymous_args = 0
 1472              		@ link register save eliminated.
1416:Drivers/STM32F2xx_HAL_Driver/Src/stm32f2xx_hal_can.c ****   uint32_t status = 0U;
 1473              		.loc 1 1416 3 view .LVU475
1417:Drivers/STM32F2xx_HAL_Driver/Src/stm32f2xx_hal_can.c ****   HAL_CAN_StateTypeDef state = hcan->State;
 1474              		.loc 1 1417 3 view .LVU476
 1475              		.loc 1 1417 24 is_stmt 0 view .LVU477
 1476 0000 90F82030 		ldrb	r3, [r0, #32]	@ zero_extendqisi2
 1477              	.LVL107:
1418:Drivers/STM32F2xx_HAL_Driver/Src/stm32f2xx_hal_can.c **** 
1419:Drivers/STM32F2xx_HAL_Driver/Src/stm32f2xx_hal_can.c ****   /* Check function parameters */
1420:Drivers/STM32F2xx_HAL_Driver/Src/stm32f2xx_hal_can.c ****   assert_param(IS_CAN_TX_MAILBOX_LIST(TxMailboxes));
 1478              		.loc 1 1420 3 is_stmt 1 view .LVU478
1421:Drivers/STM32F2xx_HAL_Driver/Src/stm32f2xx_hal_can.c **** 
1422:Drivers/STM32F2xx_HAL_Driver/Src/stm32f2xx_hal_can.c ****   if ((state == HAL_CAN_STATE_READY) ||
 1479              		.loc 1 1422 3 view .LVU479
 1480              		.loc 1 1422 38 is_stmt 0 view .LVU480
 1481 0004 013B     		subs	r3, r3, #1
 1482              	.LVL108:
 1483              		.loc 1 1422 38 view .LVU481
 1484 0006 DBB2     		uxtb	r3, r3
 1485              	.LVL109:
 1486              		.loc 1 1422 6 view .LVU482
 1487 0008 012B     		cmp	r3, #1
 1488 000a 01D9     		bls	.L123
1416:Drivers/STM32F2xx_HAL_Driver/Src/stm32f2xx_hal_can.c ****   HAL_CAN_StateTypeDef state = hcan->State;
 1489              		.loc 1 1416 12 view .LVU483
 1490 000c 0020     		movs	r0, #0
 1491              	.LVL110:
1416:Drivers/STM32F2xx_HAL_Driver/Src/stm32f2xx_hal_can.c ****   HAL_CAN_StateTypeDef state = hcan->State;
 1492              		.loc 1 1416 12 view .LVU484
 1493 000e 7047     		bx	lr
 1494              	.LVL111:
 1495              	.L123:
1423:Drivers/STM32F2xx_HAL_Driver/Src/stm32f2xx_hal_can.c ****       (state == HAL_CAN_STATE_LISTENING))
1424:Drivers/STM32F2xx_HAL_Driver/Src/stm32f2xx_hal_can.c ****   {
1425:Drivers/STM32F2xx_HAL_Driver/Src/stm32f2xx_hal_can.c ****     /* Check pending transmission request on the selected Tx Mailboxes */
1426:Drivers/STM32F2xx_HAL_Driver/Src/stm32f2xx_hal_can.c ****     if ((hcan->Instance->TSR & (TxMailboxes << CAN_TSR_TME0_Pos)) != (TxMailboxes << CAN_TSR_TME0_P
 1496              		.loc 1 1426 5 is_stmt 1 view .LVU485
 1497              		.loc 1 1426 14 is_stmt 0 view .LVU486
 1498 0010 0368     		ldr	r3, [r0]
 1499              		.loc 1 1426 24 view .LVU487
 1500 0012 9B68     		ldr	r3, [r3, #8]
 1501              		.loc 1 1426 30 view .LVU488
 1502 0014 03EA8163 		and	r3, r3, r1, lsl #26
 1503              		.loc 1 1426 8 view .LVU489
ARM GAS  /var/folders/8x/_y6g3dfs0698dfd49y4vcg_w0000gn/T//ccYyxujy.s 			page 57


 1504 0018 B3EB816F 		cmp	r3, r1, lsl #26
 1505 001c 01D0     		beq	.L124
1427:Drivers/STM32F2xx_HAL_Driver/Src/stm32f2xx_hal_can.c ****     {
1428:Drivers/STM32F2xx_HAL_Driver/Src/stm32f2xx_hal_can.c ****       status = 1U;
 1506              		.loc 1 1428 14 view .LVU490
 1507 001e 0120     		movs	r0, #1
 1508              	.LVL112:
1429:Drivers/STM32F2xx_HAL_Driver/Src/stm32f2xx_hal_can.c ****     }
1430:Drivers/STM32F2xx_HAL_Driver/Src/stm32f2xx_hal_can.c ****   }
1431:Drivers/STM32F2xx_HAL_Driver/Src/stm32f2xx_hal_can.c **** 
1432:Drivers/STM32F2xx_HAL_Driver/Src/stm32f2xx_hal_can.c ****   /* Return status */
1433:Drivers/STM32F2xx_HAL_Driver/Src/stm32f2xx_hal_can.c ****   return status;
 1509              		.loc 1 1433 3 is_stmt 1 view .LVU491
1434:Drivers/STM32F2xx_HAL_Driver/Src/stm32f2xx_hal_can.c **** }
 1510              		.loc 1 1434 1 is_stmt 0 view .LVU492
 1511 0020 7047     		bx	lr
 1512              	.LVL113:
 1513              	.L124:
1416:Drivers/STM32F2xx_HAL_Driver/Src/stm32f2xx_hal_can.c ****   HAL_CAN_StateTypeDef state = hcan->State;
 1514              		.loc 1 1416 12 view .LVU493
 1515 0022 0020     		movs	r0, #0
 1516              	.LVL114:
1416:Drivers/STM32F2xx_HAL_Driver/Src/stm32f2xx_hal_can.c ****   HAL_CAN_StateTypeDef state = hcan->State;
 1517              		.loc 1 1416 12 view .LVU494
 1518 0024 7047     		bx	lr
 1519              		.cfi_endproc
 1520              	.LFE85:
 1522              		.section	.text.HAL_CAN_GetTxTimestamp,"ax",%progbits
 1523              		.align	1
 1524              		.global	HAL_CAN_GetTxTimestamp
 1525              		.syntax unified
 1526              		.thumb
 1527              		.thumb_func
 1529              	HAL_CAN_GetTxTimestamp:
 1530              	.LVL115:
 1531              	.LFB86:
1435:Drivers/STM32F2xx_HAL_Driver/Src/stm32f2xx_hal_can.c **** 
1436:Drivers/STM32F2xx_HAL_Driver/Src/stm32f2xx_hal_can.c **** /**
1437:Drivers/STM32F2xx_HAL_Driver/Src/stm32f2xx_hal_can.c ****   * @brief  Return timestamp of Tx message sent, if time triggered communication
1438:Drivers/STM32F2xx_HAL_Driver/Src/stm32f2xx_hal_can.c ****             mode is enabled.
1439:Drivers/STM32F2xx_HAL_Driver/Src/stm32f2xx_hal_can.c ****   * @param  hcan pointer to a CAN_HandleTypeDef structure that contains
1440:Drivers/STM32F2xx_HAL_Driver/Src/stm32f2xx_hal_can.c ****   *         the configuration information for the specified CAN.
1441:Drivers/STM32F2xx_HAL_Driver/Src/stm32f2xx_hal_can.c ****   * @param  TxMailbox Tx Mailbox where the timestamp of message sent will be
1442:Drivers/STM32F2xx_HAL_Driver/Src/stm32f2xx_hal_can.c ****   *         read.
1443:Drivers/STM32F2xx_HAL_Driver/Src/stm32f2xx_hal_can.c ****   *         This parameter can be one value of @arg CAN_Tx_Mailboxes.
1444:Drivers/STM32F2xx_HAL_Driver/Src/stm32f2xx_hal_can.c ****   * @retval Timestamp of message sent from Tx Mailbox.
1445:Drivers/STM32F2xx_HAL_Driver/Src/stm32f2xx_hal_can.c ****   */
1446:Drivers/STM32F2xx_HAL_Driver/Src/stm32f2xx_hal_can.c **** uint32_t HAL_CAN_GetTxTimestamp(const CAN_HandleTypeDef *hcan, uint32_t TxMailbox)
1447:Drivers/STM32F2xx_HAL_Driver/Src/stm32f2xx_hal_can.c **** {
 1532              		.loc 1 1447 1 is_stmt 1 view -0
 1533              		.cfi_startproc
 1534              		@ args = 0, pretend = 0, frame = 0
 1535              		@ frame_needed = 0, uses_anonymous_args = 0
 1536              		@ link register save eliminated.
1448:Drivers/STM32F2xx_HAL_Driver/Src/stm32f2xx_hal_can.c ****   uint32_t timestamp = 0U;
 1537              		.loc 1 1448 3 view .LVU496
1449:Drivers/STM32F2xx_HAL_Driver/Src/stm32f2xx_hal_can.c ****   uint32_t transmitmailbox;
ARM GAS  /var/folders/8x/_y6g3dfs0698dfd49y4vcg_w0000gn/T//ccYyxujy.s 			page 58


 1538              		.loc 1 1449 3 view .LVU497
1450:Drivers/STM32F2xx_HAL_Driver/Src/stm32f2xx_hal_can.c ****   HAL_CAN_StateTypeDef state = hcan->State;
 1539              		.loc 1 1450 3 view .LVU498
 1540              		.loc 1 1450 24 is_stmt 0 view .LVU499
 1541 0000 90F82030 		ldrb	r3, [r0, #32]	@ zero_extendqisi2
 1542              	.LVL116:
1451:Drivers/STM32F2xx_HAL_Driver/Src/stm32f2xx_hal_can.c **** 
1452:Drivers/STM32F2xx_HAL_Driver/Src/stm32f2xx_hal_can.c ****   /* Check function parameters */
1453:Drivers/STM32F2xx_HAL_Driver/Src/stm32f2xx_hal_can.c ****   assert_param(IS_CAN_TX_MAILBOX(TxMailbox));
 1543              		.loc 1 1453 3 is_stmt 1 view .LVU500
1454:Drivers/STM32F2xx_HAL_Driver/Src/stm32f2xx_hal_can.c **** 
1455:Drivers/STM32F2xx_HAL_Driver/Src/stm32f2xx_hal_can.c ****   if ((state == HAL_CAN_STATE_READY) ||
 1544              		.loc 1 1455 3 view .LVU501
 1545              		.loc 1 1455 38 is_stmt 0 view .LVU502
 1546 0004 013B     		subs	r3, r3, #1
 1547              	.LVL117:
 1548              		.loc 1 1455 38 view .LVU503
 1549 0006 DBB2     		uxtb	r3, r3
 1550              	.LVL118:
 1551              		.loc 1 1455 6 view .LVU504
 1552 0008 012B     		cmp	r3, #1
 1553 000a 01D9     		bls	.L128
1448:Drivers/STM32F2xx_HAL_Driver/Src/stm32f2xx_hal_can.c ****   uint32_t transmitmailbox;
 1554              		.loc 1 1448 12 view .LVU505
 1555 000c 0020     		movs	r0, #0
 1556              	.LVL119:
1456:Drivers/STM32F2xx_HAL_Driver/Src/stm32f2xx_hal_can.c ****       (state == HAL_CAN_STATE_LISTENING))
1457:Drivers/STM32F2xx_HAL_Driver/Src/stm32f2xx_hal_can.c ****   {
1458:Drivers/STM32F2xx_HAL_Driver/Src/stm32f2xx_hal_can.c ****     /* Select the Tx mailbox */
1459:Drivers/STM32F2xx_HAL_Driver/Src/stm32f2xx_hal_can.c ****     transmitmailbox = POSITION_VAL(TxMailbox);
1460:Drivers/STM32F2xx_HAL_Driver/Src/stm32f2xx_hal_can.c **** 
1461:Drivers/STM32F2xx_HAL_Driver/Src/stm32f2xx_hal_can.c ****     /* Get timestamp */
1462:Drivers/STM32F2xx_HAL_Driver/Src/stm32f2xx_hal_can.c ****     timestamp = (hcan->Instance->sTxMailBox[transmitmailbox].TDTR & CAN_TDT0R_TIME) >> CAN_TDT0R_TI
1463:Drivers/STM32F2xx_HAL_Driver/Src/stm32f2xx_hal_can.c ****   }
1464:Drivers/STM32F2xx_HAL_Driver/Src/stm32f2xx_hal_can.c **** 
1465:Drivers/STM32F2xx_HAL_Driver/Src/stm32f2xx_hal_can.c ****   /* Return the timestamp */
1466:Drivers/STM32F2xx_HAL_Driver/Src/stm32f2xx_hal_can.c ****   return timestamp;
 1557              		.loc 1 1466 3 is_stmt 1 view .LVU506
1467:Drivers/STM32F2xx_HAL_Driver/Src/stm32f2xx_hal_can.c **** }
 1558              		.loc 1 1467 1 is_stmt 0 view .LVU507
 1559 000e 7047     		bx	lr
 1560              	.LVL120:
 1561              	.L128:
1459:Drivers/STM32F2xx_HAL_Driver/Src/stm32f2xx_hal_can.c **** 
 1562              		.loc 1 1459 5 is_stmt 1 view .LVU508
 1563              	.LBB4:
 1564              	.LBI4:
 1565              		.file 2 "Drivers/CMSIS/Include/cmsis_gcc.h"
   1:Drivers/CMSIS/Include/cmsis_gcc.h **** /**************************************************************************//**
   2:Drivers/CMSIS/Include/cmsis_gcc.h ****  * @file     cmsis_gcc.h
   3:Drivers/CMSIS/Include/cmsis_gcc.h ****  * @brief    CMSIS compiler GCC header file
   4:Drivers/CMSIS/Include/cmsis_gcc.h ****  * @version  V5.0.4
   5:Drivers/CMSIS/Include/cmsis_gcc.h ****  * @date     09. April 2018
   6:Drivers/CMSIS/Include/cmsis_gcc.h ****  ******************************************************************************/
   7:Drivers/CMSIS/Include/cmsis_gcc.h **** /*
   8:Drivers/CMSIS/Include/cmsis_gcc.h ****  * Copyright (c) 2009-2018 Arm Limited. All rights reserved.
   9:Drivers/CMSIS/Include/cmsis_gcc.h ****  *
ARM GAS  /var/folders/8x/_y6g3dfs0698dfd49y4vcg_w0000gn/T//ccYyxujy.s 			page 59


  10:Drivers/CMSIS/Include/cmsis_gcc.h ****  * SPDX-License-Identifier: Apache-2.0
  11:Drivers/CMSIS/Include/cmsis_gcc.h ****  *
  12:Drivers/CMSIS/Include/cmsis_gcc.h ****  * Licensed under the Apache License, Version 2.0 (the License); you may
  13:Drivers/CMSIS/Include/cmsis_gcc.h ****  * not use this file except in compliance with the License.
  14:Drivers/CMSIS/Include/cmsis_gcc.h ****  * You may obtain a copy of the License at
  15:Drivers/CMSIS/Include/cmsis_gcc.h ****  *
  16:Drivers/CMSIS/Include/cmsis_gcc.h ****  * www.apache.org/licenses/LICENSE-2.0
  17:Drivers/CMSIS/Include/cmsis_gcc.h ****  *
  18:Drivers/CMSIS/Include/cmsis_gcc.h ****  * Unless required by applicable law or agreed to in writing, software
  19:Drivers/CMSIS/Include/cmsis_gcc.h ****  * distributed under the License is distributed on an AS IS BASIS, WITHOUT
  20:Drivers/CMSIS/Include/cmsis_gcc.h ****  * WARRANTIES OR CONDITIONS OF ANY KIND, either express or implied.
  21:Drivers/CMSIS/Include/cmsis_gcc.h ****  * See the License for the specific language governing permissions and
  22:Drivers/CMSIS/Include/cmsis_gcc.h ****  * limitations under the License.
  23:Drivers/CMSIS/Include/cmsis_gcc.h ****  */
  24:Drivers/CMSIS/Include/cmsis_gcc.h **** 
  25:Drivers/CMSIS/Include/cmsis_gcc.h **** #ifndef __CMSIS_GCC_H
  26:Drivers/CMSIS/Include/cmsis_gcc.h **** #define __CMSIS_GCC_H
  27:Drivers/CMSIS/Include/cmsis_gcc.h **** 
  28:Drivers/CMSIS/Include/cmsis_gcc.h **** /* ignore some GCC warnings */
  29:Drivers/CMSIS/Include/cmsis_gcc.h **** #pragma GCC diagnostic push
  30:Drivers/CMSIS/Include/cmsis_gcc.h **** #pragma GCC diagnostic ignored "-Wsign-conversion"
  31:Drivers/CMSIS/Include/cmsis_gcc.h **** #pragma GCC diagnostic ignored "-Wconversion"
  32:Drivers/CMSIS/Include/cmsis_gcc.h **** #pragma GCC diagnostic ignored "-Wunused-parameter"
  33:Drivers/CMSIS/Include/cmsis_gcc.h **** 
  34:Drivers/CMSIS/Include/cmsis_gcc.h **** /* Fallback for __has_builtin */
  35:Drivers/CMSIS/Include/cmsis_gcc.h **** #ifndef __has_builtin
  36:Drivers/CMSIS/Include/cmsis_gcc.h ****   #define __has_builtin(x) (0)
  37:Drivers/CMSIS/Include/cmsis_gcc.h **** #endif
  38:Drivers/CMSIS/Include/cmsis_gcc.h **** 
  39:Drivers/CMSIS/Include/cmsis_gcc.h **** /* CMSIS compiler specific defines */
  40:Drivers/CMSIS/Include/cmsis_gcc.h **** #ifndef   __ASM
  41:Drivers/CMSIS/Include/cmsis_gcc.h ****   #define __ASM                                  __asm
  42:Drivers/CMSIS/Include/cmsis_gcc.h **** #endif
  43:Drivers/CMSIS/Include/cmsis_gcc.h **** #ifndef   __INLINE
  44:Drivers/CMSIS/Include/cmsis_gcc.h ****   #define __INLINE                               inline
  45:Drivers/CMSIS/Include/cmsis_gcc.h **** #endif
  46:Drivers/CMSIS/Include/cmsis_gcc.h **** #ifndef   __STATIC_INLINE
  47:Drivers/CMSIS/Include/cmsis_gcc.h ****   #define __STATIC_INLINE                        static inline
  48:Drivers/CMSIS/Include/cmsis_gcc.h **** #endif
  49:Drivers/CMSIS/Include/cmsis_gcc.h **** #ifndef   __STATIC_FORCEINLINE                 
  50:Drivers/CMSIS/Include/cmsis_gcc.h ****   #define __STATIC_FORCEINLINE                   __attribute__((always_inline)) static inline
  51:Drivers/CMSIS/Include/cmsis_gcc.h **** #endif                                           
  52:Drivers/CMSIS/Include/cmsis_gcc.h **** #ifndef   __NO_RETURN
  53:Drivers/CMSIS/Include/cmsis_gcc.h ****   #define __NO_RETURN                            __attribute__((__noreturn__))
  54:Drivers/CMSIS/Include/cmsis_gcc.h **** #endif
  55:Drivers/CMSIS/Include/cmsis_gcc.h **** #ifndef   __USED
  56:Drivers/CMSIS/Include/cmsis_gcc.h ****   #define __USED                                 __attribute__((used))
  57:Drivers/CMSIS/Include/cmsis_gcc.h **** #endif
  58:Drivers/CMSIS/Include/cmsis_gcc.h **** #ifndef   __WEAK
  59:Drivers/CMSIS/Include/cmsis_gcc.h ****   #define __WEAK                                 __attribute__((weak))
  60:Drivers/CMSIS/Include/cmsis_gcc.h **** #endif
  61:Drivers/CMSIS/Include/cmsis_gcc.h **** #ifndef   __PACKED
  62:Drivers/CMSIS/Include/cmsis_gcc.h ****   #define __PACKED                               __attribute__((packed, aligned(1)))
  63:Drivers/CMSIS/Include/cmsis_gcc.h **** #endif
  64:Drivers/CMSIS/Include/cmsis_gcc.h **** #ifndef   __PACKED_STRUCT
  65:Drivers/CMSIS/Include/cmsis_gcc.h ****   #define __PACKED_STRUCT                        struct __attribute__((packed, aligned(1)))
  66:Drivers/CMSIS/Include/cmsis_gcc.h **** #endif
ARM GAS  /var/folders/8x/_y6g3dfs0698dfd49y4vcg_w0000gn/T//ccYyxujy.s 			page 60


  67:Drivers/CMSIS/Include/cmsis_gcc.h **** #ifndef   __PACKED_UNION
  68:Drivers/CMSIS/Include/cmsis_gcc.h ****   #define __PACKED_UNION                         union __attribute__((packed, aligned(1)))
  69:Drivers/CMSIS/Include/cmsis_gcc.h **** #endif
  70:Drivers/CMSIS/Include/cmsis_gcc.h **** #ifndef   __UNALIGNED_UINT32        /* deprecated */
  71:Drivers/CMSIS/Include/cmsis_gcc.h ****   #pragma GCC diagnostic push
  72:Drivers/CMSIS/Include/cmsis_gcc.h ****   #pragma GCC diagnostic ignored "-Wpacked"
  73:Drivers/CMSIS/Include/cmsis_gcc.h ****   #pragma GCC diagnostic ignored "-Wattributes"
  74:Drivers/CMSIS/Include/cmsis_gcc.h ****   struct __attribute__((packed)) T_UINT32 { uint32_t v; };
  75:Drivers/CMSIS/Include/cmsis_gcc.h ****   #pragma GCC diagnostic pop
  76:Drivers/CMSIS/Include/cmsis_gcc.h ****   #define __UNALIGNED_UINT32(x)                  (((struct T_UINT32 *)(x))->v)
  77:Drivers/CMSIS/Include/cmsis_gcc.h **** #endif
  78:Drivers/CMSIS/Include/cmsis_gcc.h **** #ifndef   __UNALIGNED_UINT16_WRITE
  79:Drivers/CMSIS/Include/cmsis_gcc.h ****   #pragma GCC diagnostic push
  80:Drivers/CMSIS/Include/cmsis_gcc.h ****   #pragma GCC diagnostic ignored "-Wpacked"
  81:Drivers/CMSIS/Include/cmsis_gcc.h ****   #pragma GCC diagnostic ignored "-Wattributes"
  82:Drivers/CMSIS/Include/cmsis_gcc.h ****   __PACKED_STRUCT T_UINT16_WRITE { uint16_t v; };
  83:Drivers/CMSIS/Include/cmsis_gcc.h ****   #pragma GCC diagnostic pop
  84:Drivers/CMSIS/Include/cmsis_gcc.h ****   #define __UNALIGNED_UINT16_WRITE(addr, val)    (void)((((struct T_UINT16_WRITE *)(void *)(addr))-
  85:Drivers/CMSIS/Include/cmsis_gcc.h **** #endif
  86:Drivers/CMSIS/Include/cmsis_gcc.h **** #ifndef   __UNALIGNED_UINT16_READ
  87:Drivers/CMSIS/Include/cmsis_gcc.h ****   #pragma GCC diagnostic push
  88:Drivers/CMSIS/Include/cmsis_gcc.h ****   #pragma GCC diagnostic ignored "-Wpacked"
  89:Drivers/CMSIS/Include/cmsis_gcc.h ****   #pragma GCC diagnostic ignored "-Wattributes"
  90:Drivers/CMSIS/Include/cmsis_gcc.h ****   __PACKED_STRUCT T_UINT16_READ { uint16_t v; };
  91:Drivers/CMSIS/Include/cmsis_gcc.h ****   #pragma GCC diagnostic pop
  92:Drivers/CMSIS/Include/cmsis_gcc.h ****   #define __UNALIGNED_UINT16_READ(addr)          (((const struct T_UINT16_READ *)(const void *)(add
  93:Drivers/CMSIS/Include/cmsis_gcc.h **** #endif
  94:Drivers/CMSIS/Include/cmsis_gcc.h **** #ifndef   __UNALIGNED_UINT32_WRITE
  95:Drivers/CMSIS/Include/cmsis_gcc.h ****   #pragma GCC diagnostic push
  96:Drivers/CMSIS/Include/cmsis_gcc.h ****   #pragma GCC diagnostic ignored "-Wpacked"
  97:Drivers/CMSIS/Include/cmsis_gcc.h ****   #pragma GCC diagnostic ignored "-Wattributes"
  98:Drivers/CMSIS/Include/cmsis_gcc.h ****   __PACKED_STRUCT T_UINT32_WRITE { uint32_t v; };
  99:Drivers/CMSIS/Include/cmsis_gcc.h ****   #pragma GCC diagnostic pop
 100:Drivers/CMSIS/Include/cmsis_gcc.h ****   #define __UNALIGNED_UINT32_WRITE(addr, val)    (void)((((struct T_UINT32_WRITE *)(void *)(addr))-
 101:Drivers/CMSIS/Include/cmsis_gcc.h **** #endif
 102:Drivers/CMSIS/Include/cmsis_gcc.h **** #ifndef   __UNALIGNED_UINT32_READ
 103:Drivers/CMSIS/Include/cmsis_gcc.h ****   #pragma GCC diagnostic push
 104:Drivers/CMSIS/Include/cmsis_gcc.h ****   #pragma GCC diagnostic ignored "-Wpacked"
 105:Drivers/CMSIS/Include/cmsis_gcc.h ****   #pragma GCC diagnostic ignored "-Wattributes"
 106:Drivers/CMSIS/Include/cmsis_gcc.h ****   __PACKED_STRUCT T_UINT32_READ { uint32_t v; };
 107:Drivers/CMSIS/Include/cmsis_gcc.h ****   #pragma GCC diagnostic pop
 108:Drivers/CMSIS/Include/cmsis_gcc.h ****   #define __UNALIGNED_UINT32_READ(addr)          (((const struct T_UINT32_READ *)(const void *)(add
 109:Drivers/CMSIS/Include/cmsis_gcc.h **** #endif
 110:Drivers/CMSIS/Include/cmsis_gcc.h **** #ifndef   __ALIGNED
 111:Drivers/CMSIS/Include/cmsis_gcc.h ****   #define __ALIGNED(x)                           __attribute__((aligned(x)))
 112:Drivers/CMSIS/Include/cmsis_gcc.h **** #endif
 113:Drivers/CMSIS/Include/cmsis_gcc.h **** #ifndef   __RESTRICT
 114:Drivers/CMSIS/Include/cmsis_gcc.h ****   #define __RESTRICT                             __restrict
 115:Drivers/CMSIS/Include/cmsis_gcc.h **** #endif
 116:Drivers/CMSIS/Include/cmsis_gcc.h **** 
 117:Drivers/CMSIS/Include/cmsis_gcc.h **** 
 118:Drivers/CMSIS/Include/cmsis_gcc.h **** /* ###########################  Core Function Access  ########################### */
 119:Drivers/CMSIS/Include/cmsis_gcc.h **** /** \ingroup  CMSIS_Core_FunctionInterface
 120:Drivers/CMSIS/Include/cmsis_gcc.h ****     \defgroup CMSIS_Core_RegAccFunctions CMSIS Core Register Access Functions
 121:Drivers/CMSIS/Include/cmsis_gcc.h ****   @{
 122:Drivers/CMSIS/Include/cmsis_gcc.h ****  */
 123:Drivers/CMSIS/Include/cmsis_gcc.h **** 
ARM GAS  /var/folders/8x/_y6g3dfs0698dfd49y4vcg_w0000gn/T//ccYyxujy.s 			page 61


 124:Drivers/CMSIS/Include/cmsis_gcc.h **** /**
 125:Drivers/CMSIS/Include/cmsis_gcc.h ****   \brief   Enable IRQ Interrupts
 126:Drivers/CMSIS/Include/cmsis_gcc.h ****   \details Enables IRQ interrupts by clearing the I-bit in the CPSR.
 127:Drivers/CMSIS/Include/cmsis_gcc.h ****            Can only be executed in Privileged modes.
 128:Drivers/CMSIS/Include/cmsis_gcc.h ****  */
 129:Drivers/CMSIS/Include/cmsis_gcc.h **** __STATIC_FORCEINLINE void __enable_irq(void)
 130:Drivers/CMSIS/Include/cmsis_gcc.h **** {
 131:Drivers/CMSIS/Include/cmsis_gcc.h ****   __ASM volatile ("cpsie i" : : : "memory");
 132:Drivers/CMSIS/Include/cmsis_gcc.h **** }
 133:Drivers/CMSIS/Include/cmsis_gcc.h **** 
 134:Drivers/CMSIS/Include/cmsis_gcc.h **** 
 135:Drivers/CMSIS/Include/cmsis_gcc.h **** /**
 136:Drivers/CMSIS/Include/cmsis_gcc.h ****   \brief   Disable IRQ Interrupts
 137:Drivers/CMSIS/Include/cmsis_gcc.h ****   \details Disables IRQ interrupts by setting the I-bit in the CPSR.
 138:Drivers/CMSIS/Include/cmsis_gcc.h ****            Can only be executed in Privileged modes.
 139:Drivers/CMSIS/Include/cmsis_gcc.h ****  */
 140:Drivers/CMSIS/Include/cmsis_gcc.h **** __STATIC_FORCEINLINE void __disable_irq(void)
 141:Drivers/CMSIS/Include/cmsis_gcc.h **** {
 142:Drivers/CMSIS/Include/cmsis_gcc.h ****   __ASM volatile ("cpsid i" : : : "memory");
 143:Drivers/CMSIS/Include/cmsis_gcc.h **** }
 144:Drivers/CMSIS/Include/cmsis_gcc.h **** 
 145:Drivers/CMSIS/Include/cmsis_gcc.h **** 
 146:Drivers/CMSIS/Include/cmsis_gcc.h **** /**
 147:Drivers/CMSIS/Include/cmsis_gcc.h ****   \brief   Get Control Register
 148:Drivers/CMSIS/Include/cmsis_gcc.h ****   \details Returns the content of the Control Register.
 149:Drivers/CMSIS/Include/cmsis_gcc.h ****   \return               Control Register value
 150:Drivers/CMSIS/Include/cmsis_gcc.h ****  */
 151:Drivers/CMSIS/Include/cmsis_gcc.h **** __STATIC_FORCEINLINE uint32_t __get_CONTROL(void)
 152:Drivers/CMSIS/Include/cmsis_gcc.h **** {
 153:Drivers/CMSIS/Include/cmsis_gcc.h ****   uint32_t result;
 154:Drivers/CMSIS/Include/cmsis_gcc.h **** 
 155:Drivers/CMSIS/Include/cmsis_gcc.h ****   __ASM volatile ("MRS %0, control" : "=r" (result) );
 156:Drivers/CMSIS/Include/cmsis_gcc.h ****   return(result);
 157:Drivers/CMSIS/Include/cmsis_gcc.h **** }
 158:Drivers/CMSIS/Include/cmsis_gcc.h **** 
 159:Drivers/CMSIS/Include/cmsis_gcc.h **** 
 160:Drivers/CMSIS/Include/cmsis_gcc.h **** #if (defined (__ARM_FEATURE_CMSE ) && (__ARM_FEATURE_CMSE == 3))
 161:Drivers/CMSIS/Include/cmsis_gcc.h **** /**
 162:Drivers/CMSIS/Include/cmsis_gcc.h ****   \brief   Get Control Register (non-secure)
 163:Drivers/CMSIS/Include/cmsis_gcc.h ****   \details Returns the content of the non-secure Control Register when in secure mode.
 164:Drivers/CMSIS/Include/cmsis_gcc.h ****   \return               non-secure Control Register value
 165:Drivers/CMSIS/Include/cmsis_gcc.h ****  */
 166:Drivers/CMSIS/Include/cmsis_gcc.h **** __STATIC_FORCEINLINE uint32_t __TZ_get_CONTROL_NS(void)
 167:Drivers/CMSIS/Include/cmsis_gcc.h **** {
 168:Drivers/CMSIS/Include/cmsis_gcc.h ****   uint32_t result;
 169:Drivers/CMSIS/Include/cmsis_gcc.h **** 
 170:Drivers/CMSIS/Include/cmsis_gcc.h ****   __ASM volatile ("MRS %0, control_ns" : "=r" (result) );
 171:Drivers/CMSIS/Include/cmsis_gcc.h ****   return(result);
 172:Drivers/CMSIS/Include/cmsis_gcc.h **** }
 173:Drivers/CMSIS/Include/cmsis_gcc.h **** #endif
 174:Drivers/CMSIS/Include/cmsis_gcc.h **** 
 175:Drivers/CMSIS/Include/cmsis_gcc.h **** 
 176:Drivers/CMSIS/Include/cmsis_gcc.h **** /**
 177:Drivers/CMSIS/Include/cmsis_gcc.h ****   \brief   Set Control Register
 178:Drivers/CMSIS/Include/cmsis_gcc.h ****   \details Writes the given value to the Control Register.
 179:Drivers/CMSIS/Include/cmsis_gcc.h ****   \param [in]    control  Control Register value to set
 180:Drivers/CMSIS/Include/cmsis_gcc.h ****  */
ARM GAS  /var/folders/8x/_y6g3dfs0698dfd49y4vcg_w0000gn/T//ccYyxujy.s 			page 62


 181:Drivers/CMSIS/Include/cmsis_gcc.h **** __STATIC_FORCEINLINE void __set_CONTROL(uint32_t control)
 182:Drivers/CMSIS/Include/cmsis_gcc.h **** {
 183:Drivers/CMSIS/Include/cmsis_gcc.h ****   __ASM volatile ("MSR control, %0" : : "r" (control) : "memory");
 184:Drivers/CMSIS/Include/cmsis_gcc.h **** }
 185:Drivers/CMSIS/Include/cmsis_gcc.h **** 
 186:Drivers/CMSIS/Include/cmsis_gcc.h **** 
 187:Drivers/CMSIS/Include/cmsis_gcc.h **** #if (defined (__ARM_FEATURE_CMSE ) && (__ARM_FEATURE_CMSE == 3))
 188:Drivers/CMSIS/Include/cmsis_gcc.h **** /**
 189:Drivers/CMSIS/Include/cmsis_gcc.h ****   \brief   Set Control Register (non-secure)
 190:Drivers/CMSIS/Include/cmsis_gcc.h ****   \details Writes the given value to the non-secure Control Register when in secure state.
 191:Drivers/CMSIS/Include/cmsis_gcc.h ****   \param [in]    control  Control Register value to set
 192:Drivers/CMSIS/Include/cmsis_gcc.h ****  */
 193:Drivers/CMSIS/Include/cmsis_gcc.h **** __STATIC_FORCEINLINE void __TZ_set_CONTROL_NS(uint32_t control)
 194:Drivers/CMSIS/Include/cmsis_gcc.h **** {
 195:Drivers/CMSIS/Include/cmsis_gcc.h ****   __ASM volatile ("MSR control_ns, %0" : : "r" (control) : "memory");
 196:Drivers/CMSIS/Include/cmsis_gcc.h **** }
 197:Drivers/CMSIS/Include/cmsis_gcc.h **** #endif
 198:Drivers/CMSIS/Include/cmsis_gcc.h **** 
 199:Drivers/CMSIS/Include/cmsis_gcc.h **** 
 200:Drivers/CMSIS/Include/cmsis_gcc.h **** /**
 201:Drivers/CMSIS/Include/cmsis_gcc.h ****   \brief   Get IPSR Register
 202:Drivers/CMSIS/Include/cmsis_gcc.h ****   \details Returns the content of the IPSR Register.
 203:Drivers/CMSIS/Include/cmsis_gcc.h ****   \return               IPSR Register value
 204:Drivers/CMSIS/Include/cmsis_gcc.h ****  */
 205:Drivers/CMSIS/Include/cmsis_gcc.h **** __STATIC_FORCEINLINE uint32_t __get_IPSR(void)
 206:Drivers/CMSIS/Include/cmsis_gcc.h **** {
 207:Drivers/CMSIS/Include/cmsis_gcc.h ****   uint32_t result;
 208:Drivers/CMSIS/Include/cmsis_gcc.h **** 
 209:Drivers/CMSIS/Include/cmsis_gcc.h ****   __ASM volatile ("MRS %0, ipsr" : "=r" (result) );
 210:Drivers/CMSIS/Include/cmsis_gcc.h ****   return(result);
 211:Drivers/CMSIS/Include/cmsis_gcc.h **** }
 212:Drivers/CMSIS/Include/cmsis_gcc.h **** 
 213:Drivers/CMSIS/Include/cmsis_gcc.h **** 
 214:Drivers/CMSIS/Include/cmsis_gcc.h **** /**
 215:Drivers/CMSIS/Include/cmsis_gcc.h ****   \brief   Get APSR Register
 216:Drivers/CMSIS/Include/cmsis_gcc.h ****   \details Returns the content of the APSR Register.
 217:Drivers/CMSIS/Include/cmsis_gcc.h ****   \return               APSR Register value
 218:Drivers/CMSIS/Include/cmsis_gcc.h ****  */
 219:Drivers/CMSIS/Include/cmsis_gcc.h **** __STATIC_FORCEINLINE uint32_t __get_APSR(void)
 220:Drivers/CMSIS/Include/cmsis_gcc.h **** {
 221:Drivers/CMSIS/Include/cmsis_gcc.h ****   uint32_t result;
 222:Drivers/CMSIS/Include/cmsis_gcc.h **** 
 223:Drivers/CMSIS/Include/cmsis_gcc.h ****   __ASM volatile ("MRS %0, apsr" : "=r" (result) );
 224:Drivers/CMSIS/Include/cmsis_gcc.h ****   return(result);
 225:Drivers/CMSIS/Include/cmsis_gcc.h **** }
 226:Drivers/CMSIS/Include/cmsis_gcc.h **** 
 227:Drivers/CMSIS/Include/cmsis_gcc.h **** 
 228:Drivers/CMSIS/Include/cmsis_gcc.h **** /**
 229:Drivers/CMSIS/Include/cmsis_gcc.h ****   \brief   Get xPSR Register
 230:Drivers/CMSIS/Include/cmsis_gcc.h ****   \details Returns the content of the xPSR Register.
 231:Drivers/CMSIS/Include/cmsis_gcc.h ****   \return               xPSR Register value
 232:Drivers/CMSIS/Include/cmsis_gcc.h ****  */
 233:Drivers/CMSIS/Include/cmsis_gcc.h **** __STATIC_FORCEINLINE uint32_t __get_xPSR(void)
 234:Drivers/CMSIS/Include/cmsis_gcc.h **** {
 235:Drivers/CMSIS/Include/cmsis_gcc.h ****   uint32_t result;
 236:Drivers/CMSIS/Include/cmsis_gcc.h **** 
 237:Drivers/CMSIS/Include/cmsis_gcc.h ****   __ASM volatile ("MRS %0, xpsr" : "=r" (result) );
ARM GAS  /var/folders/8x/_y6g3dfs0698dfd49y4vcg_w0000gn/T//ccYyxujy.s 			page 63


 238:Drivers/CMSIS/Include/cmsis_gcc.h ****   return(result);
 239:Drivers/CMSIS/Include/cmsis_gcc.h **** }
 240:Drivers/CMSIS/Include/cmsis_gcc.h **** 
 241:Drivers/CMSIS/Include/cmsis_gcc.h **** 
 242:Drivers/CMSIS/Include/cmsis_gcc.h **** /**
 243:Drivers/CMSIS/Include/cmsis_gcc.h ****   \brief   Get Process Stack Pointer
 244:Drivers/CMSIS/Include/cmsis_gcc.h ****   \details Returns the current value of the Process Stack Pointer (PSP).
 245:Drivers/CMSIS/Include/cmsis_gcc.h ****   \return               PSP Register value
 246:Drivers/CMSIS/Include/cmsis_gcc.h ****  */
 247:Drivers/CMSIS/Include/cmsis_gcc.h **** __STATIC_FORCEINLINE uint32_t __get_PSP(void)
 248:Drivers/CMSIS/Include/cmsis_gcc.h **** {
 249:Drivers/CMSIS/Include/cmsis_gcc.h ****   uint32_t result;
 250:Drivers/CMSIS/Include/cmsis_gcc.h **** 
 251:Drivers/CMSIS/Include/cmsis_gcc.h ****   __ASM volatile ("MRS %0, psp"  : "=r" (result) );
 252:Drivers/CMSIS/Include/cmsis_gcc.h ****   return(result);
 253:Drivers/CMSIS/Include/cmsis_gcc.h **** }
 254:Drivers/CMSIS/Include/cmsis_gcc.h **** 
 255:Drivers/CMSIS/Include/cmsis_gcc.h **** 
 256:Drivers/CMSIS/Include/cmsis_gcc.h **** #if (defined (__ARM_FEATURE_CMSE ) && (__ARM_FEATURE_CMSE == 3))
 257:Drivers/CMSIS/Include/cmsis_gcc.h **** /**
 258:Drivers/CMSIS/Include/cmsis_gcc.h ****   \brief   Get Process Stack Pointer (non-secure)
 259:Drivers/CMSIS/Include/cmsis_gcc.h ****   \details Returns the current value of the non-secure Process Stack Pointer (PSP) when in secure s
 260:Drivers/CMSIS/Include/cmsis_gcc.h ****   \return               PSP Register value
 261:Drivers/CMSIS/Include/cmsis_gcc.h ****  */
 262:Drivers/CMSIS/Include/cmsis_gcc.h **** __STATIC_FORCEINLINE uint32_t __TZ_get_PSP_NS(void)
 263:Drivers/CMSIS/Include/cmsis_gcc.h **** {
 264:Drivers/CMSIS/Include/cmsis_gcc.h ****   uint32_t result;
 265:Drivers/CMSIS/Include/cmsis_gcc.h **** 
 266:Drivers/CMSIS/Include/cmsis_gcc.h ****   __ASM volatile ("MRS %0, psp_ns"  : "=r" (result) );
 267:Drivers/CMSIS/Include/cmsis_gcc.h ****   return(result);
 268:Drivers/CMSIS/Include/cmsis_gcc.h **** }
 269:Drivers/CMSIS/Include/cmsis_gcc.h **** #endif
 270:Drivers/CMSIS/Include/cmsis_gcc.h **** 
 271:Drivers/CMSIS/Include/cmsis_gcc.h **** 
 272:Drivers/CMSIS/Include/cmsis_gcc.h **** /**
 273:Drivers/CMSIS/Include/cmsis_gcc.h ****   \brief   Set Process Stack Pointer
 274:Drivers/CMSIS/Include/cmsis_gcc.h ****   \details Assigns the given value to the Process Stack Pointer (PSP).
 275:Drivers/CMSIS/Include/cmsis_gcc.h ****   \param [in]    topOfProcStack  Process Stack Pointer value to set
 276:Drivers/CMSIS/Include/cmsis_gcc.h ****  */
 277:Drivers/CMSIS/Include/cmsis_gcc.h **** __STATIC_FORCEINLINE void __set_PSP(uint32_t topOfProcStack)
 278:Drivers/CMSIS/Include/cmsis_gcc.h **** {
 279:Drivers/CMSIS/Include/cmsis_gcc.h ****   __ASM volatile ("MSR psp, %0" : : "r" (topOfProcStack) : );
 280:Drivers/CMSIS/Include/cmsis_gcc.h **** }
 281:Drivers/CMSIS/Include/cmsis_gcc.h **** 
 282:Drivers/CMSIS/Include/cmsis_gcc.h **** 
 283:Drivers/CMSIS/Include/cmsis_gcc.h **** #if (defined (__ARM_FEATURE_CMSE ) && (__ARM_FEATURE_CMSE == 3))
 284:Drivers/CMSIS/Include/cmsis_gcc.h **** /**
 285:Drivers/CMSIS/Include/cmsis_gcc.h ****   \brief   Set Process Stack Pointer (non-secure)
 286:Drivers/CMSIS/Include/cmsis_gcc.h ****   \details Assigns the given value to the non-secure Process Stack Pointer (PSP) when in secure sta
 287:Drivers/CMSIS/Include/cmsis_gcc.h ****   \param [in]    topOfProcStack  Process Stack Pointer value to set
 288:Drivers/CMSIS/Include/cmsis_gcc.h ****  */
 289:Drivers/CMSIS/Include/cmsis_gcc.h **** __STATIC_FORCEINLINE void __TZ_set_PSP_NS(uint32_t topOfProcStack)
 290:Drivers/CMSIS/Include/cmsis_gcc.h **** {
 291:Drivers/CMSIS/Include/cmsis_gcc.h ****   __ASM volatile ("MSR psp_ns, %0" : : "r" (topOfProcStack) : );
 292:Drivers/CMSIS/Include/cmsis_gcc.h **** }
 293:Drivers/CMSIS/Include/cmsis_gcc.h **** #endif
 294:Drivers/CMSIS/Include/cmsis_gcc.h **** 
ARM GAS  /var/folders/8x/_y6g3dfs0698dfd49y4vcg_w0000gn/T//ccYyxujy.s 			page 64


 295:Drivers/CMSIS/Include/cmsis_gcc.h **** 
 296:Drivers/CMSIS/Include/cmsis_gcc.h **** /**
 297:Drivers/CMSIS/Include/cmsis_gcc.h ****   \brief   Get Main Stack Pointer
 298:Drivers/CMSIS/Include/cmsis_gcc.h ****   \details Returns the current value of the Main Stack Pointer (MSP).
 299:Drivers/CMSIS/Include/cmsis_gcc.h ****   \return               MSP Register value
 300:Drivers/CMSIS/Include/cmsis_gcc.h ****  */
 301:Drivers/CMSIS/Include/cmsis_gcc.h **** __STATIC_FORCEINLINE uint32_t __get_MSP(void)
 302:Drivers/CMSIS/Include/cmsis_gcc.h **** {
 303:Drivers/CMSIS/Include/cmsis_gcc.h ****   uint32_t result;
 304:Drivers/CMSIS/Include/cmsis_gcc.h **** 
 305:Drivers/CMSIS/Include/cmsis_gcc.h ****   __ASM volatile ("MRS %0, msp" : "=r" (result) );
 306:Drivers/CMSIS/Include/cmsis_gcc.h ****   return(result);
 307:Drivers/CMSIS/Include/cmsis_gcc.h **** }
 308:Drivers/CMSIS/Include/cmsis_gcc.h **** 
 309:Drivers/CMSIS/Include/cmsis_gcc.h **** 
 310:Drivers/CMSIS/Include/cmsis_gcc.h **** #if (defined (__ARM_FEATURE_CMSE ) && (__ARM_FEATURE_CMSE == 3))
 311:Drivers/CMSIS/Include/cmsis_gcc.h **** /**
 312:Drivers/CMSIS/Include/cmsis_gcc.h ****   \brief   Get Main Stack Pointer (non-secure)
 313:Drivers/CMSIS/Include/cmsis_gcc.h ****   \details Returns the current value of the non-secure Main Stack Pointer (MSP) when in secure stat
 314:Drivers/CMSIS/Include/cmsis_gcc.h ****   \return               MSP Register value
 315:Drivers/CMSIS/Include/cmsis_gcc.h ****  */
 316:Drivers/CMSIS/Include/cmsis_gcc.h **** __STATIC_FORCEINLINE uint32_t __TZ_get_MSP_NS(void)
 317:Drivers/CMSIS/Include/cmsis_gcc.h **** {
 318:Drivers/CMSIS/Include/cmsis_gcc.h ****   uint32_t result;
 319:Drivers/CMSIS/Include/cmsis_gcc.h **** 
 320:Drivers/CMSIS/Include/cmsis_gcc.h ****   __ASM volatile ("MRS %0, msp_ns" : "=r" (result) );
 321:Drivers/CMSIS/Include/cmsis_gcc.h ****   return(result);
 322:Drivers/CMSIS/Include/cmsis_gcc.h **** }
 323:Drivers/CMSIS/Include/cmsis_gcc.h **** #endif
 324:Drivers/CMSIS/Include/cmsis_gcc.h **** 
 325:Drivers/CMSIS/Include/cmsis_gcc.h **** 
 326:Drivers/CMSIS/Include/cmsis_gcc.h **** /**
 327:Drivers/CMSIS/Include/cmsis_gcc.h ****   \brief   Set Main Stack Pointer
 328:Drivers/CMSIS/Include/cmsis_gcc.h ****   \details Assigns the given value to the Main Stack Pointer (MSP).
 329:Drivers/CMSIS/Include/cmsis_gcc.h ****   \param [in]    topOfMainStack  Main Stack Pointer value to set
 330:Drivers/CMSIS/Include/cmsis_gcc.h ****  */
 331:Drivers/CMSIS/Include/cmsis_gcc.h **** __STATIC_FORCEINLINE void __set_MSP(uint32_t topOfMainStack)
 332:Drivers/CMSIS/Include/cmsis_gcc.h **** {
 333:Drivers/CMSIS/Include/cmsis_gcc.h ****   __ASM volatile ("MSR msp, %0" : : "r" (topOfMainStack) : );
 334:Drivers/CMSIS/Include/cmsis_gcc.h **** }
 335:Drivers/CMSIS/Include/cmsis_gcc.h **** 
 336:Drivers/CMSIS/Include/cmsis_gcc.h **** 
 337:Drivers/CMSIS/Include/cmsis_gcc.h **** #if (defined (__ARM_FEATURE_CMSE ) && (__ARM_FEATURE_CMSE == 3))
 338:Drivers/CMSIS/Include/cmsis_gcc.h **** /**
 339:Drivers/CMSIS/Include/cmsis_gcc.h ****   \brief   Set Main Stack Pointer (non-secure)
 340:Drivers/CMSIS/Include/cmsis_gcc.h ****   \details Assigns the given value to the non-secure Main Stack Pointer (MSP) when in secure state.
 341:Drivers/CMSIS/Include/cmsis_gcc.h ****   \param [in]    topOfMainStack  Main Stack Pointer value to set
 342:Drivers/CMSIS/Include/cmsis_gcc.h ****  */
 343:Drivers/CMSIS/Include/cmsis_gcc.h **** __STATIC_FORCEINLINE void __TZ_set_MSP_NS(uint32_t topOfMainStack)
 344:Drivers/CMSIS/Include/cmsis_gcc.h **** {
 345:Drivers/CMSIS/Include/cmsis_gcc.h ****   __ASM volatile ("MSR msp_ns, %0" : : "r" (topOfMainStack) : );
 346:Drivers/CMSIS/Include/cmsis_gcc.h **** }
 347:Drivers/CMSIS/Include/cmsis_gcc.h **** #endif
 348:Drivers/CMSIS/Include/cmsis_gcc.h **** 
 349:Drivers/CMSIS/Include/cmsis_gcc.h **** 
 350:Drivers/CMSIS/Include/cmsis_gcc.h **** #if (defined (__ARM_FEATURE_CMSE ) && (__ARM_FEATURE_CMSE == 3))
 351:Drivers/CMSIS/Include/cmsis_gcc.h **** /**
ARM GAS  /var/folders/8x/_y6g3dfs0698dfd49y4vcg_w0000gn/T//ccYyxujy.s 			page 65


 352:Drivers/CMSIS/Include/cmsis_gcc.h ****   \brief   Get Stack Pointer (non-secure)
 353:Drivers/CMSIS/Include/cmsis_gcc.h ****   \details Returns the current value of the non-secure Stack Pointer (SP) when in secure state.
 354:Drivers/CMSIS/Include/cmsis_gcc.h ****   \return               SP Register value
 355:Drivers/CMSIS/Include/cmsis_gcc.h ****  */
 356:Drivers/CMSIS/Include/cmsis_gcc.h **** __STATIC_FORCEINLINE uint32_t __TZ_get_SP_NS(void)
 357:Drivers/CMSIS/Include/cmsis_gcc.h **** {
 358:Drivers/CMSIS/Include/cmsis_gcc.h ****   uint32_t result;
 359:Drivers/CMSIS/Include/cmsis_gcc.h **** 
 360:Drivers/CMSIS/Include/cmsis_gcc.h ****   __ASM volatile ("MRS %0, sp_ns" : "=r" (result) );
 361:Drivers/CMSIS/Include/cmsis_gcc.h ****   return(result);
 362:Drivers/CMSIS/Include/cmsis_gcc.h **** }
 363:Drivers/CMSIS/Include/cmsis_gcc.h **** 
 364:Drivers/CMSIS/Include/cmsis_gcc.h **** 
 365:Drivers/CMSIS/Include/cmsis_gcc.h **** /**
 366:Drivers/CMSIS/Include/cmsis_gcc.h ****   \brief   Set Stack Pointer (non-secure)
 367:Drivers/CMSIS/Include/cmsis_gcc.h ****   \details Assigns the given value to the non-secure Stack Pointer (SP) when in secure state.
 368:Drivers/CMSIS/Include/cmsis_gcc.h ****   \param [in]    topOfStack  Stack Pointer value to set
 369:Drivers/CMSIS/Include/cmsis_gcc.h ****  */
 370:Drivers/CMSIS/Include/cmsis_gcc.h **** __STATIC_FORCEINLINE void __TZ_set_SP_NS(uint32_t topOfStack)
 371:Drivers/CMSIS/Include/cmsis_gcc.h **** {
 372:Drivers/CMSIS/Include/cmsis_gcc.h ****   __ASM volatile ("MSR sp_ns, %0" : : "r" (topOfStack) : );
 373:Drivers/CMSIS/Include/cmsis_gcc.h **** }
 374:Drivers/CMSIS/Include/cmsis_gcc.h **** #endif
 375:Drivers/CMSIS/Include/cmsis_gcc.h **** 
 376:Drivers/CMSIS/Include/cmsis_gcc.h **** 
 377:Drivers/CMSIS/Include/cmsis_gcc.h **** /**
 378:Drivers/CMSIS/Include/cmsis_gcc.h ****   \brief   Get Priority Mask
 379:Drivers/CMSIS/Include/cmsis_gcc.h ****   \details Returns the current state of the priority mask bit from the Priority Mask Register.
 380:Drivers/CMSIS/Include/cmsis_gcc.h ****   \return               Priority Mask value
 381:Drivers/CMSIS/Include/cmsis_gcc.h ****  */
 382:Drivers/CMSIS/Include/cmsis_gcc.h **** __STATIC_FORCEINLINE uint32_t __get_PRIMASK(void)
 383:Drivers/CMSIS/Include/cmsis_gcc.h **** {
 384:Drivers/CMSIS/Include/cmsis_gcc.h ****   uint32_t result;
 385:Drivers/CMSIS/Include/cmsis_gcc.h **** 
 386:Drivers/CMSIS/Include/cmsis_gcc.h ****   __ASM volatile ("MRS %0, primask" : "=r" (result) :: "memory");
 387:Drivers/CMSIS/Include/cmsis_gcc.h ****   return(result);
 388:Drivers/CMSIS/Include/cmsis_gcc.h **** }
 389:Drivers/CMSIS/Include/cmsis_gcc.h **** 
 390:Drivers/CMSIS/Include/cmsis_gcc.h **** 
 391:Drivers/CMSIS/Include/cmsis_gcc.h **** #if (defined (__ARM_FEATURE_CMSE ) && (__ARM_FEATURE_CMSE == 3))
 392:Drivers/CMSIS/Include/cmsis_gcc.h **** /**
 393:Drivers/CMSIS/Include/cmsis_gcc.h ****   \brief   Get Priority Mask (non-secure)
 394:Drivers/CMSIS/Include/cmsis_gcc.h ****   \details Returns the current state of the non-secure priority mask bit from the Priority Mask Reg
 395:Drivers/CMSIS/Include/cmsis_gcc.h ****   \return               Priority Mask value
 396:Drivers/CMSIS/Include/cmsis_gcc.h ****  */
 397:Drivers/CMSIS/Include/cmsis_gcc.h **** __STATIC_FORCEINLINE uint32_t __TZ_get_PRIMASK_NS(void)
 398:Drivers/CMSIS/Include/cmsis_gcc.h **** {
 399:Drivers/CMSIS/Include/cmsis_gcc.h ****   uint32_t result;
 400:Drivers/CMSIS/Include/cmsis_gcc.h **** 
 401:Drivers/CMSIS/Include/cmsis_gcc.h ****   __ASM volatile ("MRS %0, primask_ns" : "=r" (result) :: "memory");
 402:Drivers/CMSIS/Include/cmsis_gcc.h ****   return(result);
 403:Drivers/CMSIS/Include/cmsis_gcc.h **** }
 404:Drivers/CMSIS/Include/cmsis_gcc.h **** #endif
 405:Drivers/CMSIS/Include/cmsis_gcc.h **** 
 406:Drivers/CMSIS/Include/cmsis_gcc.h **** 
 407:Drivers/CMSIS/Include/cmsis_gcc.h **** /**
 408:Drivers/CMSIS/Include/cmsis_gcc.h ****   \brief   Set Priority Mask
ARM GAS  /var/folders/8x/_y6g3dfs0698dfd49y4vcg_w0000gn/T//ccYyxujy.s 			page 66


 409:Drivers/CMSIS/Include/cmsis_gcc.h ****   \details Assigns the given value to the Priority Mask Register.
 410:Drivers/CMSIS/Include/cmsis_gcc.h ****   \param [in]    priMask  Priority Mask
 411:Drivers/CMSIS/Include/cmsis_gcc.h ****  */
 412:Drivers/CMSIS/Include/cmsis_gcc.h **** __STATIC_FORCEINLINE void __set_PRIMASK(uint32_t priMask)
 413:Drivers/CMSIS/Include/cmsis_gcc.h **** {
 414:Drivers/CMSIS/Include/cmsis_gcc.h ****   __ASM volatile ("MSR primask, %0" : : "r" (priMask) : "memory");
 415:Drivers/CMSIS/Include/cmsis_gcc.h **** }
 416:Drivers/CMSIS/Include/cmsis_gcc.h **** 
 417:Drivers/CMSIS/Include/cmsis_gcc.h **** 
 418:Drivers/CMSIS/Include/cmsis_gcc.h **** #if (defined (__ARM_FEATURE_CMSE ) && (__ARM_FEATURE_CMSE == 3))
 419:Drivers/CMSIS/Include/cmsis_gcc.h **** /**
 420:Drivers/CMSIS/Include/cmsis_gcc.h ****   \brief   Set Priority Mask (non-secure)
 421:Drivers/CMSIS/Include/cmsis_gcc.h ****   \details Assigns the given value to the non-secure Priority Mask Register when in secure state.
 422:Drivers/CMSIS/Include/cmsis_gcc.h ****   \param [in]    priMask  Priority Mask
 423:Drivers/CMSIS/Include/cmsis_gcc.h ****  */
 424:Drivers/CMSIS/Include/cmsis_gcc.h **** __STATIC_FORCEINLINE void __TZ_set_PRIMASK_NS(uint32_t priMask)
 425:Drivers/CMSIS/Include/cmsis_gcc.h **** {
 426:Drivers/CMSIS/Include/cmsis_gcc.h ****   __ASM volatile ("MSR primask_ns, %0" : : "r" (priMask) : "memory");
 427:Drivers/CMSIS/Include/cmsis_gcc.h **** }
 428:Drivers/CMSIS/Include/cmsis_gcc.h **** #endif
 429:Drivers/CMSIS/Include/cmsis_gcc.h **** 
 430:Drivers/CMSIS/Include/cmsis_gcc.h **** 
 431:Drivers/CMSIS/Include/cmsis_gcc.h **** #if ((defined (__ARM_ARCH_7M__      ) && (__ARM_ARCH_7M__      == 1)) || \
 432:Drivers/CMSIS/Include/cmsis_gcc.h ****      (defined (__ARM_ARCH_7EM__     ) && (__ARM_ARCH_7EM__     == 1)) || \
 433:Drivers/CMSIS/Include/cmsis_gcc.h ****      (defined (__ARM_ARCH_8M_MAIN__ ) && (__ARM_ARCH_8M_MAIN__ == 1))    )
 434:Drivers/CMSIS/Include/cmsis_gcc.h **** /**
 435:Drivers/CMSIS/Include/cmsis_gcc.h ****   \brief   Enable FIQ
 436:Drivers/CMSIS/Include/cmsis_gcc.h ****   \details Enables FIQ interrupts by clearing the F-bit in the CPSR.
 437:Drivers/CMSIS/Include/cmsis_gcc.h ****            Can only be executed in Privileged modes.
 438:Drivers/CMSIS/Include/cmsis_gcc.h ****  */
 439:Drivers/CMSIS/Include/cmsis_gcc.h **** __STATIC_FORCEINLINE void __enable_fault_irq(void)
 440:Drivers/CMSIS/Include/cmsis_gcc.h **** {
 441:Drivers/CMSIS/Include/cmsis_gcc.h ****   __ASM volatile ("cpsie f" : : : "memory");
 442:Drivers/CMSIS/Include/cmsis_gcc.h **** }
 443:Drivers/CMSIS/Include/cmsis_gcc.h **** 
 444:Drivers/CMSIS/Include/cmsis_gcc.h **** 
 445:Drivers/CMSIS/Include/cmsis_gcc.h **** /**
 446:Drivers/CMSIS/Include/cmsis_gcc.h ****   \brief   Disable FIQ
 447:Drivers/CMSIS/Include/cmsis_gcc.h ****   \details Disables FIQ interrupts by setting the F-bit in the CPSR.
 448:Drivers/CMSIS/Include/cmsis_gcc.h ****            Can only be executed in Privileged modes.
 449:Drivers/CMSIS/Include/cmsis_gcc.h ****  */
 450:Drivers/CMSIS/Include/cmsis_gcc.h **** __STATIC_FORCEINLINE void __disable_fault_irq(void)
 451:Drivers/CMSIS/Include/cmsis_gcc.h **** {
 452:Drivers/CMSIS/Include/cmsis_gcc.h ****   __ASM volatile ("cpsid f" : : : "memory");
 453:Drivers/CMSIS/Include/cmsis_gcc.h **** }
 454:Drivers/CMSIS/Include/cmsis_gcc.h **** 
 455:Drivers/CMSIS/Include/cmsis_gcc.h **** 
 456:Drivers/CMSIS/Include/cmsis_gcc.h **** /**
 457:Drivers/CMSIS/Include/cmsis_gcc.h ****   \brief   Get Base Priority
 458:Drivers/CMSIS/Include/cmsis_gcc.h ****   \details Returns the current value of the Base Priority register.
 459:Drivers/CMSIS/Include/cmsis_gcc.h ****   \return               Base Priority register value
 460:Drivers/CMSIS/Include/cmsis_gcc.h ****  */
 461:Drivers/CMSIS/Include/cmsis_gcc.h **** __STATIC_FORCEINLINE uint32_t __get_BASEPRI(void)
 462:Drivers/CMSIS/Include/cmsis_gcc.h **** {
 463:Drivers/CMSIS/Include/cmsis_gcc.h ****   uint32_t result;
 464:Drivers/CMSIS/Include/cmsis_gcc.h **** 
 465:Drivers/CMSIS/Include/cmsis_gcc.h ****   __ASM volatile ("MRS %0, basepri" : "=r" (result) );
ARM GAS  /var/folders/8x/_y6g3dfs0698dfd49y4vcg_w0000gn/T//ccYyxujy.s 			page 67


 466:Drivers/CMSIS/Include/cmsis_gcc.h ****   return(result);
 467:Drivers/CMSIS/Include/cmsis_gcc.h **** }
 468:Drivers/CMSIS/Include/cmsis_gcc.h **** 
 469:Drivers/CMSIS/Include/cmsis_gcc.h **** 
 470:Drivers/CMSIS/Include/cmsis_gcc.h **** #if (defined (__ARM_FEATURE_CMSE ) && (__ARM_FEATURE_CMSE == 3))
 471:Drivers/CMSIS/Include/cmsis_gcc.h **** /**
 472:Drivers/CMSIS/Include/cmsis_gcc.h ****   \brief   Get Base Priority (non-secure)
 473:Drivers/CMSIS/Include/cmsis_gcc.h ****   \details Returns the current value of the non-secure Base Priority register when in secure state.
 474:Drivers/CMSIS/Include/cmsis_gcc.h ****   \return               Base Priority register value
 475:Drivers/CMSIS/Include/cmsis_gcc.h ****  */
 476:Drivers/CMSIS/Include/cmsis_gcc.h **** __STATIC_FORCEINLINE uint32_t __TZ_get_BASEPRI_NS(void)
 477:Drivers/CMSIS/Include/cmsis_gcc.h **** {
 478:Drivers/CMSIS/Include/cmsis_gcc.h ****   uint32_t result;
 479:Drivers/CMSIS/Include/cmsis_gcc.h **** 
 480:Drivers/CMSIS/Include/cmsis_gcc.h ****   __ASM volatile ("MRS %0, basepri_ns" : "=r" (result) );
 481:Drivers/CMSIS/Include/cmsis_gcc.h ****   return(result);
 482:Drivers/CMSIS/Include/cmsis_gcc.h **** }
 483:Drivers/CMSIS/Include/cmsis_gcc.h **** #endif
 484:Drivers/CMSIS/Include/cmsis_gcc.h **** 
 485:Drivers/CMSIS/Include/cmsis_gcc.h **** 
 486:Drivers/CMSIS/Include/cmsis_gcc.h **** /**
 487:Drivers/CMSIS/Include/cmsis_gcc.h ****   \brief   Set Base Priority
 488:Drivers/CMSIS/Include/cmsis_gcc.h ****   \details Assigns the given value to the Base Priority register.
 489:Drivers/CMSIS/Include/cmsis_gcc.h ****   \param [in]    basePri  Base Priority value to set
 490:Drivers/CMSIS/Include/cmsis_gcc.h ****  */
 491:Drivers/CMSIS/Include/cmsis_gcc.h **** __STATIC_FORCEINLINE void __set_BASEPRI(uint32_t basePri)
 492:Drivers/CMSIS/Include/cmsis_gcc.h **** {
 493:Drivers/CMSIS/Include/cmsis_gcc.h ****   __ASM volatile ("MSR basepri, %0" : : "r" (basePri) : "memory");
 494:Drivers/CMSIS/Include/cmsis_gcc.h **** }
 495:Drivers/CMSIS/Include/cmsis_gcc.h **** 
 496:Drivers/CMSIS/Include/cmsis_gcc.h **** 
 497:Drivers/CMSIS/Include/cmsis_gcc.h **** #if (defined (__ARM_FEATURE_CMSE ) && (__ARM_FEATURE_CMSE == 3))
 498:Drivers/CMSIS/Include/cmsis_gcc.h **** /**
 499:Drivers/CMSIS/Include/cmsis_gcc.h ****   \brief   Set Base Priority (non-secure)
 500:Drivers/CMSIS/Include/cmsis_gcc.h ****   \details Assigns the given value to the non-secure Base Priority register when in secure state.
 501:Drivers/CMSIS/Include/cmsis_gcc.h ****   \param [in]    basePri  Base Priority value to set
 502:Drivers/CMSIS/Include/cmsis_gcc.h ****  */
 503:Drivers/CMSIS/Include/cmsis_gcc.h **** __STATIC_FORCEINLINE void __TZ_set_BASEPRI_NS(uint32_t basePri)
 504:Drivers/CMSIS/Include/cmsis_gcc.h **** {
 505:Drivers/CMSIS/Include/cmsis_gcc.h ****   __ASM volatile ("MSR basepri_ns, %0" : : "r" (basePri) : "memory");
 506:Drivers/CMSIS/Include/cmsis_gcc.h **** }
 507:Drivers/CMSIS/Include/cmsis_gcc.h **** #endif
 508:Drivers/CMSIS/Include/cmsis_gcc.h **** 
 509:Drivers/CMSIS/Include/cmsis_gcc.h **** 
 510:Drivers/CMSIS/Include/cmsis_gcc.h **** /**
 511:Drivers/CMSIS/Include/cmsis_gcc.h ****   \brief   Set Base Priority with condition
 512:Drivers/CMSIS/Include/cmsis_gcc.h ****   \details Assigns the given value to the Base Priority register only if BASEPRI masking is disable
 513:Drivers/CMSIS/Include/cmsis_gcc.h ****            or the new value increases the BASEPRI priority level.
 514:Drivers/CMSIS/Include/cmsis_gcc.h ****   \param [in]    basePri  Base Priority value to set
 515:Drivers/CMSIS/Include/cmsis_gcc.h ****  */
 516:Drivers/CMSIS/Include/cmsis_gcc.h **** __STATIC_FORCEINLINE void __set_BASEPRI_MAX(uint32_t basePri)
 517:Drivers/CMSIS/Include/cmsis_gcc.h **** {
 518:Drivers/CMSIS/Include/cmsis_gcc.h ****   __ASM volatile ("MSR basepri_max, %0" : : "r" (basePri) : "memory");
 519:Drivers/CMSIS/Include/cmsis_gcc.h **** }
 520:Drivers/CMSIS/Include/cmsis_gcc.h **** 
 521:Drivers/CMSIS/Include/cmsis_gcc.h **** 
 522:Drivers/CMSIS/Include/cmsis_gcc.h **** /**
ARM GAS  /var/folders/8x/_y6g3dfs0698dfd49y4vcg_w0000gn/T//ccYyxujy.s 			page 68


 523:Drivers/CMSIS/Include/cmsis_gcc.h ****   \brief   Get Fault Mask
 524:Drivers/CMSIS/Include/cmsis_gcc.h ****   \details Returns the current value of the Fault Mask register.
 525:Drivers/CMSIS/Include/cmsis_gcc.h ****   \return               Fault Mask register value
 526:Drivers/CMSIS/Include/cmsis_gcc.h ****  */
 527:Drivers/CMSIS/Include/cmsis_gcc.h **** __STATIC_FORCEINLINE uint32_t __get_FAULTMASK(void)
 528:Drivers/CMSIS/Include/cmsis_gcc.h **** {
 529:Drivers/CMSIS/Include/cmsis_gcc.h ****   uint32_t result;
 530:Drivers/CMSIS/Include/cmsis_gcc.h **** 
 531:Drivers/CMSIS/Include/cmsis_gcc.h ****   __ASM volatile ("MRS %0, faultmask" : "=r" (result) );
 532:Drivers/CMSIS/Include/cmsis_gcc.h ****   return(result);
 533:Drivers/CMSIS/Include/cmsis_gcc.h **** }
 534:Drivers/CMSIS/Include/cmsis_gcc.h **** 
 535:Drivers/CMSIS/Include/cmsis_gcc.h **** 
 536:Drivers/CMSIS/Include/cmsis_gcc.h **** #if (defined (__ARM_FEATURE_CMSE ) && (__ARM_FEATURE_CMSE == 3))
 537:Drivers/CMSIS/Include/cmsis_gcc.h **** /**
 538:Drivers/CMSIS/Include/cmsis_gcc.h ****   \brief   Get Fault Mask (non-secure)
 539:Drivers/CMSIS/Include/cmsis_gcc.h ****   \details Returns the current value of the non-secure Fault Mask register when in secure state.
 540:Drivers/CMSIS/Include/cmsis_gcc.h ****   \return               Fault Mask register value
 541:Drivers/CMSIS/Include/cmsis_gcc.h ****  */
 542:Drivers/CMSIS/Include/cmsis_gcc.h **** __STATIC_FORCEINLINE uint32_t __TZ_get_FAULTMASK_NS(void)
 543:Drivers/CMSIS/Include/cmsis_gcc.h **** {
 544:Drivers/CMSIS/Include/cmsis_gcc.h ****   uint32_t result;
 545:Drivers/CMSIS/Include/cmsis_gcc.h **** 
 546:Drivers/CMSIS/Include/cmsis_gcc.h ****   __ASM volatile ("MRS %0, faultmask_ns" : "=r" (result) );
 547:Drivers/CMSIS/Include/cmsis_gcc.h ****   return(result);
 548:Drivers/CMSIS/Include/cmsis_gcc.h **** }
 549:Drivers/CMSIS/Include/cmsis_gcc.h **** #endif
 550:Drivers/CMSIS/Include/cmsis_gcc.h **** 
 551:Drivers/CMSIS/Include/cmsis_gcc.h **** 
 552:Drivers/CMSIS/Include/cmsis_gcc.h **** /**
 553:Drivers/CMSIS/Include/cmsis_gcc.h ****   \brief   Set Fault Mask
 554:Drivers/CMSIS/Include/cmsis_gcc.h ****   \details Assigns the given value to the Fault Mask register.
 555:Drivers/CMSIS/Include/cmsis_gcc.h ****   \param [in]    faultMask  Fault Mask value to set
 556:Drivers/CMSIS/Include/cmsis_gcc.h ****  */
 557:Drivers/CMSIS/Include/cmsis_gcc.h **** __STATIC_FORCEINLINE void __set_FAULTMASK(uint32_t faultMask)
 558:Drivers/CMSIS/Include/cmsis_gcc.h **** {
 559:Drivers/CMSIS/Include/cmsis_gcc.h ****   __ASM volatile ("MSR faultmask, %0" : : "r" (faultMask) : "memory");
 560:Drivers/CMSIS/Include/cmsis_gcc.h **** }
 561:Drivers/CMSIS/Include/cmsis_gcc.h **** 
 562:Drivers/CMSIS/Include/cmsis_gcc.h **** 
 563:Drivers/CMSIS/Include/cmsis_gcc.h **** #if (defined (__ARM_FEATURE_CMSE ) && (__ARM_FEATURE_CMSE == 3))
 564:Drivers/CMSIS/Include/cmsis_gcc.h **** /**
 565:Drivers/CMSIS/Include/cmsis_gcc.h ****   \brief   Set Fault Mask (non-secure)
 566:Drivers/CMSIS/Include/cmsis_gcc.h ****   \details Assigns the given value to the non-secure Fault Mask register when in secure state.
 567:Drivers/CMSIS/Include/cmsis_gcc.h ****   \param [in]    faultMask  Fault Mask value to set
 568:Drivers/CMSIS/Include/cmsis_gcc.h ****  */
 569:Drivers/CMSIS/Include/cmsis_gcc.h **** __STATIC_FORCEINLINE void __TZ_set_FAULTMASK_NS(uint32_t faultMask)
 570:Drivers/CMSIS/Include/cmsis_gcc.h **** {
 571:Drivers/CMSIS/Include/cmsis_gcc.h ****   __ASM volatile ("MSR faultmask_ns, %0" : : "r" (faultMask) : "memory");
 572:Drivers/CMSIS/Include/cmsis_gcc.h **** }
 573:Drivers/CMSIS/Include/cmsis_gcc.h **** #endif
 574:Drivers/CMSIS/Include/cmsis_gcc.h **** 
 575:Drivers/CMSIS/Include/cmsis_gcc.h **** #endif /* ((defined (__ARM_ARCH_7M__      ) && (__ARM_ARCH_7M__      == 1)) || \
 576:Drivers/CMSIS/Include/cmsis_gcc.h ****            (defined (__ARM_ARCH_7EM__     ) && (__ARM_ARCH_7EM__     == 1)) || \
 577:Drivers/CMSIS/Include/cmsis_gcc.h ****            (defined (__ARM_ARCH_8M_MAIN__ ) && (__ARM_ARCH_8M_MAIN__ == 1))    ) */
 578:Drivers/CMSIS/Include/cmsis_gcc.h **** 
 579:Drivers/CMSIS/Include/cmsis_gcc.h **** 
ARM GAS  /var/folders/8x/_y6g3dfs0698dfd49y4vcg_w0000gn/T//ccYyxujy.s 			page 69


 580:Drivers/CMSIS/Include/cmsis_gcc.h **** #if ((defined (__ARM_ARCH_8M_MAIN__ ) && (__ARM_ARCH_8M_MAIN__ == 1)) || \
 581:Drivers/CMSIS/Include/cmsis_gcc.h ****      (defined (__ARM_ARCH_8M_BASE__ ) && (__ARM_ARCH_8M_BASE__ == 1))    )
 582:Drivers/CMSIS/Include/cmsis_gcc.h **** 
 583:Drivers/CMSIS/Include/cmsis_gcc.h **** /**
 584:Drivers/CMSIS/Include/cmsis_gcc.h ****   \brief   Get Process Stack Pointer Limit
 585:Drivers/CMSIS/Include/cmsis_gcc.h ****   Devices without ARMv8-M Main Extensions (i.e. Cortex-M23) lack the non-secure
 586:Drivers/CMSIS/Include/cmsis_gcc.h ****   Stack Pointer Limit register hence zero is returned always in non-secure
 587:Drivers/CMSIS/Include/cmsis_gcc.h ****   mode.
 588:Drivers/CMSIS/Include/cmsis_gcc.h ****   
 589:Drivers/CMSIS/Include/cmsis_gcc.h ****   \details Returns the current value of the Process Stack Pointer Limit (PSPLIM).
 590:Drivers/CMSIS/Include/cmsis_gcc.h ****   \return               PSPLIM Register value
 591:Drivers/CMSIS/Include/cmsis_gcc.h ****  */
 592:Drivers/CMSIS/Include/cmsis_gcc.h **** __STATIC_FORCEINLINE uint32_t __get_PSPLIM(void)
 593:Drivers/CMSIS/Include/cmsis_gcc.h **** {
 594:Drivers/CMSIS/Include/cmsis_gcc.h **** #if (!(defined (__ARM_ARCH_8M_MAIN__ ) && (__ARM_ARCH_8M_MAIN__ == 1)) && \
 595:Drivers/CMSIS/Include/cmsis_gcc.h ****     (!defined (__ARM_FEATURE_CMSE) || (__ARM_FEATURE_CMSE < 3)))
 596:Drivers/CMSIS/Include/cmsis_gcc.h ****     // without main extensions, the non-secure PSPLIM is RAZ/WI
 597:Drivers/CMSIS/Include/cmsis_gcc.h ****   return 0U;
 598:Drivers/CMSIS/Include/cmsis_gcc.h **** #else
 599:Drivers/CMSIS/Include/cmsis_gcc.h ****   uint32_t result;
 600:Drivers/CMSIS/Include/cmsis_gcc.h ****   __ASM volatile ("MRS %0, psplim"  : "=r" (result) );
 601:Drivers/CMSIS/Include/cmsis_gcc.h ****   return result;
 602:Drivers/CMSIS/Include/cmsis_gcc.h **** #endif
 603:Drivers/CMSIS/Include/cmsis_gcc.h **** }
 604:Drivers/CMSIS/Include/cmsis_gcc.h **** 
 605:Drivers/CMSIS/Include/cmsis_gcc.h **** #if (defined (__ARM_FEATURE_CMSE) && (__ARM_FEATURE_CMSE == 3))
 606:Drivers/CMSIS/Include/cmsis_gcc.h **** /**
 607:Drivers/CMSIS/Include/cmsis_gcc.h ****   \brief   Get Process Stack Pointer Limit (non-secure)
 608:Drivers/CMSIS/Include/cmsis_gcc.h ****   Devices without ARMv8-M Main Extensions (i.e. Cortex-M23) lack the non-secure
 609:Drivers/CMSIS/Include/cmsis_gcc.h ****   Stack Pointer Limit register hence zero is returned always.
 610:Drivers/CMSIS/Include/cmsis_gcc.h **** 
 611:Drivers/CMSIS/Include/cmsis_gcc.h ****   \details Returns the current value of the non-secure Process Stack Pointer Limit (PSPLIM) when in
 612:Drivers/CMSIS/Include/cmsis_gcc.h ****   \return               PSPLIM Register value
 613:Drivers/CMSIS/Include/cmsis_gcc.h ****  */
 614:Drivers/CMSIS/Include/cmsis_gcc.h **** __STATIC_FORCEINLINE uint32_t __TZ_get_PSPLIM_NS(void)
 615:Drivers/CMSIS/Include/cmsis_gcc.h **** {
 616:Drivers/CMSIS/Include/cmsis_gcc.h **** #if (!(defined (__ARM_ARCH_8M_MAIN__ ) && (__ARM_ARCH_8M_MAIN__ == 1)))
 617:Drivers/CMSIS/Include/cmsis_gcc.h ****   // without main extensions, the non-secure PSPLIM is RAZ/WI
 618:Drivers/CMSIS/Include/cmsis_gcc.h ****   return 0U;
 619:Drivers/CMSIS/Include/cmsis_gcc.h **** #else
 620:Drivers/CMSIS/Include/cmsis_gcc.h ****   uint32_t result;
 621:Drivers/CMSIS/Include/cmsis_gcc.h ****   __ASM volatile ("MRS %0, psplim_ns"  : "=r" (result) );
 622:Drivers/CMSIS/Include/cmsis_gcc.h ****   return result;
 623:Drivers/CMSIS/Include/cmsis_gcc.h **** #endif
 624:Drivers/CMSIS/Include/cmsis_gcc.h **** }
 625:Drivers/CMSIS/Include/cmsis_gcc.h **** #endif
 626:Drivers/CMSIS/Include/cmsis_gcc.h **** 
 627:Drivers/CMSIS/Include/cmsis_gcc.h **** 
 628:Drivers/CMSIS/Include/cmsis_gcc.h **** /**
 629:Drivers/CMSIS/Include/cmsis_gcc.h ****   \brief   Set Process Stack Pointer Limit
 630:Drivers/CMSIS/Include/cmsis_gcc.h ****   Devices without ARMv8-M Main Extensions (i.e. Cortex-M23) lack the non-secure
 631:Drivers/CMSIS/Include/cmsis_gcc.h ****   Stack Pointer Limit register hence the write is silently ignored in non-secure
 632:Drivers/CMSIS/Include/cmsis_gcc.h ****   mode.
 633:Drivers/CMSIS/Include/cmsis_gcc.h ****   
 634:Drivers/CMSIS/Include/cmsis_gcc.h ****   \details Assigns the given value to the Process Stack Pointer Limit (PSPLIM).
 635:Drivers/CMSIS/Include/cmsis_gcc.h ****   \param [in]    ProcStackPtrLimit  Process Stack Pointer Limit value to set
 636:Drivers/CMSIS/Include/cmsis_gcc.h ****  */
ARM GAS  /var/folders/8x/_y6g3dfs0698dfd49y4vcg_w0000gn/T//ccYyxujy.s 			page 70


 637:Drivers/CMSIS/Include/cmsis_gcc.h **** __STATIC_FORCEINLINE void __set_PSPLIM(uint32_t ProcStackPtrLimit)
 638:Drivers/CMSIS/Include/cmsis_gcc.h **** {
 639:Drivers/CMSIS/Include/cmsis_gcc.h **** #if (!(defined (__ARM_ARCH_8M_MAIN__ ) && (__ARM_ARCH_8M_MAIN__ == 1)) && \
 640:Drivers/CMSIS/Include/cmsis_gcc.h ****     (!defined (__ARM_FEATURE_CMSE) || (__ARM_FEATURE_CMSE < 3)))
 641:Drivers/CMSIS/Include/cmsis_gcc.h ****   // without main extensions, the non-secure PSPLIM is RAZ/WI
 642:Drivers/CMSIS/Include/cmsis_gcc.h ****   (void)ProcStackPtrLimit;
 643:Drivers/CMSIS/Include/cmsis_gcc.h **** #else
 644:Drivers/CMSIS/Include/cmsis_gcc.h ****   __ASM volatile ("MSR psplim, %0" : : "r" (ProcStackPtrLimit));
 645:Drivers/CMSIS/Include/cmsis_gcc.h **** #endif
 646:Drivers/CMSIS/Include/cmsis_gcc.h **** }
 647:Drivers/CMSIS/Include/cmsis_gcc.h **** 
 648:Drivers/CMSIS/Include/cmsis_gcc.h **** 
 649:Drivers/CMSIS/Include/cmsis_gcc.h **** #if (defined (__ARM_FEATURE_CMSE  ) && (__ARM_FEATURE_CMSE   == 3))
 650:Drivers/CMSIS/Include/cmsis_gcc.h **** /**
 651:Drivers/CMSIS/Include/cmsis_gcc.h ****   \brief   Set Process Stack Pointer (non-secure)
 652:Drivers/CMSIS/Include/cmsis_gcc.h ****   Devices without ARMv8-M Main Extensions (i.e. Cortex-M23) lack the non-secure
 653:Drivers/CMSIS/Include/cmsis_gcc.h ****   Stack Pointer Limit register hence the write is silently ignored.
 654:Drivers/CMSIS/Include/cmsis_gcc.h **** 
 655:Drivers/CMSIS/Include/cmsis_gcc.h ****   \details Assigns the given value to the non-secure Process Stack Pointer Limit (PSPLIM) when in s
 656:Drivers/CMSIS/Include/cmsis_gcc.h ****   \param [in]    ProcStackPtrLimit  Process Stack Pointer Limit value to set
 657:Drivers/CMSIS/Include/cmsis_gcc.h ****  */
 658:Drivers/CMSIS/Include/cmsis_gcc.h **** __STATIC_FORCEINLINE void __TZ_set_PSPLIM_NS(uint32_t ProcStackPtrLimit)
 659:Drivers/CMSIS/Include/cmsis_gcc.h **** {
 660:Drivers/CMSIS/Include/cmsis_gcc.h **** #if (!(defined (__ARM_ARCH_8M_MAIN__ ) && (__ARM_ARCH_8M_MAIN__ == 1)))
 661:Drivers/CMSIS/Include/cmsis_gcc.h ****   // without main extensions, the non-secure PSPLIM is RAZ/WI
 662:Drivers/CMSIS/Include/cmsis_gcc.h ****   (void)ProcStackPtrLimit;
 663:Drivers/CMSIS/Include/cmsis_gcc.h **** #else
 664:Drivers/CMSIS/Include/cmsis_gcc.h ****   __ASM volatile ("MSR psplim_ns, %0\n" : : "r" (ProcStackPtrLimit));
 665:Drivers/CMSIS/Include/cmsis_gcc.h **** #endif
 666:Drivers/CMSIS/Include/cmsis_gcc.h **** }
 667:Drivers/CMSIS/Include/cmsis_gcc.h **** #endif
 668:Drivers/CMSIS/Include/cmsis_gcc.h **** 
 669:Drivers/CMSIS/Include/cmsis_gcc.h **** 
 670:Drivers/CMSIS/Include/cmsis_gcc.h **** /**
 671:Drivers/CMSIS/Include/cmsis_gcc.h ****   \brief   Get Main Stack Pointer Limit
 672:Drivers/CMSIS/Include/cmsis_gcc.h ****   Devices without ARMv8-M Main Extensions (i.e. Cortex-M23) lack the non-secure
 673:Drivers/CMSIS/Include/cmsis_gcc.h ****   Stack Pointer Limit register hence zero is returned always in non-secure
 674:Drivers/CMSIS/Include/cmsis_gcc.h ****   mode.
 675:Drivers/CMSIS/Include/cmsis_gcc.h **** 
 676:Drivers/CMSIS/Include/cmsis_gcc.h ****   \details Returns the current value of the Main Stack Pointer Limit (MSPLIM).
 677:Drivers/CMSIS/Include/cmsis_gcc.h ****   \return               MSPLIM Register value
 678:Drivers/CMSIS/Include/cmsis_gcc.h ****  */
 679:Drivers/CMSIS/Include/cmsis_gcc.h **** __STATIC_FORCEINLINE uint32_t __get_MSPLIM(void)
 680:Drivers/CMSIS/Include/cmsis_gcc.h **** {
 681:Drivers/CMSIS/Include/cmsis_gcc.h **** #if (!(defined (__ARM_ARCH_8M_MAIN__ ) && (__ARM_ARCH_8M_MAIN__ == 1)) && \
 682:Drivers/CMSIS/Include/cmsis_gcc.h ****     (!defined (__ARM_FEATURE_CMSE) || (__ARM_FEATURE_CMSE < 3)))
 683:Drivers/CMSIS/Include/cmsis_gcc.h ****   // without main extensions, the non-secure MSPLIM is RAZ/WI
 684:Drivers/CMSIS/Include/cmsis_gcc.h ****   return 0U;
 685:Drivers/CMSIS/Include/cmsis_gcc.h **** #else
 686:Drivers/CMSIS/Include/cmsis_gcc.h ****   uint32_t result;
 687:Drivers/CMSIS/Include/cmsis_gcc.h ****   __ASM volatile ("MRS %0, msplim" : "=r" (result) );
 688:Drivers/CMSIS/Include/cmsis_gcc.h ****   return result;
 689:Drivers/CMSIS/Include/cmsis_gcc.h **** #endif
 690:Drivers/CMSIS/Include/cmsis_gcc.h **** }
 691:Drivers/CMSIS/Include/cmsis_gcc.h **** 
 692:Drivers/CMSIS/Include/cmsis_gcc.h **** 
 693:Drivers/CMSIS/Include/cmsis_gcc.h **** #if (defined (__ARM_FEATURE_CMSE  ) && (__ARM_FEATURE_CMSE   == 3))
ARM GAS  /var/folders/8x/_y6g3dfs0698dfd49y4vcg_w0000gn/T//ccYyxujy.s 			page 71


 694:Drivers/CMSIS/Include/cmsis_gcc.h **** /**
 695:Drivers/CMSIS/Include/cmsis_gcc.h ****   \brief   Get Main Stack Pointer Limit (non-secure)
 696:Drivers/CMSIS/Include/cmsis_gcc.h ****   Devices without ARMv8-M Main Extensions (i.e. Cortex-M23) lack the non-secure
 697:Drivers/CMSIS/Include/cmsis_gcc.h ****   Stack Pointer Limit register hence zero is returned always.
 698:Drivers/CMSIS/Include/cmsis_gcc.h **** 
 699:Drivers/CMSIS/Include/cmsis_gcc.h ****   \details Returns the current value of the non-secure Main Stack Pointer Limit(MSPLIM) when in sec
 700:Drivers/CMSIS/Include/cmsis_gcc.h ****   \return               MSPLIM Register value
 701:Drivers/CMSIS/Include/cmsis_gcc.h ****  */
 702:Drivers/CMSIS/Include/cmsis_gcc.h **** __STATIC_FORCEINLINE uint32_t __TZ_get_MSPLIM_NS(void)
 703:Drivers/CMSIS/Include/cmsis_gcc.h **** {
 704:Drivers/CMSIS/Include/cmsis_gcc.h **** #if (!(defined (__ARM_ARCH_8M_MAIN__ ) && (__ARM_ARCH_8M_MAIN__ == 1)))
 705:Drivers/CMSIS/Include/cmsis_gcc.h ****   // without main extensions, the non-secure MSPLIM is RAZ/WI
 706:Drivers/CMSIS/Include/cmsis_gcc.h ****   return 0U;
 707:Drivers/CMSIS/Include/cmsis_gcc.h **** #else
 708:Drivers/CMSIS/Include/cmsis_gcc.h ****   uint32_t result;
 709:Drivers/CMSIS/Include/cmsis_gcc.h ****   __ASM volatile ("MRS %0, msplim_ns" : "=r" (result) );
 710:Drivers/CMSIS/Include/cmsis_gcc.h ****   return result;
 711:Drivers/CMSIS/Include/cmsis_gcc.h **** #endif
 712:Drivers/CMSIS/Include/cmsis_gcc.h **** }
 713:Drivers/CMSIS/Include/cmsis_gcc.h **** #endif
 714:Drivers/CMSIS/Include/cmsis_gcc.h **** 
 715:Drivers/CMSIS/Include/cmsis_gcc.h **** 
 716:Drivers/CMSIS/Include/cmsis_gcc.h **** /**
 717:Drivers/CMSIS/Include/cmsis_gcc.h ****   \brief   Set Main Stack Pointer Limit
 718:Drivers/CMSIS/Include/cmsis_gcc.h ****   Devices without ARMv8-M Main Extensions (i.e. Cortex-M23) lack the non-secure
 719:Drivers/CMSIS/Include/cmsis_gcc.h ****   Stack Pointer Limit register hence the write is silently ignored in non-secure
 720:Drivers/CMSIS/Include/cmsis_gcc.h ****   mode.
 721:Drivers/CMSIS/Include/cmsis_gcc.h **** 
 722:Drivers/CMSIS/Include/cmsis_gcc.h ****   \details Assigns the given value to the Main Stack Pointer Limit (MSPLIM).
 723:Drivers/CMSIS/Include/cmsis_gcc.h ****   \param [in]    MainStackPtrLimit  Main Stack Pointer Limit value to set
 724:Drivers/CMSIS/Include/cmsis_gcc.h ****  */
 725:Drivers/CMSIS/Include/cmsis_gcc.h **** __STATIC_FORCEINLINE void __set_MSPLIM(uint32_t MainStackPtrLimit)
 726:Drivers/CMSIS/Include/cmsis_gcc.h **** {
 727:Drivers/CMSIS/Include/cmsis_gcc.h **** #if (!(defined (__ARM_ARCH_8M_MAIN__ ) && (__ARM_ARCH_8M_MAIN__ == 1)) && \
 728:Drivers/CMSIS/Include/cmsis_gcc.h ****     (!defined (__ARM_FEATURE_CMSE) || (__ARM_FEATURE_CMSE < 3)))
 729:Drivers/CMSIS/Include/cmsis_gcc.h ****   // without main extensions, the non-secure MSPLIM is RAZ/WI
 730:Drivers/CMSIS/Include/cmsis_gcc.h ****   (void)MainStackPtrLimit;
 731:Drivers/CMSIS/Include/cmsis_gcc.h **** #else
 732:Drivers/CMSIS/Include/cmsis_gcc.h ****   __ASM volatile ("MSR msplim, %0" : : "r" (MainStackPtrLimit));
 733:Drivers/CMSIS/Include/cmsis_gcc.h **** #endif
 734:Drivers/CMSIS/Include/cmsis_gcc.h **** }
 735:Drivers/CMSIS/Include/cmsis_gcc.h **** 
 736:Drivers/CMSIS/Include/cmsis_gcc.h **** 
 737:Drivers/CMSIS/Include/cmsis_gcc.h **** #if (defined (__ARM_FEATURE_CMSE  ) && (__ARM_FEATURE_CMSE   == 3))
 738:Drivers/CMSIS/Include/cmsis_gcc.h **** /**
 739:Drivers/CMSIS/Include/cmsis_gcc.h ****   \brief   Set Main Stack Pointer Limit (non-secure)
 740:Drivers/CMSIS/Include/cmsis_gcc.h ****   Devices without ARMv8-M Main Extensions (i.e. Cortex-M23) lack the non-secure
 741:Drivers/CMSIS/Include/cmsis_gcc.h ****   Stack Pointer Limit register hence the write is silently ignored.
 742:Drivers/CMSIS/Include/cmsis_gcc.h **** 
 743:Drivers/CMSIS/Include/cmsis_gcc.h ****   \details Assigns the given value to the non-secure Main Stack Pointer Limit (MSPLIM) when in secu
 744:Drivers/CMSIS/Include/cmsis_gcc.h ****   \param [in]    MainStackPtrLimit  Main Stack Pointer value to set
 745:Drivers/CMSIS/Include/cmsis_gcc.h ****  */
 746:Drivers/CMSIS/Include/cmsis_gcc.h **** __STATIC_FORCEINLINE void __TZ_set_MSPLIM_NS(uint32_t MainStackPtrLimit)
 747:Drivers/CMSIS/Include/cmsis_gcc.h **** {
 748:Drivers/CMSIS/Include/cmsis_gcc.h **** #if (!(defined (__ARM_ARCH_8M_MAIN__ ) && (__ARM_ARCH_8M_MAIN__ == 1)))
 749:Drivers/CMSIS/Include/cmsis_gcc.h ****   // without main extensions, the non-secure MSPLIM is RAZ/WI
 750:Drivers/CMSIS/Include/cmsis_gcc.h ****   (void)MainStackPtrLimit;
ARM GAS  /var/folders/8x/_y6g3dfs0698dfd49y4vcg_w0000gn/T//ccYyxujy.s 			page 72


 751:Drivers/CMSIS/Include/cmsis_gcc.h **** #else
 752:Drivers/CMSIS/Include/cmsis_gcc.h ****   __ASM volatile ("MSR msplim_ns, %0" : : "r" (MainStackPtrLimit));
 753:Drivers/CMSIS/Include/cmsis_gcc.h **** #endif
 754:Drivers/CMSIS/Include/cmsis_gcc.h **** }
 755:Drivers/CMSIS/Include/cmsis_gcc.h **** #endif
 756:Drivers/CMSIS/Include/cmsis_gcc.h **** 
 757:Drivers/CMSIS/Include/cmsis_gcc.h **** #endif /* ((defined (__ARM_ARCH_8M_MAIN__ ) && (__ARM_ARCH_8M_MAIN__ == 1)) || \
 758:Drivers/CMSIS/Include/cmsis_gcc.h ****            (defined (__ARM_ARCH_8M_BASE__ ) && (__ARM_ARCH_8M_BASE__ == 1))    ) */
 759:Drivers/CMSIS/Include/cmsis_gcc.h **** 
 760:Drivers/CMSIS/Include/cmsis_gcc.h **** 
 761:Drivers/CMSIS/Include/cmsis_gcc.h **** /**
 762:Drivers/CMSIS/Include/cmsis_gcc.h ****   \brief   Get FPSCR
 763:Drivers/CMSIS/Include/cmsis_gcc.h ****   \details Returns the current value of the Floating Point Status/Control register.
 764:Drivers/CMSIS/Include/cmsis_gcc.h ****   \return               Floating Point Status/Control register value
 765:Drivers/CMSIS/Include/cmsis_gcc.h ****  */
 766:Drivers/CMSIS/Include/cmsis_gcc.h **** __STATIC_FORCEINLINE uint32_t __get_FPSCR(void)
 767:Drivers/CMSIS/Include/cmsis_gcc.h **** {
 768:Drivers/CMSIS/Include/cmsis_gcc.h **** #if ((defined (__FPU_PRESENT) && (__FPU_PRESENT == 1U)) && \
 769:Drivers/CMSIS/Include/cmsis_gcc.h ****      (defined (__FPU_USED   ) && (__FPU_USED    == 1U))     )
 770:Drivers/CMSIS/Include/cmsis_gcc.h **** #if __has_builtin(__builtin_arm_get_fpscr) 
 771:Drivers/CMSIS/Include/cmsis_gcc.h **** // Re-enable using built-in when GCC has been fixed
 772:Drivers/CMSIS/Include/cmsis_gcc.h **** // || (__GNUC__ > 7) || (__GNUC__ == 7 && __GNUC_MINOR__ >= 2)
 773:Drivers/CMSIS/Include/cmsis_gcc.h ****   /* see https://gcc.gnu.org/ml/gcc-patches/2017-04/msg00443.html */
 774:Drivers/CMSIS/Include/cmsis_gcc.h ****   return __builtin_arm_get_fpscr();
 775:Drivers/CMSIS/Include/cmsis_gcc.h **** #else
 776:Drivers/CMSIS/Include/cmsis_gcc.h ****   uint32_t result;
 777:Drivers/CMSIS/Include/cmsis_gcc.h **** 
 778:Drivers/CMSIS/Include/cmsis_gcc.h ****   __ASM volatile ("VMRS %0, fpscr" : "=r" (result) );
 779:Drivers/CMSIS/Include/cmsis_gcc.h ****   return(result);
 780:Drivers/CMSIS/Include/cmsis_gcc.h **** #endif
 781:Drivers/CMSIS/Include/cmsis_gcc.h **** #else
 782:Drivers/CMSIS/Include/cmsis_gcc.h ****   return(0U);
 783:Drivers/CMSIS/Include/cmsis_gcc.h **** #endif
 784:Drivers/CMSIS/Include/cmsis_gcc.h **** }
 785:Drivers/CMSIS/Include/cmsis_gcc.h **** 
 786:Drivers/CMSIS/Include/cmsis_gcc.h **** 
 787:Drivers/CMSIS/Include/cmsis_gcc.h **** /**
 788:Drivers/CMSIS/Include/cmsis_gcc.h ****   \brief   Set FPSCR
 789:Drivers/CMSIS/Include/cmsis_gcc.h ****   \details Assigns the given value to the Floating Point Status/Control register.
 790:Drivers/CMSIS/Include/cmsis_gcc.h ****   \param [in]    fpscr  Floating Point Status/Control value to set
 791:Drivers/CMSIS/Include/cmsis_gcc.h ****  */
 792:Drivers/CMSIS/Include/cmsis_gcc.h **** __STATIC_FORCEINLINE void __set_FPSCR(uint32_t fpscr)
 793:Drivers/CMSIS/Include/cmsis_gcc.h **** {
 794:Drivers/CMSIS/Include/cmsis_gcc.h **** #if ((defined (__FPU_PRESENT) && (__FPU_PRESENT == 1U)) && \
 795:Drivers/CMSIS/Include/cmsis_gcc.h ****      (defined (__FPU_USED   ) && (__FPU_USED    == 1U))     )
 796:Drivers/CMSIS/Include/cmsis_gcc.h **** #if __has_builtin(__builtin_arm_set_fpscr)
 797:Drivers/CMSIS/Include/cmsis_gcc.h **** // Re-enable using built-in when GCC has been fixed
 798:Drivers/CMSIS/Include/cmsis_gcc.h **** // || (__GNUC__ > 7) || (__GNUC__ == 7 && __GNUC_MINOR__ >= 2)
 799:Drivers/CMSIS/Include/cmsis_gcc.h ****   /* see https://gcc.gnu.org/ml/gcc-patches/2017-04/msg00443.html */
 800:Drivers/CMSIS/Include/cmsis_gcc.h ****   __builtin_arm_set_fpscr(fpscr);
 801:Drivers/CMSIS/Include/cmsis_gcc.h **** #else
 802:Drivers/CMSIS/Include/cmsis_gcc.h ****   __ASM volatile ("VMSR fpscr, %0" : : "r" (fpscr) : "vfpcc", "memory");
 803:Drivers/CMSIS/Include/cmsis_gcc.h **** #endif
 804:Drivers/CMSIS/Include/cmsis_gcc.h **** #else
 805:Drivers/CMSIS/Include/cmsis_gcc.h ****   (void)fpscr;
 806:Drivers/CMSIS/Include/cmsis_gcc.h **** #endif
 807:Drivers/CMSIS/Include/cmsis_gcc.h **** }
ARM GAS  /var/folders/8x/_y6g3dfs0698dfd49y4vcg_w0000gn/T//ccYyxujy.s 			page 73


 808:Drivers/CMSIS/Include/cmsis_gcc.h **** 
 809:Drivers/CMSIS/Include/cmsis_gcc.h **** 
 810:Drivers/CMSIS/Include/cmsis_gcc.h **** /*@} end of CMSIS_Core_RegAccFunctions */
 811:Drivers/CMSIS/Include/cmsis_gcc.h **** 
 812:Drivers/CMSIS/Include/cmsis_gcc.h **** 
 813:Drivers/CMSIS/Include/cmsis_gcc.h **** /* ##########################  Core Instruction Access  ######################### */
 814:Drivers/CMSIS/Include/cmsis_gcc.h **** /** \defgroup CMSIS_Core_InstructionInterface CMSIS Core Instruction Interface
 815:Drivers/CMSIS/Include/cmsis_gcc.h ****   Access to dedicated instructions
 816:Drivers/CMSIS/Include/cmsis_gcc.h ****   @{
 817:Drivers/CMSIS/Include/cmsis_gcc.h **** */
 818:Drivers/CMSIS/Include/cmsis_gcc.h **** 
 819:Drivers/CMSIS/Include/cmsis_gcc.h **** /* Define macros for porting to both thumb1 and thumb2.
 820:Drivers/CMSIS/Include/cmsis_gcc.h ****  * For thumb1, use low register (r0-r7), specified by constraint "l"
 821:Drivers/CMSIS/Include/cmsis_gcc.h ****  * Otherwise, use general registers, specified by constraint "r" */
 822:Drivers/CMSIS/Include/cmsis_gcc.h **** #if defined (__thumb__) && !defined (__thumb2__)
 823:Drivers/CMSIS/Include/cmsis_gcc.h **** #define __CMSIS_GCC_OUT_REG(r) "=l" (r)
 824:Drivers/CMSIS/Include/cmsis_gcc.h **** #define __CMSIS_GCC_RW_REG(r) "+l" (r)
 825:Drivers/CMSIS/Include/cmsis_gcc.h **** #define __CMSIS_GCC_USE_REG(r) "l" (r)
 826:Drivers/CMSIS/Include/cmsis_gcc.h **** #else
 827:Drivers/CMSIS/Include/cmsis_gcc.h **** #define __CMSIS_GCC_OUT_REG(r) "=r" (r)
 828:Drivers/CMSIS/Include/cmsis_gcc.h **** #define __CMSIS_GCC_RW_REG(r) "+r" (r)
 829:Drivers/CMSIS/Include/cmsis_gcc.h **** #define __CMSIS_GCC_USE_REG(r) "r" (r)
 830:Drivers/CMSIS/Include/cmsis_gcc.h **** #endif
 831:Drivers/CMSIS/Include/cmsis_gcc.h **** 
 832:Drivers/CMSIS/Include/cmsis_gcc.h **** /**
 833:Drivers/CMSIS/Include/cmsis_gcc.h ****   \brief   No Operation
 834:Drivers/CMSIS/Include/cmsis_gcc.h ****   \details No Operation does nothing. This instruction can be used for code alignment purposes.
 835:Drivers/CMSIS/Include/cmsis_gcc.h ****  */
 836:Drivers/CMSIS/Include/cmsis_gcc.h **** #define __NOP()                             __ASM volatile ("nop")
 837:Drivers/CMSIS/Include/cmsis_gcc.h **** 
 838:Drivers/CMSIS/Include/cmsis_gcc.h **** /**
 839:Drivers/CMSIS/Include/cmsis_gcc.h ****   \brief   Wait For Interrupt
 840:Drivers/CMSIS/Include/cmsis_gcc.h ****   \details Wait For Interrupt is a hint instruction that suspends execution until one of a number o
 841:Drivers/CMSIS/Include/cmsis_gcc.h ****  */
 842:Drivers/CMSIS/Include/cmsis_gcc.h **** #define __WFI()                             __ASM volatile ("wfi")
 843:Drivers/CMSIS/Include/cmsis_gcc.h **** 
 844:Drivers/CMSIS/Include/cmsis_gcc.h **** 
 845:Drivers/CMSIS/Include/cmsis_gcc.h **** /**
 846:Drivers/CMSIS/Include/cmsis_gcc.h ****   \brief   Wait For Event
 847:Drivers/CMSIS/Include/cmsis_gcc.h ****   \details Wait For Event is a hint instruction that permits the processor to enter
 848:Drivers/CMSIS/Include/cmsis_gcc.h ****            a low-power state until one of a number of events occurs.
 849:Drivers/CMSIS/Include/cmsis_gcc.h ****  */
 850:Drivers/CMSIS/Include/cmsis_gcc.h **** #define __WFE()                             __ASM volatile ("wfe")
 851:Drivers/CMSIS/Include/cmsis_gcc.h **** 
 852:Drivers/CMSIS/Include/cmsis_gcc.h **** 
 853:Drivers/CMSIS/Include/cmsis_gcc.h **** /**
 854:Drivers/CMSIS/Include/cmsis_gcc.h ****   \brief   Send Event
 855:Drivers/CMSIS/Include/cmsis_gcc.h ****   \details Send Event is a hint instruction. It causes an event to be signaled to the CPU.
 856:Drivers/CMSIS/Include/cmsis_gcc.h ****  */
 857:Drivers/CMSIS/Include/cmsis_gcc.h **** #define __SEV()                             __ASM volatile ("sev")
 858:Drivers/CMSIS/Include/cmsis_gcc.h **** 
 859:Drivers/CMSIS/Include/cmsis_gcc.h **** 
 860:Drivers/CMSIS/Include/cmsis_gcc.h **** /**
 861:Drivers/CMSIS/Include/cmsis_gcc.h ****   \brief   Instruction Synchronization Barrier
 862:Drivers/CMSIS/Include/cmsis_gcc.h ****   \details Instruction Synchronization Barrier flushes the pipeline in the processor,
 863:Drivers/CMSIS/Include/cmsis_gcc.h ****            so that all instructions following the ISB are fetched from cache or memory,
 864:Drivers/CMSIS/Include/cmsis_gcc.h ****            after the instruction has been completed.
ARM GAS  /var/folders/8x/_y6g3dfs0698dfd49y4vcg_w0000gn/T//ccYyxujy.s 			page 74


 865:Drivers/CMSIS/Include/cmsis_gcc.h ****  */
 866:Drivers/CMSIS/Include/cmsis_gcc.h **** __STATIC_FORCEINLINE void __ISB(void)
 867:Drivers/CMSIS/Include/cmsis_gcc.h **** {
 868:Drivers/CMSIS/Include/cmsis_gcc.h ****   __ASM volatile ("isb 0xF":::"memory");
 869:Drivers/CMSIS/Include/cmsis_gcc.h **** }
 870:Drivers/CMSIS/Include/cmsis_gcc.h **** 
 871:Drivers/CMSIS/Include/cmsis_gcc.h **** 
 872:Drivers/CMSIS/Include/cmsis_gcc.h **** /**
 873:Drivers/CMSIS/Include/cmsis_gcc.h ****   \brief   Data Synchronization Barrier
 874:Drivers/CMSIS/Include/cmsis_gcc.h ****   \details Acts as a special kind of Data Memory Barrier.
 875:Drivers/CMSIS/Include/cmsis_gcc.h ****            It completes when all explicit memory accesses before this instruction complete.
 876:Drivers/CMSIS/Include/cmsis_gcc.h ****  */
 877:Drivers/CMSIS/Include/cmsis_gcc.h **** __STATIC_FORCEINLINE void __DSB(void)
 878:Drivers/CMSIS/Include/cmsis_gcc.h **** {
 879:Drivers/CMSIS/Include/cmsis_gcc.h ****   __ASM volatile ("dsb 0xF":::"memory");
 880:Drivers/CMSIS/Include/cmsis_gcc.h **** }
 881:Drivers/CMSIS/Include/cmsis_gcc.h **** 
 882:Drivers/CMSIS/Include/cmsis_gcc.h **** 
 883:Drivers/CMSIS/Include/cmsis_gcc.h **** /**
 884:Drivers/CMSIS/Include/cmsis_gcc.h ****   \brief   Data Memory Barrier
 885:Drivers/CMSIS/Include/cmsis_gcc.h ****   \details Ensures the apparent order of the explicit memory operations before
 886:Drivers/CMSIS/Include/cmsis_gcc.h ****            and after the instruction, without ensuring their completion.
 887:Drivers/CMSIS/Include/cmsis_gcc.h ****  */
 888:Drivers/CMSIS/Include/cmsis_gcc.h **** __STATIC_FORCEINLINE void __DMB(void)
 889:Drivers/CMSIS/Include/cmsis_gcc.h **** {
 890:Drivers/CMSIS/Include/cmsis_gcc.h ****   __ASM volatile ("dmb 0xF":::"memory");
 891:Drivers/CMSIS/Include/cmsis_gcc.h **** }
 892:Drivers/CMSIS/Include/cmsis_gcc.h **** 
 893:Drivers/CMSIS/Include/cmsis_gcc.h **** 
 894:Drivers/CMSIS/Include/cmsis_gcc.h **** /**
 895:Drivers/CMSIS/Include/cmsis_gcc.h ****   \brief   Reverse byte order (32 bit)
 896:Drivers/CMSIS/Include/cmsis_gcc.h ****   \details Reverses the byte order in unsigned integer value. For example, 0x12345678 becomes 0x785
 897:Drivers/CMSIS/Include/cmsis_gcc.h ****   \param [in]    value  Value to reverse
 898:Drivers/CMSIS/Include/cmsis_gcc.h ****   \return               Reversed value
 899:Drivers/CMSIS/Include/cmsis_gcc.h ****  */
 900:Drivers/CMSIS/Include/cmsis_gcc.h **** __STATIC_FORCEINLINE uint32_t __REV(uint32_t value)
 901:Drivers/CMSIS/Include/cmsis_gcc.h **** {
 902:Drivers/CMSIS/Include/cmsis_gcc.h **** #if (__GNUC__ > 4) || (__GNUC__ == 4 && __GNUC_MINOR__ >= 5)
 903:Drivers/CMSIS/Include/cmsis_gcc.h ****   return __builtin_bswap32(value);
 904:Drivers/CMSIS/Include/cmsis_gcc.h **** #else
 905:Drivers/CMSIS/Include/cmsis_gcc.h ****   uint32_t result;
 906:Drivers/CMSIS/Include/cmsis_gcc.h **** 
 907:Drivers/CMSIS/Include/cmsis_gcc.h ****   __ASM volatile ("rev %0, %1" : __CMSIS_GCC_OUT_REG (result) : __CMSIS_GCC_USE_REG (value) );
 908:Drivers/CMSIS/Include/cmsis_gcc.h ****   return result;
 909:Drivers/CMSIS/Include/cmsis_gcc.h **** #endif
 910:Drivers/CMSIS/Include/cmsis_gcc.h **** }
 911:Drivers/CMSIS/Include/cmsis_gcc.h **** 
 912:Drivers/CMSIS/Include/cmsis_gcc.h **** 
 913:Drivers/CMSIS/Include/cmsis_gcc.h **** /**
 914:Drivers/CMSIS/Include/cmsis_gcc.h ****   \brief   Reverse byte order (16 bit)
 915:Drivers/CMSIS/Include/cmsis_gcc.h ****   \details Reverses the byte order within each halfword of a word. For example, 0x12345678 becomes 
 916:Drivers/CMSIS/Include/cmsis_gcc.h ****   \param [in]    value  Value to reverse
 917:Drivers/CMSIS/Include/cmsis_gcc.h ****   \return               Reversed value
 918:Drivers/CMSIS/Include/cmsis_gcc.h ****  */
 919:Drivers/CMSIS/Include/cmsis_gcc.h **** __STATIC_FORCEINLINE uint32_t __REV16(uint32_t value)
 920:Drivers/CMSIS/Include/cmsis_gcc.h **** {
 921:Drivers/CMSIS/Include/cmsis_gcc.h ****   uint32_t result;
ARM GAS  /var/folders/8x/_y6g3dfs0698dfd49y4vcg_w0000gn/T//ccYyxujy.s 			page 75


 922:Drivers/CMSIS/Include/cmsis_gcc.h **** 
 923:Drivers/CMSIS/Include/cmsis_gcc.h ****   __ASM volatile ("rev16 %0, %1" : __CMSIS_GCC_OUT_REG (result) : __CMSIS_GCC_USE_REG (value) );
 924:Drivers/CMSIS/Include/cmsis_gcc.h ****   return result;
 925:Drivers/CMSIS/Include/cmsis_gcc.h **** }
 926:Drivers/CMSIS/Include/cmsis_gcc.h **** 
 927:Drivers/CMSIS/Include/cmsis_gcc.h **** 
 928:Drivers/CMSIS/Include/cmsis_gcc.h **** /**
 929:Drivers/CMSIS/Include/cmsis_gcc.h ****   \brief   Reverse byte order (16 bit)
 930:Drivers/CMSIS/Include/cmsis_gcc.h ****   \details Reverses the byte order in a 16-bit value and returns the signed 16-bit result. For exam
 931:Drivers/CMSIS/Include/cmsis_gcc.h ****   \param [in]    value  Value to reverse
 932:Drivers/CMSIS/Include/cmsis_gcc.h ****   \return               Reversed value
 933:Drivers/CMSIS/Include/cmsis_gcc.h ****  */
 934:Drivers/CMSIS/Include/cmsis_gcc.h **** __STATIC_FORCEINLINE int16_t __REVSH(int16_t value)
 935:Drivers/CMSIS/Include/cmsis_gcc.h **** {
 936:Drivers/CMSIS/Include/cmsis_gcc.h **** #if (__GNUC__ > 4) || (__GNUC__ == 4 && __GNUC_MINOR__ >= 8)
 937:Drivers/CMSIS/Include/cmsis_gcc.h ****   return (int16_t)__builtin_bswap16(value);
 938:Drivers/CMSIS/Include/cmsis_gcc.h **** #else
 939:Drivers/CMSIS/Include/cmsis_gcc.h ****   int16_t result;
 940:Drivers/CMSIS/Include/cmsis_gcc.h **** 
 941:Drivers/CMSIS/Include/cmsis_gcc.h ****   __ASM volatile ("revsh %0, %1" : __CMSIS_GCC_OUT_REG (result) : __CMSIS_GCC_USE_REG (value) );
 942:Drivers/CMSIS/Include/cmsis_gcc.h ****   return result;
 943:Drivers/CMSIS/Include/cmsis_gcc.h **** #endif
 944:Drivers/CMSIS/Include/cmsis_gcc.h **** }
 945:Drivers/CMSIS/Include/cmsis_gcc.h **** 
 946:Drivers/CMSIS/Include/cmsis_gcc.h **** 
 947:Drivers/CMSIS/Include/cmsis_gcc.h **** /**
 948:Drivers/CMSIS/Include/cmsis_gcc.h ****   \brief   Rotate Right in unsigned value (32 bit)
 949:Drivers/CMSIS/Include/cmsis_gcc.h ****   \details Rotate Right (immediate) provides the value of the contents of a register rotated by a v
 950:Drivers/CMSIS/Include/cmsis_gcc.h ****   \param [in]    op1  Value to rotate
 951:Drivers/CMSIS/Include/cmsis_gcc.h ****   \param [in]    op2  Number of Bits to rotate
 952:Drivers/CMSIS/Include/cmsis_gcc.h ****   \return               Rotated value
 953:Drivers/CMSIS/Include/cmsis_gcc.h ****  */
 954:Drivers/CMSIS/Include/cmsis_gcc.h **** __STATIC_FORCEINLINE uint32_t __ROR(uint32_t op1, uint32_t op2)
 955:Drivers/CMSIS/Include/cmsis_gcc.h **** {
 956:Drivers/CMSIS/Include/cmsis_gcc.h ****   op2 %= 32U;
 957:Drivers/CMSIS/Include/cmsis_gcc.h ****   if (op2 == 0U)
 958:Drivers/CMSIS/Include/cmsis_gcc.h ****   {
 959:Drivers/CMSIS/Include/cmsis_gcc.h ****     return op1;
 960:Drivers/CMSIS/Include/cmsis_gcc.h ****   }
 961:Drivers/CMSIS/Include/cmsis_gcc.h ****   return (op1 >> op2) | (op1 << (32U - op2));
 962:Drivers/CMSIS/Include/cmsis_gcc.h **** }
 963:Drivers/CMSIS/Include/cmsis_gcc.h **** 
 964:Drivers/CMSIS/Include/cmsis_gcc.h **** 
 965:Drivers/CMSIS/Include/cmsis_gcc.h **** /**
 966:Drivers/CMSIS/Include/cmsis_gcc.h ****   \brief   Breakpoint
 967:Drivers/CMSIS/Include/cmsis_gcc.h ****   \details Causes the processor to enter Debug state.
 968:Drivers/CMSIS/Include/cmsis_gcc.h ****            Debug tools can use this to investigate system state when the instruction at a particula
 969:Drivers/CMSIS/Include/cmsis_gcc.h ****   \param [in]    value  is ignored by the processor.
 970:Drivers/CMSIS/Include/cmsis_gcc.h ****                  If required, a debugger can use it to store additional information about the break
 971:Drivers/CMSIS/Include/cmsis_gcc.h ****  */
 972:Drivers/CMSIS/Include/cmsis_gcc.h **** #define __BKPT(value)                       __ASM volatile ("bkpt "#value)
 973:Drivers/CMSIS/Include/cmsis_gcc.h **** 
 974:Drivers/CMSIS/Include/cmsis_gcc.h **** 
 975:Drivers/CMSIS/Include/cmsis_gcc.h **** /**
 976:Drivers/CMSIS/Include/cmsis_gcc.h ****   \brief   Reverse bit order of value
 977:Drivers/CMSIS/Include/cmsis_gcc.h ****   \details Reverses the bit order of the given value.
 978:Drivers/CMSIS/Include/cmsis_gcc.h ****   \param [in]    value  Value to reverse
ARM GAS  /var/folders/8x/_y6g3dfs0698dfd49y4vcg_w0000gn/T//ccYyxujy.s 			page 76


 979:Drivers/CMSIS/Include/cmsis_gcc.h ****   \return               Reversed value
 980:Drivers/CMSIS/Include/cmsis_gcc.h ****  */
 981:Drivers/CMSIS/Include/cmsis_gcc.h **** __STATIC_FORCEINLINE uint32_t __RBIT(uint32_t value)
 1566              		.loc 2 981 31 view .LVU509
 1567              	.LBB5:
 982:Drivers/CMSIS/Include/cmsis_gcc.h **** {
 983:Drivers/CMSIS/Include/cmsis_gcc.h ****   uint32_t result;
 1568              		.loc 2 983 3 view .LVU510
 984:Drivers/CMSIS/Include/cmsis_gcc.h **** 
 985:Drivers/CMSIS/Include/cmsis_gcc.h **** #if ((defined (__ARM_ARCH_7M__      ) && (__ARM_ARCH_7M__      == 1)) || \
 986:Drivers/CMSIS/Include/cmsis_gcc.h ****      (defined (__ARM_ARCH_7EM__     ) && (__ARM_ARCH_7EM__     == 1)) || \
 987:Drivers/CMSIS/Include/cmsis_gcc.h ****      (defined (__ARM_ARCH_8M_MAIN__ ) && (__ARM_ARCH_8M_MAIN__ == 1))    )
 988:Drivers/CMSIS/Include/cmsis_gcc.h ****    __ASM volatile ("rbit %0, %1" : "=r" (result) : "r" (value) );
 1569              		.loc 2 988 4 view .LVU511
 1570              		.syntax unified
 1571              	@ 988 "Drivers/CMSIS/Include/cmsis_gcc.h" 1
 1572 0010 91FAA1F1 		rbit r1, r1
 1573              	@ 0 "" 2
 1574              	.LVL121:
 989:Drivers/CMSIS/Include/cmsis_gcc.h **** #else
 990:Drivers/CMSIS/Include/cmsis_gcc.h ****   uint32_t s = (4U /*sizeof(v)*/ * 8U) - 1U; /* extra shift needed at end */
 991:Drivers/CMSIS/Include/cmsis_gcc.h **** 
 992:Drivers/CMSIS/Include/cmsis_gcc.h ****   result = value;                      /* r will be reversed bits of v; first get LSB of v */
 993:Drivers/CMSIS/Include/cmsis_gcc.h ****   for (value >>= 1U; value != 0U; value >>= 1U)
 994:Drivers/CMSIS/Include/cmsis_gcc.h ****   {
 995:Drivers/CMSIS/Include/cmsis_gcc.h ****     result <<= 1U;
 996:Drivers/CMSIS/Include/cmsis_gcc.h ****     result |= value & 1U;
 997:Drivers/CMSIS/Include/cmsis_gcc.h ****     s--;
 998:Drivers/CMSIS/Include/cmsis_gcc.h ****   }
 999:Drivers/CMSIS/Include/cmsis_gcc.h ****   result <<= s;                        /* shift when v's highest bits are zero */
1000:Drivers/CMSIS/Include/cmsis_gcc.h **** #endif
1001:Drivers/CMSIS/Include/cmsis_gcc.h ****   return result;
 1575              		.loc 2 1001 3 view .LVU512
 1576              		.loc 2 1001 3 is_stmt 0 view .LVU513
 1577              		.thumb
 1578              		.syntax unified
 1579              	.LBE5:
 1580              	.LBE4:
1459:Drivers/STM32F2xx_HAL_Driver/Src/stm32f2xx_hal_can.c **** 
 1581              		.loc 1 1459 21 discriminator 2 view .LVU514
 1582 0014 B1FA81F1 		clz	r1, r1
 1583              	.LVL122:
1462:Drivers/STM32F2xx_HAL_Driver/Src/stm32f2xx_hal_can.c ****   }
 1584              		.loc 1 1462 5 is_stmt 1 view .LVU515
1462:Drivers/STM32F2xx_HAL_Driver/Src/stm32f2xx_hal_can.c ****   }
 1585              		.loc 1 1462 22 is_stmt 0 view .LVU516
 1586 0018 0368     		ldr	r3, [r0]
1462:Drivers/STM32F2xx_HAL_Driver/Src/stm32f2xx_hal_can.c ****   }
 1587              		.loc 1 1462 61 view .LVU517
 1588 001a 1831     		adds	r1, r1, #24
 1589              	.LVL123:
1462:Drivers/STM32F2xx_HAL_Driver/Src/stm32f2xx_hal_can.c ****   }
 1590              		.loc 1 1462 61 view .LVU518
 1591 001c 03EB0113 		add	r3, r3, r1, lsl #4
 1592 0020 5868     		ldr	r0, [r3, #4]
 1593              	.LVL124:
1462:Drivers/STM32F2xx_HAL_Driver/Src/stm32f2xx_hal_can.c ****   }
ARM GAS  /var/folders/8x/_y6g3dfs0698dfd49y4vcg_w0000gn/T//ccYyxujy.s 			page 77


 1594              		.loc 1 1462 85 view .LVU519
 1595 0022 000C     		lsrs	r0, r0, #16
 1596              	.LVL125:
1462:Drivers/STM32F2xx_HAL_Driver/Src/stm32f2xx_hal_can.c ****   }
 1597              		.loc 1 1462 85 view .LVU520
 1598 0024 7047     		bx	lr
 1599              		.cfi_endproc
 1600              	.LFE86:
 1602              		.section	.text.HAL_CAN_GetRxMessage,"ax",%progbits
 1603              		.align	1
 1604              		.global	HAL_CAN_GetRxMessage
 1605              		.syntax unified
 1606              		.thumb
 1607              		.thumb_func
 1609              	HAL_CAN_GetRxMessage:
 1610              	.LVL126:
 1611              	.LFB87:
1468:Drivers/STM32F2xx_HAL_Driver/Src/stm32f2xx_hal_can.c **** 
1469:Drivers/STM32F2xx_HAL_Driver/Src/stm32f2xx_hal_can.c **** /**
1470:Drivers/STM32F2xx_HAL_Driver/Src/stm32f2xx_hal_can.c ****   * @brief  Get an CAN frame from the Rx FIFO zone into the message RAM.
1471:Drivers/STM32F2xx_HAL_Driver/Src/stm32f2xx_hal_can.c ****   * @param  hcan pointer to an CAN_HandleTypeDef structure that contains
1472:Drivers/STM32F2xx_HAL_Driver/Src/stm32f2xx_hal_can.c ****   *         the configuration information for the specified CAN.
1473:Drivers/STM32F2xx_HAL_Driver/Src/stm32f2xx_hal_can.c ****   * @param  RxFifo Fifo number of the received message to be read.
1474:Drivers/STM32F2xx_HAL_Driver/Src/stm32f2xx_hal_can.c ****   *         This parameter can be a value of @arg CAN_receive_FIFO_number.
1475:Drivers/STM32F2xx_HAL_Driver/Src/stm32f2xx_hal_can.c ****   * @param  pHeader pointer to a CAN_RxHeaderTypeDef structure where the header
1476:Drivers/STM32F2xx_HAL_Driver/Src/stm32f2xx_hal_can.c ****   *         of the Rx frame will be stored.
1477:Drivers/STM32F2xx_HAL_Driver/Src/stm32f2xx_hal_can.c ****   * @param  aData array where the payload of the Rx frame will be stored.
1478:Drivers/STM32F2xx_HAL_Driver/Src/stm32f2xx_hal_can.c ****   * @retval HAL status
1479:Drivers/STM32F2xx_HAL_Driver/Src/stm32f2xx_hal_can.c ****   */
1480:Drivers/STM32F2xx_HAL_Driver/Src/stm32f2xx_hal_can.c **** HAL_StatusTypeDef HAL_CAN_GetRxMessage(CAN_HandleTypeDef *hcan, uint32_t RxFifo,
1481:Drivers/STM32F2xx_HAL_Driver/Src/stm32f2xx_hal_can.c ****                                        CAN_RxHeaderTypeDef *pHeader, uint8_t aData[])
1482:Drivers/STM32F2xx_HAL_Driver/Src/stm32f2xx_hal_can.c **** {
 1612              		.loc 1 1482 1 is_stmt 1 view -0
 1613              		.cfi_startproc
 1614              		@ args = 0, pretend = 0, frame = 0
 1615              		@ frame_needed = 0, uses_anonymous_args = 0
 1616              		@ link register save eliminated.
1483:Drivers/STM32F2xx_HAL_Driver/Src/stm32f2xx_hal_can.c ****   HAL_CAN_StateTypeDef state = hcan->State;
 1617              		.loc 1 1483 3 view .LVU522
 1618              		.loc 1 1483 24 is_stmt 0 view .LVU523
 1619 0000 90F820C0 		ldrb	ip, [r0, #32]	@ zero_extendqisi2
 1620              	.LVL127:
1484:Drivers/STM32F2xx_HAL_Driver/Src/stm32f2xx_hal_can.c **** 
1485:Drivers/STM32F2xx_HAL_Driver/Src/stm32f2xx_hal_can.c ****   assert_param(IS_CAN_RX_FIFO(RxFifo));
 1621              		.loc 1 1485 3 is_stmt 1 view .LVU524
1486:Drivers/STM32F2xx_HAL_Driver/Src/stm32f2xx_hal_can.c **** 
1487:Drivers/STM32F2xx_HAL_Driver/Src/stm32f2xx_hal_can.c ****   if ((state == HAL_CAN_STATE_READY) ||
 1622              		.loc 1 1487 3 view .LVU525
 1623              		.loc 1 1487 38 is_stmt 0 view .LVU526
 1624 0004 0CF1FF3C 		add	ip, ip, #-1
 1625              	.LVL128:
 1626              		.loc 1 1487 38 view .LVU527
 1627 0008 5FFA8CFC 		uxtb	ip, ip
 1628              	.LVL129:
 1629              		.loc 1 1487 6 view .LVU528
 1630 000c BCF1010F 		cmp	ip, #1
 1631 0010 00F2A580 		bhi	.L130
ARM GAS  /var/folders/8x/_y6g3dfs0698dfd49y4vcg_w0000gn/T//ccYyxujy.s 			page 78


1482:Drivers/STM32F2xx_HAL_Driver/Src/stm32f2xx_hal_can.c ****   HAL_CAN_StateTypeDef state = hcan->State;
 1632              		.loc 1 1482 1 view .LVU529
 1633 0014 30B4     		push	{r4, r5}
 1634              	.LCFI10:
 1635              		.cfi_def_cfa_offset 8
 1636              		.cfi_offset 4, -8
 1637              		.cfi_offset 5, -4
1488:Drivers/STM32F2xx_HAL_Driver/Src/stm32f2xx_hal_can.c ****       (state == HAL_CAN_STATE_LISTENING))
1489:Drivers/STM32F2xx_HAL_Driver/Src/stm32f2xx_hal_can.c ****   {
1490:Drivers/STM32F2xx_HAL_Driver/Src/stm32f2xx_hal_can.c ****     /* Check the Rx FIFO */
1491:Drivers/STM32F2xx_HAL_Driver/Src/stm32f2xx_hal_can.c ****     if (RxFifo == CAN_RX_FIFO0) /* Rx element is assigned to Rx FIFO 0 */
 1638              		.loc 1 1491 5 is_stmt 1 view .LVU530
 1639              		.loc 1 1491 8 is_stmt 0 view .LVU531
 1640 0016 51B9     		cbnz	r1, .L131
1492:Drivers/STM32F2xx_HAL_Driver/Src/stm32f2xx_hal_can.c ****     {
1493:Drivers/STM32F2xx_HAL_Driver/Src/stm32f2xx_hal_can.c ****       /* Check that the Rx FIFO 0 is not empty */
1494:Drivers/STM32F2xx_HAL_Driver/Src/stm32f2xx_hal_can.c ****       if ((hcan->Instance->RF0R & CAN_RF0R_FMP0) == 0U)
 1641              		.loc 1 1494 7 is_stmt 1 view .LVU532
 1642              		.loc 1 1494 16 is_stmt 0 view .LVU533
 1643 0018 0468     		ldr	r4, [r0]
 1644              		.loc 1 1494 26 view .LVU534
 1645 001a E468     		ldr	r4, [r4, #12]
 1646              		.loc 1 1494 10 view .LVU535
 1647 001c 14F0030F 		tst	r4, #3
 1648 0020 10D1     		bne	.L132
1495:Drivers/STM32F2xx_HAL_Driver/Src/stm32f2xx_hal_can.c ****       {
1496:Drivers/STM32F2xx_HAL_Driver/Src/stm32f2xx_hal_can.c ****         /* Update error code */
1497:Drivers/STM32F2xx_HAL_Driver/Src/stm32f2xx_hal_can.c ****         hcan->ErrorCode |= HAL_CAN_ERROR_PARAM;
 1649              		.loc 1 1497 9 is_stmt 1 view .LVU536
 1650              		.loc 1 1497 13 is_stmt 0 view .LVU537
 1651 0022 436A     		ldr	r3, [r0, #36]
 1652              	.LVL130:
 1653              		.loc 1 1497 25 view .LVU538
 1654 0024 43F40013 		orr	r3, r3, #2097152
 1655 0028 4362     		str	r3, [r0, #36]
1498:Drivers/STM32F2xx_HAL_Driver/Src/stm32f2xx_hal_can.c **** 
1499:Drivers/STM32F2xx_HAL_Driver/Src/stm32f2xx_hal_can.c ****         return HAL_ERROR;
 1656              		.loc 1 1499 9 is_stmt 1 view .LVU539
 1657              		.loc 1 1499 16 is_stmt 0 view .LVU540
 1658 002a 0120     		movs	r0, #1
 1659              	.LVL131:
 1660              		.loc 1 1499 16 view .LVU541
 1661 002c 7EE0     		b	.L133
 1662              	.LVL132:
 1663              	.L131:
1500:Drivers/STM32F2xx_HAL_Driver/Src/stm32f2xx_hal_can.c ****       }
1501:Drivers/STM32F2xx_HAL_Driver/Src/stm32f2xx_hal_can.c ****     }
1502:Drivers/STM32F2xx_HAL_Driver/Src/stm32f2xx_hal_can.c ****     else /* Rx element is assigned to Rx FIFO 1 */
1503:Drivers/STM32F2xx_HAL_Driver/Src/stm32f2xx_hal_can.c ****     {
1504:Drivers/STM32F2xx_HAL_Driver/Src/stm32f2xx_hal_can.c ****       /* Check that the Rx FIFO 1 is not empty */
1505:Drivers/STM32F2xx_HAL_Driver/Src/stm32f2xx_hal_can.c ****       if ((hcan->Instance->RF1R & CAN_RF1R_FMP1) == 0U)
 1664              		.loc 1 1505 7 is_stmt 1 view .LVU542
 1665              		.loc 1 1505 16 is_stmt 0 view .LVU543
 1666 002e 0468     		ldr	r4, [r0]
 1667              		.loc 1 1505 26 view .LVU544
 1668 0030 2469     		ldr	r4, [r4, #16]
 1669              		.loc 1 1505 10 view .LVU545
ARM GAS  /var/folders/8x/_y6g3dfs0698dfd49y4vcg_w0000gn/T//ccYyxujy.s 			page 79


 1670 0032 14F0030F 		tst	r4, #3
 1671 0036 05D1     		bne	.L132
1506:Drivers/STM32F2xx_HAL_Driver/Src/stm32f2xx_hal_can.c ****       {
1507:Drivers/STM32F2xx_HAL_Driver/Src/stm32f2xx_hal_can.c ****         /* Update error code */
1508:Drivers/STM32F2xx_HAL_Driver/Src/stm32f2xx_hal_can.c ****         hcan->ErrorCode |= HAL_CAN_ERROR_PARAM;
 1672              		.loc 1 1508 9 is_stmt 1 view .LVU546
 1673              		.loc 1 1508 13 is_stmt 0 view .LVU547
 1674 0038 436A     		ldr	r3, [r0, #36]
 1675              	.LVL133:
 1676              		.loc 1 1508 25 view .LVU548
 1677 003a 43F40013 		orr	r3, r3, #2097152
 1678 003e 4362     		str	r3, [r0, #36]
1509:Drivers/STM32F2xx_HAL_Driver/Src/stm32f2xx_hal_can.c **** 
1510:Drivers/STM32F2xx_HAL_Driver/Src/stm32f2xx_hal_can.c ****         return HAL_ERROR;
 1679              		.loc 1 1510 9 is_stmt 1 view .LVU549
 1680              		.loc 1 1510 16 is_stmt 0 view .LVU550
 1681 0040 0120     		movs	r0, #1
 1682              	.LVL134:
 1683              		.loc 1 1510 16 view .LVU551
 1684 0042 73E0     		b	.L133
 1685              	.LVL135:
 1686              	.L132:
1511:Drivers/STM32F2xx_HAL_Driver/Src/stm32f2xx_hal_can.c ****       }
1512:Drivers/STM32F2xx_HAL_Driver/Src/stm32f2xx_hal_can.c ****     }
1513:Drivers/STM32F2xx_HAL_Driver/Src/stm32f2xx_hal_can.c **** 
1514:Drivers/STM32F2xx_HAL_Driver/Src/stm32f2xx_hal_can.c ****     /* Get the header */
1515:Drivers/STM32F2xx_HAL_Driver/Src/stm32f2xx_hal_can.c ****     pHeader->IDE = CAN_RI0R_IDE & hcan->Instance->sFIFOMailBox[RxFifo].RIR;
 1687              		.loc 1 1515 5 is_stmt 1 view .LVU552
 1688              		.loc 1 1515 39 is_stmt 0 view .LVU553
 1689 0044 0568     		ldr	r5, [r0]
 1690              		.loc 1 1515 71 view .LVU554
 1691 0046 01F11B04 		add	r4, r1, #27
 1692 004a 2401     		lsls	r4, r4, #4
 1693 004c 2C59     		ldr	r4, [r5, r4]
 1694              		.loc 1 1515 33 view .LVU555
 1695 004e 04F00404 		and	r4, r4, #4
 1696              		.loc 1 1515 18 view .LVU556
 1697 0052 9460     		str	r4, [r2, #8]
1516:Drivers/STM32F2xx_HAL_Driver/Src/stm32f2xx_hal_can.c ****     if (pHeader->IDE == CAN_ID_STD)
 1698              		.loc 1 1516 5 is_stmt 1 view .LVU557
 1699              		.loc 1 1516 8 is_stmt 0 view .LVU558
 1700 0054 002C     		cmp	r4, #0
 1701 0056 6BD1     		bne	.L134
1517:Drivers/STM32F2xx_HAL_Driver/Src/stm32f2xx_hal_can.c ****     {
1518:Drivers/STM32F2xx_HAL_Driver/Src/stm32f2xx_hal_can.c ****       pHeader->StdId = (CAN_RI0R_STID & hcan->Instance->sFIFOMailBox[RxFifo].RIR) >> CAN_TI0R_STID_
 1702              		.loc 1 1518 7 is_stmt 1 view .LVU559
 1703              		.loc 1 1518 45 is_stmt 0 view .LVU560
 1704 0058 0568     		ldr	r5, [r0]
 1705              		.loc 1 1518 77 view .LVU561
 1706 005a 01F11B04 		add	r4, r1, #27
 1707 005e 2401     		lsls	r4, r4, #4
 1708 0060 2C59     		ldr	r4, [r5, r4]
 1709              		.loc 1 1518 83 view .LVU562
 1710 0062 640D     		lsrs	r4, r4, #21
 1711              		.loc 1 1518 22 view .LVU563
 1712 0064 1460     		str	r4, [r2]
 1713              	.L135:
ARM GAS  /var/folders/8x/_y6g3dfs0698dfd49y4vcg_w0000gn/T//ccYyxujy.s 			page 80


1519:Drivers/STM32F2xx_HAL_Driver/Src/stm32f2xx_hal_can.c ****     }
1520:Drivers/STM32F2xx_HAL_Driver/Src/stm32f2xx_hal_can.c ****     else
1521:Drivers/STM32F2xx_HAL_Driver/Src/stm32f2xx_hal_can.c ****     {
1522:Drivers/STM32F2xx_HAL_Driver/Src/stm32f2xx_hal_can.c ****       pHeader->ExtId = ((CAN_RI0R_EXID | CAN_RI0R_STID) &
1523:Drivers/STM32F2xx_HAL_Driver/Src/stm32f2xx_hal_can.c ****                         hcan->Instance->sFIFOMailBox[RxFifo].RIR) >> CAN_RI0R_EXID_Pos;
1524:Drivers/STM32F2xx_HAL_Driver/Src/stm32f2xx_hal_can.c ****     }
1525:Drivers/STM32F2xx_HAL_Driver/Src/stm32f2xx_hal_can.c ****     pHeader->RTR = (CAN_RI0R_RTR & hcan->Instance->sFIFOMailBox[RxFifo].RIR);
 1714              		.loc 1 1525 5 is_stmt 1 view .LVU564
 1715              		.loc 1 1525 40 is_stmt 0 view .LVU565
 1716 0066 0468     		ldr	r4, [r0]
 1717              		.loc 1 1525 72 view .LVU566
 1718 0068 01F11B0C 		add	ip, r1, #27
 1719 006c 4FEA0C1C 		lsl	ip, ip, #4
 1720 0070 54F80C40 		ldr	r4, [r4, ip]
 1721              		.loc 1 1525 34 view .LVU567
 1722 0074 04F00204 		and	r4, r4, #2
 1723              		.loc 1 1525 18 view .LVU568
 1724 0078 D460     		str	r4, [r2, #12]
1526:Drivers/STM32F2xx_HAL_Driver/Src/stm32f2xx_hal_can.c ****     if (((CAN_RDT0R_DLC & hcan->Instance->sFIFOMailBox[RxFifo].RDTR) >> CAN_RDT0R_DLC_Pos) >= 8U)
 1725              		.loc 1 1526 5 is_stmt 1 view .LVU569
 1726              		.loc 1 1526 31 is_stmt 0 view .LVU570
 1727 007a 0468     		ldr	r4, [r0]
 1728              		.loc 1 1526 63 view .LVU571
 1729 007c A444     		add	ip, ip, r4
 1730 007e DCF80450 		ldr	r5, [ip, #4]
 1731              		.loc 1 1526 8 view .LVU572
 1732 0082 15F0080F 		tst	r5, #8
 1733 0086 5BD0     		beq	.L136
1527:Drivers/STM32F2xx_HAL_Driver/Src/stm32f2xx_hal_can.c ****     {
1528:Drivers/STM32F2xx_HAL_Driver/Src/stm32f2xx_hal_can.c ****       /* Truncate DLC to 8 if received field is over range */
1529:Drivers/STM32F2xx_HAL_Driver/Src/stm32f2xx_hal_can.c ****       pHeader->DLC = 8U;
 1734              		.loc 1 1529 7 is_stmt 1 view .LVU573
 1735              		.loc 1 1529 20 is_stmt 0 view .LVU574
 1736 0088 0824     		movs	r4, #8
 1737 008a 1461     		str	r4, [r2, #16]
 1738              	.L137:
1530:Drivers/STM32F2xx_HAL_Driver/Src/stm32f2xx_hal_can.c ****     }
1531:Drivers/STM32F2xx_HAL_Driver/Src/stm32f2xx_hal_can.c ****     else
1532:Drivers/STM32F2xx_HAL_Driver/Src/stm32f2xx_hal_can.c ****     {
1533:Drivers/STM32F2xx_HAL_Driver/Src/stm32f2xx_hal_can.c ****       pHeader->DLC = (CAN_RDT0R_DLC & hcan->Instance->sFIFOMailBox[RxFifo].RDTR) >> CAN_RDT0R_DLC_P
1534:Drivers/STM32F2xx_HAL_Driver/Src/stm32f2xx_hal_can.c ****     }
1535:Drivers/STM32F2xx_HAL_Driver/Src/stm32f2xx_hal_can.c ****     pHeader->FilterMatchIndex = (CAN_RDT0R_FMI & hcan->Instance->sFIFOMailBox[RxFifo].RDTR) >> CAN_
 1739              		.loc 1 1535 5 is_stmt 1 view .LVU575
 1740              		.loc 1 1535 54 is_stmt 0 view .LVU576
 1741 008c 0468     		ldr	r4, [r0]
 1742              		.loc 1 1535 86 view .LVU577
 1743 008e 01F11B0C 		add	ip, r1, #27
 1744 0092 04EB0C14 		add	r4, r4, ip, lsl #4
 1745 0096 6468     		ldr	r4, [r4, #4]
 1746              		.loc 1 1535 93 view .LVU578
 1747 0098 C4F30724 		ubfx	r4, r4, #8, #8
 1748              		.loc 1 1535 31 view .LVU579
 1749 009c 9461     		str	r4, [r2, #24]
1536:Drivers/STM32F2xx_HAL_Driver/Src/stm32f2xx_hal_can.c ****     pHeader->Timestamp = (CAN_RDT0R_TIME & hcan->Instance->sFIFOMailBox[RxFifo].RDTR) >> CAN_RDT0R_
 1750              		.loc 1 1536 5 is_stmt 1 view .LVU580
 1751              		.loc 1 1536 48 is_stmt 0 view .LVU581
 1752 009e 0468     		ldr	r4, [r0]
ARM GAS  /var/folders/8x/_y6g3dfs0698dfd49y4vcg_w0000gn/T//ccYyxujy.s 			page 81


 1753              		.loc 1 1536 80 view .LVU582
 1754 00a0 04EB0C14 		add	r4, r4, ip, lsl #4
 1755 00a4 6468     		ldr	r4, [r4, #4]
 1756              		.loc 1 1536 87 view .LVU583
 1757 00a6 240C     		lsrs	r4, r4, #16
 1758              		.loc 1 1536 24 view .LVU584
 1759 00a8 5461     		str	r4, [r2, #20]
1537:Drivers/STM32F2xx_HAL_Driver/Src/stm32f2xx_hal_can.c **** 
1538:Drivers/STM32F2xx_HAL_Driver/Src/stm32f2xx_hal_can.c ****     /* Get the data */
1539:Drivers/STM32F2xx_HAL_Driver/Src/stm32f2xx_hal_can.c ****     aData[0] = (uint8_t)((CAN_RDL0R_DATA0 & hcan->Instance->sFIFOMailBox[RxFifo].RDLR) >> CAN_RDL0R
 1760              		.loc 1 1539 5 is_stmt 1 view .LVU585
 1761              		.loc 1 1539 49 is_stmt 0 view .LVU586
 1762 00aa 0268     		ldr	r2, [r0]
 1763              	.LVL136:
 1764              		.loc 1 1539 81 view .LVU587
 1765 00ac 02EB0112 		add	r2, r2, r1, lsl #4
 1766 00b0 D2F8B821 		ldr	r2, [r2, #440]
 1767              		.loc 1 1539 14 view .LVU588
 1768 00b4 1A70     		strb	r2, [r3]
1540:Drivers/STM32F2xx_HAL_Driver/Src/stm32f2xx_hal_can.c ****     aData[1] = (uint8_t)((CAN_RDL0R_DATA1 & hcan->Instance->sFIFOMailBox[RxFifo].RDLR) >> CAN_RDL0R
 1769              		.loc 1 1540 5 is_stmt 1 view .LVU589
 1770              		.loc 1 1540 49 is_stmt 0 view .LVU590
 1771 00b6 0268     		ldr	r2, [r0]
 1772              		.loc 1 1540 81 view .LVU591
 1773 00b8 02EB0112 		add	r2, r2, r1, lsl #4
 1774 00bc D2F8B821 		ldr	r2, [r2, #440]
 1775              		.loc 1 1540 16 view .LVU592
 1776 00c0 C2F30722 		ubfx	r2, r2, #8, #8
 1777              		.loc 1 1540 14 view .LVU593
 1778 00c4 5A70     		strb	r2, [r3, #1]
1541:Drivers/STM32F2xx_HAL_Driver/Src/stm32f2xx_hal_can.c ****     aData[2] = (uint8_t)((CAN_RDL0R_DATA2 & hcan->Instance->sFIFOMailBox[RxFifo].RDLR) >> CAN_RDL0R
 1779              		.loc 1 1541 5 is_stmt 1 view .LVU594
 1780              		.loc 1 1541 49 is_stmt 0 view .LVU595
 1781 00c6 0268     		ldr	r2, [r0]
 1782              		.loc 1 1541 81 view .LVU596
 1783 00c8 02EB0112 		add	r2, r2, r1, lsl #4
 1784 00cc D2F8B821 		ldr	r2, [r2, #440]
 1785              		.loc 1 1541 16 view .LVU597
 1786 00d0 C2F30742 		ubfx	r2, r2, #16, #8
 1787              		.loc 1 1541 14 view .LVU598
 1788 00d4 9A70     		strb	r2, [r3, #2]
1542:Drivers/STM32F2xx_HAL_Driver/Src/stm32f2xx_hal_can.c ****     aData[3] = (uint8_t)((CAN_RDL0R_DATA3 & hcan->Instance->sFIFOMailBox[RxFifo].RDLR) >> CAN_RDL0R
 1789              		.loc 1 1542 5 is_stmt 1 view .LVU599
 1790              		.loc 1 1542 49 is_stmt 0 view .LVU600
 1791 00d6 0268     		ldr	r2, [r0]
 1792              		.loc 1 1542 81 view .LVU601
 1793 00d8 02EB0112 		add	r2, r2, r1, lsl #4
 1794 00dc D2F8B821 		ldr	r2, [r2, #440]
 1795              		.loc 1 1542 16 view .LVU602
 1796 00e0 120E     		lsrs	r2, r2, #24
 1797              		.loc 1 1542 14 view .LVU603
 1798 00e2 DA70     		strb	r2, [r3, #3]
1543:Drivers/STM32F2xx_HAL_Driver/Src/stm32f2xx_hal_can.c ****     aData[4] = (uint8_t)((CAN_RDH0R_DATA4 & hcan->Instance->sFIFOMailBox[RxFifo].RDHR) >> CAN_RDH0R
 1799              		.loc 1 1543 5 is_stmt 1 view .LVU604
 1800              		.loc 1 1543 49 is_stmt 0 view .LVU605
 1801 00e4 0268     		ldr	r2, [r0]
 1802              		.loc 1 1543 81 view .LVU606
ARM GAS  /var/folders/8x/_y6g3dfs0698dfd49y4vcg_w0000gn/T//ccYyxujy.s 			page 82


 1803 00e6 02EB0112 		add	r2, r2, r1, lsl #4
 1804 00ea D2F8BC21 		ldr	r2, [r2, #444]
 1805              		.loc 1 1543 14 view .LVU607
 1806 00ee 1A71     		strb	r2, [r3, #4]
1544:Drivers/STM32F2xx_HAL_Driver/Src/stm32f2xx_hal_can.c ****     aData[5] = (uint8_t)((CAN_RDH0R_DATA5 & hcan->Instance->sFIFOMailBox[RxFifo].RDHR) >> CAN_RDH0R
 1807              		.loc 1 1544 5 is_stmt 1 view .LVU608
 1808              		.loc 1 1544 49 is_stmt 0 view .LVU609
 1809 00f0 0268     		ldr	r2, [r0]
 1810              		.loc 1 1544 81 view .LVU610
 1811 00f2 02EB0112 		add	r2, r2, r1, lsl #4
 1812 00f6 D2F8BC21 		ldr	r2, [r2, #444]
 1813              		.loc 1 1544 16 view .LVU611
 1814 00fa C2F30722 		ubfx	r2, r2, #8, #8
 1815              		.loc 1 1544 14 view .LVU612
 1816 00fe 5A71     		strb	r2, [r3, #5]
1545:Drivers/STM32F2xx_HAL_Driver/Src/stm32f2xx_hal_can.c ****     aData[6] = (uint8_t)((CAN_RDH0R_DATA6 & hcan->Instance->sFIFOMailBox[RxFifo].RDHR) >> CAN_RDH0R
 1817              		.loc 1 1545 5 is_stmt 1 view .LVU613
 1818              		.loc 1 1545 49 is_stmt 0 view .LVU614
 1819 0100 0268     		ldr	r2, [r0]
 1820              		.loc 1 1545 81 view .LVU615
 1821 0102 02EB0112 		add	r2, r2, r1, lsl #4
 1822 0106 D2F8BC21 		ldr	r2, [r2, #444]
 1823              		.loc 1 1545 16 view .LVU616
 1824 010a C2F30742 		ubfx	r2, r2, #16, #8
 1825              		.loc 1 1545 14 view .LVU617
 1826 010e 9A71     		strb	r2, [r3, #6]
1546:Drivers/STM32F2xx_HAL_Driver/Src/stm32f2xx_hal_can.c ****     aData[7] = (uint8_t)((CAN_RDH0R_DATA7 & hcan->Instance->sFIFOMailBox[RxFifo].RDHR) >> CAN_RDH0R
 1827              		.loc 1 1546 5 is_stmt 1 view .LVU618
 1828              		.loc 1 1546 49 is_stmt 0 view .LVU619
 1829 0110 0268     		ldr	r2, [r0]
 1830              		.loc 1 1546 81 view .LVU620
 1831 0112 02EB0112 		add	r2, r2, r1, lsl #4
 1832 0116 D2F8BC21 		ldr	r2, [r2, #444]
 1833              		.loc 1 1546 16 view .LVU621
 1834 011a 120E     		lsrs	r2, r2, #24
 1835              		.loc 1 1546 14 view .LVU622
 1836 011c DA71     		strb	r2, [r3, #7]
1547:Drivers/STM32F2xx_HAL_Driver/Src/stm32f2xx_hal_can.c **** 
1548:Drivers/STM32F2xx_HAL_Driver/Src/stm32f2xx_hal_can.c ****     /* Release the FIFO */
1549:Drivers/STM32F2xx_HAL_Driver/Src/stm32f2xx_hal_can.c ****     if (RxFifo == CAN_RX_FIFO0) /* Rx element is assigned to Rx FIFO 0 */
 1837              		.loc 1 1549 5 is_stmt 1 view .LVU623
 1838              		.loc 1 1549 8 is_stmt 0 view .LVU624
 1839 011e C1B9     		cbnz	r1, .L138
1550:Drivers/STM32F2xx_HAL_Driver/Src/stm32f2xx_hal_can.c ****     {
1551:Drivers/STM32F2xx_HAL_Driver/Src/stm32f2xx_hal_can.c ****       /* Release RX FIFO 0 */
1552:Drivers/STM32F2xx_HAL_Driver/Src/stm32f2xx_hal_can.c ****       SET_BIT(hcan->Instance->RF0R, CAN_RF0R_RFOM0);
 1840              		.loc 1 1552 7 is_stmt 1 view .LVU625
 1841 0120 0268     		ldr	r2, [r0]
 1842 0122 D368     		ldr	r3, [r2, #12]
 1843              	.LVL137:
 1844              		.loc 1 1552 7 is_stmt 0 view .LVU626
 1845 0124 43F02003 		orr	r3, r3, #32
 1846 0128 D360     		str	r3, [r2, #12]
 1847              	.L139:
1553:Drivers/STM32F2xx_HAL_Driver/Src/stm32f2xx_hal_can.c ****     }
1554:Drivers/STM32F2xx_HAL_Driver/Src/stm32f2xx_hal_can.c ****     else /* Rx element is assigned to Rx FIFO 1 */
1555:Drivers/STM32F2xx_HAL_Driver/Src/stm32f2xx_hal_can.c ****     {
ARM GAS  /var/folders/8x/_y6g3dfs0698dfd49y4vcg_w0000gn/T//ccYyxujy.s 			page 83


1556:Drivers/STM32F2xx_HAL_Driver/Src/stm32f2xx_hal_can.c ****       /* Release RX FIFO 1 */
1557:Drivers/STM32F2xx_HAL_Driver/Src/stm32f2xx_hal_can.c ****       SET_BIT(hcan->Instance->RF1R, CAN_RF1R_RFOM1);
1558:Drivers/STM32F2xx_HAL_Driver/Src/stm32f2xx_hal_can.c ****     }
1559:Drivers/STM32F2xx_HAL_Driver/Src/stm32f2xx_hal_can.c **** 
1560:Drivers/STM32F2xx_HAL_Driver/Src/stm32f2xx_hal_can.c ****     /* Return function status */
1561:Drivers/STM32F2xx_HAL_Driver/Src/stm32f2xx_hal_can.c ****     return HAL_OK;
 1848              		.loc 1 1561 5 is_stmt 1 view .LVU627
 1849              		.loc 1 1561 12 is_stmt 0 view .LVU628
 1850 012a 0020     		movs	r0, #0
 1851              	.LVL138:
 1852              	.L133:
1562:Drivers/STM32F2xx_HAL_Driver/Src/stm32f2xx_hal_can.c ****   }
1563:Drivers/STM32F2xx_HAL_Driver/Src/stm32f2xx_hal_can.c ****   else
1564:Drivers/STM32F2xx_HAL_Driver/Src/stm32f2xx_hal_can.c ****   {
1565:Drivers/STM32F2xx_HAL_Driver/Src/stm32f2xx_hal_can.c ****     /* Update error code */
1566:Drivers/STM32F2xx_HAL_Driver/Src/stm32f2xx_hal_can.c ****     hcan->ErrorCode |= HAL_CAN_ERROR_NOT_INITIALIZED;
1567:Drivers/STM32F2xx_HAL_Driver/Src/stm32f2xx_hal_can.c **** 
1568:Drivers/STM32F2xx_HAL_Driver/Src/stm32f2xx_hal_can.c ****     return HAL_ERROR;
1569:Drivers/STM32F2xx_HAL_Driver/Src/stm32f2xx_hal_can.c ****   }
1570:Drivers/STM32F2xx_HAL_Driver/Src/stm32f2xx_hal_can.c **** }
 1853              		.loc 1 1570 1 view .LVU629
 1854 012c 30BC     		pop	{r4, r5}
 1855              	.LCFI11:
 1856              		.cfi_remember_state
 1857              		.cfi_restore 5
 1858              		.cfi_restore 4
 1859              		.cfi_def_cfa_offset 0
 1860 012e 7047     		bx	lr
 1861              	.LVL139:
 1862              	.L134:
 1863              	.LCFI12:
 1864              		.cfi_restore_state
1522:Drivers/STM32F2xx_HAL_Driver/Src/stm32f2xx_hal_can.c ****                         hcan->Instance->sFIFOMailBox[RxFifo].RIR) >> CAN_RI0R_EXID_Pos;
 1865              		.loc 1 1522 7 is_stmt 1 view .LVU630
1523:Drivers/STM32F2xx_HAL_Driver/Src/stm32f2xx_hal_can.c ****     }
 1866              		.loc 1 1523 29 is_stmt 0 view .LVU631
 1867 0130 0568     		ldr	r5, [r0]
1523:Drivers/STM32F2xx_HAL_Driver/Src/stm32f2xx_hal_can.c ****     }
 1868              		.loc 1 1523 61 view .LVU632
 1869 0132 01F11B04 		add	r4, r1, #27
 1870 0136 2401     		lsls	r4, r4, #4
 1871 0138 2C59     		ldr	r4, [r5, r4]
1523:Drivers/STM32F2xx_HAL_Driver/Src/stm32f2xx_hal_can.c ****     }
 1872              		.loc 1 1523 67 view .LVU633
 1873 013a E408     		lsrs	r4, r4, #3
1522:Drivers/STM32F2xx_HAL_Driver/Src/stm32f2xx_hal_can.c ****                         hcan->Instance->sFIFOMailBox[RxFifo].RIR) >> CAN_RI0R_EXID_Pos;
 1874              		.loc 1 1522 22 view .LVU634
 1875 013c 5460     		str	r4, [r2, #4]
 1876 013e 92E7     		b	.L135
 1877              	.L136:
1533:Drivers/STM32F2xx_HAL_Driver/Src/stm32f2xx_hal_can.c ****     }
 1878              		.loc 1 1533 7 is_stmt 1 view .LVU635
1533:Drivers/STM32F2xx_HAL_Driver/Src/stm32f2xx_hal_can.c ****     }
 1879              		.loc 1 1533 75 is_stmt 0 view .LVU636
 1880 0140 01F11B05 		add	r5, r1, #27
 1881 0144 04EB0514 		add	r4, r4, r5, lsl #4
 1882 0148 6468     		ldr	r4, [r4, #4]
ARM GAS  /var/folders/8x/_y6g3dfs0698dfd49y4vcg_w0000gn/T//ccYyxujy.s 			page 84


1533:Drivers/STM32F2xx_HAL_Driver/Src/stm32f2xx_hal_can.c ****     }
 1883              		.loc 1 1533 82 view .LVU637
 1884 014a 04F00F04 		and	r4, r4, #15
1533:Drivers/STM32F2xx_HAL_Driver/Src/stm32f2xx_hal_can.c ****     }
 1885              		.loc 1 1533 20 view .LVU638
 1886 014e 1461     		str	r4, [r2, #16]
 1887 0150 9CE7     		b	.L137
 1888              	.LVL140:
 1889              	.L138:
1557:Drivers/STM32F2xx_HAL_Driver/Src/stm32f2xx_hal_can.c ****     }
 1890              		.loc 1 1557 7 is_stmt 1 view .LVU639
 1891 0152 0268     		ldr	r2, [r0]
 1892 0154 1369     		ldr	r3, [r2, #16]
 1893              	.LVL141:
1557:Drivers/STM32F2xx_HAL_Driver/Src/stm32f2xx_hal_can.c ****     }
 1894              		.loc 1 1557 7 is_stmt 0 view .LVU640
 1895 0156 43F02003 		orr	r3, r3, #32
 1896 015a 1361     		str	r3, [r2, #16]
 1897 015c E5E7     		b	.L139
 1898              	.LVL142:
 1899              	.L130:
 1900              	.LCFI13:
 1901              		.cfi_def_cfa_offset 0
 1902              		.cfi_restore 4
 1903              		.cfi_restore 5
1566:Drivers/STM32F2xx_HAL_Driver/Src/stm32f2xx_hal_can.c **** 
 1904              		.loc 1 1566 5 is_stmt 1 view .LVU641
1566:Drivers/STM32F2xx_HAL_Driver/Src/stm32f2xx_hal_can.c **** 
 1905              		.loc 1 1566 9 is_stmt 0 view .LVU642
 1906 015e 436A     		ldr	r3, [r0, #36]
 1907              	.LVL143:
1566:Drivers/STM32F2xx_HAL_Driver/Src/stm32f2xx_hal_can.c **** 
 1908              		.loc 1 1566 21 view .LVU643
 1909 0160 43F48023 		orr	r3, r3, #262144
 1910 0164 4362     		str	r3, [r0, #36]
1568:Drivers/STM32F2xx_HAL_Driver/Src/stm32f2xx_hal_can.c ****   }
 1911              		.loc 1 1568 5 is_stmt 1 view .LVU644
1568:Drivers/STM32F2xx_HAL_Driver/Src/stm32f2xx_hal_can.c ****   }
 1912              		.loc 1 1568 12 is_stmt 0 view .LVU645
 1913 0166 0120     		movs	r0, #1
 1914              	.LVL144:
 1915              		.loc 1 1570 1 view .LVU646
 1916 0168 7047     		bx	lr
 1917              		.cfi_endproc
 1918              	.LFE87:
 1920              		.section	.text.HAL_CAN_GetRxFifoFillLevel,"ax",%progbits
 1921              		.align	1
 1922              		.global	HAL_CAN_GetRxFifoFillLevel
 1923              		.syntax unified
 1924              		.thumb
 1925              		.thumb_func
 1927              	HAL_CAN_GetRxFifoFillLevel:
 1928              	.LVL145:
 1929              	.LFB88:
1571:Drivers/STM32F2xx_HAL_Driver/Src/stm32f2xx_hal_can.c **** 
1572:Drivers/STM32F2xx_HAL_Driver/Src/stm32f2xx_hal_can.c **** /**
1573:Drivers/STM32F2xx_HAL_Driver/Src/stm32f2xx_hal_can.c ****   * @brief  Return Rx FIFO fill level.
ARM GAS  /var/folders/8x/_y6g3dfs0698dfd49y4vcg_w0000gn/T//ccYyxujy.s 			page 85


1574:Drivers/STM32F2xx_HAL_Driver/Src/stm32f2xx_hal_can.c ****   * @param  hcan pointer to an CAN_HandleTypeDef structure that contains
1575:Drivers/STM32F2xx_HAL_Driver/Src/stm32f2xx_hal_can.c ****   *         the configuration information for the specified CAN.
1576:Drivers/STM32F2xx_HAL_Driver/Src/stm32f2xx_hal_can.c ****   * @param  RxFifo Rx FIFO.
1577:Drivers/STM32F2xx_HAL_Driver/Src/stm32f2xx_hal_can.c ****   *         This parameter can be a value of @arg CAN_receive_FIFO_number.
1578:Drivers/STM32F2xx_HAL_Driver/Src/stm32f2xx_hal_can.c ****   * @retval Number of messages available in Rx FIFO.
1579:Drivers/STM32F2xx_HAL_Driver/Src/stm32f2xx_hal_can.c ****   */
1580:Drivers/STM32F2xx_HAL_Driver/Src/stm32f2xx_hal_can.c **** uint32_t HAL_CAN_GetRxFifoFillLevel(const CAN_HandleTypeDef *hcan, uint32_t RxFifo)
1581:Drivers/STM32F2xx_HAL_Driver/Src/stm32f2xx_hal_can.c **** {
 1930              		.loc 1 1581 1 is_stmt 1 view -0
 1931              		.cfi_startproc
 1932              		@ args = 0, pretend = 0, frame = 0
 1933              		@ frame_needed = 0, uses_anonymous_args = 0
 1934              		@ link register save eliminated.
1582:Drivers/STM32F2xx_HAL_Driver/Src/stm32f2xx_hal_can.c ****   uint32_t filllevel = 0U;
 1935              		.loc 1 1582 3 view .LVU648
1583:Drivers/STM32F2xx_HAL_Driver/Src/stm32f2xx_hal_can.c ****   HAL_CAN_StateTypeDef state = hcan->State;
 1936              		.loc 1 1583 3 view .LVU649
 1937              		.loc 1 1583 24 is_stmt 0 view .LVU650
 1938 0000 90F82030 		ldrb	r3, [r0, #32]	@ zero_extendqisi2
 1939              	.LVL146:
1584:Drivers/STM32F2xx_HAL_Driver/Src/stm32f2xx_hal_can.c **** 
1585:Drivers/STM32F2xx_HAL_Driver/Src/stm32f2xx_hal_can.c ****   /* Check function parameters */
1586:Drivers/STM32F2xx_HAL_Driver/Src/stm32f2xx_hal_can.c ****   assert_param(IS_CAN_RX_FIFO(RxFifo));
 1940              		.loc 1 1586 3 is_stmt 1 view .LVU651
1587:Drivers/STM32F2xx_HAL_Driver/Src/stm32f2xx_hal_can.c **** 
1588:Drivers/STM32F2xx_HAL_Driver/Src/stm32f2xx_hal_can.c ****   if ((state == HAL_CAN_STATE_READY) ||
 1941              		.loc 1 1588 3 view .LVU652
 1942              		.loc 1 1588 38 is_stmt 0 view .LVU653
 1943 0004 013B     		subs	r3, r3, #1
 1944              	.LVL147:
 1945              		.loc 1 1588 38 view .LVU654
 1946 0006 DBB2     		uxtb	r3, r3
 1947              	.LVL148:
 1948              		.loc 1 1588 6 view .LVU655
 1949 0008 012B     		cmp	r3, #1
 1950 000a 01D9     		bls	.L148
1582:Drivers/STM32F2xx_HAL_Driver/Src/stm32f2xx_hal_can.c ****   HAL_CAN_StateTypeDef state = hcan->State;
 1951              		.loc 1 1582 12 view .LVU656
 1952 000c 0020     		movs	r0, #0
 1953              	.LVL149:
1589:Drivers/STM32F2xx_HAL_Driver/Src/stm32f2xx_hal_can.c ****       (state == HAL_CAN_STATE_LISTENING))
1590:Drivers/STM32F2xx_HAL_Driver/Src/stm32f2xx_hal_can.c ****   {
1591:Drivers/STM32F2xx_HAL_Driver/Src/stm32f2xx_hal_can.c ****     if (RxFifo == CAN_RX_FIFO0)
1592:Drivers/STM32F2xx_HAL_Driver/Src/stm32f2xx_hal_can.c ****     {
1593:Drivers/STM32F2xx_HAL_Driver/Src/stm32f2xx_hal_can.c ****       filllevel = hcan->Instance->RF0R & CAN_RF0R_FMP0;
1594:Drivers/STM32F2xx_HAL_Driver/Src/stm32f2xx_hal_can.c ****     }
1595:Drivers/STM32F2xx_HAL_Driver/Src/stm32f2xx_hal_can.c ****     else /* RxFifo == CAN_RX_FIFO1 */
1596:Drivers/STM32F2xx_HAL_Driver/Src/stm32f2xx_hal_can.c ****     {
1597:Drivers/STM32F2xx_HAL_Driver/Src/stm32f2xx_hal_can.c ****       filllevel = hcan->Instance->RF1R & CAN_RF1R_FMP1;
1598:Drivers/STM32F2xx_HAL_Driver/Src/stm32f2xx_hal_can.c ****     }
1599:Drivers/STM32F2xx_HAL_Driver/Src/stm32f2xx_hal_can.c ****   }
1600:Drivers/STM32F2xx_HAL_Driver/Src/stm32f2xx_hal_can.c **** 
1601:Drivers/STM32F2xx_HAL_Driver/Src/stm32f2xx_hal_can.c ****   /* Return Rx FIFO fill level */
1602:Drivers/STM32F2xx_HAL_Driver/Src/stm32f2xx_hal_can.c ****   return filllevel;
 1954              		.loc 1 1602 3 is_stmt 1 view .LVU657
1603:Drivers/STM32F2xx_HAL_Driver/Src/stm32f2xx_hal_can.c **** }
 1955              		.loc 1 1603 1 is_stmt 0 view .LVU658
ARM GAS  /var/folders/8x/_y6g3dfs0698dfd49y4vcg_w0000gn/T//ccYyxujy.s 			page 86


 1956 000e 7047     		bx	lr
 1957              	.LVL150:
 1958              	.L148:
1591:Drivers/STM32F2xx_HAL_Driver/Src/stm32f2xx_hal_can.c ****     {
 1959              		.loc 1 1591 5 is_stmt 1 view .LVU659
1591:Drivers/STM32F2xx_HAL_Driver/Src/stm32f2xx_hal_can.c ****     {
 1960              		.loc 1 1591 8 is_stmt 0 view .LVU660
 1961 0010 21B9     		cbnz	r1, .L146
1593:Drivers/STM32F2xx_HAL_Driver/Src/stm32f2xx_hal_can.c ****     }
 1962              		.loc 1 1593 7 is_stmt 1 view .LVU661
1593:Drivers/STM32F2xx_HAL_Driver/Src/stm32f2xx_hal_can.c ****     }
 1963              		.loc 1 1593 23 is_stmt 0 view .LVU662
 1964 0012 0368     		ldr	r3, [r0]
1593:Drivers/STM32F2xx_HAL_Driver/Src/stm32f2xx_hal_can.c ****     }
 1965              		.loc 1 1593 33 view .LVU663
 1966 0014 D868     		ldr	r0, [r3, #12]
 1967              	.LVL151:
1593:Drivers/STM32F2xx_HAL_Driver/Src/stm32f2xx_hal_can.c ****     }
 1968              		.loc 1 1593 17 view .LVU664
 1969 0016 00F00300 		and	r0, r0, #3
 1970              	.LVL152:
1593:Drivers/STM32F2xx_HAL_Driver/Src/stm32f2xx_hal_can.c ****     }
 1971              		.loc 1 1593 17 view .LVU665
 1972 001a 7047     		bx	lr
 1973              	.LVL153:
 1974              	.L146:
1597:Drivers/STM32F2xx_HAL_Driver/Src/stm32f2xx_hal_can.c ****     }
 1975              		.loc 1 1597 7 is_stmt 1 view .LVU666
1597:Drivers/STM32F2xx_HAL_Driver/Src/stm32f2xx_hal_can.c ****     }
 1976              		.loc 1 1597 23 is_stmt 0 view .LVU667
 1977 001c 0368     		ldr	r3, [r0]
1597:Drivers/STM32F2xx_HAL_Driver/Src/stm32f2xx_hal_can.c ****     }
 1978              		.loc 1 1597 33 view .LVU668
 1979 001e 1869     		ldr	r0, [r3, #16]
 1980              	.LVL154:
1597:Drivers/STM32F2xx_HAL_Driver/Src/stm32f2xx_hal_can.c ****     }
 1981              		.loc 1 1597 17 view .LVU669
 1982 0020 00F00300 		and	r0, r0, #3
 1983              	.LVL155:
1597:Drivers/STM32F2xx_HAL_Driver/Src/stm32f2xx_hal_can.c ****     }
 1984              		.loc 1 1597 17 view .LVU670
 1985 0024 7047     		bx	lr
 1986              		.cfi_endproc
 1987              	.LFE88:
 1989              		.section	.text.HAL_CAN_ActivateNotification,"ax",%progbits
 1990              		.align	1
 1991              		.global	HAL_CAN_ActivateNotification
 1992              		.syntax unified
 1993              		.thumb
 1994              		.thumb_func
 1996              	HAL_CAN_ActivateNotification:
 1997              	.LVL156:
 1998              	.LFB89:
1604:Drivers/STM32F2xx_HAL_Driver/Src/stm32f2xx_hal_can.c **** 
1605:Drivers/STM32F2xx_HAL_Driver/Src/stm32f2xx_hal_can.c **** /**
1606:Drivers/STM32F2xx_HAL_Driver/Src/stm32f2xx_hal_can.c ****   * @}
1607:Drivers/STM32F2xx_HAL_Driver/Src/stm32f2xx_hal_can.c ****   */
ARM GAS  /var/folders/8x/_y6g3dfs0698dfd49y4vcg_w0000gn/T//ccYyxujy.s 			page 87


1608:Drivers/STM32F2xx_HAL_Driver/Src/stm32f2xx_hal_can.c **** 
1609:Drivers/STM32F2xx_HAL_Driver/Src/stm32f2xx_hal_can.c **** /** @defgroup CAN_Exported_Functions_Group4 Interrupts management
1610:Drivers/STM32F2xx_HAL_Driver/Src/stm32f2xx_hal_can.c ****   * @brief    Interrupts management
1611:Drivers/STM32F2xx_HAL_Driver/Src/stm32f2xx_hal_can.c ****   *
1612:Drivers/STM32F2xx_HAL_Driver/Src/stm32f2xx_hal_can.c **** @verbatim
1613:Drivers/STM32F2xx_HAL_Driver/Src/stm32f2xx_hal_can.c ****   ==============================================================================
1614:Drivers/STM32F2xx_HAL_Driver/Src/stm32f2xx_hal_can.c ****                        ##### Interrupts management #####
1615:Drivers/STM32F2xx_HAL_Driver/Src/stm32f2xx_hal_can.c ****   ==============================================================================
1616:Drivers/STM32F2xx_HAL_Driver/Src/stm32f2xx_hal_can.c ****     [..]  This section provides functions allowing to:
1617:Drivers/STM32F2xx_HAL_Driver/Src/stm32f2xx_hal_can.c ****       (+) HAL_CAN_ActivateNotification      : Enable interrupts
1618:Drivers/STM32F2xx_HAL_Driver/Src/stm32f2xx_hal_can.c ****       (+) HAL_CAN_DeactivateNotification    : Disable interrupts
1619:Drivers/STM32F2xx_HAL_Driver/Src/stm32f2xx_hal_can.c ****       (+) HAL_CAN_IRQHandler                : Handles CAN interrupt request
1620:Drivers/STM32F2xx_HAL_Driver/Src/stm32f2xx_hal_can.c **** 
1621:Drivers/STM32F2xx_HAL_Driver/Src/stm32f2xx_hal_can.c **** @endverbatim
1622:Drivers/STM32F2xx_HAL_Driver/Src/stm32f2xx_hal_can.c ****   * @{
1623:Drivers/STM32F2xx_HAL_Driver/Src/stm32f2xx_hal_can.c ****   */
1624:Drivers/STM32F2xx_HAL_Driver/Src/stm32f2xx_hal_can.c **** 
1625:Drivers/STM32F2xx_HAL_Driver/Src/stm32f2xx_hal_can.c **** /**
1626:Drivers/STM32F2xx_HAL_Driver/Src/stm32f2xx_hal_can.c ****   * @brief  Enable interrupts.
1627:Drivers/STM32F2xx_HAL_Driver/Src/stm32f2xx_hal_can.c ****   * @param  hcan pointer to an CAN_HandleTypeDef structure that contains
1628:Drivers/STM32F2xx_HAL_Driver/Src/stm32f2xx_hal_can.c ****   *         the configuration information for the specified CAN.
1629:Drivers/STM32F2xx_HAL_Driver/Src/stm32f2xx_hal_can.c ****   * @param  ActiveITs indicates which interrupts will be enabled.
1630:Drivers/STM32F2xx_HAL_Driver/Src/stm32f2xx_hal_can.c ****   *         This parameter can be any combination of @arg CAN_Interrupts.
1631:Drivers/STM32F2xx_HAL_Driver/Src/stm32f2xx_hal_can.c ****   * @retval HAL status
1632:Drivers/STM32F2xx_HAL_Driver/Src/stm32f2xx_hal_can.c ****   */
1633:Drivers/STM32F2xx_HAL_Driver/Src/stm32f2xx_hal_can.c **** HAL_StatusTypeDef HAL_CAN_ActivateNotification(CAN_HandleTypeDef *hcan, uint32_t ActiveITs)
1634:Drivers/STM32F2xx_HAL_Driver/Src/stm32f2xx_hal_can.c **** {
 1999              		.loc 1 1634 1 is_stmt 1 view -0
 2000              		.cfi_startproc
 2001              		@ args = 0, pretend = 0, frame = 0
 2002              		@ frame_needed = 0, uses_anonymous_args = 0
 2003              		@ link register save eliminated.
1635:Drivers/STM32F2xx_HAL_Driver/Src/stm32f2xx_hal_can.c ****   HAL_CAN_StateTypeDef state = hcan->State;
 2004              		.loc 1 1635 3 view .LVU672
 2005              		.loc 1 1635 24 is_stmt 0 view .LVU673
 2006 0000 90F82030 		ldrb	r3, [r0, #32]	@ zero_extendqisi2
 2007              	.LVL157:
1636:Drivers/STM32F2xx_HAL_Driver/Src/stm32f2xx_hal_can.c **** 
1637:Drivers/STM32F2xx_HAL_Driver/Src/stm32f2xx_hal_can.c ****   /* Check function parameters */
1638:Drivers/STM32F2xx_HAL_Driver/Src/stm32f2xx_hal_can.c ****   assert_param(IS_CAN_IT(ActiveITs));
 2008              		.loc 1 1638 3 is_stmt 1 view .LVU674
1639:Drivers/STM32F2xx_HAL_Driver/Src/stm32f2xx_hal_can.c **** 
1640:Drivers/STM32F2xx_HAL_Driver/Src/stm32f2xx_hal_can.c ****   if ((state == HAL_CAN_STATE_READY) ||
 2009              		.loc 1 1640 3 view .LVU675
 2010              		.loc 1 1640 38 is_stmt 0 view .LVU676
 2011 0004 013B     		subs	r3, r3, #1
 2012              	.LVL158:
 2013              		.loc 1 1640 38 view .LVU677
 2014 0006 DBB2     		uxtb	r3, r3
 2015              	.LVL159:
 2016              		.loc 1 1640 6 view .LVU678
 2017 0008 012B     		cmp	r3, #1
 2018 000a 05D9     		bls	.L152
1641:Drivers/STM32F2xx_HAL_Driver/Src/stm32f2xx_hal_can.c ****       (state == HAL_CAN_STATE_LISTENING))
1642:Drivers/STM32F2xx_HAL_Driver/Src/stm32f2xx_hal_can.c ****   {
1643:Drivers/STM32F2xx_HAL_Driver/Src/stm32f2xx_hal_can.c ****     /* Enable the selected interrupts */
1644:Drivers/STM32F2xx_HAL_Driver/Src/stm32f2xx_hal_can.c ****     __HAL_CAN_ENABLE_IT(hcan, ActiveITs);
ARM GAS  /var/folders/8x/_y6g3dfs0698dfd49y4vcg_w0000gn/T//ccYyxujy.s 			page 88


1645:Drivers/STM32F2xx_HAL_Driver/Src/stm32f2xx_hal_can.c **** 
1646:Drivers/STM32F2xx_HAL_Driver/Src/stm32f2xx_hal_can.c ****     /* Return function status */
1647:Drivers/STM32F2xx_HAL_Driver/Src/stm32f2xx_hal_can.c ****     return HAL_OK;
1648:Drivers/STM32F2xx_HAL_Driver/Src/stm32f2xx_hal_can.c ****   }
1649:Drivers/STM32F2xx_HAL_Driver/Src/stm32f2xx_hal_can.c ****   else
1650:Drivers/STM32F2xx_HAL_Driver/Src/stm32f2xx_hal_can.c ****   {
1651:Drivers/STM32F2xx_HAL_Driver/Src/stm32f2xx_hal_can.c ****     /* Update error code */
1652:Drivers/STM32F2xx_HAL_Driver/Src/stm32f2xx_hal_can.c ****     hcan->ErrorCode |= HAL_CAN_ERROR_NOT_INITIALIZED;
 2019              		.loc 1 1652 5 is_stmt 1 view .LVU679
 2020              		.loc 1 1652 9 is_stmt 0 view .LVU680
 2021 000c 436A     		ldr	r3, [r0, #36]
 2022              		.loc 1 1652 21 view .LVU681
 2023 000e 43F48023 		orr	r3, r3, #262144
 2024 0012 4362     		str	r3, [r0, #36]
1653:Drivers/STM32F2xx_HAL_Driver/Src/stm32f2xx_hal_can.c **** 
1654:Drivers/STM32F2xx_HAL_Driver/Src/stm32f2xx_hal_can.c ****     return HAL_ERROR;
 2025              		.loc 1 1654 5 is_stmt 1 view .LVU682
 2026              		.loc 1 1654 12 is_stmt 0 view .LVU683
 2027 0014 0120     		movs	r0, #1
 2028              	.LVL160:
1655:Drivers/STM32F2xx_HAL_Driver/Src/stm32f2xx_hal_can.c ****   }
1656:Drivers/STM32F2xx_HAL_Driver/Src/stm32f2xx_hal_can.c **** }
 2029              		.loc 1 1656 1 view .LVU684
 2030 0016 7047     		bx	lr
 2031              	.LVL161:
 2032              	.L152:
1644:Drivers/STM32F2xx_HAL_Driver/Src/stm32f2xx_hal_can.c **** 
 2033              		.loc 1 1644 5 is_stmt 1 view .LVU685
 2034 0018 0268     		ldr	r2, [r0]
 2035 001a 5369     		ldr	r3, [r2, #20]
 2036 001c 0B43     		orrs	r3, r3, r1
 2037 001e 5361     		str	r3, [r2, #20]
1647:Drivers/STM32F2xx_HAL_Driver/Src/stm32f2xx_hal_can.c ****   }
 2038              		.loc 1 1647 5 view .LVU686
1647:Drivers/STM32F2xx_HAL_Driver/Src/stm32f2xx_hal_can.c ****   }
 2039              		.loc 1 1647 12 is_stmt 0 view .LVU687
 2040 0020 0020     		movs	r0, #0
 2041              	.LVL162:
1647:Drivers/STM32F2xx_HAL_Driver/Src/stm32f2xx_hal_can.c ****   }
 2042              		.loc 1 1647 12 view .LVU688
 2043 0022 7047     		bx	lr
 2044              		.cfi_endproc
 2045              	.LFE89:
 2047              		.section	.text.HAL_CAN_DeactivateNotification,"ax",%progbits
 2048              		.align	1
 2049              		.global	HAL_CAN_DeactivateNotification
 2050              		.syntax unified
 2051              		.thumb
 2052              		.thumb_func
 2054              	HAL_CAN_DeactivateNotification:
 2055              	.LVL163:
 2056              	.LFB90:
1657:Drivers/STM32F2xx_HAL_Driver/Src/stm32f2xx_hal_can.c **** 
1658:Drivers/STM32F2xx_HAL_Driver/Src/stm32f2xx_hal_can.c **** /**
1659:Drivers/STM32F2xx_HAL_Driver/Src/stm32f2xx_hal_can.c ****   * @brief  Disable interrupts.
1660:Drivers/STM32F2xx_HAL_Driver/Src/stm32f2xx_hal_can.c ****   * @param  hcan pointer to an CAN_HandleTypeDef structure that contains
1661:Drivers/STM32F2xx_HAL_Driver/Src/stm32f2xx_hal_can.c ****   *         the configuration information for the specified CAN.
ARM GAS  /var/folders/8x/_y6g3dfs0698dfd49y4vcg_w0000gn/T//ccYyxujy.s 			page 89


1662:Drivers/STM32F2xx_HAL_Driver/Src/stm32f2xx_hal_can.c ****   * @param  InactiveITs indicates which interrupts will be disabled.
1663:Drivers/STM32F2xx_HAL_Driver/Src/stm32f2xx_hal_can.c ****   *         This parameter can be any combination of @arg CAN_Interrupts.
1664:Drivers/STM32F2xx_HAL_Driver/Src/stm32f2xx_hal_can.c ****   * @retval HAL status
1665:Drivers/STM32F2xx_HAL_Driver/Src/stm32f2xx_hal_can.c ****   */
1666:Drivers/STM32F2xx_HAL_Driver/Src/stm32f2xx_hal_can.c **** HAL_StatusTypeDef HAL_CAN_DeactivateNotification(CAN_HandleTypeDef *hcan, uint32_t InactiveITs)
1667:Drivers/STM32F2xx_HAL_Driver/Src/stm32f2xx_hal_can.c **** {
 2057              		.loc 1 1667 1 is_stmt 1 view -0
 2058              		.cfi_startproc
 2059              		@ args = 0, pretend = 0, frame = 0
 2060              		@ frame_needed = 0, uses_anonymous_args = 0
 2061              		@ link register save eliminated.
1668:Drivers/STM32F2xx_HAL_Driver/Src/stm32f2xx_hal_can.c ****   HAL_CAN_StateTypeDef state = hcan->State;
 2062              		.loc 1 1668 3 view .LVU690
 2063              		.loc 1 1668 24 is_stmt 0 view .LVU691
 2064 0000 90F82030 		ldrb	r3, [r0, #32]	@ zero_extendqisi2
 2065              	.LVL164:
1669:Drivers/STM32F2xx_HAL_Driver/Src/stm32f2xx_hal_can.c **** 
1670:Drivers/STM32F2xx_HAL_Driver/Src/stm32f2xx_hal_can.c ****   /* Check function parameters */
1671:Drivers/STM32F2xx_HAL_Driver/Src/stm32f2xx_hal_can.c ****   assert_param(IS_CAN_IT(InactiveITs));
 2066              		.loc 1 1671 3 is_stmt 1 view .LVU692
1672:Drivers/STM32F2xx_HAL_Driver/Src/stm32f2xx_hal_can.c **** 
1673:Drivers/STM32F2xx_HAL_Driver/Src/stm32f2xx_hal_can.c ****   if ((state == HAL_CAN_STATE_READY) ||
 2067              		.loc 1 1673 3 view .LVU693
 2068              		.loc 1 1673 38 is_stmt 0 view .LVU694
 2069 0004 013B     		subs	r3, r3, #1
 2070              	.LVL165:
 2071              		.loc 1 1673 38 view .LVU695
 2072 0006 DBB2     		uxtb	r3, r3
 2073              	.LVL166:
 2074              		.loc 1 1673 6 view .LVU696
 2075 0008 012B     		cmp	r3, #1
 2076 000a 05D9     		bls	.L156
1674:Drivers/STM32F2xx_HAL_Driver/Src/stm32f2xx_hal_can.c ****       (state == HAL_CAN_STATE_LISTENING))
1675:Drivers/STM32F2xx_HAL_Driver/Src/stm32f2xx_hal_can.c ****   {
1676:Drivers/STM32F2xx_HAL_Driver/Src/stm32f2xx_hal_can.c ****     /* Disable the selected interrupts */
1677:Drivers/STM32F2xx_HAL_Driver/Src/stm32f2xx_hal_can.c ****     __HAL_CAN_DISABLE_IT(hcan, InactiveITs);
1678:Drivers/STM32F2xx_HAL_Driver/Src/stm32f2xx_hal_can.c **** 
1679:Drivers/STM32F2xx_HAL_Driver/Src/stm32f2xx_hal_can.c ****     /* Return function status */
1680:Drivers/STM32F2xx_HAL_Driver/Src/stm32f2xx_hal_can.c ****     return HAL_OK;
1681:Drivers/STM32F2xx_HAL_Driver/Src/stm32f2xx_hal_can.c ****   }
1682:Drivers/STM32F2xx_HAL_Driver/Src/stm32f2xx_hal_can.c ****   else
1683:Drivers/STM32F2xx_HAL_Driver/Src/stm32f2xx_hal_can.c ****   {
1684:Drivers/STM32F2xx_HAL_Driver/Src/stm32f2xx_hal_can.c ****     /* Update error code */
1685:Drivers/STM32F2xx_HAL_Driver/Src/stm32f2xx_hal_can.c ****     hcan->ErrorCode |= HAL_CAN_ERROR_NOT_INITIALIZED;
 2077              		.loc 1 1685 5 is_stmt 1 view .LVU697
 2078              		.loc 1 1685 9 is_stmt 0 view .LVU698
 2079 000c 436A     		ldr	r3, [r0, #36]
 2080              		.loc 1 1685 21 view .LVU699
 2081 000e 43F48023 		orr	r3, r3, #262144
 2082 0012 4362     		str	r3, [r0, #36]
1686:Drivers/STM32F2xx_HAL_Driver/Src/stm32f2xx_hal_can.c **** 
1687:Drivers/STM32F2xx_HAL_Driver/Src/stm32f2xx_hal_can.c ****     return HAL_ERROR;
 2083              		.loc 1 1687 5 is_stmt 1 view .LVU700
 2084              		.loc 1 1687 12 is_stmt 0 view .LVU701
 2085 0014 0120     		movs	r0, #1
 2086              	.LVL167:
1688:Drivers/STM32F2xx_HAL_Driver/Src/stm32f2xx_hal_can.c ****   }
ARM GAS  /var/folders/8x/_y6g3dfs0698dfd49y4vcg_w0000gn/T//ccYyxujy.s 			page 90


1689:Drivers/STM32F2xx_HAL_Driver/Src/stm32f2xx_hal_can.c **** }
 2087              		.loc 1 1689 1 view .LVU702
 2088 0016 7047     		bx	lr
 2089              	.LVL168:
 2090              	.L156:
1677:Drivers/STM32F2xx_HAL_Driver/Src/stm32f2xx_hal_can.c **** 
 2091              		.loc 1 1677 5 is_stmt 1 view .LVU703
 2092 0018 0268     		ldr	r2, [r0]
 2093 001a 5369     		ldr	r3, [r2, #20]
 2094 001c 23EA0103 		bic	r3, r3, r1
 2095 0020 5361     		str	r3, [r2, #20]
1680:Drivers/STM32F2xx_HAL_Driver/Src/stm32f2xx_hal_can.c ****   }
 2096              		.loc 1 1680 5 view .LVU704
1680:Drivers/STM32F2xx_HAL_Driver/Src/stm32f2xx_hal_can.c ****   }
 2097              		.loc 1 1680 12 is_stmt 0 view .LVU705
 2098 0022 0020     		movs	r0, #0
 2099              	.LVL169:
1680:Drivers/STM32F2xx_HAL_Driver/Src/stm32f2xx_hal_can.c ****   }
 2100              		.loc 1 1680 12 view .LVU706
 2101 0024 7047     		bx	lr
 2102              		.cfi_endproc
 2103              	.LFE90:
 2105              		.section	.text.HAL_CAN_TxMailbox0CompleteCallback,"ax",%progbits
 2106              		.align	1
 2107              		.weak	HAL_CAN_TxMailbox0CompleteCallback
 2108              		.syntax unified
 2109              		.thumb
 2110              		.thumb_func
 2112              	HAL_CAN_TxMailbox0CompleteCallback:
 2113              	.LVL170:
 2114              	.LFB92:
1690:Drivers/STM32F2xx_HAL_Driver/Src/stm32f2xx_hal_can.c **** 
1691:Drivers/STM32F2xx_HAL_Driver/Src/stm32f2xx_hal_can.c **** /**
1692:Drivers/STM32F2xx_HAL_Driver/Src/stm32f2xx_hal_can.c ****   * @brief  Handles CAN interrupt request
1693:Drivers/STM32F2xx_HAL_Driver/Src/stm32f2xx_hal_can.c ****   * @param  hcan pointer to a CAN_HandleTypeDef structure that contains
1694:Drivers/STM32F2xx_HAL_Driver/Src/stm32f2xx_hal_can.c ****   *         the configuration information for the specified CAN.
1695:Drivers/STM32F2xx_HAL_Driver/Src/stm32f2xx_hal_can.c ****   * @retval None
1696:Drivers/STM32F2xx_HAL_Driver/Src/stm32f2xx_hal_can.c ****   */
1697:Drivers/STM32F2xx_HAL_Driver/Src/stm32f2xx_hal_can.c **** void HAL_CAN_IRQHandler(CAN_HandleTypeDef *hcan)
1698:Drivers/STM32F2xx_HAL_Driver/Src/stm32f2xx_hal_can.c **** {
1699:Drivers/STM32F2xx_HAL_Driver/Src/stm32f2xx_hal_can.c ****   uint32_t errorcode = HAL_CAN_ERROR_NONE;
1700:Drivers/STM32F2xx_HAL_Driver/Src/stm32f2xx_hal_can.c ****   uint32_t interrupts = READ_REG(hcan->Instance->IER);
1701:Drivers/STM32F2xx_HAL_Driver/Src/stm32f2xx_hal_can.c ****   uint32_t msrflags = READ_REG(hcan->Instance->MSR);
1702:Drivers/STM32F2xx_HAL_Driver/Src/stm32f2xx_hal_can.c ****   uint32_t tsrflags = READ_REG(hcan->Instance->TSR);
1703:Drivers/STM32F2xx_HAL_Driver/Src/stm32f2xx_hal_can.c ****   uint32_t rf0rflags = READ_REG(hcan->Instance->RF0R);
1704:Drivers/STM32F2xx_HAL_Driver/Src/stm32f2xx_hal_can.c ****   uint32_t rf1rflags = READ_REG(hcan->Instance->RF1R);
1705:Drivers/STM32F2xx_HAL_Driver/Src/stm32f2xx_hal_can.c ****   uint32_t esrflags = READ_REG(hcan->Instance->ESR);
1706:Drivers/STM32F2xx_HAL_Driver/Src/stm32f2xx_hal_can.c **** 
1707:Drivers/STM32F2xx_HAL_Driver/Src/stm32f2xx_hal_can.c ****   /* Transmit Mailbox empty interrupt management *****************************/
1708:Drivers/STM32F2xx_HAL_Driver/Src/stm32f2xx_hal_can.c ****   if ((interrupts & CAN_IT_TX_MAILBOX_EMPTY) != 0U)
1709:Drivers/STM32F2xx_HAL_Driver/Src/stm32f2xx_hal_can.c ****   {
1710:Drivers/STM32F2xx_HAL_Driver/Src/stm32f2xx_hal_can.c ****     /* Transmit Mailbox 0 management *****************************************/
1711:Drivers/STM32F2xx_HAL_Driver/Src/stm32f2xx_hal_can.c ****     if ((tsrflags & CAN_TSR_RQCP0) != 0U)
1712:Drivers/STM32F2xx_HAL_Driver/Src/stm32f2xx_hal_can.c ****     {
1713:Drivers/STM32F2xx_HAL_Driver/Src/stm32f2xx_hal_can.c ****       /* Clear the Transmission Complete flag (and TXOK0,ALST0,TERR0 bits) */
1714:Drivers/STM32F2xx_HAL_Driver/Src/stm32f2xx_hal_can.c ****       __HAL_CAN_CLEAR_FLAG(hcan, CAN_FLAG_RQCP0);
1715:Drivers/STM32F2xx_HAL_Driver/Src/stm32f2xx_hal_can.c **** 
ARM GAS  /var/folders/8x/_y6g3dfs0698dfd49y4vcg_w0000gn/T//ccYyxujy.s 			page 91


1716:Drivers/STM32F2xx_HAL_Driver/Src/stm32f2xx_hal_can.c ****       if ((tsrflags & CAN_TSR_TXOK0) != 0U)
1717:Drivers/STM32F2xx_HAL_Driver/Src/stm32f2xx_hal_can.c ****       {
1718:Drivers/STM32F2xx_HAL_Driver/Src/stm32f2xx_hal_can.c ****         /* Transmission Mailbox 0 complete callback */
1719:Drivers/STM32F2xx_HAL_Driver/Src/stm32f2xx_hal_can.c **** #if USE_HAL_CAN_REGISTER_CALLBACKS == 1
1720:Drivers/STM32F2xx_HAL_Driver/Src/stm32f2xx_hal_can.c ****         /* Call registered callback*/
1721:Drivers/STM32F2xx_HAL_Driver/Src/stm32f2xx_hal_can.c ****         hcan->TxMailbox0CompleteCallback(hcan);
1722:Drivers/STM32F2xx_HAL_Driver/Src/stm32f2xx_hal_can.c **** #else
1723:Drivers/STM32F2xx_HAL_Driver/Src/stm32f2xx_hal_can.c ****         /* Call weak (surcharged) callback */
1724:Drivers/STM32F2xx_HAL_Driver/Src/stm32f2xx_hal_can.c ****         HAL_CAN_TxMailbox0CompleteCallback(hcan);
1725:Drivers/STM32F2xx_HAL_Driver/Src/stm32f2xx_hal_can.c **** #endif /* USE_HAL_CAN_REGISTER_CALLBACKS */
1726:Drivers/STM32F2xx_HAL_Driver/Src/stm32f2xx_hal_can.c ****       }
1727:Drivers/STM32F2xx_HAL_Driver/Src/stm32f2xx_hal_can.c ****       else
1728:Drivers/STM32F2xx_HAL_Driver/Src/stm32f2xx_hal_can.c ****       {
1729:Drivers/STM32F2xx_HAL_Driver/Src/stm32f2xx_hal_can.c ****         if ((tsrflags & CAN_TSR_ALST0) != 0U)
1730:Drivers/STM32F2xx_HAL_Driver/Src/stm32f2xx_hal_can.c ****         {
1731:Drivers/STM32F2xx_HAL_Driver/Src/stm32f2xx_hal_can.c ****           /* Update error code */
1732:Drivers/STM32F2xx_HAL_Driver/Src/stm32f2xx_hal_can.c ****           errorcode |= HAL_CAN_ERROR_TX_ALST0;
1733:Drivers/STM32F2xx_HAL_Driver/Src/stm32f2xx_hal_can.c ****         }
1734:Drivers/STM32F2xx_HAL_Driver/Src/stm32f2xx_hal_can.c ****         else if ((tsrflags & CAN_TSR_TERR0) != 0U)
1735:Drivers/STM32F2xx_HAL_Driver/Src/stm32f2xx_hal_can.c ****         {
1736:Drivers/STM32F2xx_HAL_Driver/Src/stm32f2xx_hal_can.c ****           /* Update error code */
1737:Drivers/STM32F2xx_HAL_Driver/Src/stm32f2xx_hal_can.c ****           errorcode |= HAL_CAN_ERROR_TX_TERR0;
1738:Drivers/STM32F2xx_HAL_Driver/Src/stm32f2xx_hal_can.c ****         }
1739:Drivers/STM32F2xx_HAL_Driver/Src/stm32f2xx_hal_can.c ****         else
1740:Drivers/STM32F2xx_HAL_Driver/Src/stm32f2xx_hal_can.c ****         {
1741:Drivers/STM32F2xx_HAL_Driver/Src/stm32f2xx_hal_can.c ****           /* Transmission Mailbox 0 abort callback */
1742:Drivers/STM32F2xx_HAL_Driver/Src/stm32f2xx_hal_can.c **** #if USE_HAL_CAN_REGISTER_CALLBACKS == 1
1743:Drivers/STM32F2xx_HAL_Driver/Src/stm32f2xx_hal_can.c ****           /* Call registered callback*/
1744:Drivers/STM32F2xx_HAL_Driver/Src/stm32f2xx_hal_can.c ****           hcan->TxMailbox0AbortCallback(hcan);
1745:Drivers/STM32F2xx_HAL_Driver/Src/stm32f2xx_hal_can.c **** #else
1746:Drivers/STM32F2xx_HAL_Driver/Src/stm32f2xx_hal_can.c ****           /* Call weak (surcharged) callback */
1747:Drivers/STM32F2xx_HAL_Driver/Src/stm32f2xx_hal_can.c ****           HAL_CAN_TxMailbox0AbortCallback(hcan);
1748:Drivers/STM32F2xx_HAL_Driver/Src/stm32f2xx_hal_can.c **** #endif /* USE_HAL_CAN_REGISTER_CALLBACKS */
1749:Drivers/STM32F2xx_HAL_Driver/Src/stm32f2xx_hal_can.c ****         }
1750:Drivers/STM32F2xx_HAL_Driver/Src/stm32f2xx_hal_can.c ****       }
1751:Drivers/STM32F2xx_HAL_Driver/Src/stm32f2xx_hal_can.c ****     }
1752:Drivers/STM32F2xx_HAL_Driver/Src/stm32f2xx_hal_can.c **** 
1753:Drivers/STM32F2xx_HAL_Driver/Src/stm32f2xx_hal_can.c ****     /* Transmit Mailbox 1 management *****************************************/
1754:Drivers/STM32F2xx_HAL_Driver/Src/stm32f2xx_hal_can.c ****     if ((tsrflags & CAN_TSR_RQCP1) != 0U)
1755:Drivers/STM32F2xx_HAL_Driver/Src/stm32f2xx_hal_can.c ****     {
1756:Drivers/STM32F2xx_HAL_Driver/Src/stm32f2xx_hal_can.c ****       /* Clear the Transmission Complete flag (and TXOK1,ALST1,TERR1 bits) */
1757:Drivers/STM32F2xx_HAL_Driver/Src/stm32f2xx_hal_can.c ****       __HAL_CAN_CLEAR_FLAG(hcan, CAN_FLAG_RQCP1);
1758:Drivers/STM32F2xx_HAL_Driver/Src/stm32f2xx_hal_can.c **** 
1759:Drivers/STM32F2xx_HAL_Driver/Src/stm32f2xx_hal_can.c ****       if ((tsrflags & CAN_TSR_TXOK1) != 0U)
1760:Drivers/STM32F2xx_HAL_Driver/Src/stm32f2xx_hal_can.c ****       {
1761:Drivers/STM32F2xx_HAL_Driver/Src/stm32f2xx_hal_can.c ****         /* Transmission Mailbox 1 complete callback */
1762:Drivers/STM32F2xx_HAL_Driver/Src/stm32f2xx_hal_can.c **** #if USE_HAL_CAN_REGISTER_CALLBACKS == 1
1763:Drivers/STM32F2xx_HAL_Driver/Src/stm32f2xx_hal_can.c ****         /* Call registered callback*/
1764:Drivers/STM32F2xx_HAL_Driver/Src/stm32f2xx_hal_can.c ****         hcan->TxMailbox1CompleteCallback(hcan);
1765:Drivers/STM32F2xx_HAL_Driver/Src/stm32f2xx_hal_can.c **** #else
1766:Drivers/STM32F2xx_HAL_Driver/Src/stm32f2xx_hal_can.c ****         /* Call weak (surcharged) callback */
1767:Drivers/STM32F2xx_HAL_Driver/Src/stm32f2xx_hal_can.c ****         HAL_CAN_TxMailbox1CompleteCallback(hcan);
1768:Drivers/STM32F2xx_HAL_Driver/Src/stm32f2xx_hal_can.c **** #endif /* USE_HAL_CAN_REGISTER_CALLBACKS */
1769:Drivers/STM32F2xx_HAL_Driver/Src/stm32f2xx_hal_can.c ****       }
1770:Drivers/STM32F2xx_HAL_Driver/Src/stm32f2xx_hal_can.c ****       else
1771:Drivers/STM32F2xx_HAL_Driver/Src/stm32f2xx_hal_can.c ****       {
1772:Drivers/STM32F2xx_HAL_Driver/Src/stm32f2xx_hal_can.c ****         if ((tsrflags & CAN_TSR_ALST1) != 0U)
ARM GAS  /var/folders/8x/_y6g3dfs0698dfd49y4vcg_w0000gn/T//ccYyxujy.s 			page 92


1773:Drivers/STM32F2xx_HAL_Driver/Src/stm32f2xx_hal_can.c ****         {
1774:Drivers/STM32F2xx_HAL_Driver/Src/stm32f2xx_hal_can.c ****           /* Update error code */
1775:Drivers/STM32F2xx_HAL_Driver/Src/stm32f2xx_hal_can.c ****           errorcode |= HAL_CAN_ERROR_TX_ALST1;
1776:Drivers/STM32F2xx_HAL_Driver/Src/stm32f2xx_hal_can.c ****         }
1777:Drivers/STM32F2xx_HAL_Driver/Src/stm32f2xx_hal_can.c ****         else if ((tsrflags & CAN_TSR_TERR1) != 0U)
1778:Drivers/STM32F2xx_HAL_Driver/Src/stm32f2xx_hal_can.c ****         {
1779:Drivers/STM32F2xx_HAL_Driver/Src/stm32f2xx_hal_can.c ****           /* Update error code */
1780:Drivers/STM32F2xx_HAL_Driver/Src/stm32f2xx_hal_can.c ****           errorcode |= HAL_CAN_ERROR_TX_TERR1;
1781:Drivers/STM32F2xx_HAL_Driver/Src/stm32f2xx_hal_can.c ****         }
1782:Drivers/STM32F2xx_HAL_Driver/Src/stm32f2xx_hal_can.c ****         else
1783:Drivers/STM32F2xx_HAL_Driver/Src/stm32f2xx_hal_can.c ****         {
1784:Drivers/STM32F2xx_HAL_Driver/Src/stm32f2xx_hal_can.c ****           /* Transmission Mailbox 1 abort callback */
1785:Drivers/STM32F2xx_HAL_Driver/Src/stm32f2xx_hal_can.c **** #if USE_HAL_CAN_REGISTER_CALLBACKS == 1
1786:Drivers/STM32F2xx_HAL_Driver/Src/stm32f2xx_hal_can.c ****           /* Call registered callback*/
1787:Drivers/STM32F2xx_HAL_Driver/Src/stm32f2xx_hal_can.c ****           hcan->TxMailbox1AbortCallback(hcan);
1788:Drivers/STM32F2xx_HAL_Driver/Src/stm32f2xx_hal_can.c **** #else
1789:Drivers/STM32F2xx_HAL_Driver/Src/stm32f2xx_hal_can.c ****           /* Call weak (surcharged) callback */
1790:Drivers/STM32F2xx_HAL_Driver/Src/stm32f2xx_hal_can.c ****           HAL_CAN_TxMailbox1AbortCallback(hcan);
1791:Drivers/STM32F2xx_HAL_Driver/Src/stm32f2xx_hal_can.c **** #endif /* USE_HAL_CAN_REGISTER_CALLBACKS */
1792:Drivers/STM32F2xx_HAL_Driver/Src/stm32f2xx_hal_can.c ****         }
1793:Drivers/STM32F2xx_HAL_Driver/Src/stm32f2xx_hal_can.c ****       }
1794:Drivers/STM32F2xx_HAL_Driver/Src/stm32f2xx_hal_can.c ****     }
1795:Drivers/STM32F2xx_HAL_Driver/Src/stm32f2xx_hal_can.c **** 
1796:Drivers/STM32F2xx_HAL_Driver/Src/stm32f2xx_hal_can.c ****     /* Transmit Mailbox 2 management *****************************************/
1797:Drivers/STM32F2xx_HAL_Driver/Src/stm32f2xx_hal_can.c ****     if ((tsrflags & CAN_TSR_RQCP2) != 0U)
1798:Drivers/STM32F2xx_HAL_Driver/Src/stm32f2xx_hal_can.c ****     {
1799:Drivers/STM32F2xx_HAL_Driver/Src/stm32f2xx_hal_can.c ****       /* Clear the Transmission Complete flag (and TXOK2,ALST2,TERR2 bits) */
1800:Drivers/STM32F2xx_HAL_Driver/Src/stm32f2xx_hal_can.c ****       __HAL_CAN_CLEAR_FLAG(hcan, CAN_FLAG_RQCP2);
1801:Drivers/STM32F2xx_HAL_Driver/Src/stm32f2xx_hal_can.c **** 
1802:Drivers/STM32F2xx_HAL_Driver/Src/stm32f2xx_hal_can.c ****       if ((tsrflags & CAN_TSR_TXOK2) != 0U)
1803:Drivers/STM32F2xx_HAL_Driver/Src/stm32f2xx_hal_can.c ****       {
1804:Drivers/STM32F2xx_HAL_Driver/Src/stm32f2xx_hal_can.c ****         /* Transmission Mailbox 2 complete callback */
1805:Drivers/STM32F2xx_HAL_Driver/Src/stm32f2xx_hal_can.c **** #if USE_HAL_CAN_REGISTER_CALLBACKS == 1
1806:Drivers/STM32F2xx_HAL_Driver/Src/stm32f2xx_hal_can.c ****         /* Call registered callback*/
1807:Drivers/STM32F2xx_HAL_Driver/Src/stm32f2xx_hal_can.c ****         hcan->TxMailbox2CompleteCallback(hcan);
1808:Drivers/STM32F2xx_HAL_Driver/Src/stm32f2xx_hal_can.c **** #else
1809:Drivers/STM32F2xx_HAL_Driver/Src/stm32f2xx_hal_can.c ****         /* Call weak (surcharged) callback */
1810:Drivers/STM32F2xx_HAL_Driver/Src/stm32f2xx_hal_can.c ****         HAL_CAN_TxMailbox2CompleteCallback(hcan);
1811:Drivers/STM32F2xx_HAL_Driver/Src/stm32f2xx_hal_can.c **** #endif /* USE_HAL_CAN_REGISTER_CALLBACKS */
1812:Drivers/STM32F2xx_HAL_Driver/Src/stm32f2xx_hal_can.c ****       }
1813:Drivers/STM32F2xx_HAL_Driver/Src/stm32f2xx_hal_can.c ****       else
1814:Drivers/STM32F2xx_HAL_Driver/Src/stm32f2xx_hal_can.c ****       {
1815:Drivers/STM32F2xx_HAL_Driver/Src/stm32f2xx_hal_can.c ****         if ((tsrflags & CAN_TSR_ALST2) != 0U)
1816:Drivers/STM32F2xx_HAL_Driver/Src/stm32f2xx_hal_can.c ****         {
1817:Drivers/STM32F2xx_HAL_Driver/Src/stm32f2xx_hal_can.c ****           /* Update error code */
1818:Drivers/STM32F2xx_HAL_Driver/Src/stm32f2xx_hal_can.c ****           errorcode |= HAL_CAN_ERROR_TX_ALST2;
1819:Drivers/STM32F2xx_HAL_Driver/Src/stm32f2xx_hal_can.c ****         }
1820:Drivers/STM32F2xx_HAL_Driver/Src/stm32f2xx_hal_can.c ****         else if ((tsrflags & CAN_TSR_TERR2) != 0U)
1821:Drivers/STM32F2xx_HAL_Driver/Src/stm32f2xx_hal_can.c ****         {
1822:Drivers/STM32F2xx_HAL_Driver/Src/stm32f2xx_hal_can.c ****           /* Update error code */
1823:Drivers/STM32F2xx_HAL_Driver/Src/stm32f2xx_hal_can.c ****           errorcode |= HAL_CAN_ERROR_TX_TERR2;
1824:Drivers/STM32F2xx_HAL_Driver/Src/stm32f2xx_hal_can.c ****         }
1825:Drivers/STM32F2xx_HAL_Driver/Src/stm32f2xx_hal_can.c ****         else
1826:Drivers/STM32F2xx_HAL_Driver/Src/stm32f2xx_hal_can.c ****         {
1827:Drivers/STM32F2xx_HAL_Driver/Src/stm32f2xx_hal_can.c ****           /* Transmission Mailbox 2 abort callback */
1828:Drivers/STM32F2xx_HAL_Driver/Src/stm32f2xx_hal_can.c **** #if USE_HAL_CAN_REGISTER_CALLBACKS == 1
1829:Drivers/STM32F2xx_HAL_Driver/Src/stm32f2xx_hal_can.c ****           /* Call registered callback*/
ARM GAS  /var/folders/8x/_y6g3dfs0698dfd49y4vcg_w0000gn/T//ccYyxujy.s 			page 93


1830:Drivers/STM32F2xx_HAL_Driver/Src/stm32f2xx_hal_can.c ****           hcan->TxMailbox2AbortCallback(hcan);
1831:Drivers/STM32F2xx_HAL_Driver/Src/stm32f2xx_hal_can.c **** #else
1832:Drivers/STM32F2xx_HAL_Driver/Src/stm32f2xx_hal_can.c ****           /* Call weak (surcharged) callback */
1833:Drivers/STM32F2xx_HAL_Driver/Src/stm32f2xx_hal_can.c ****           HAL_CAN_TxMailbox2AbortCallback(hcan);
1834:Drivers/STM32F2xx_HAL_Driver/Src/stm32f2xx_hal_can.c **** #endif /* USE_HAL_CAN_REGISTER_CALLBACKS */
1835:Drivers/STM32F2xx_HAL_Driver/Src/stm32f2xx_hal_can.c ****         }
1836:Drivers/STM32F2xx_HAL_Driver/Src/stm32f2xx_hal_can.c ****       }
1837:Drivers/STM32F2xx_HAL_Driver/Src/stm32f2xx_hal_can.c ****     }
1838:Drivers/STM32F2xx_HAL_Driver/Src/stm32f2xx_hal_can.c ****   }
1839:Drivers/STM32F2xx_HAL_Driver/Src/stm32f2xx_hal_can.c **** 
1840:Drivers/STM32F2xx_HAL_Driver/Src/stm32f2xx_hal_can.c ****   /* Receive FIFO 0 overrun interrupt management *****************************/
1841:Drivers/STM32F2xx_HAL_Driver/Src/stm32f2xx_hal_can.c ****   if ((interrupts & CAN_IT_RX_FIFO0_OVERRUN) != 0U)
1842:Drivers/STM32F2xx_HAL_Driver/Src/stm32f2xx_hal_can.c ****   {
1843:Drivers/STM32F2xx_HAL_Driver/Src/stm32f2xx_hal_can.c ****     if ((rf0rflags & CAN_RF0R_FOVR0) != 0U)
1844:Drivers/STM32F2xx_HAL_Driver/Src/stm32f2xx_hal_can.c ****     {
1845:Drivers/STM32F2xx_HAL_Driver/Src/stm32f2xx_hal_can.c ****       /* Set CAN error code to Rx Fifo 0 overrun error */
1846:Drivers/STM32F2xx_HAL_Driver/Src/stm32f2xx_hal_can.c ****       errorcode |= HAL_CAN_ERROR_RX_FOV0;
1847:Drivers/STM32F2xx_HAL_Driver/Src/stm32f2xx_hal_can.c **** 
1848:Drivers/STM32F2xx_HAL_Driver/Src/stm32f2xx_hal_can.c ****       /* Clear FIFO0 Overrun Flag */
1849:Drivers/STM32F2xx_HAL_Driver/Src/stm32f2xx_hal_can.c ****       __HAL_CAN_CLEAR_FLAG(hcan, CAN_FLAG_FOV0);
1850:Drivers/STM32F2xx_HAL_Driver/Src/stm32f2xx_hal_can.c ****     }
1851:Drivers/STM32F2xx_HAL_Driver/Src/stm32f2xx_hal_can.c ****   }
1852:Drivers/STM32F2xx_HAL_Driver/Src/stm32f2xx_hal_can.c **** 
1853:Drivers/STM32F2xx_HAL_Driver/Src/stm32f2xx_hal_can.c ****   /* Receive FIFO 0 full interrupt management ********************************/
1854:Drivers/STM32F2xx_HAL_Driver/Src/stm32f2xx_hal_can.c ****   if ((interrupts & CAN_IT_RX_FIFO0_FULL) != 0U)
1855:Drivers/STM32F2xx_HAL_Driver/Src/stm32f2xx_hal_can.c ****   {
1856:Drivers/STM32F2xx_HAL_Driver/Src/stm32f2xx_hal_can.c ****     if ((rf0rflags & CAN_RF0R_FULL0) != 0U)
1857:Drivers/STM32F2xx_HAL_Driver/Src/stm32f2xx_hal_can.c ****     {
1858:Drivers/STM32F2xx_HAL_Driver/Src/stm32f2xx_hal_can.c ****       /* Clear FIFO 0 full Flag */
1859:Drivers/STM32F2xx_HAL_Driver/Src/stm32f2xx_hal_can.c ****       __HAL_CAN_CLEAR_FLAG(hcan, CAN_FLAG_FF0);
1860:Drivers/STM32F2xx_HAL_Driver/Src/stm32f2xx_hal_can.c **** 
1861:Drivers/STM32F2xx_HAL_Driver/Src/stm32f2xx_hal_can.c ****       /* Receive FIFO 0 full Callback */
1862:Drivers/STM32F2xx_HAL_Driver/Src/stm32f2xx_hal_can.c **** #if USE_HAL_CAN_REGISTER_CALLBACKS == 1
1863:Drivers/STM32F2xx_HAL_Driver/Src/stm32f2xx_hal_can.c ****       /* Call registered callback*/
1864:Drivers/STM32F2xx_HAL_Driver/Src/stm32f2xx_hal_can.c ****       hcan->RxFifo0FullCallback(hcan);
1865:Drivers/STM32F2xx_HAL_Driver/Src/stm32f2xx_hal_can.c **** #else
1866:Drivers/STM32F2xx_HAL_Driver/Src/stm32f2xx_hal_can.c ****       /* Call weak (surcharged) callback */
1867:Drivers/STM32F2xx_HAL_Driver/Src/stm32f2xx_hal_can.c ****       HAL_CAN_RxFifo0FullCallback(hcan);
1868:Drivers/STM32F2xx_HAL_Driver/Src/stm32f2xx_hal_can.c **** #endif /* USE_HAL_CAN_REGISTER_CALLBACKS */
1869:Drivers/STM32F2xx_HAL_Driver/Src/stm32f2xx_hal_can.c ****     }
1870:Drivers/STM32F2xx_HAL_Driver/Src/stm32f2xx_hal_can.c ****   }
1871:Drivers/STM32F2xx_HAL_Driver/Src/stm32f2xx_hal_can.c **** 
1872:Drivers/STM32F2xx_HAL_Driver/Src/stm32f2xx_hal_can.c ****   /* Receive FIFO 0 message pending interrupt management *********************/
1873:Drivers/STM32F2xx_HAL_Driver/Src/stm32f2xx_hal_can.c ****   if ((interrupts & CAN_IT_RX_FIFO0_MSG_PENDING) != 0U)
1874:Drivers/STM32F2xx_HAL_Driver/Src/stm32f2xx_hal_can.c ****   {
1875:Drivers/STM32F2xx_HAL_Driver/Src/stm32f2xx_hal_can.c ****     /* Check if message is still pending */
1876:Drivers/STM32F2xx_HAL_Driver/Src/stm32f2xx_hal_can.c ****     if ((hcan->Instance->RF0R & CAN_RF0R_FMP0) != 0U)
1877:Drivers/STM32F2xx_HAL_Driver/Src/stm32f2xx_hal_can.c ****     {
1878:Drivers/STM32F2xx_HAL_Driver/Src/stm32f2xx_hal_can.c ****       /* Receive FIFO 0 message pending Callback */
1879:Drivers/STM32F2xx_HAL_Driver/Src/stm32f2xx_hal_can.c **** #if USE_HAL_CAN_REGISTER_CALLBACKS == 1
1880:Drivers/STM32F2xx_HAL_Driver/Src/stm32f2xx_hal_can.c ****       /* Call registered callback*/
1881:Drivers/STM32F2xx_HAL_Driver/Src/stm32f2xx_hal_can.c ****       hcan->RxFifo0MsgPendingCallback(hcan);
1882:Drivers/STM32F2xx_HAL_Driver/Src/stm32f2xx_hal_can.c **** #else
1883:Drivers/STM32F2xx_HAL_Driver/Src/stm32f2xx_hal_can.c ****       /* Call weak (surcharged) callback */
1884:Drivers/STM32F2xx_HAL_Driver/Src/stm32f2xx_hal_can.c ****       HAL_CAN_RxFifo0MsgPendingCallback(hcan);
1885:Drivers/STM32F2xx_HAL_Driver/Src/stm32f2xx_hal_can.c **** #endif /* USE_HAL_CAN_REGISTER_CALLBACKS */
1886:Drivers/STM32F2xx_HAL_Driver/Src/stm32f2xx_hal_can.c ****     }
ARM GAS  /var/folders/8x/_y6g3dfs0698dfd49y4vcg_w0000gn/T//ccYyxujy.s 			page 94


1887:Drivers/STM32F2xx_HAL_Driver/Src/stm32f2xx_hal_can.c ****   }
1888:Drivers/STM32F2xx_HAL_Driver/Src/stm32f2xx_hal_can.c **** 
1889:Drivers/STM32F2xx_HAL_Driver/Src/stm32f2xx_hal_can.c ****   /* Receive FIFO 1 overrun interrupt management *****************************/
1890:Drivers/STM32F2xx_HAL_Driver/Src/stm32f2xx_hal_can.c ****   if ((interrupts & CAN_IT_RX_FIFO1_OVERRUN) != 0U)
1891:Drivers/STM32F2xx_HAL_Driver/Src/stm32f2xx_hal_can.c ****   {
1892:Drivers/STM32F2xx_HAL_Driver/Src/stm32f2xx_hal_can.c ****     if ((rf1rflags & CAN_RF1R_FOVR1) != 0U)
1893:Drivers/STM32F2xx_HAL_Driver/Src/stm32f2xx_hal_can.c ****     {
1894:Drivers/STM32F2xx_HAL_Driver/Src/stm32f2xx_hal_can.c ****       /* Set CAN error code to Rx Fifo 1 overrun error */
1895:Drivers/STM32F2xx_HAL_Driver/Src/stm32f2xx_hal_can.c ****       errorcode |= HAL_CAN_ERROR_RX_FOV1;
1896:Drivers/STM32F2xx_HAL_Driver/Src/stm32f2xx_hal_can.c **** 
1897:Drivers/STM32F2xx_HAL_Driver/Src/stm32f2xx_hal_can.c ****       /* Clear FIFO1 Overrun Flag */
1898:Drivers/STM32F2xx_HAL_Driver/Src/stm32f2xx_hal_can.c ****       __HAL_CAN_CLEAR_FLAG(hcan, CAN_FLAG_FOV1);
1899:Drivers/STM32F2xx_HAL_Driver/Src/stm32f2xx_hal_can.c ****     }
1900:Drivers/STM32F2xx_HAL_Driver/Src/stm32f2xx_hal_can.c ****   }
1901:Drivers/STM32F2xx_HAL_Driver/Src/stm32f2xx_hal_can.c **** 
1902:Drivers/STM32F2xx_HAL_Driver/Src/stm32f2xx_hal_can.c ****   /* Receive FIFO 1 full interrupt management ********************************/
1903:Drivers/STM32F2xx_HAL_Driver/Src/stm32f2xx_hal_can.c ****   if ((interrupts & CAN_IT_RX_FIFO1_FULL) != 0U)
1904:Drivers/STM32F2xx_HAL_Driver/Src/stm32f2xx_hal_can.c ****   {
1905:Drivers/STM32F2xx_HAL_Driver/Src/stm32f2xx_hal_can.c ****     if ((rf1rflags & CAN_RF1R_FULL1) != 0U)
1906:Drivers/STM32F2xx_HAL_Driver/Src/stm32f2xx_hal_can.c ****     {
1907:Drivers/STM32F2xx_HAL_Driver/Src/stm32f2xx_hal_can.c ****       /* Clear FIFO 1 full Flag */
1908:Drivers/STM32F2xx_HAL_Driver/Src/stm32f2xx_hal_can.c ****       __HAL_CAN_CLEAR_FLAG(hcan, CAN_FLAG_FF1);
1909:Drivers/STM32F2xx_HAL_Driver/Src/stm32f2xx_hal_can.c **** 
1910:Drivers/STM32F2xx_HAL_Driver/Src/stm32f2xx_hal_can.c ****       /* Receive FIFO 1 full Callback */
1911:Drivers/STM32F2xx_HAL_Driver/Src/stm32f2xx_hal_can.c **** #if USE_HAL_CAN_REGISTER_CALLBACKS == 1
1912:Drivers/STM32F2xx_HAL_Driver/Src/stm32f2xx_hal_can.c ****       /* Call registered callback*/
1913:Drivers/STM32F2xx_HAL_Driver/Src/stm32f2xx_hal_can.c ****       hcan->RxFifo1FullCallback(hcan);
1914:Drivers/STM32F2xx_HAL_Driver/Src/stm32f2xx_hal_can.c **** #else
1915:Drivers/STM32F2xx_HAL_Driver/Src/stm32f2xx_hal_can.c ****       /* Call weak (surcharged) callback */
1916:Drivers/STM32F2xx_HAL_Driver/Src/stm32f2xx_hal_can.c ****       HAL_CAN_RxFifo1FullCallback(hcan);
1917:Drivers/STM32F2xx_HAL_Driver/Src/stm32f2xx_hal_can.c **** #endif /* USE_HAL_CAN_REGISTER_CALLBACKS */
1918:Drivers/STM32F2xx_HAL_Driver/Src/stm32f2xx_hal_can.c ****     }
1919:Drivers/STM32F2xx_HAL_Driver/Src/stm32f2xx_hal_can.c ****   }
1920:Drivers/STM32F2xx_HAL_Driver/Src/stm32f2xx_hal_can.c **** 
1921:Drivers/STM32F2xx_HAL_Driver/Src/stm32f2xx_hal_can.c ****   /* Receive FIFO 1 message pending interrupt management *********************/
1922:Drivers/STM32F2xx_HAL_Driver/Src/stm32f2xx_hal_can.c ****   if ((interrupts & CAN_IT_RX_FIFO1_MSG_PENDING) != 0U)
1923:Drivers/STM32F2xx_HAL_Driver/Src/stm32f2xx_hal_can.c ****   {
1924:Drivers/STM32F2xx_HAL_Driver/Src/stm32f2xx_hal_can.c ****     /* Check if message is still pending */
1925:Drivers/STM32F2xx_HAL_Driver/Src/stm32f2xx_hal_can.c ****     if ((hcan->Instance->RF1R & CAN_RF1R_FMP1) != 0U)
1926:Drivers/STM32F2xx_HAL_Driver/Src/stm32f2xx_hal_can.c ****     {
1927:Drivers/STM32F2xx_HAL_Driver/Src/stm32f2xx_hal_can.c ****       /* Receive FIFO 1 message pending Callback */
1928:Drivers/STM32F2xx_HAL_Driver/Src/stm32f2xx_hal_can.c **** #if USE_HAL_CAN_REGISTER_CALLBACKS == 1
1929:Drivers/STM32F2xx_HAL_Driver/Src/stm32f2xx_hal_can.c ****       /* Call registered callback*/
1930:Drivers/STM32F2xx_HAL_Driver/Src/stm32f2xx_hal_can.c ****       hcan->RxFifo1MsgPendingCallback(hcan);
1931:Drivers/STM32F2xx_HAL_Driver/Src/stm32f2xx_hal_can.c **** #else
1932:Drivers/STM32F2xx_HAL_Driver/Src/stm32f2xx_hal_can.c ****       /* Call weak (surcharged) callback */
1933:Drivers/STM32F2xx_HAL_Driver/Src/stm32f2xx_hal_can.c ****       HAL_CAN_RxFifo1MsgPendingCallback(hcan);
1934:Drivers/STM32F2xx_HAL_Driver/Src/stm32f2xx_hal_can.c **** #endif /* USE_HAL_CAN_REGISTER_CALLBACKS */
1935:Drivers/STM32F2xx_HAL_Driver/Src/stm32f2xx_hal_can.c ****     }
1936:Drivers/STM32F2xx_HAL_Driver/Src/stm32f2xx_hal_can.c ****   }
1937:Drivers/STM32F2xx_HAL_Driver/Src/stm32f2xx_hal_can.c **** 
1938:Drivers/STM32F2xx_HAL_Driver/Src/stm32f2xx_hal_can.c ****   /* Sleep interrupt management *********************************************/
1939:Drivers/STM32F2xx_HAL_Driver/Src/stm32f2xx_hal_can.c ****   if ((interrupts & CAN_IT_SLEEP_ACK) != 0U)
1940:Drivers/STM32F2xx_HAL_Driver/Src/stm32f2xx_hal_can.c ****   {
1941:Drivers/STM32F2xx_HAL_Driver/Src/stm32f2xx_hal_can.c ****     if ((msrflags & CAN_MSR_SLAKI) != 0U)
1942:Drivers/STM32F2xx_HAL_Driver/Src/stm32f2xx_hal_can.c ****     {
1943:Drivers/STM32F2xx_HAL_Driver/Src/stm32f2xx_hal_can.c ****       /* Clear Sleep interrupt Flag */
ARM GAS  /var/folders/8x/_y6g3dfs0698dfd49y4vcg_w0000gn/T//ccYyxujy.s 			page 95


1944:Drivers/STM32F2xx_HAL_Driver/Src/stm32f2xx_hal_can.c ****       __HAL_CAN_CLEAR_FLAG(hcan, CAN_FLAG_SLAKI);
1945:Drivers/STM32F2xx_HAL_Driver/Src/stm32f2xx_hal_can.c **** 
1946:Drivers/STM32F2xx_HAL_Driver/Src/stm32f2xx_hal_can.c ****       /* Sleep Callback */
1947:Drivers/STM32F2xx_HAL_Driver/Src/stm32f2xx_hal_can.c **** #if USE_HAL_CAN_REGISTER_CALLBACKS == 1
1948:Drivers/STM32F2xx_HAL_Driver/Src/stm32f2xx_hal_can.c ****       /* Call registered callback*/
1949:Drivers/STM32F2xx_HAL_Driver/Src/stm32f2xx_hal_can.c ****       hcan->SleepCallback(hcan);
1950:Drivers/STM32F2xx_HAL_Driver/Src/stm32f2xx_hal_can.c **** #else
1951:Drivers/STM32F2xx_HAL_Driver/Src/stm32f2xx_hal_can.c ****       /* Call weak (surcharged) callback */
1952:Drivers/STM32F2xx_HAL_Driver/Src/stm32f2xx_hal_can.c ****       HAL_CAN_SleepCallback(hcan);
1953:Drivers/STM32F2xx_HAL_Driver/Src/stm32f2xx_hal_can.c **** #endif /* USE_HAL_CAN_REGISTER_CALLBACKS */
1954:Drivers/STM32F2xx_HAL_Driver/Src/stm32f2xx_hal_can.c ****     }
1955:Drivers/STM32F2xx_HAL_Driver/Src/stm32f2xx_hal_can.c ****   }
1956:Drivers/STM32F2xx_HAL_Driver/Src/stm32f2xx_hal_can.c **** 
1957:Drivers/STM32F2xx_HAL_Driver/Src/stm32f2xx_hal_can.c ****   /* WakeUp interrupt management *********************************************/
1958:Drivers/STM32F2xx_HAL_Driver/Src/stm32f2xx_hal_can.c ****   if ((interrupts & CAN_IT_WAKEUP) != 0U)
1959:Drivers/STM32F2xx_HAL_Driver/Src/stm32f2xx_hal_can.c ****   {
1960:Drivers/STM32F2xx_HAL_Driver/Src/stm32f2xx_hal_can.c ****     if ((msrflags & CAN_MSR_WKUI) != 0U)
1961:Drivers/STM32F2xx_HAL_Driver/Src/stm32f2xx_hal_can.c ****     {
1962:Drivers/STM32F2xx_HAL_Driver/Src/stm32f2xx_hal_can.c ****       /* Clear WakeUp Flag */
1963:Drivers/STM32F2xx_HAL_Driver/Src/stm32f2xx_hal_can.c ****       __HAL_CAN_CLEAR_FLAG(hcan, CAN_FLAG_WKU);
1964:Drivers/STM32F2xx_HAL_Driver/Src/stm32f2xx_hal_can.c **** 
1965:Drivers/STM32F2xx_HAL_Driver/Src/stm32f2xx_hal_can.c ****       /* WakeUp Callback */
1966:Drivers/STM32F2xx_HAL_Driver/Src/stm32f2xx_hal_can.c **** #if USE_HAL_CAN_REGISTER_CALLBACKS == 1
1967:Drivers/STM32F2xx_HAL_Driver/Src/stm32f2xx_hal_can.c ****       /* Call registered callback*/
1968:Drivers/STM32F2xx_HAL_Driver/Src/stm32f2xx_hal_can.c ****       hcan->WakeUpFromRxMsgCallback(hcan);
1969:Drivers/STM32F2xx_HAL_Driver/Src/stm32f2xx_hal_can.c **** #else
1970:Drivers/STM32F2xx_HAL_Driver/Src/stm32f2xx_hal_can.c ****       /* Call weak (surcharged) callback */
1971:Drivers/STM32F2xx_HAL_Driver/Src/stm32f2xx_hal_can.c ****       HAL_CAN_WakeUpFromRxMsgCallback(hcan);
1972:Drivers/STM32F2xx_HAL_Driver/Src/stm32f2xx_hal_can.c **** #endif /* USE_HAL_CAN_REGISTER_CALLBACKS */
1973:Drivers/STM32F2xx_HAL_Driver/Src/stm32f2xx_hal_can.c ****     }
1974:Drivers/STM32F2xx_HAL_Driver/Src/stm32f2xx_hal_can.c ****   }
1975:Drivers/STM32F2xx_HAL_Driver/Src/stm32f2xx_hal_can.c **** 
1976:Drivers/STM32F2xx_HAL_Driver/Src/stm32f2xx_hal_can.c ****   /* Error interrupts management *********************************************/
1977:Drivers/STM32F2xx_HAL_Driver/Src/stm32f2xx_hal_can.c ****   if ((interrupts & CAN_IT_ERROR) != 0U)
1978:Drivers/STM32F2xx_HAL_Driver/Src/stm32f2xx_hal_can.c ****   {
1979:Drivers/STM32F2xx_HAL_Driver/Src/stm32f2xx_hal_can.c ****     if ((msrflags & CAN_MSR_ERRI) != 0U)
1980:Drivers/STM32F2xx_HAL_Driver/Src/stm32f2xx_hal_can.c ****     {
1981:Drivers/STM32F2xx_HAL_Driver/Src/stm32f2xx_hal_can.c ****       /* Check Error Warning Flag */
1982:Drivers/STM32F2xx_HAL_Driver/Src/stm32f2xx_hal_can.c ****       if (((interrupts & CAN_IT_ERROR_WARNING) != 0U) &&
1983:Drivers/STM32F2xx_HAL_Driver/Src/stm32f2xx_hal_can.c ****           ((esrflags & CAN_ESR_EWGF) != 0U))
1984:Drivers/STM32F2xx_HAL_Driver/Src/stm32f2xx_hal_can.c ****       {
1985:Drivers/STM32F2xx_HAL_Driver/Src/stm32f2xx_hal_can.c ****         /* Set CAN error code to Error Warning */
1986:Drivers/STM32F2xx_HAL_Driver/Src/stm32f2xx_hal_can.c ****         errorcode |= HAL_CAN_ERROR_EWG;
1987:Drivers/STM32F2xx_HAL_Driver/Src/stm32f2xx_hal_can.c **** 
1988:Drivers/STM32F2xx_HAL_Driver/Src/stm32f2xx_hal_can.c ****         /* No need for clear of Error Warning Flag as read-only */
1989:Drivers/STM32F2xx_HAL_Driver/Src/stm32f2xx_hal_can.c ****       }
1990:Drivers/STM32F2xx_HAL_Driver/Src/stm32f2xx_hal_can.c **** 
1991:Drivers/STM32F2xx_HAL_Driver/Src/stm32f2xx_hal_can.c ****       /* Check Error Passive Flag */
1992:Drivers/STM32F2xx_HAL_Driver/Src/stm32f2xx_hal_can.c ****       if (((interrupts & CAN_IT_ERROR_PASSIVE) != 0U) &&
1993:Drivers/STM32F2xx_HAL_Driver/Src/stm32f2xx_hal_can.c ****           ((esrflags & CAN_ESR_EPVF) != 0U))
1994:Drivers/STM32F2xx_HAL_Driver/Src/stm32f2xx_hal_can.c ****       {
1995:Drivers/STM32F2xx_HAL_Driver/Src/stm32f2xx_hal_can.c ****         /* Set CAN error code to Error Passive */
1996:Drivers/STM32F2xx_HAL_Driver/Src/stm32f2xx_hal_can.c ****         errorcode |= HAL_CAN_ERROR_EPV;
1997:Drivers/STM32F2xx_HAL_Driver/Src/stm32f2xx_hal_can.c **** 
1998:Drivers/STM32F2xx_HAL_Driver/Src/stm32f2xx_hal_can.c ****         /* No need for clear of Error Passive Flag as read-only */
1999:Drivers/STM32F2xx_HAL_Driver/Src/stm32f2xx_hal_can.c ****       }
2000:Drivers/STM32F2xx_HAL_Driver/Src/stm32f2xx_hal_can.c **** 
ARM GAS  /var/folders/8x/_y6g3dfs0698dfd49y4vcg_w0000gn/T//ccYyxujy.s 			page 96


2001:Drivers/STM32F2xx_HAL_Driver/Src/stm32f2xx_hal_can.c ****       /* Check Bus-off Flag */
2002:Drivers/STM32F2xx_HAL_Driver/Src/stm32f2xx_hal_can.c ****       if (((interrupts & CAN_IT_BUSOFF) != 0U) &&
2003:Drivers/STM32F2xx_HAL_Driver/Src/stm32f2xx_hal_can.c ****           ((esrflags & CAN_ESR_BOFF) != 0U))
2004:Drivers/STM32F2xx_HAL_Driver/Src/stm32f2xx_hal_can.c ****       {
2005:Drivers/STM32F2xx_HAL_Driver/Src/stm32f2xx_hal_can.c ****         /* Set CAN error code to Bus-Off */
2006:Drivers/STM32F2xx_HAL_Driver/Src/stm32f2xx_hal_can.c ****         errorcode |= HAL_CAN_ERROR_BOF;
2007:Drivers/STM32F2xx_HAL_Driver/Src/stm32f2xx_hal_can.c **** 
2008:Drivers/STM32F2xx_HAL_Driver/Src/stm32f2xx_hal_can.c ****         /* No need for clear of Error Bus-Off as read-only */
2009:Drivers/STM32F2xx_HAL_Driver/Src/stm32f2xx_hal_can.c ****       }
2010:Drivers/STM32F2xx_HAL_Driver/Src/stm32f2xx_hal_can.c **** 
2011:Drivers/STM32F2xx_HAL_Driver/Src/stm32f2xx_hal_can.c ****       /* Check Last Error Code Flag */
2012:Drivers/STM32F2xx_HAL_Driver/Src/stm32f2xx_hal_can.c ****       if (((interrupts & CAN_IT_LAST_ERROR_CODE) != 0U) &&
2013:Drivers/STM32F2xx_HAL_Driver/Src/stm32f2xx_hal_can.c ****           ((esrflags & CAN_ESR_LEC) != 0U))
2014:Drivers/STM32F2xx_HAL_Driver/Src/stm32f2xx_hal_can.c ****       {
2015:Drivers/STM32F2xx_HAL_Driver/Src/stm32f2xx_hal_can.c ****         switch (esrflags & CAN_ESR_LEC)
2016:Drivers/STM32F2xx_HAL_Driver/Src/stm32f2xx_hal_can.c ****         {
2017:Drivers/STM32F2xx_HAL_Driver/Src/stm32f2xx_hal_can.c ****           case (CAN_ESR_LEC_0):
2018:Drivers/STM32F2xx_HAL_Driver/Src/stm32f2xx_hal_can.c ****             /* Set CAN error code to Stuff error */
2019:Drivers/STM32F2xx_HAL_Driver/Src/stm32f2xx_hal_can.c ****             errorcode |= HAL_CAN_ERROR_STF;
2020:Drivers/STM32F2xx_HAL_Driver/Src/stm32f2xx_hal_can.c ****             break;
2021:Drivers/STM32F2xx_HAL_Driver/Src/stm32f2xx_hal_can.c ****           case (CAN_ESR_LEC_1):
2022:Drivers/STM32F2xx_HAL_Driver/Src/stm32f2xx_hal_can.c ****             /* Set CAN error code to Form error */
2023:Drivers/STM32F2xx_HAL_Driver/Src/stm32f2xx_hal_can.c ****             errorcode |= HAL_CAN_ERROR_FOR;
2024:Drivers/STM32F2xx_HAL_Driver/Src/stm32f2xx_hal_can.c ****             break;
2025:Drivers/STM32F2xx_HAL_Driver/Src/stm32f2xx_hal_can.c ****           case (CAN_ESR_LEC_1 | CAN_ESR_LEC_0):
2026:Drivers/STM32F2xx_HAL_Driver/Src/stm32f2xx_hal_can.c ****             /* Set CAN error code to Acknowledgement error */
2027:Drivers/STM32F2xx_HAL_Driver/Src/stm32f2xx_hal_can.c ****             errorcode |= HAL_CAN_ERROR_ACK;
2028:Drivers/STM32F2xx_HAL_Driver/Src/stm32f2xx_hal_can.c ****             break;
2029:Drivers/STM32F2xx_HAL_Driver/Src/stm32f2xx_hal_can.c ****           case (CAN_ESR_LEC_2):
2030:Drivers/STM32F2xx_HAL_Driver/Src/stm32f2xx_hal_can.c ****             /* Set CAN error code to Bit recessive error */
2031:Drivers/STM32F2xx_HAL_Driver/Src/stm32f2xx_hal_can.c ****             errorcode |= HAL_CAN_ERROR_BR;
2032:Drivers/STM32F2xx_HAL_Driver/Src/stm32f2xx_hal_can.c ****             break;
2033:Drivers/STM32F2xx_HAL_Driver/Src/stm32f2xx_hal_can.c ****           case (CAN_ESR_LEC_2 | CAN_ESR_LEC_0):
2034:Drivers/STM32F2xx_HAL_Driver/Src/stm32f2xx_hal_can.c ****             /* Set CAN error code to Bit Dominant error */
2035:Drivers/STM32F2xx_HAL_Driver/Src/stm32f2xx_hal_can.c ****             errorcode |= HAL_CAN_ERROR_BD;
2036:Drivers/STM32F2xx_HAL_Driver/Src/stm32f2xx_hal_can.c ****             break;
2037:Drivers/STM32F2xx_HAL_Driver/Src/stm32f2xx_hal_can.c ****           case (CAN_ESR_LEC_2 | CAN_ESR_LEC_1):
2038:Drivers/STM32F2xx_HAL_Driver/Src/stm32f2xx_hal_can.c ****             /* Set CAN error code to CRC error */
2039:Drivers/STM32F2xx_HAL_Driver/Src/stm32f2xx_hal_can.c ****             errorcode |= HAL_CAN_ERROR_CRC;
2040:Drivers/STM32F2xx_HAL_Driver/Src/stm32f2xx_hal_can.c ****             break;
2041:Drivers/STM32F2xx_HAL_Driver/Src/stm32f2xx_hal_can.c ****           default:
2042:Drivers/STM32F2xx_HAL_Driver/Src/stm32f2xx_hal_can.c ****             break;
2043:Drivers/STM32F2xx_HAL_Driver/Src/stm32f2xx_hal_can.c ****         }
2044:Drivers/STM32F2xx_HAL_Driver/Src/stm32f2xx_hal_can.c **** 
2045:Drivers/STM32F2xx_HAL_Driver/Src/stm32f2xx_hal_can.c ****         /* Clear Last error code Flag */
2046:Drivers/STM32F2xx_HAL_Driver/Src/stm32f2xx_hal_can.c ****         CLEAR_BIT(hcan->Instance->ESR, CAN_ESR_LEC);
2047:Drivers/STM32F2xx_HAL_Driver/Src/stm32f2xx_hal_can.c ****       }
2048:Drivers/STM32F2xx_HAL_Driver/Src/stm32f2xx_hal_can.c ****     }
2049:Drivers/STM32F2xx_HAL_Driver/Src/stm32f2xx_hal_can.c **** 
2050:Drivers/STM32F2xx_HAL_Driver/Src/stm32f2xx_hal_can.c ****     /* Clear ERRI Flag */
2051:Drivers/STM32F2xx_HAL_Driver/Src/stm32f2xx_hal_can.c ****     __HAL_CAN_CLEAR_FLAG(hcan, CAN_FLAG_ERRI);
2052:Drivers/STM32F2xx_HAL_Driver/Src/stm32f2xx_hal_can.c ****   }
2053:Drivers/STM32F2xx_HAL_Driver/Src/stm32f2xx_hal_can.c **** 
2054:Drivers/STM32F2xx_HAL_Driver/Src/stm32f2xx_hal_can.c ****   /* Call the Error call Back in case of Errors */
2055:Drivers/STM32F2xx_HAL_Driver/Src/stm32f2xx_hal_can.c ****   if (errorcode != HAL_CAN_ERROR_NONE)
2056:Drivers/STM32F2xx_HAL_Driver/Src/stm32f2xx_hal_can.c ****   {
2057:Drivers/STM32F2xx_HAL_Driver/Src/stm32f2xx_hal_can.c ****     /* Update error code in handle */
ARM GAS  /var/folders/8x/_y6g3dfs0698dfd49y4vcg_w0000gn/T//ccYyxujy.s 			page 97


2058:Drivers/STM32F2xx_HAL_Driver/Src/stm32f2xx_hal_can.c ****     hcan->ErrorCode |= errorcode;
2059:Drivers/STM32F2xx_HAL_Driver/Src/stm32f2xx_hal_can.c **** 
2060:Drivers/STM32F2xx_HAL_Driver/Src/stm32f2xx_hal_can.c ****     /* Call Error callback function */
2061:Drivers/STM32F2xx_HAL_Driver/Src/stm32f2xx_hal_can.c **** #if USE_HAL_CAN_REGISTER_CALLBACKS == 1
2062:Drivers/STM32F2xx_HAL_Driver/Src/stm32f2xx_hal_can.c ****     /* Call registered callback*/
2063:Drivers/STM32F2xx_HAL_Driver/Src/stm32f2xx_hal_can.c ****     hcan->ErrorCallback(hcan);
2064:Drivers/STM32F2xx_HAL_Driver/Src/stm32f2xx_hal_can.c **** #else
2065:Drivers/STM32F2xx_HAL_Driver/Src/stm32f2xx_hal_can.c ****     /* Call weak (surcharged) callback */
2066:Drivers/STM32F2xx_HAL_Driver/Src/stm32f2xx_hal_can.c ****     HAL_CAN_ErrorCallback(hcan);
2067:Drivers/STM32F2xx_HAL_Driver/Src/stm32f2xx_hal_can.c **** #endif /* USE_HAL_CAN_REGISTER_CALLBACKS */
2068:Drivers/STM32F2xx_HAL_Driver/Src/stm32f2xx_hal_can.c ****   }
2069:Drivers/STM32F2xx_HAL_Driver/Src/stm32f2xx_hal_can.c **** }
2070:Drivers/STM32F2xx_HAL_Driver/Src/stm32f2xx_hal_can.c **** 
2071:Drivers/STM32F2xx_HAL_Driver/Src/stm32f2xx_hal_can.c **** /**
2072:Drivers/STM32F2xx_HAL_Driver/Src/stm32f2xx_hal_can.c ****   * @}
2073:Drivers/STM32F2xx_HAL_Driver/Src/stm32f2xx_hal_can.c ****   */
2074:Drivers/STM32F2xx_HAL_Driver/Src/stm32f2xx_hal_can.c **** 
2075:Drivers/STM32F2xx_HAL_Driver/Src/stm32f2xx_hal_can.c **** /** @defgroup CAN_Exported_Functions_Group5 Callback functions
2076:Drivers/STM32F2xx_HAL_Driver/Src/stm32f2xx_hal_can.c ****   * @brief   CAN Callback functions
2077:Drivers/STM32F2xx_HAL_Driver/Src/stm32f2xx_hal_can.c ****   *
2078:Drivers/STM32F2xx_HAL_Driver/Src/stm32f2xx_hal_can.c **** @verbatim
2079:Drivers/STM32F2xx_HAL_Driver/Src/stm32f2xx_hal_can.c ****   ==============================================================================
2080:Drivers/STM32F2xx_HAL_Driver/Src/stm32f2xx_hal_can.c ****                           ##### Callback functions #####
2081:Drivers/STM32F2xx_HAL_Driver/Src/stm32f2xx_hal_can.c ****   ==============================================================================
2082:Drivers/STM32F2xx_HAL_Driver/Src/stm32f2xx_hal_can.c ****     [..]
2083:Drivers/STM32F2xx_HAL_Driver/Src/stm32f2xx_hal_can.c ****     This subsection provides the following callback functions:
2084:Drivers/STM32F2xx_HAL_Driver/Src/stm32f2xx_hal_can.c ****       (+) HAL_CAN_TxMailbox0CompleteCallback
2085:Drivers/STM32F2xx_HAL_Driver/Src/stm32f2xx_hal_can.c ****       (+) HAL_CAN_TxMailbox1CompleteCallback
2086:Drivers/STM32F2xx_HAL_Driver/Src/stm32f2xx_hal_can.c ****       (+) HAL_CAN_TxMailbox2CompleteCallback
2087:Drivers/STM32F2xx_HAL_Driver/Src/stm32f2xx_hal_can.c ****       (+) HAL_CAN_TxMailbox0AbortCallback
2088:Drivers/STM32F2xx_HAL_Driver/Src/stm32f2xx_hal_can.c ****       (+) HAL_CAN_TxMailbox1AbortCallback
2089:Drivers/STM32F2xx_HAL_Driver/Src/stm32f2xx_hal_can.c ****       (+) HAL_CAN_TxMailbox2AbortCallback
2090:Drivers/STM32F2xx_HAL_Driver/Src/stm32f2xx_hal_can.c ****       (+) HAL_CAN_RxFifo0MsgPendingCallback
2091:Drivers/STM32F2xx_HAL_Driver/Src/stm32f2xx_hal_can.c ****       (+) HAL_CAN_RxFifo0FullCallback
2092:Drivers/STM32F2xx_HAL_Driver/Src/stm32f2xx_hal_can.c ****       (+) HAL_CAN_RxFifo1MsgPendingCallback
2093:Drivers/STM32F2xx_HAL_Driver/Src/stm32f2xx_hal_can.c ****       (+) HAL_CAN_RxFifo1FullCallback
2094:Drivers/STM32F2xx_HAL_Driver/Src/stm32f2xx_hal_can.c ****       (+) HAL_CAN_SleepCallback
2095:Drivers/STM32F2xx_HAL_Driver/Src/stm32f2xx_hal_can.c ****       (+) HAL_CAN_WakeUpFromRxMsgCallback
2096:Drivers/STM32F2xx_HAL_Driver/Src/stm32f2xx_hal_can.c ****       (+) HAL_CAN_ErrorCallback
2097:Drivers/STM32F2xx_HAL_Driver/Src/stm32f2xx_hal_can.c **** 
2098:Drivers/STM32F2xx_HAL_Driver/Src/stm32f2xx_hal_can.c **** @endverbatim
2099:Drivers/STM32F2xx_HAL_Driver/Src/stm32f2xx_hal_can.c ****   * @{
2100:Drivers/STM32F2xx_HAL_Driver/Src/stm32f2xx_hal_can.c ****   */
2101:Drivers/STM32F2xx_HAL_Driver/Src/stm32f2xx_hal_can.c **** 
2102:Drivers/STM32F2xx_HAL_Driver/Src/stm32f2xx_hal_can.c **** /**
2103:Drivers/STM32F2xx_HAL_Driver/Src/stm32f2xx_hal_can.c ****   * @brief  Transmission Mailbox 0 complete callback.
2104:Drivers/STM32F2xx_HAL_Driver/Src/stm32f2xx_hal_can.c ****   * @param  hcan pointer to a CAN_HandleTypeDef structure that contains
2105:Drivers/STM32F2xx_HAL_Driver/Src/stm32f2xx_hal_can.c ****   *         the configuration information for the specified CAN.
2106:Drivers/STM32F2xx_HAL_Driver/Src/stm32f2xx_hal_can.c ****   * @retval None
2107:Drivers/STM32F2xx_HAL_Driver/Src/stm32f2xx_hal_can.c ****   */
2108:Drivers/STM32F2xx_HAL_Driver/Src/stm32f2xx_hal_can.c **** __weak void HAL_CAN_TxMailbox0CompleteCallback(CAN_HandleTypeDef *hcan)
2109:Drivers/STM32F2xx_HAL_Driver/Src/stm32f2xx_hal_can.c **** {
 2115              		.loc 1 2109 1 is_stmt 1 view -0
 2116              		.cfi_startproc
 2117              		@ args = 0, pretend = 0, frame = 0
 2118              		@ frame_needed = 0, uses_anonymous_args = 0
 2119              		@ link register save eliminated.
ARM GAS  /var/folders/8x/_y6g3dfs0698dfd49y4vcg_w0000gn/T//ccYyxujy.s 			page 98


2110:Drivers/STM32F2xx_HAL_Driver/Src/stm32f2xx_hal_can.c ****   /* Prevent unused argument(s) compilation warning */
2111:Drivers/STM32F2xx_HAL_Driver/Src/stm32f2xx_hal_can.c ****   UNUSED(hcan);
 2120              		.loc 1 2111 3 view .LVU708
2112:Drivers/STM32F2xx_HAL_Driver/Src/stm32f2xx_hal_can.c **** 
2113:Drivers/STM32F2xx_HAL_Driver/Src/stm32f2xx_hal_can.c ****   /* NOTE : This function Should not be modified, when the callback is needed,
2114:Drivers/STM32F2xx_HAL_Driver/Src/stm32f2xx_hal_can.c ****             the HAL_CAN_TxMailbox0CompleteCallback could be implemented in the
2115:Drivers/STM32F2xx_HAL_Driver/Src/stm32f2xx_hal_can.c ****             user file
2116:Drivers/STM32F2xx_HAL_Driver/Src/stm32f2xx_hal_can.c ****    */
2117:Drivers/STM32F2xx_HAL_Driver/Src/stm32f2xx_hal_can.c **** }
 2121              		.loc 1 2117 1 is_stmt 0 view .LVU709
 2122 0000 7047     		bx	lr
 2123              		.cfi_endproc
 2124              	.LFE92:
 2126              		.section	.text.HAL_CAN_TxMailbox1CompleteCallback,"ax",%progbits
 2127              		.align	1
 2128              		.weak	HAL_CAN_TxMailbox1CompleteCallback
 2129              		.syntax unified
 2130              		.thumb
 2131              		.thumb_func
 2133              	HAL_CAN_TxMailbox1CompleteCallback:
 2134              	.LVL171:
 2135              	.LFB93:
2118:Drivers/STM32F2xx_HAL_Driver/Src/stm32f2xx_hal_can.c **** 
2119:Drivers/STM32F2xx_HAL_Driver/Src/stm32f2xx_hal_can.c **** /**
2120:Drivers/STM32F2xx_HAL_Driver/Src/stm32f2xx_hal_can.c ****   * @brief  Transmission Mailbox 1 complete callback.
2121:Drivers/STM32F2xx_HAL_Driver/Src/stm32f2xx_hal_can.c ****   * @param  hcan pointer to a CAN_HandleTypeDef structure that contains
2122:Drivers/STM32F2xx_HAL_Driver/Src/stm32f2xx_hal_can.c ****   *         the configuration information for the specified CAN.
2123:Drivers/STM32F2xx_HAL_Driver/Src/stm32f2xx_hal_can.c ****   * @retval None
2124:Drivers/STM32F2xx_HAL_Driver/Src/stm32f2xx_hal_can.c ****   */
2125:Drivers/STM32F2xx_HAL_Driver/Src/stm32f2xx_hal_can.c **** __weak void HAL_CAN_TxMailbox1CompleteCallback(CAN_HandleTypeDef *hcan)
2126:Drivers/STM32F2xx_HAL_Driver/Src/stm32f2xx_hal_can.c **** {
 2136              		.loc 1 2126 1 is_stmt 1 view -0
 2137              		.cfi_startproc
 2138              		@ args = 0, pretend = 0, frame = 0
 2139              		@ frame_needed = 0, uses_anonymous_args = 0
 2140              		@ link register save eliminated.
2127:Drivers/STM32F2xx_HAL_Driver/Src/stm32f2xx_hal_can.c ****   /* Prevent unused argument(s) compilation warning */
2128:Drivers/STM32F2xx_HAL_Driver/Src/stm32f2xx_hal_can.c ****   UNUSED(hcan);
 2141              		.loc 1 2128 3 view .LVU711
2129:Drivers/STM32F2xx_HAL_Driver/Src/stm32f2xx_hal_can.c **** 
2130:Drivers/STM32F2xx_HAL_Driver/Src/stm32f2xx_hal_can.c ****   /* NOTE : This function Should not be modified, when the callback is needed,
2131:Drivers/STM32F2xx_HAL_Driver/Src/stm32f2xx_hal_can.c ****             the HAL_CAN_TxMailbox1CompleteCallback could be implemented in the
2132:Drivers/STM32F2xx_HAL_Driver/Src/stm32f2xx_hal_can.c ****             user file
2133:Drivers/STM32F2xx_HAL_Driver/Src/stm32f2xx_hal_can.c ****    */
2134:Drivers/STM32F2xx_HAL_Driver/Src/stm32f2xx_hal_can.c **** }
 2142              		.loc 1 2134 1 is_stmt 0 view .LVU712
 2143 0000 7047     		bx	lr
 2144              		.cfi_endproc
 2145              	.LFE93:
 2147              		.section	.text.HAL_CAN_TxMailbox2CompleteCallback,"ax",%progbits
 2148              		.align	1
 2149              		.weak	HAL_CAN_TxMailbox2CompleteCallback
 2150              		.syntax unified
 2151              		.thumb
 2152              		.thumb_func
 2154              	HAL_CAN_TxMailbox2CompleteCallback:
 2155              	.LVL172:
ARM GAS  /var/folders/8x/_y6g3dfs0698dfd49y4vcg_w0000gn/T//ccYyxujy.s 			page 99


 2156              	.LFB94:
2135:Drivers/STM32F2xx_HAL_Driver/Src/stm32f2xx_hal_can.c **** 
2136:Drivers/STM32F2xx_HAL_Driver/Src/stm32f2xx_hal_can.c **** /**
2137:Drivers/STM32F2xx_HAL_Driver/Src/stm32f2xx_hal_can.c ****   * @brief  Transmission Mailbox 2 complete callback.
2138:Drivers/STM32F2xx_HAL_Driver/Src/stm32f2xx_hal_can.c ****   * @param  hcan pointer to a CAN_HandleTypeDef structure that contains
2139:Drivers/STM32F2xx_HAL_Driver/Src/stm32f2xx_hal_can.c ****   *         the configuration information for the specified CAN.
2140:Drivers/STM32F2xx_HAL_Driver/Src/stm32f2xx_hal_can.c ****   * @retval None
2141:Drivers/STM32F2xx_HAL_Driver/Src/stm32f2xx_hal_can.c ****   */
2142:Drivers/STM32F2xx_HAL_Driver/Src/stm32f2xx_hal_can.c **** __weak void HAL_CAN_TxMailbox2CompleteCallback(CAN_HandleTypeDef *hcan)
2143:Drivers/STM32F2xx_HAL_Driver/Src/stm32f2xx_hal_can.c **** {
 2157              		.loc 1 2143 1 is_stmt 1 view -0
 2158              		.cfi_startproc
 2159              		@ args = 0, pretend = 0, frame = 0
 2160              		@ frame_needed = 0, uses_anonymous_args = 0
 2161              		@ link register save eliminated.
2144:Drivers/STM32F2xx_HAL_Driver/Src/stm32f2xx_hal_can.c ****   /* Prevent unused argument(s) compilation warning */
2145:Drivers/STM32F2xx_HAL_Driver/Src/stm32f2xx_hal_can.c ****   UNUSED(hcan);
 2162              		.loc 1 2145 3 view .LVU714
2146:Drivers/STM32F2xx_HAL_Driver/Src/stm32f2xx_hal_can.c **** 
2147:Drivers/STM32F2xx_HAL_Driver/Src/stm32f2xx_hal_can.c ****   /* NOTE : This function Should not be modified, when the callback is needed,
2148:Drivers/STM32F2xx_HAL_Driver/Src/stm32f2xx_hal_can.c ****             the HAL_CAN_TxMailbox2CompleteCallback could be implemented in the
2149:Drivers/STM32F2xx_HAL_Driver/Src/stm32f2xx_hal_can.c ****             user file
2150:Drivers/STM32F2xx_HAL_Driver/Src/stm32f2xx_hal_can.c ****    */
2151:Drivers/STM32F2xx_HAL_Driver/Src/stm32f2xx_hal_can.c **** }
 2163              		.loc 1 2151 1 is_stmt 0 view .LVU715
 2164 0000 7047     		bx	lr
 2165              		.cfi_endproc
 2166              	.LFE94:
 2168              		.section	.text.HAL_CAN_TxMailbox0AbortCallback,"ax",%progbits
 2169              		.align	1
 2170              		.weak	HAL_CAN_TxMailbox0AbortCallback
 2171              		.syntax unified
 2172              		.thumb
 2173              		.thumb_func
 2175              	HAL_CAN_TxMailbox0AbortCallback:
 2176              	.LVL173:
 2177              	.LFB95:
2152:Drivers/STM32F2xx_HAL_Driver/Src/stm32f2xx_hal_can.c **** 
2153:Drivers/STM32F2xx_HAL_Driver/Src/stm32f2xx_hal_can.c **** /**
2154:Drivers/STM32F2xx_HAL_Driver/Src/stm32f2xx_hal_can.c ****   * @brief  Transmission Mailbox 0 Cancellation callback.
2155:Drivers/STM32F2xx_HAL_Driver/Src/stm32f2xx_hal_can.c ****   * @param  hcan pointer to an CAN_HandleTypeDef structure that contains
2156:Drivers/STM32F2xx_HAL_Driver/Src/stm32f2xx_hal_can.c ****   *         the configuration information for the specified CAN.
2157:Drivers/STM32F2xx_HAL_Driver/Src/stm32f2xx_hal_can.c ****   * @retval None
2158:Drivers/STM32F2xx_HAL_Driver/Src/stm32f2xx_hal_can.c ****   */
2159:Drivers/STM32F2xx_HAL_Driver/Src/stm32f2xx_hal_can.c **** __weak void HAL_CAN_TxMailbox0AbortCallback(CAN_HandleTypeDef *hcan)
2160:Drivers/STM32F2xx_HAL_Driver/Src/stm32f2xx_hal_can.c **** {
 2178              		.loc 1 2160 1 is_stmt 1 view -0
 2179              		.cfi_startproc
 2180              		@ args = 0, pretend = 0, frame = 0
 2181              		@ frame_needed = 0, uses_anonymous_args = 0
 2182              		@ link register save eliminated.
2161:Drivers/STM32F2xx_HAL_Driver/Src/stm32f2xx_hal_can.c ****   /* Prevent unused argument(s) compilation warning */
2162:Drivers/STM32F2xx_HAL_Driver/Src/stm32f2xx_hal_can.c ****   UNUSED(hcan);
 2183              		.loc 1 2162 3 view .LVU717
2163:Drivers/STM32F2xx_HAL_Driver/Src/stm32f2xx_hal_can.c **** 
2164:Drivers/STM32F2xx_HAL_Driver/Src/stm32f2xx_hal_can.c ****   /* NOTE : This function Should not be modified, when the callback is needed,
2165:Drivers/STM32F2xx_HAL_Driver/Src/stm32f2xx_hal_can.c ****             the HAL_CAN_TxMailbox0AbortCallback could be implemented in the
ARM GAS  /var/folders/8x/_y6g3dfs0698dfd49y4vcg_w0000gn/T//ccYyxujy.s 			page 100


2166:Drivers/STM32F2xx_HAL_Driver/Src/stm32f2xx_hal_can.c ****             user file
2167:Drivers/STM32F2xx_HAL_Driver/Src/stm32f2xx_hal_can.c ****    */
2168:Drivers/STM32F2xx_HAL_Driver/Src/stm32f2xx_hal_can.c **** }
 2184              		.loc 1 2168 1 is_stmt 0 view .LVU718
 2185 0000 7047     		bx	lr
 2186              		.cfi_endproc
 2187              	.LFE95:
 2189              		.section	.text.HAL_CAN_TxMailbox1AbortCallback,"ax",%progbits
 2190              		.align	1
 2191              		.weak	HAL_CAN_TxMailbox1AbortCallback
 2192              		.syntax unified
 2193              		.thumb
 2194              		.thumb_func
 2196              	HAL_CAN_TxMailbox1AbortCallback:
 2197              	.LVL174:
 2198              	.LFB96:
2169:Drivers/STM32F2xx_HAL_Driver/Src/stm32f2xx_hal_can.c **** 
2170:Drivers/STM32F2xx_HAL_Driver/Src/stm32f2xx_hal_can.c **** /**
2171:Drivers/STM32F2xx_HAL_Driver/Src/stm32f2xx_hal_can.c ****   * @brief  Transmission Mailbox 1 Cancellation callback.
2172:Drivers/STM32F2xx_HAL_Driver/Src/stm32f2xx_hal_can.c ****   * @param  hcan pointer to an CAN_HandleTypeDef structure that contains
2173:Drivers/STM32F2xx_HAL_Driver/Src/stm32f2xx_hal_can.c ****   *         the configuration information for the specified CAN.
2174:Drivers/STM32F2xx_HAL_Driver/Src/stm32f2xx_hal_can.c ****   * @retval None
2175:Drivers/STM32F2xx_HAL_Driver/Src/stm32f2xx_hal_can.c ****   */
2176:Drivers/STM32F2xx_HAL_Driver/Src/stm32f2xx_hal_can.c **** __weak void HAL_CAN_TxMailbox1AbortCallback(CAN_HandleTypeDef *hcan)
2177:Drivers/STM32F2xx_HAL_Driver/Src/stm32f2xx_hal_can.c **** {
 2199              		.loc 1 2177 1 is_stmt 1 view -0
 2200              		.cfi_startproc
 2201              		@ args = 0, pretend = 0, frame = 0
 2202              		@ frame_needed = 0, uses_anonymous_args = 0
 2203              		@ link register save eliminated.
2178:Drivers/STM32F2xx_HAL_Driver/Src/stm32f2xx_hal_can.c ****   /* Prevent unused argument(s) compilation warning */
2179:Drivers/STM32F2xx_HAL_Driver/Src/stm32f2xx_hal_can.c ****   UNUSED(hcan);
 2204              		.loc 1 2179 3 view .LVU720
2180:Drivers/STM32F2xx_HAL_Driver/Src/stm32f2xx_hal_can.c **** 
2181:Drivers/STM32F2xx_HAL_Driver/Src/stm32f2xx_hal_can.c ****   /* NOTE : This function Should not be modified, when the callback is needed,
2182:Drivers/STM32F2xx_HAL_Driver/Src/stm32f2xx_hal_can.c ****             the HAL_CAN_TxMailbox1AbortCallback could be implemented in the
2183:Drivers/STM32F2xx_HAL_Driver/Src/stm32f2xx_hal_can.c ****             user file
2184:Drivers/STM32F2xx_HAL_Driver/Src/stm32f2xx_hal_can.c ****    */
2185:Drivers/STM32F2xx_HAL_Driver/Src/stm32f2xx_hal_can.c **** }
 2205              		.loc 1 2185 1 is_stmt 0 view .LVU721
 2206 0000 7047     		bx	lr
 2207              		.cfi_endproc
 2208              	.LFE96:
 2210              		.section	.text.HAL_CAN_TxMailbox2AbortCallback,"ax",%progbits
 2211              		.align	1
 2212              		.weak	HAL_CAN_TxMailbox2AbortCallback
 2213              		.syntax unified
 2214              		.thumb
 2215              		.thumb_func
 2217              	HAL_CAN_TxMailbox2AbortCallback:
 2218              	.LVL175:
 2219              	.LFB97:
2186:Drivers/STM32F2xx_HAL_Driver/Src/stm32f2xx_hal_can.c **** 
2187:Drivers/STM32F2xx_HAL_Driver/Src/stm32f2xx_hal_can.c **** /**
2188:Drivers/STM32F2xx_HAL_Driver/Src/stm32f2xx_hal_can.c ****   * @brief  Transmission Mailbox 2 Cancellation callback.
2189:Drivers/STM32F2xx_HAL_Driver/Src/stm32f2xx_hal_can.c ****   * @param  hcan pointer to an CAN_HandleTypeDef structure that contains
2190:Drivers/STM32F2xx_HAL_Driver/Src/stm32f2xx_hal_can.c ****   *         the configuration information for the specified CAN.
ARM GAS  /var/folders/8x/_y6g3dfs0698dfd49y4vcg_w0000gn/T//ccYyxujy.s 			page 101


2191:Drivers/STM32F2xx_HAL_Driver/Src/stm32f2xx_hal_can.c ****   * @retval None
2192:Drivers/STM32F2xx_HAL_Driver/Src/stm32f2xx_hal_can.c ****   */
2193:Drivers/STM32F2xx_HAL_Driver/Src/stm32f2xx_hal_can.c **** __weak void HAL_CAN_TxMailbox2AbortCallback(CAN_HandleTypeDef *hcan)
2194:Drivers/STM32F2xx_HAL_Driver/Src/stm32f2xx_hal_can.c **** {
 2220              		.loc 1 2194 1 is_stmt 1 view -0
 2221              		.cfi_startproc
 2222              		@ args = 0, pretend = 0, frame = 0
 2223              		@ frame_needed = 0, uses_anonymous_args = 0
 2224              		@ link register save eliminated.
2195:Drivers/STM32F2xx_HAL_Driver/Src/stm32f2xx_hal_can.c ****   /* Prevent unused argument(s) compilation warning */
2196:Drivers/STM32F2xx_HAL_Driver/Src/stm32f2xx_hal_can.c ****   UNUSED(hcan);
 2225              		.loc 1 2196 3 view .LVU723
2197:Drivers/STM32F2xx_HAL_Driver/Src/stm32f2xx_hal_can.c **** 
2198:Drivers/STM32F2xx_HAL_Driver/Src/stm32f2xx_hal_can.c ****   /* NOTE : This function Should not be modified, when the callback is needed,
2199:Drivers/STM32F2xx_HAL_Driver/Src/stm32f2xx_hal_can.c ****             the HAL_CAN_TxMailbox2AbortCallback could be implemented in the
2200:Drivers/STM32F2xx_HAL_Driver/Src/stm32f2xx_hal_can.c ****             user file
2201:Drivers/STM32F2xx_HAL_Driver/Src/stm32f2xx_hal_can.c ****    */
2202:Drivers/STM32F2xx_HAL_Driver/Src/stm32f2xx_hal_can.c **** }
 2226              		.loc 1 2202 1 is_stmt 0 view .LVU724
 2227 0000 7047     		bx	lr
 2228              		.cfi_endproc
 2229              	.LFE97:
 2231              		.section	.text.HAL_CAN_RxFifo0MsgPendingCallback,"ax",%progbits
 2232              		.align	1
 2233              		.weak	HAL_CAN_RxFifo0MsgPendingCallback
 2234              		.syntax unified
 2235              		.thumb
 2236              		.thumb_func
 2238              	HAL_CAN_RxFifo0MsgPendingCallback:
 2239              	.LVL176:
 2240              	.LFB98:
2203:Drivers/STM32F2xx_HAL_Driver/Src/stm32f2xx_hal_can.c **** 
2204:Drivers/STM32F2xx_HAL_Driver/Src/stm32f2xx_hal_can.c **** /**
2205:Drivers/STM32F2xx_HAL_Driver/Src/stm32f2xx_hal_can.c ****   * @brief  Rx FIFO 0 message pending callback.
2206:Drivers/STM32F2xx_HAL_Driver/Src/stm32f2xx_hal_can.c ****   * @param  hcan pointer to a CAN_HandleTypeDef structure that contains
2207:Drivers/STM32F2xx_HAL_Driver/Src/stm32f2xx_hal_can.c ****   *         the configuration information for the specified CAN.
2208:Drivers/STM32F2xx_HAL_Driver/Src/stm32f2xx_hal_can.c ****   * @retval None
2209:Drivers/STM32F2xx_HAL_Driver/Src/stm32f2xx_hal_can.c ****   */
2210:Drivers/STM32F2xx_HAL_Driver/Src/stm32f2xx_hal_can.c **** __weak void HAL_CAN_RxFifo0MsgPendingCallback(CAN_HandleTypeDef *hcan)
2211:Drivers/STM32F2xx_HAL_Driver/Src/stm32f2xx_hal_can.c **** {
 2241              		.loc 1 2211 1 is_stmt 1 view -0
 2242              		.cfi_startproc
 2243              		@ args = 0, pretend = 0, frame = 0
 2244              		@ frame_needed = 0, uses_anonymous_args = 0
 2245              		@ link register save eliminated.
2212:Drivers/STM32F2xx_HAL_Driver/Src/stm32f2xx_hal_can.c ****   /* Prevent unused argument(s) compilation warning */
2213:Drivers/STM32F2xx_HAL_Driver/Src/stm32f2xx_hal_can.c ****   UNUSED(hcan);
 2246              		.loc 1 2213 3 view .LVU726
2214:Drivers/STM32F2xx_HAL_Driver/Src/stm32f2xx_hal_can.c **** 
2215:Drivers/STM32F2xx_HAL_Driver/Src/stm32f2xx_hal_can.c ****   /* NOTE : This function Should not be modified, when the callback is needed,
2216:Drivers/STM32F2xx_HAL_Driver/Src/stm32f2xx_hal_can.c ****             the HAL_CAN_RxFifo0MsgPendingCallback could be implemented in the
2217:Drivers/STM32F2xx_HAL_Driver/Src/stm32f2xx_hal_can.c ****             user file
2218:Drivers/STM32F2xx_HAL_Driver/Src/stm32f2xx_hal_can.c ****    */
2219:Drivers/STM32F2xx_HAL_Driver/Src/stm32f2xx_hal_can.c **** }
 2247              		.loc 1 2219 1 is_stmt 0 view .LVU727
 2248 0000 7047     		bx	lr
 2249              		.cfi_endproc
ARM GAS  /var/folders/8x/_y6g3dfs0698dfd49y4vcg_w0000gn/T//ccYyxujy.s 			page 102


 2250              	.LFE98:
 2252              		.section	.text.HAL_CAN_RxFifo0FullCallback,"ax",%progbits
 2253              		.align	1
 2254              		.weak	HAL_CAN_RxFifo0FullCallback
 2255              		.syntax unified
 2256              		.thumb
 2257              		.thumb_func
 2259              	HAL_CAN_RxFifo0FullCallback:
 2260              	.LVL177:
 2261              	.LFB99:
2220:Drivers/STM32F2xx_HAL_Driver/Src/stm32f2xx_hal_can.c **** 
2221:Drivers/STM32F2xx_HAL_Driver/Src/stm32f2xx_hal_can.c **** /**
2222:Drivers/STM32F2xx_HAL_Driver/Src/stm32f2xx_hal_can.c ****   * @brief  Rx FIFO 0 full callback.
2223:Drivers/STM32F2xx_HAL_Driver/Src/stm32f2xx_hal_can.c ****   * @param  hcan pointer to a CAN_HandleTypeDef structure that contains
2224:Drivers/STM32F2xx_HAL_Driver/Src/stm32f2xx_hal_can.c ****   *         the configuration information for the specified CAN.
2225:Drivers/STM32F2xx_HAL_Driver/Src/stm32f2xx_hal_can.c ****   * @retval None
2226:Drivers/STM32F2xx_HAL_Driver/Src/stm32f2xx_hal_can.c ****   */
2227:Drivers/STM32F2xx_HAL_Driver/Src/stm32f2xx_hal_can.c **** __weak void HAL_CAN_RxFifo0FullCallback(CAN_HandleTypeDef *hcan)
2228:Drivers/STM32F2xx_HAL_Driver/Src/stm32f2xx_hal_can.c **** {
 2262              		.loc 1 2228 1 is_stmt 1 view -0
 2263              		.cfi_startproc
 2264              		@ args = 0, pretend = 0, frame = 0
 2265              		@ frame_needed = 0, uses_anonymous_args = 0
 2266              		@ link register save eliminated.
2229:Drivers/STM32F2xx_HAL_Driver/Src/stm32f2xx_hal_can.c ****   /* Prevent unused argument(s) compilation warning */
2230:Drivers/STM32F2xx_HAL_Driver/Src/stm32f2xx_hal_can.c ****   UNUSED(hcan);
 2267              		.loc 1 2230 3 view .LVU729
2231:Drivers/STM32F2xx_HAL_Driver/Src/stm32f2xx_hal_can.c **** 
2232:Drivers/STM32F2xx_HAL_Driver/Src/stm32f2xx_hal_can.c ****   /* NOTE : This function Should not be modified, when the callback is needed,
2233:Drivers/STM32F2xx_HAL_Driver/Src/stm32f2xx_hal_can.c ****             the HAL_CAN_RxFifo0FullCallback could be implemented in the user
2234:Drivers/STM32F2xx_HAL_Driver/Src/stm32f2xx_hal_can.c ****             file
2235:Drivers/STM32F2xx_HAL_Driver/Src/stm32f2xx_hal_can.c ****    */
2236:Drivers/STM32F2xx_HAL_Driver/Src/stm32f2xx_hal_can.c **** }
 2268              		.loc 1 2236 1 is_stmt 0 view .LVU730
 2269 0000 7047     		bx	lr
 2270              		.cfi_endproc
 2271              	.LFE99:
 2273              		.section	.text.HAL_CAN_RxFifo1MsgPendingCallback,"ax",%progbits
 2274              		.align	1
 2275              		.weak	HAL_CAN_RxFifo1MsgPendingCallback
 2276              		.syntax unified
 2277              		.thumb
 2278              		.thumb_func
 2280              	HAL_CAN_RxFifo1MsgPendingCallback:
 2281              	.LVL178:
 2282              	.LFB100:
2237:Drivers/STM32F2xx_HAL_Driver/Src/stm32f2xx_hal_can.c **** 
2238:Drivers/STM32F2xx_HAL_Driver/Src/stm32f2xx_hal_can.c **** /**
2239:Drivers/STM32F2xx_HAL_Driver/Src/stm32f2xx_hal_can.c ****   * @brief  Rx FIFO 1 message pending callback.
2240:Drivers/STM32F2xx_HAL_Driver/Src/stm32f2xx_hal_can.c ****   * @param  hcan pointer to a CAN_HandleTypeDef structure that contains
2241:Drivers/STM32F2xx_HAL_Driver/Src/stm32f2xx_hal_can.c ****   *         the configuration information for the specified CAN.
2242:Drivers/STM32F2xx_HAL_Driver/Src/stm32f2xx_hal_can.c ****   * @retval None
2243:Drivers/STM32F2xx_HAL_Driver/Src/stm32f2xx_hal_can.c ****   */
2244:Drivers/STM32F2xx_HAL_Driver/Src/stm32f2xx_hal_can.c **** __weak void HAL_CAN_RxFifo1MsgPendingCallback(CAN_HandleTypeDef *hcan)
2245:Drivers/STM32F2xx_HAL_Driver/Src/stm32f2xx_hal_can.c **** {
 2283              		.loc 1 2245 1 is_stmt 1 view -0
 2284              		.cfi_startproc
ARM GAS  /var/folders/8x/_y6g3dfs0698dfd49y4vcg_w0000gn/T//ccYyxujy.s 			page 103


 2285              		@ args = 0, pretend = 0, frame = 0
 2286              		@ frame_needed = 0, uses_anonymous_args = 0
 2287              		@ link register save eliminated.
2246:Drivers/STM32F2xx_HAL_Driver/Src/stm32f2xx_hal_can.c ****   /* Prevent unused argument(s) compilation warning */
2247:Drivers/STM32F2xx_HAL_Driver/Src/stm32f2xx_hal_can.c ****   UNUSED(hcan);
 2288              		.loc 1 2247 3 view .LVU732
2248:Drivers/STM32F2xx_HAL_Driver/Src/stm32f2xx_hal_can.c **** 
2249:Drivers/STM32F2xx_HAL_Driver/Src/stm32f2xx_hal_can.c ****   /* NOTE : This function Should not be modified, when the callback is needed,
2250:Drivers/STM32F2xx_HAL_Driver/Src/stm32f2xx_hal_can.c ****             the HAL_CAN_RxFifo1MsgPendingCallback could be implemented in the
2251:Drivers/STM32F2xx_HAL_Driver/Src/stm32f2xx_hal_can.c ****             user file
2252:Drivers/STM32F2xx_HAL_Driver/Src/stm32f2xx_hal_can.c ****    */
2253:Drivers/STM32F2xx_HAL_Driver/Src/stm32f2xx_hal_can.c **** }
 2289              		.loc 1 2253 1 is_stmt 0 view .LVU733
 2290 0000 7047     		bx	lr
 2291              		.cfi_endproc
 2292              	.LFE100:
 2294              		.section	.text.HAL_CAN_RxFifo1FullCallback,"ax",%progbits
 2295              		.align	1
 2296              		.weak	HAL_CAN_RxFifo1FullCallback
 2297              		.syntax unified
 2298              		.thumb
 2299              		.thumb_func
 2301              	HAL_CAN_RxFifo1FullCallback:
 2302              	.LVL179:
 2303              	.LFB101:
2254:Drivers/STM32F2xx_HAL_Driver/Src/stm32f2xx_hal_can.c **** 
2255:Drivers/STM32F2xx_HAL_Driver/Src/stm32f2xx_hal_can.c **** /**
2256:Drivers/STM32F2xx_HAL_Driver/Src/stm32f2xx_hal_can.c ****   * @brief  Rx FIFO 1 full callback.
2257:Drivers/STM32F2xx_HAL_Driver/Src/stm32f2xx_hal_can.c ****   * @param  hcan pointer to a CAN_HandleTypeDef structure that contains
2258:Drivers/STM32F2xx_HAL_Driver/Src/stm32f2xx_hal_can.c ****   *         the configuration information for the specified CAN.
2259:Drivers/STM32F2xx_HAL_Driver/Src/stm32f2xx_hal_can.c ****   * @retval None
2260:Drivers/STM32F2xx_HAL_Driver/Src/stm32f2xx_hal_can.c ****   */
2261:Drivers/STM32F2xx_HAL_Driver/Src/stm32f2xx_hal_can.c **** __weak void HAL_CAN_RxFifo1FullCallback(CAN_HandleTypeDef *hcan)
2262:Drivers/STM32F2xx_HAL_Driver/Src/stm32f2xx_hal_can.c **** {
 2304              		.loc 1 2262 1 is_stmt 1 view -0
 2305              		.cfi_startproc
 2306              		@ args = 0, pretend = 0, frame = 0
 2307              		@ frame_needed = 0, uses_anonymous_args = 0
 2308              		@ link register save eliminated.
2263:Drivers/STM32F2xx_HAL_Driver/Src/stm32f2xx_hal_can.c ****   /* Prevent unused argument(s) compilation warning */
2264:Drivers/STM32F2xx_HAL_Driver/Src/stm32f2xx_hal_can.c ****   UNUSED(hcan);
 2309              		.loc 1 2264 3 view .LVU735
2265:Drivers/STM32F2xx_HAL_Driver/Src/stm32f2xx_hal_can.c **** 
2266:Drivers/STM32F2xx_HAL_Driver/Src/stm32f2xx_hal_can.c ****   /* NOTE : This function Should not be modified, when the callback is needed,
2267:Drivers/STM32F2xx_HAL_Driver/Src/stm32f2xx_hal_can.c ****             the HAL_CAN_RxFifo1FullCallback could be implemented in the user
2268:Drivers/STM32F2xx_HAL_Driver/Src/stm32f2xx_hal_can.c ****             file
2269:Drivers/STM32F2xx_HAL_Driver/Src/stm32f2xx_hal_can.c ****    */
2270:Drivers/STM32F2xx_HAL_Driver/Src/stm32f2xx_hal_can.c **** }
 2310              		.loc 1 2270 1 is_stmt 0 view .LVU736
 2311 0000 7047     		bx	lr
 2312              		.cfi_endproc
 2313              	.LFE101:
 2315              		.section	.text.HAL_CAN_SleepCallback,"ax",%progbits
 2316              		.align	1
 2317              		.weak	HAL_CAN_SleepCallback
 2318              		.syntax unified
 2319              		.thumb
ARM GAS  /var/folders/8x/_y6g3dfs0698dfd49y4vcg_w0000gn/T//ccYyxujy.s 			page 104


 2320              		.thumb_func
 2322              	HAL_CAN_SleepCallback:
 2323              	.LVL180:
 2324              	.LFB102:
2271:Drivers/STM32F2xx_HAL_Driver/Src/stm32f2xx_hal_can.c **** 
2272:Drivers/STM32F2xx_HAL_Driver/Src/stm32f2xx_hal_can.c **** /**
2273:Drivers/STM32F2xx_HAL_Driver/Src/stm32f2xx_hal_can.c ****   * @brief  Sleep callback.
2274:Drivers/STM32F2xx_HAL_Driver/Src/stm32f2xx_hal_can.c ****   * @param  hcan pointer to a CAN_HandleTypeDef structure that contains
2275:Drivers/STM32F2xx_HAL_Driver/Src/stm32f2xx_hal_can.c ****   *         the configuration information for the specified CAN.
2276:Drivers/STM32F2xx_HAL_Driver/Src/stm32f2xx_hal_can.c ****   * @retval None
2277:Drivers/STM32F2xx_HAL_Driver/Src/stm32f2xx_hal_can.c ****   */
2278:Drivers/STM32F2xx_HAL_Driver/Src/stm32f2xx_hal_can.c **** __weak void HAL_CAN_SleepCallback(CAN_HandleTypeDef *hcan)
2279:Drivers/STM32F2xx_HAL_Driver/Src/stm32f2xx_hal_can.c **** {
 2325              		.loc 1 2279 1 is_stmt 1 view -0
 2326              		.cfi_startproc
 2327              		@ args = 0, pretend = 0, frame = 0
 2328              		@ frame_needed = 0, uses_anonymous_args = 0
 2329              		@ link register save eliminated.
2280:Drivers/STM32F2xx_HAL_Driver/Src/stm32f2xx_hal_can.c ****   /* Prevent unused argument(s) compilation warning */
2281:Drivers/STM32F2xx_HAL_Driver/Src/stm32f2xx_hal_can.c ****   UNUSED(hcan);
 2330              		.loc 1 2281 3 view .LVU738
2282:Drivers/STM32F2xx_HAL_Driver/Src/stm32f2xx_hal_can.c **** 
2283:Drivers/STM32F2xx_HAL_Driver/Src/stm32f2xx_hal_can.c ****   /* NOTE : This function Should not be modified, when the callback is needed,
2284:Drivers/STM32F2xx_HAL_Driver/Src/stm32f2xx_hal_can.c ****             the HAL_CAN_SleepCallback could be implemented in the user file
2285:Drivers/STM32F2xx_HAL_Driver/Src/stm32f2xx_hal_can.c ****    */
2286:Drivers/STM32F2xx_HAL_Driver/Src/stm32f2xx_hal_can.c **** }
 2331              		.loc 1 2286 1 is_stmt 0 view .LVU739
 2332 0000 7047     		bx	lr
 2333              		.cfi_endproc
 2334              	.LFE102:
 2336              		.section	.text.HAL_CAN_WakeUpFromRxMsgCallback,"ax",%progbits
 2337              		.align	1
 2338              		.weak	HAL_CAN_WakeUpFromRxMsgCallback
 2339              		.syntax unified
 2340              		.thumb
 2341              		.thumb_func
 2343              	HAL_CAN_WakeUpFromRxMsgCallback:
 2344              	.LVL181:
 2345              	.LFB103:
2287:Drivers/STM32F2xx_HAL_Driver/Src/stm32f2xx_hal_can.c **** 
2288:Drivers/STM32F2xx_HAL_Driver/Src/stm32f2xx_hal_can.c **** /**
2289:Drivers/STM32F2xx_HAL_Driver/Src/stm32f2xx_hal_can.c ****   * @brief  WakeUp from Rx message callback.
2290:Drivers/STM32F2xx_HAL_Driver/Src/stm32f2xx_hal_can.c ****   * @param  hcan pointer to a CAN_HandleTypeDef structure that contains
2291:Drivers/STM32F2xx_HAL_Driver/Src/stm32f2xx_hal_can.c ****   *         the configuration information for the specified CAN.
2292:Drivers/STM32F2xx_HAL_Driver/Src/stm32f2xx_hal_can.c ****   * @retval None
2293:Drivers/STM32F2xx_HAL_Driver/Src/stm32f2xx_hal_can.c ****   */
2294:Drivers/STM32F2xx_HAL_Driver/Src/stm32f2xx_hal_can.c **** __weak void HAL_CAN_WakeUpFromRxMsgCallback(CAN_HandleTypeDef *hcan)
2295:Drivers/STM32F2xx_HAL_Driver/Src/stm32f2xx_hal_can.c **** {
 2346              		.loc 1 2295 1 is_stmt 1 view -0
 2347              		.cfi_startproc
 2348              		@ args = 0, pretend = 0, frame = 0
 2349              		@ frame_needed = 0, uses_anonymous_args = 0
 2350              		@ link register save eliminated.
2296:Drivers/STM32F2xx_HAL_Driver/Src/stm32f2xx_hal_can.c ****   /* Prevent unused argument(s) compilation warning */
2297:Drivers/STM32F2xx_HAL_Driver/Src/stm32f2xx_hal_can.c ****   UNUSED(hcan);
 2351              		.loc 1 2297 3 view .LVU741
2298:Drivers/STM32F2xx_HAL_Driver/Src/stm32f2xx_hal_can.c **** 
ARM GAS  /var/folders/8x/_y6g3dfs0698dfd49y4vcg_w0000gn/T//ccYyxujy.s 			page 105


2299:Drivers/STM32F2xx_HAL_Driver/Src/stm32f2xx_hal_can.c ****   /* NOTE : This function Should not be modified, when the callback is needed,
2300:Drivers/STM32F2xx_HAL_Driver/Src/stm32f2xx_hal_can.c ****             the HAL_CAN_WakeUpFromRxMsgCallback could be implemented in the
2301:Drivers/STM32F2xx_HAL_Driver/Src/stm32f2xx_hal_can.c ****             user file
2302:Drivers/STM32F2xx_HAL_Driver/Src/stm32f2xx_hal_can.c ****    */
2303:Drivers/STM32F2xx_HAL_Driver/Src/stm32f2xx_hal_can.c **** }
 2352              		.loc 1 2303 1 is_stmt 0 view .LVU742
 2353 0000 7047     		bx	lr
 2354              		.cfi_endproc
 2355              	.LFE103:
 2357              		.section	.text.HAL_CAN_ErrorCallback,"ax",%progbits
 2358              		.align	1
 2359              		.weak	HAL_CAN_ErrorCallback
 2360              		.syntax unified
 2361              		.thumb
 2362              		.thumb_func
 2364              	HAL_CAN_ErrorCallback:
 2365              	.LVL182:
 2366              	.LFB104:
2304:Drivers/STM32F2xx_HAL_Driver/Src/stm32f2xx_hal_can.c **** 
2305:Drivers/STM32F2xx_HAL_Driver/Src/stm32f2xx_hal_can.c **** /**
2306:Drivers/STM32F2xx_HAL_Driver/Src/stm32f2xx_hal_can.c ****   * @brief  Error CAN callback.
2307:Drivers/STM32F2xx_HAL_Driver/Src/stm32f2xx_hal_can.c ****   * @param  hcan pointer to a CAN_HandleTypeDef structure that contains
2308:Drivers/STM32F2xx_HAL_Driver/Src/stm32f2xx_hal_can.c ****   *         the configuration information for the specified CAN.
2309:Drivers/STM32F2xx_HAL_Driver/Src/stm32f2xx_hal_can.c ****   * @retval None
2310:Drivers/STM32F2xx_HAL_Driver/Src/stm32f2xx_hal_can.c ****   */
2311:Drivers/STM32F2xx_HAL_Driver/Src/stm32f2xx_hal_can.c **** __weak void HAL_CAN_ErrorCallback(CAN_HandleTypeDef *hcan)
2312:Drivers/STM32F2xx_HAL_Driver/Src/stm32f2xx_hal_can.c **** {
 2367              		.loc 1 2312 1 is_stmt 1 view -0
 2368              		.cfi_startproc
 2369              		@ args = 0, pretend = 0, frame = 0
 2370              		@ frame_needed = 0, uses_anonymous_args = 0
 2371              		@ link register save eliminated.
2313:Drivers/STM32F2xx_HAL_Driver/Src/stm32f2xx_hal_can.c ****   /* Prevent unused argument(s) compilation warning */
2314:Drivers/STM32F2xx_HAL_Driver/Src/stm32f2xx_hal_can.c ****   UNUSED(hcan);
 2372              		.loc 1 2314 3 view .LVU744
2315:Drivers/STM32F2xx_HAL_Driver/Src/stm32f2xx_hal_can.c **** 
2316:Drivers/STM32F2xx_HAL_Driver/Src/stm32f2xx_hal_can.c ****   /* NOTE : This function Should not be modified, when the callback is needed,
2317:Drivers/STM32F2xx_HAL_Driver/Src/stm32f2xx_hal_can.c ****             the HAL_CAN_ErrorCallback could be implemented in the user file
2318:Drivers/STM32F2xx_HAL_Driver/Src/stm32f2xx_hal_can.c ****    */
2319:Drivers/STM32F2xx_HAL_Driver/Src/stm32f2xx_hal_can.c **** }
 2373              		.loc 1 2319 1 is_stmt 0 view .LVU745
 2374 0000 7047     		bx	lr
 2375              		.cfi_endproc
 2376              	.LFE104:
 2378              		.section	.text.HAL_CAN_IRQHandler,"ax",%progbits
 2379              		.align	1
 2380              		.global	HAL_CAN_IRQHandler
 2381              		.syntax unified
 2382              		.thumb
 2383              		.thumb_func
 2385              	HAL_CAN_IRQHandler:
 2386              	.LVL183:
 2387              	.LFB91:
1698:Drivers/STM32F2xx_HAL_Driver/Src/stm32f2xx_hal_can.c ****   uint32_t errorcode = HAL_CAN_ERROR_NONE;
 2388              		.loc 1 1698 1 is_stmt 1 view -0
 2389              		.cfi_startproc
 2390              		@ args = 0, pretend = 0, frame = 0
ARM GAS  /var/folders/8x/_y6g3dfs0698dfd49y4vcg_w0000gn/T//ccYyxujy.s 			page 106


 2391              		@ frame_needed = 0, uses_anonymous_args = 0
1698:Drivers/STM32F2xx_HAL_Driver/Src/stm32f2xx_hal_can.c ****   uint32_t errorcode = HAL_CAN_ERROR_NONE;
 2392              		.loc 1 1698 1 is_stmt 0 view .LVU747
 2393 0000 2DE9F84F 		push	{r3, r4, r5, r6, r7, r8, r9, r10, fp, lr}
 2394              	.LCFI14:
 2395              		.cfi_def_cfa_offset 40
 2396              		.cfi_offset 3, -40
 2397              		.cfi_offset 4, -36
 2398              		.cfi_offset 5, -32
 2399              		.cfi_offset 6, -28
 2400              		.cfi_offset 7, -24
 2401              		.cfi_offset 8, -20
 2402              		.cfi_offset 9, -16
 2403              		.cfi_offset 10, -12
 2404              		.cfi_offset 11, -8
 2405              		.cfi_offset 14, -4
 2406 0004 0546     		mov	r5, r0
1699:Drivers/STM32F2xx_HAL_Driver/Src/stm32f2xx_hal_can.c ****   uint32_t interrupts = READ_REG(hcan->Instance->IER);
 2407              		.loc 1 1699 3 is_stmt 1 view .LVU748
 2408              	.LVL184:
1700:Drivers/STM32F2xx_HAL_Driver/Src/stm32f2xx_hal_can.c ****   uint32_t msrflags = READ_REG(hcan->Instance->MSR);
 2409              		.loc 1 1700 3 view .LVU749
1700:Drivers/STM32F2xx_HAL_Driver/Src/stm32f2xx_hal_can.c ****   uint32_t msrflags = READ_REG(hcan->Instance->MSR);
 2410              		.loc 1 1700 25 is_stmt 0 view .LVU750
 2411 0006 0368     		ldr	r3, [r0]
1700:Drivers/STM32F2xx_HAL_Driver/Src/stm32f2xx_hal_can.c ****   uint32_t msrflags = READ_REG(hcan->Instance->MSR);
 2412              		.loc 1 1700 12 view .LVU751
 2413 0008 5C69     		ldr	r4, [r3, #20]
 2414              	.LVL185:
1701:Drivers/STM32F2xx_HAL_Driver/Src/stm32f2xx_hal_can.c ****   uint32_t tsrflags = READ_REG(hcan->Instance->TSR);
 2415              		.loc 1 1701 3 is_stmt 1 view .LVU752
1701:Drivers/STM32F2xx_HAL_Driver/Src/stm32f2xx_hal_can.c ****   uint32_t tsrflags = READ_REG(hcan->Instance->TSR);
 2416              		.loc 1 1701 12 is_stmt 0 view .LVU753
 2417 000a D3F80480 		ldr	r8, [r3, #4]
 2418              	.LVL186:
1702:Drivers/STM32F2xx_HAL_Driver/Src/stm32f2xx_hal_can.c ****   uint32_t rf0rflags = READ_REG(hcan->Instance->RF0R);
 2419              		.loc 1 1702 3 is_stmt 1 view .LVU754
1702:Drivers/STM32F2xx_HAL_Driver/Src/stm32f2xx_hal_can.c ****   uint32_t rf0rflags = READ_REG(hcan->Instance->RF0R);
 2420              		.loc 1 1702 12 is_stmt 0 view .LVU755
 2421 000e 9F68     		ldr	r7, [r3, #8]
 2422              	.LVL187:
1703:Drivers/STM32F2xx_HAL_Driver/Src/stm32f2xx_hal_can.c ****   uint32_t rf1rflags = READ_REG(hcan->Instance->RF1R);
 2423              		.loc 1 1703 3 is_stmt 1 view .LVU756
1703:Drivers/STM32F2xx_HAL_Driver/Src/stm32f2xx_hal_can.c ****   uint32_t rf1rflags = READ_REG(hcan->Instance->RF1R);
 2424              		.loc 1 1703 12 is_stmt 0 view .LVU757
 2425 0010 D3F80CA0 		ldr	r10, [r3, #12]
 2426              	.LVL188:
1704:Drivers/STM32F2xx_HAL_Driver/Src/stm32f2xx_hal_can.c ****   uint32_t esrflags = READ_REG(hcan->Instance->ESR);
 2427              		.loc 1 1704 3 is_stmt 1 view .LVU758
1704:Drivers/STM32F2xx_HAL_Driver/Src/stm32f2xx_hal_can.c ****   uint32_t esrflags = READ_REG(hcan->Instance->ESR);
 2428              		.loc 1 1704 12 is_stmt 0 view .LVU759
 2429 0014 D3F81090 		ldr	r9, [r3, #16]
 2430              	.LVL189:
1705:Drivers/STM32F2xx_HAL_Driver/Src/stm32f2xx_hal_can.c **** 
 2431              		.loc 1 1705 3 is_stmt 1 view .LVU760
1705:Drivers/STM32F2xx_HAL_Driver/Src/stm32f2xx_hal_can.c **** 
 2432              		.loc 1 1705 12 is_stmt 0 view .LVU761
ARM GAS  /var/folders/8x/_y6g3dfs0698dfd49y4vcg_w0000gn/T//ccYyxujy.s 			page 107


 2433 0018 D3F818B0 		ldr	fp, [r3, #24]
 2434              	.LVL190:
1708:Drivers/STM32F2xx_HAL_Driver/Src/stm32f2xx_hal_can.c ****   {
 2435              		.loc 1 1708 3 is_stmt 1 view .LVU762
1708:Drivers/STM32F2xx_HAL_Driver/Src/stm32f2xx_hal_can.c ****   {
 2436              		.loc 1 1708 6 is_stmt 0 view .LVU763
 2437 001c 14F00106 		ands	r6, r4, #1
 2438 0020 3BD0     		beq	.L171
1711:Drivers/STM32F2xx_HAL_Driver/Src/stm32f2xx_hal_can.c ****     {
 2439              		.loc 1 1711 5 is_stmt 1 view .LVU764
1711:Drivers/STM32F2xx_HAL_Driver/Src/stm32f2xx_hal_can.c ****     {
 2440              		.loc 1 1711 8 is_stmt 0 view .LVU765
 2441 0022 17F00106 		ands	r6, r7, #1
 2442 0026 16D0     		beq	.L172
1714:Drivers/STM32F2xx_HAL_Driver/Src/stm32f2xx_hal_can.c **** 
 2443              		.loc 1 1714 7 is_stmt 1 view .LVU766
 2444 0028 0122     		movs	r2, #1
 2445 002a 9A60     		str	r2, [r3, #8]
1716:Drivers/STM32F2xx_HAL_Driver/Src/stm32f2xx_hal_can.c ****       {
 2446              		.loc 1 1716 7 view .LVU767
1716:Drivers/STM32F2xx_HAL_Driver/Src/stm32f2xx_hal_can.c ****       {
 2447              		.loc 1 1716 10 is_stmt 0 view .LVU768
 2448 002c 17F0020F 		tst	r7, #2
 2449 0030 08D1     		bne	.L206
1729:Drivers/STM32F2xx_HAL_Driver/Src/stm32f2xx_hal_can.c ****         {
 2450              		.loc 1 1729 9 is_stmt 1 view .LVU769
1729:Drivers/STM32F2xx_HAL_Driver/Src/stm32f2xx_hal_can.c ****         {
 2451              		.loc 1 1729 12 is_stmt 0 view .LVU770
 2452 0032 17F0040F 		tst	r7, #4
 2453 0036 0CD1     		bne	.L203
1734:Drivers/STM32F2xx_HAL_Driver/Src/stm32f2xx_hal_can.c ****         {
 2454              		.loc 1 1734 14 is_stmt 1 view .LVU771
1734:Drivers/STM32F2xx_HAL_Driver/Src/stm32f2xx_hal_can.c ****         {
 2455              		.loc 1 1734 17 is_stmt 0 view .LVU772
 2456 0038 17F00806 		ands	r6, r7, #8
 2457 003c 06D0     		beq	.L207
1737:Drivers/STM32F2xx_HAL_Driver/Src/stm32f2xx_hal_can.c ****         }
 2458              		.loc 1 1737 21 view .LVU773
 2459 003e 4FF48056 		mov	r6, #4096
 2460 0042 08E0     		b	.L172
 2461              	.L206:
1724:Drivers/STM32F2xx_HAL_Driver/Src/stm32f2xx_hal_can.c **** #endif /* USE_HAL_CAN_REGISTER_CALLBACKS */
 2462              		.loc 1 1724 9 is_stmt 1 view .LVU774
 2463 0044 FFF7FEFF 		bl	HAL_CAN_TxMailbox0CompleteCallback
 2464              	.LVL191:
1699:Drivers/STM32F2xx_HAL_Driver/Src/stm32f2xx_hal_can.c ****   uint32_t interrupts = READ_REG(hcan->Instance->IER);
 2465              		.loc 1 1699 12 is_stmt 0 view .LVU775
 2466 0048 0026     		movs	r6, #0
 2467 004a 04E0     		b	.L172
 2468              	.LVL192:
 2469              	.L207:
1747:Drivers/STM32F2xx_HAL_Driver/Src/stm32f2xx_hal_can.c **** #endif /* USE_HAL_CAN_REGISTER_CALLBACKS */
 2470              		.loc 1 1747 11 is_stmt 1 view .LVU776
 2471 004c FFF7FEFF 		bl	HAL_CAN_TxMailbox0AbortCallback
 2472              	.LVL193:
1747:Drivers/STM32F2xx_HAL_Driver/Src/stm32f2xx_hal_can.c **** #endif /* USE_HAL_CAN_REGISTER_CALLBACKS */
 2473              		.loc 1 1747 11 is_stmt 0 view .LVU777
ARM GAS  /var/folders/8x/_y6g3dfs0698dfd49y4vcg_w0000gn/T//ccYyxujy.s 			page 108


 2474 0050 01E0     		b	.L172
 2475              	.LVL194:
 2476              	.L203:
1732:Drivers/STM32F2xx_HAL_Driver/Src/stm32f2xx_hal_can.c ****         }
 2477              		.loc 1 1732 21 view .LVU778
 2478 0052 4FF40066 		mov	r6, #2048
 2479              	.LVL195:
 2480              	.L172:
1754:Drivers/STM32F2xx_HAL_Driver/Src/stm32f2xx_hal_can.c ****     {
 2481              		.loc 1 1754 5 is_stmt 1 view .LVU779
1754:Drivers/STM32F2xx_HAL_Driver/Src/stm32f2xx_hal_can.c ****     {
 2482              		.loc 1 1754 8 is_stmt 0 view .LVU780
 2483 0056 17F4807F 		tst	r7, #256
 2484 005a 0DD0     		beq	.L174
1757:Drivers/STM32F2xx_HAL_Driver/Src/stm32f2xx_hal_can.c **** 
 2485              		.loc 1 1757 7 is_stmt 1 view .LVU781
 2486 005c 2B68     		ldr	r3, [r5]
 2487 005e 4FF48072 		mov	r2, #256
 2488 0062 9A60     		str	r2, [r3, #8]
1759:Drivers/STM32F2xx_HAL_Driver/Src/stm32f2xx_hal_can.c ****       {
 2489              		.loc 1 1759 7 view .LVU782
1759:Drivers/STM32F2xx_HAL_Driver/Src/stm32f2xx_hal_can.c ****       {
 2490              		.loc 1 1759 10 is_stmt 0 view .LVU783
 2491 0064 17F4007F 		tst	r7, #512
 2492 0068 40F09680 		bne	.L208
1772:Drivers/STM32F2xx_HAL_Driver/Src/stm32f2xx_hal_can.c ****         {
 2493              		.loc 1 1772 9 is_stmt 1 view .LVU784
1772:Drivers/STM32F2xx_HAL_Driver/Src/stm32f2xx_hal_can.c ****         {
 2494              		.loc 1 1772 12 is_stmt 0 view .LVU785
 2495 006c 17F4806F 		tst	r7, #1024
 2496 0070 00F09680 		beq	.L176
1775:Drivers/STM32F2xx_HAL_Driver/Src/stm32f2xx_hal_can.c ****         }
 2497              		.loc 1 1775 11 is_stmt 1 view .LVU786
1775:Drivers/STM32F2xx_HAL_Driver/Src/stm32f2xx_hal_can.c ****         }
 2498              		.loc 1 1775 21 is_stmt 0 view .LVU787
 2499 0074 46F40056 		orr	r6, r6, #8192
 2500              	.LVL196:
 2501              	.L174:
1797:Drivers/STM32F2xx_HAL_Driver/Src/stm32f2xx_hal_can.c ****     {
 2502              		.loc 1 1797 5 is_stmt 1 view .LVU788
1797:Drivers/STM32F2xx_HAL_Driver/Src/stm32f2xx_hal_can.c ****     {
 2503              		.loc 1 1797 8 is_stmt 0 view .LVU789
 2504 0078 17F4803F 		tst	r7, #65536
 2505 007c 0DD0     		beq	.L171
1800:Drivers/STM32F2xx_HAL_Driver/Src/stm32f2xx_hal_can.c **** 
 2506              		.loc 1 1800 7 is_stmt 1 view .LVU790
 2507 007e 2B68     		ldr	r3, [r5]
 2508 0080 4FF48032 		mov	r2, #65536
 2509 0084 9A60     		str	r2, [r3, #8]
1802:Drivers/STM32F2xx_HAL_Driver/Src/stm32f2xx_hal_can.c ****       {
 2510              		.loc 1 1802 7 view .LVU791
1802:Drivers/STM32F2xx_HAL_Driver/Src/stm32f2xx_hal_can.c ****       {
 2511              		.loc 1 1802 10 is_stmt 0 view .LVU792
 2512 0086 17F4003F 		tst	r7, #131072
 2513 008a 40F09380 		bne	.L209
1815:Drivers/STM32F2xx_HAL_Driver/Src/stm32f2xx_hal_can.c ****         {
 2514              		.loc 1 1815 9 is_stmt 1 view .LVU793
ARM GAS  /var/folders/8x/_y6g3dfs0698dfd49y4vcg_w0000gn/T//ccYyxujy.s 			page 109


1815:Drivers/STM32F2xx_HAL_Driver/Src/stm32f2xx_hal_can.c ****         {
 2515              		.loc 1 1815 12 is_stmt 0 view .LVU794
 2516 008e 17F4802F 		tst	r7, #262144
 2517 0092 00F09380 		beq	.L179
1818:Drivers/STM32F2xx_HAL_Driver/Src/stm32f2xx_hal_can.c ****         }
 2518              		.loc 1 1818 11 is_stmt 1 view .LVU795
1818:Drivers/STM32F2xx_HAL_Driver/Src/stm32f2xx_hal_can.c ****         }
 2519              		.loc 1 1818 21 is_stmt 0 view .LVU796
 2520 0096 46F40046 		orr	r6, r6, #32768
 2521              	.LVL197:
 2522              	.L171:
1841:Drivers/STM32F2xx_HAL_Driver/Src/stm32f2xx_hal_can.c ****   {
 2523              		.loc 1 1841 3 is_stmt 1 view .LVU797
1841:Drivers/STM32F2xx_HAL_Driver/Src/stm32f2xx_hal_can.c ****   {
 2524              		.loc 1 1841 6 is_stmt 0 view .LVU798
 2525 009a 14F0080F 		tst	r4, #8
 2526 009e 07D0     		beq	.L181
1843:Drivers/STM32F2xx_HAL_Driver/Src/stm32f2xx_hal_can.c ****     {
 2527              		.loc 1 1843 5 is_stmt 1 view .LVU799
1843:Drivers/STM32F2xx_HAL_Driver/Src/stm32f2xx_hal_can.c ****     {
 2528              		.loc 1 1843 8 is_stmt 0 view .LVU800
 2529 00a0 1AF0100F 		tst	r10, #16
 2530 00a4 04D0     		beq	.L181
1846:Drivers/STM32F2xx_HAL_Driver/Src/stm32f2xx_hal_can.c **** 
 2531              		.loc 1 1846 7 is_stmt 1 view .LVU801
1846:Drivers/STM32F2xx_HAL_Driver/Src/stm32f2xx_hal_can.c **** 
 2532              		.loc 1 1846 17 is_stmt 0 view .LVU802
 2533 00a6 46F40076 		orr	r6, r6, #512
 2534              	.LVL198:
1849:Drivers/STM32F2xx_HAL_Driver/Src/stm32f2xx_hal_can.c ****     }
 2535              		.loc 1 1849 7 is_stmt 1 view .LVU803
 2536 00aa 2B68     		ldr	r3, [r5]
 2537 00ac 1022     		movs	r2, #16
 2538 00ae DA60     		str	r2, [r3, #12]
 2539              	.L181:
1854:Drivers/STM32F2xx_HAL_Driver/Src/stm32f2xx_hal_can.c ****   {
 2540              		.loc 1 1854 3 view .LVU804
1854:Drivers/STM32F2xx_HAL_Driver/Src/stm32f2xx_hal_can.c ****   {
 2541              		.loc 1 1854 6 is_stmt 0 view .LVU805
 2542 00b0 14F0040F 		tst	r4, #4
 2543 00b4 03D0     		beq	.L182
1856:Drivers/STM32F2xx_HAL_Driver/Src/stm32f2xx_hal_can.c ****     {
 2544              		.loc 1 1856 5 is_stmt 1 view .LVU806
1856:Drivers/STM32F2xx_HAL_Driver/Src/stm32f2xx_hal_can.c ****     {
 2545              		.loc 1 1856 8 is_stmt 0 view .LVU807
 2546 00b6 1AF0080F 		tst	r10, #8
 2547 00ba 40F08980 		bne	.L210
 2548              	.L182:
1873:Drivers/STM32F2xx_HAL_Driver/Src/stm32f2xx_hal_can.c ****   {
 2549              		.loc 1 1873 3 is_stmt 1 view .LVU808
1873:Drivers/STM32F2xx_HAL_Driver/Src/stm32f2xx_hal_can.c ****   {
 2550              		.loc 1 1873 6 is_stmt 0 view .LVU809
 2551 00be 14F0020F 		tst	r4, #2
 2552 00c2 05D0     		beq	.L183
1876:Drivers/STM32F2xx_HAL_Driver/Src/stm32f2xx_hal_can.c ****     {
 2553              		.loc 1 1876 5 is_stmt 1 view .LVU810
1876:Drivers/STM32F2xx_HAL_Driver/Src/stm32f2xx_hal_can.c ****     {
ARM GAS  /var/folders/8x/_y6g3dfs0698dfd49y4vcg_w0000gn/T//ccYyxujy.s 			page 110


 2554              		.loc 1 1876 14 is_stmt 0 view .LVU811
 2555 00c4 2B68     		ldr	r3, [r5]
1876:Drivers/STM32F2xx_HAL_Driver/Src/stm32f2xx_hal_can.c ****     {
 2556              		.loc 1 1876 24 view .LVU812
 2557 00c6 DB68     		ldr	r3, [r3, #12]
1876:Drivers/STM32F2xx_HAL_Driver/Src/stm32f2xx_hal_can.c ****     {
 2558              		.loc 1 1876 8 view .LVU813
 2559 00c8 13F0030F 		tst	r3, #3
 2560 00cc 40F08780 		bne	.L211
 2561              	.L183:
1890:Drivers/STM32F2xx_HAL_Driver/Src/stm32f2xx_hal_can.c ****   {
 2562              		.loc 1 1890 3 is_stmt 1 view .LVU814
1890:Drivers/STM32F2xx_HAL_Driver/Src/stm32f2xx_hal_can.c ****   {
 2563              		.loc 1 1890 6 is_stmt 0 view .LVU815
 2564 00d0 14F0400F 		tst	r4, #64
 2565 00d4 07D0     		beq	.L184
1892:Drivers/STM32F2xx_HAL_Driver/Src/stm32f2xx_hal_can.c ****     {
 2566              		.loc 1 1892 5 is_stmt 1 view .LVU816
1892:Drivers/STM32F2xx_HAL_Driver/Src/stm32f2xx_hal_can.c ****     {
 2567              		.loc 1 1892 8 is_stmt 0 view .LVU817
 2568 00d6 19F0100F 		tst	r9, #16
 2569 00da 04D0     		beq	.L184
1895:Drivers/STM32F2xx_HAL_Driver/Src/stm32f2xx_hal_can.c **** 
 2570              		.loc 1 1895 7 is_stmt 1 view .LVU818
1895:Drivers/STM32F2xx_HAL_Driver/Src/stm32f2xx_hal_can.c **** 
 2571              		.loc 1 1895 17 is_stmt 0 view .LVU819
 2572 00dc 46F48066 		orr	r6, r6, #1024
 2573              	.LVL199:
1898:Drivers/STM32F2xx_HAL_Driver/Src/stm32f2xx_hal_can.c ****     }
 2574              		.loc 1 1898 7 is_stmt 1 view .LVU820
 2575 00e0 2B68     		ldr	r3, [r5]
 2576 00e2 1022     		movs	r2, #16
 2577 00e4 1A61     		str	r2, [r3, #16]
 2578              	.L184:
1903:Drivers/STM32F2xx_HAL_Driver/Src/stm32f2xx_hal_can.c ****   {
 2579              		.loc 1 1903 3 view .LVU821
1903:Drivers/STM32F2xx_HAL_Driver/Src/stm32f2xx_hal_can.c ****   {
 2580              		.loc 1 1903 6 is_stmt 0 view .LVU822
 2581 00e6 14F0200F 		tst	r4, #32
 2582 00ea 02D0     		beq	.L185
1905:Drivers/STM32F2xx_HAL_Driver/Src/stm32f2xx_hal_can.c ****     {
 2583              		.loc 1 1905 5 is_stmt 1 view .LVU823
1905:Drivers/STM32F2xx_HAL_Driver/Src/stm32f2xx_hal_can.c ****     {
 2584              		.loc 1 1905 8 is_stmt 0 view .LVU824
 2585 00ec 19F0080F 		tst	r9, #8
 2586 00f0 79D1     		bne	.L212
 2587              	.L185:
1922:Drivers/STM32F2xx_HAL_Driver/Src/stm32f2xx_hal_can.c ****   {
 2588              		.loc 1 1922 3 is_stmt 1 view .LVU825
1922:Drivers/STM32F2xx_HAL_Driver/Src/stm32f2xx_hal_can.c ****   {
 2589              		.loc 1 1922 6 is_stmt 0 view .LVU826
 2590 00f2 14F0100F 		tst	r4, #16
 2591 00f6 04D0     		beq	.L186
1925:Drivers/STM32F2xx_HAL_Driver/Src/stm32f2xx_hal_can.c ****     {
 2592              		.loc 1 1925 5 is_stmt 1 view .LVU827
1925:Drivers/STM32F2xx_HAL_Driver/Src/stm32f2xx_hal_can.c ****     {
 2593              		.loc 1 1925 14 is_stmt 0 view .LVU828
ARM GAS  /var/folders/8x/_y6g3dfs0698dfd49y4vcg_w0000gn/T//ccYyxujy.s 			page 111


 2594 00f8 2B68     		ldr	r3, [r5]
1925:Drivers/STM32F2xx_HAL_Driver/Src/stm32f2xx_hal_can.c ****     {
 2595              		.loc 1 1925 24 view .LVU829
 2596 00fa 1B69     		ldr	r3, [r3, #16]
1925:Drivers/STM32F2xx_HAL_Driver/Src/stm32f2xx_hal_can.c ****     {
 2597              		.loc 1 1925 8 view .LVU830
 2598 00fc 13F0030F 		tst	r3, #3
 2599 0100 78D1     		bne	.L213
 2600              	.L186:
1939:Drivers/STM32F2xx_HAL_Driver/Src/stm32f2xx_hal_can.c ****   {
 2601              		.loc 1 1939 3 is_stmt 1 view .LVU831
1939:Drivers/STM32F2xx_HAL_Driver/Src/stm32f2xx_hal_can.c ****   {
 2602              		.loc 1 1939 6 is_stmt 0 view .LVU832
 2603 0102 14F4003F 		tst	r4, #131072
 2604 0106 02D0     		beq	.L187
1941:Drivers/STM32F2xx_HAL_Driver/Src/stm32f2xx_hal_can.c ****     {
 2605              		.loc 1 1941 5 is_stmt 1 view .LVU833
1941:Drivers/STM32F2xx_HAL_Driver/Src/stm32f2xx_hal_can.c ****     {
 2606              		.loc 1 1941 8 is_stmt 0 view .LVU834
 2607 0108 18F0100F 		tst	r8, #16
 2608 010c 76D1     		bne	.L214
 2609              	.L187:
1958:Drivers/STM32F2xx_HAL_Driver/Src/stm32f2xx_hal_can.c ****   {
 2610              		.loc 1 1958 3 is_stmt 1 view .LVU835
1958:Drivers/STM32F2xx_HAL_Driver/Src/stm32f2xx_hal_can.c ****   {
 2611              		.loc 1 1958 6 is_stmt 0 view .LVU836
 2612 010e 14F4803F 		tst	r4, #65536
 2613 0112 02D0     		beq	.L188
1960:Drivers/STM32F2xx_HAL_Driver/Src/stm32f2xx_hal_can.c ****     {
 2614              		.loc 1 1960 5 is_stmt 1 view .LVU837
1960:Drivers/STM32F2xx_HAL_Driver/Src/stm32f2xx_hal_can.c ****     {
 2615              		.loc 1 1960 8 is_stmt 0 view .LVU838
 2616 0114 18F0080F 		tst	r8, #8
 2617 0118 77D1     		bne	.L215
 2618              	.L188:
1977:Drivers/STM32F2xx_HAL_Driver/Src/stm32f2xx_hal_can.c ****   {
 2619              		.loc 1 1977 3 is_stmt 1 view .LVU839
1977:Drivers/STM32F2xx_HAL_Driver/Src/stm32f2xx_hal_can.c ****   {
 2620              		.loc 1 1977 6 is_stmt 0 view .LVU840
 2621 011a 14F4004F 		tst	r4, #32768
 2622 011e 37D0     		beq	.L189
1979:Drivers/STM32F2xx_HAL_Driver/Src/stm32f2xx_hal_can.c ****     {
 2623              		.loc 1 1979 5 is_stmt 1 view .LVU841
1979:Drivers/STM32F2xx_HAL_Driver/Src/stm32f2xx_hal_can.c ****     {
 2624              		.loc 1 1979 8 is_stmt 0 view .LVU842
 2625 0120 18F0040F 		tst	r8, #4
 2626 0124 31D0     		beq	.L190
1982:Drivers/STM32F2xx_HAL_Driver/Src/stm32f2xx_hal_can.c ****           ((esrflags & CAN_ESR_EWGF) != 0U))
 2627              		.loc 1 1982 7 is_stmt 1 view .LVU843
1982:Drivers/STM32F2xx_HAL_Driver/Src/stm32f2xx_hal_can.c ****           ((esrflags & CAN_ESR_EWGF) != 0U))
 2628              		.loc 1 1982 10 is_stmt 0 view .LVU844
 2629 0126 14F4807F 		tst	r4, #256
 2630 012a 04D0     		beq	.L191
1982:Drivers/STM32F2xx_HAL_Driver/Src/stm32f2xx_hal_can.c ****           ((esrflags & CAN_ESR_EWGF) != 0U))
 2631              		.loc 1 1982 55 discriminator 1 view .LVU845
 2632 012c 1BF0010F 		tst	fp, #1
 2633 0130 01D0     		beq	.L191
ARM GAS  /var/folders/8x/_y6g3dfs0698dfd49y4vcg_w0000gn/T//ccYyxujy.s 			page 112


1986:Drivers/STM32F2xx_HAL_Driver/Src/stm32f2xx_hal_can.c **** 
 2634              		.loc 1 1986 9 is_stmt 1 view .LVU846
1986:Drivers/STM32F2xx_HAL_Driver/Src/stm32f2xx_hal_can.c **** 
 2635              		.loc 1 1986 19 is_stmt 0 view .LVU847
 2636 0132 46F00106 		orr	r6, r6, #1
 2637              	.LVL200:
 2638              	.L191:
1992:Drivers/STM32F2xx_HAL_Driver/Src/stm32f2xx_hal_can.c ****           ((esrflags & CAN_ESR_EPVF) != 0U))
 2639              		.loc 1 1992 7 is_stmt 1 view .LVU848
1992:Drivers/STM32F2xx_HAL_Driver/Src/stm32f2xx_hal_can.c ****           ((esrflags & CAN_ESR_EPVF) != 0U))
 2640              		.loc 1 1992 10 is_stmt 0 view .LVU849
 2641 0136 14F4007F 		tst	r4, #512
 2642 013a 04D0     		beq	.L192
1992:Drivers/STM32F2xx_HAL_Driver/Src/stm32f2xx_hal_can.c ****           ((esrflags & CAN_ESR_EPVF) != 0U))
 2643              		.loc 1 1992 55 discriminator 1 view .LVU850
 2644 013c 1BF0020F 		tst	fp, #2
 2645 0140 01D0     		beq	.L192
1996:Drivers/STM32F2xx_HAL_Driver/Src/stm32f2xx_hal_can.c **** 
 2646              		.loc 1 1996 9 is_stmt 1 view .LVU851
1996:Drivers/STM32F2xx_HAL_Driver/Src/stm32f2xx_hal_can.c **** 
 2647              		.loc 1 1996 19 is_stmt 0 view .LVU852
 2648 0142 46F00206 		orr	r6, r6, #2
 2649              	.LVL201:
 2650              	.L192:
2002:Drivers/STM32F2xx_HAL_Driver/Src/stm32f2xx_hal_can.c ****           ((esrflags & CAN_ESR_BOFF) != 0U))
 2651              		.loc 1 2002 7 is_stmt 1 view .LVU853
2002:Drivers/STM32F2xx_HAL_Driver/Src/stm32f2xx_hal_can.c ****           ((esrflags & CAN_ESR_BOFF) != 0U))
 2652              		.loc 1 2002 10 is_stmt 0 view .LVU854
 2653 0146 14F4806F 		tst	r4, #1024
 2654 014a 04D0     		beq	.L193
2002:Drivers/STM32F2xx_HAL_Driver/Src/stm32f2xx_hal_can.c ****           ((esrflags & CAN_ESR_BOFF) != 0U))
 2655              		.loc 1 2002 48 discriminator 1 view .LVU855
 2656 014c 1BF0040F 		tst	fp, #4
 2657 0150 01D0     		beq	.L193
2006:Drivers/STM32F2xx_HAL_Driver/Src/stm32f2xx_hal_can.c **** 
 2658              		.loc 1 2006 9 is_stmt 1 view .LVU856
2006:Drivers/STM32F2xx_HAL_Driver/Src/stm32f2xx_hal_can.c **** 
 2659              		.loc 1 2006 19 is_stmt 0 view .LVU857
 2660 0152 46F00406 		orr	r6, r6, #4
 2661              	.LVL202:
 2662              	.L193:
2012:Drivers/STM32F2xx_HAL_Driver/Src/stm32f2xx_hal_can.c ****           ((esrflags & CAN_ESR_LEC) != 0U))
 2663              		.loc 1 2012 7 is_stmt 1 view .LVU858
2012:Drivers/STM32F2xx_HAL_Driver/Src/stm32f2xx_hal_can.c ****           ((esrflags & CAN_ESR_LEC) != 0U))
 2664              		.loc 1 2012 10 is_stmt 0 view .LVU859
 2665 0156 14F4006F 		tst	r4, #2048
 2666 015a 16D0     		beq	.L190
2012:Drivers/STM32F2xx_HAL_Driver/Src/stm32f2xx_hal_can.c ****           ((esrflags & CAN_ESR_LEC) != 0U))
 2667              		.loc 1 2012 57 discriminator 1 view .LVU860
 2668 015c 1BF0700B 		ands	fp, fp, #112
 2669              	.LVL203:
2012:Drivers/STM32F2xx_HAL_Driver/Src/stm32f2xx_hal_can.c ****           ((esrflags & CAN_ESR_LEC) != 0U))
 2670              		.loc 1 2012 57 discriminator 1 view .LVU861
 2671 0160 13D0     		beq	.L190
2015:Drivers/STM32F2xx_HAL_Driver/Src/stm32f2xx_hal_can.c ****         {
 2672              		.loc 1 2015 9 is_stmt 1 view .LVU862
 2673 0162 BBF1400F 		cmp	fp, #64
ARM GAS  /var/folders/8x/_y6g3dfs0698dfd49y4vcg_w0000gn/T//ccYyxujy.s 			page 113


 2674 0166 66D0     		beq	.L194
 2675 0168 56D8     		bhi	.L195
 2676 016a BBF1200F 		cmp	fp, #32
 2677 016e 5CD0     		beq	.L196
 2678 0170 BBF1300F 		cmp	fp, #48
 2679 0174 5CD0     		beq	.L197
 2680 0176 BBF1100F 		cmp	fp, #16
 2681 017a 01D1     		bne	.L199
2019:Drivers/STM32F2xx_HAL_Driver/Src/stm32f2xx_hal_can.c ****             break;
 2682              		.loc 1 2019 13 view .LVU863
2019:Drivers/STM32F2xx_HAL_Driver/Src/stm32f2xx_hal_can.c ****             break;
 2683              		.loc 1 2019 23 is_stmt 0 view .LVU864
 2684 017c 46F00806 		orr	r6, r6, #8
 2685              	.LVL204:
2020:Drivers/STM32F2xx_HAL_Driver/Src/stm32f2xx_hal_can.c ****           case (CAN_ESR_LEC_1):
 2686              		.loc 1 2020 13 is_stmt 1 view .LVU865
 2687              	.L199:
2046:Drivers/STM32F2xx_HAL_Driver/Src/stm32f2xx_hal_can.c ****       }
 2688              		.loc 1 2046 9 view .LVU866
 2689 0180 2A68     		ldr	r2, [r5]
 2690 0182 9369     		ldr	r3, [r2, #24]
 2691 0184 23F07003 		bic	r3, r3, #112
 2692 0188 9361     		str	r3, [r2, #24]
 2693              	.L190:
2051:Drivers/STM32F2xx_HAL_Driver/Src/stm32f2xx_hal_can.c ****   }
 2694              		.loc 1 2051 5 view .LVU867
 2695 018a 2B68     		ldr	r3, [r5]
 2696 018c 0422     		movs	r2, #4
 2697 018e 5A60     		str	r2, [r3, #4]
 2698              	.L189:
2055:Drivers/STM32F2xx_HAL_Driver/Src/stm32f2xx_hal_can.c ****   {
 2699              		.loc 1 2055 3 view .LVU868
2055:Drivers/STM32F2xx_HAL_Driver/Src/stm32f2xx_hal_can.c ****   {
 2700              		.loc 1 2055 6 is_stmt 0 view .LVU869
 2701 0190 002E     		cmp	r6, #0
 2702 0192 56D1     		bne	.L216
 2703              	.L170:
2069:Drivers/STM32F2xx_HAL_Driver/Src/stm32f2xx_hal_can.c **** 
 2704              		.loc 1 2069 1 view .LVU870
 2705 0194 BDE8F88F 		pop	{r3, r4, r5, r6, r7, r8, r9, r10, fp, pc}
 2706              	.LVL205:
 2707              	.L208:
1767:Drivers/STM32F2xx_HAL_Driver/Src/stm32f2xx_hal_can.c **** #endif /* USE_HAL_CAN_REGISTER_CALLBACKS */
 2708              		.loc 1 1767 9 is_stmt 1 view .LVU871
 2709 0198 2846     		mov	r0, r5
 2710 019a FFF7FEFF 		bl	HAL_CAN_TxMailbox1CompleteCallback
 2711              	.LVL206:
 2712 019e 6BE7     		b	.L174
 2713              	.L176:
1777:Drivers/STM32F2xx_HAL_Driver/Src/stm32f2xx_hal_can.c ****         {
 2714              		.loc 1 1777 14 view .LVU872
1777:Drivers/STM32F2xx_HAL_Driver/Src/stm32f2xx_hal_can.c ****         {
 2715              		.loc 1 1777 17 is_stmt 0 view .LVU873
 2716 01a0 17F4006F 		tst	r7, #2048
 2717 01a4 02D0     		beq	.L177
1780:Drivers/STM32F2xx_HAL_Driver/Src/stm32f2xx_hal_can.c ****         }
 2718              		.loc 1 1780 11 is_stmt 1 view .LVU874
ARM GAS  /var/folders/8x/_y6g3dfs0698dfd49y4vcg_w0000gn/T//ccYyxujy.s 			page 114


1780:Drivers/STM32F2xx_HAL_Driver/Src/stm32f2xx_hal_can.c ****         }
 2719              		.loc 1 1780 21 is_stmt 0 view .LVU875
 2720 01a6 46F48046 		orr	r6, r6, #16384
 2721              	.LVL207:
1780:Drivers/STM32F2xx_HAL_Driver/Src/stm32f2xx_hal_can.c ****         }
 2722              		.loc 1 1780 21 view .LVU876
 2723 01aa 65E7     		b	.L174
 2724              	.L177:
1790:Drivers/STM32F2xx_HAL_Driver/Src/stm32f2xx_hal_can.c **** #endif /* USE_HAL_CAN_REGISTER_CALLBACKS */
 2725              		.loc 1 1790 11 is_stmt 1 view .LVU877
 2726 01ac 2846     		mov	r0, r5
 2727 01ae FFF7FEFF 		bl	HAL_CAN_TxMailbox1AbortCallback
 2728              	.LVL208:
 2729 01b2 61E7     		b	.L174
 2730              	.L209:
1810:Drivers/STM32F2xx_HAL_Driver/Src/stm32f2xx_hal_can.c **** #endif /* USE_HAL_CAN_REGISTER_CALLBACKS */
 2731              		.loc 1 1810 9 view .LVU878
 2732 01b4 2846     		mov	r0, r5
 2733 01b6 FFF7FEFF 		bl	HAL_CAN_TxMailbox2CompleteCallback
 2734              	.LVL209:
 2735 01ba 6EE7     		b	.L171
 2736              	.L179:
1820:Drivers/STM32F2xx_HAL_Driver/Src/stm32f2xx_hal_can.c ****         {
 2737              		.loc 1 1820 14 view .LVU879
1820:Drivers/STM32F2xx_HAL_Driver/Src/stm32f2xx_hal_can.c ****         {
 2738              		.loc 1 1820 17 is_stmt 0 view .LVU880
 2739 01bc 17F4002F 		tst	r7, #524288
 2740 01c0 02D0     		beq	.L180
1823:Drivers/STM32F2xx_HAL_Driver/Src/stm32f2xx_hal_can.c ****         }
 2741              		.loc 1 1823 11 is_stmt 1 view .LVU881
1823:Drivers/STM32F2xx_HAL_Driver/Src/stm32f2xx_hal_can.c ****         }
 2742              		.loc 1 1823 21 is_stmt 0 view .LVU882
 2743 01c2 46F48036 		orr	r6, r6, #65536
 2744              	.LVL210:
1823:Drivers/STM32F2xx_HAL_Driver/Src/stm32f2xx_hal_can.c ****         }
 2745              		.loc 1 1823 21 view .LVU883
 2746 01c6 68E7     		b	.L171
 2747              	.L180:
1833:Drivers/STM32F2xx_HAL_Driver/Src/stm32f2xx_hal_can.c **** #endif /* USE_HAL_CAN_REGISTER_CALLBACKS */
 2748              		.loc 1 1833 11 is_stmt 1 view .LVU884
 2749 01c8 2846     		mov	r0, r5
 2750 01ca FFF7FEFF 		bl	HAL_CAN_TxMailbox2AbortCallback
 2751              	.LVL211:
 2752 01ce 64E7     		b	.L171
 2753              	.L210:
1859:Drivers/STM32F2xx_HAL_Driver/Src/stm32f2xx_hal_can.c **** 
 2754              		.loc 1 1859 7 view .LVU885
 2755 01d0 2B68     		ldr	r3, [r5]
 2756 01d2 0822     		movs	r2, #8
 2757 01d4 DA60     		str	r2, [r3, #12]
1867:Drivers/STM32F2xx_HAL_Driver/Src/stm32f2xx_hal_can.c **** #endif /* USE_HAL_CAN_REGISTER_CALLBACKS */
 2758              		.loc 1 1867 7 view .LVU886
 2759 01d6 2846     		mov	r0, r5
 2760 01d8 FFF7FEFF 		bl	HAL_CAN_RxFifo0FullCallback
 2761              	.LVL212:
 2762 01dc 6FE7     		b	.L182
 2763              	.L211:
ARM GAS  /var/folders/8x/_y6g3dfs0698dfd49y4vcg_w0000gn/T//ccYyxujy.s 			page 115


1884:Drivers/STM32F2xx_HAL_Driver/Src/stm32f2xx_hal_can.c **** #endif /* USE_HAL_CAN_REGISTER_CALLBACKS */
 2764              		.loc 1 1884 7 view .LVU887
 2765 01de 2846     		mov	r0, r5
 2766 01e0 FFF7FEFF 		bl	HAL_CAN_RxFifo0MsgPendingCallback
 2767              	.LVL213:
 2768 01e4 74E7     		b	.L183
 2769              	.L212:
1908:Drivers/STM32F2xx_HAL_Driver/Src/stm32f2xx_hal_can.c **** 
 2770              		.loc 1 1908 7 view .LVU888
 2771 01e6 2B68     		ldr	r3, [r5]
 2772 01e8 0822     		movs	r2, #8
 2773 01ea 1A61     		str	r2, [r3, #16]
1916:Drivers/STM32F2xx_HAL_Driver/Src/stm32f2xx_hal_can.c **** #endif /* USE_HAL_CAN_REGISTER_CALLBACKS */
 2774              		.loc 1 1916 7 view .LVU889
 2775 01ec 2846     		mov	r0, r5
 2776 01ee FFF7FEFF 		bl	HAL_CAN_RxFifo1FullCallback
 2777              	.LVL214:
 2778 01f2 7EE7     		b	.L185
 2779              	.L213:
1933:Drivers/STM32F2xx_HAL_Driver/Src/stm32f2xx_hal_can.c **** #endif /* USE_HAL_CAN_REGISTER_CALLBACKS */
 2780              		.loc 1 1933 7 view .LVU890
 2781 01f4 2846     		mov	r0, r5
 2782 01f6 FFF7FEFF 		bl	HAL_CAN_RxFifo1MsgPendingCallback
 2783              	.LVL215:
 2784 01fa 82E7     		b	.L186
 2785              	.L214:
1944:Drivers/STM32F2xx_HAL_Driver/Src/stm32f2xx_hal_can.c **** 
 2786              		.loc 1 1944 7 view .LVU891
 2787 01fc 2B68     		ldr	r3, [r5]
 2788 01fe 1022     		movs	r2, #16
 2789 0200 5A60     		str	r2, [r3, #4]
1952:Drivers/STM32F2xx_HAL_Driver/Src/stm32f2xx_hal_can.c **** #endif /* USE_HAL_CAN_REGISTER_CALLBACKS */
 2790              		.loc 1 1952 7 view .LVU892
 2791 0202 2846     		mov	r0, r5
 2792 0204 FFF7FEFF 		bl	HAL_CAN_SleepCallback
 2793              	.LVL216:
 2794 0208 81E7     		b	.L187
 2795              	.L215:
1963:Drivers/STM32F2xx_HAL_Driver/Src/stm32f2xx_hal_can.c **** 
 2796              		.loc 1 1963 7 view .LVU893
 2797 020a 2B68     		ldr	r3, [r5]
 2798 020c 0822     		movs	r2, #8
 2799 020e 5A60     		str	r2, [r3, #4]
1971:Drivers/STM32F2xx_HAL_Driver/Src/stm32f2xx_hal_can.c **** #endif /* USE_HAL_CAN_REGISTER_CALLBACKS */
 2800              		.loc 1 1971 7 view .LVU894
 2801 0210 2846     		mov	r0, r5
 2802 0212 FFF7FEFF 		bl	HAL_CAN_WakeUpFromRxMsgCallback
 2803              	.LVL217:
 2804 0216 80E7     		b	.L188
 2805              	.LVL218:
 2806              	.L195:
2015:Drivers/STM32F2xx_HAL_Driver/Src/stm32f2xx_hal_can.c ****         {
 2807              		.loc 1 2015 9 is_stmt 0 view .LVU895
 2808 0218 BBF1500F 		cmp	fp, #80
 2809 021c 0ED0     		beq	.L200
 2810 021e BBF1600F 		cmp	fp, #96
 2811 0222 ADD1     		bne	.L199
ARM GAS  /var/folders/8x/_y6g3dfs0698dfd49y4vcg_w0000gn/T//ccYyxujy.s 			page 116


2039:Drivers/STM32F2xx_HAL_Driver/Src/stm32f2xx_hal_can.c ****             break;
 2812              		.loc 1 2039 13 is_stmt 1 view .LVU896
2039:Drivers/STM32F2xx_HAL_Driver/Src/stm32f2xx_hal_can.c ****             break;
 2813              		.loc 1 2039 23 is_stmt 0 view .LVU897
 2814 0224 46F48076 		orr	r6, r6, #256
 2815              	.LVL219:
2040:Drivers/STM32F2xx_HAL_Driver/Src/stm32f2xx_hal_can.c ****           default:
 2816              		.loc 1 2040 13 is_stmt 1 view .LVU898
 2817 0228 AAE7     		b	.L199
 2818              	.L196:
2023:Drivers/STM32F2xx_HAL_Driver/Src/stm32f2xx_hal_can.c ****             break;
 2819              		.loc 1 2023 13 view .LVU899
2023:Drivers/STM32F2xx_HAL_Driver/Src/stm32f2xx_hal_can.c ****             break;
 2820              		.loc 1 2023 23 is_stmt 0 view .LVU900
 2821 022a 46F01006 		orr	r6, r6, #16
 2822              	.LVL220:
2024:Drivers/STM32F2xx_HAL_Driver/Src/stm32f2xx_hal_can.c ****           case (CAN_ESR_LEC_1 | CAN_ESR_LEC_0):
 2823              		.loc 1 2024 13 is_stmt 1 view .LVU901
 2824 022e A7E7     		b	.L199
 2825              	.L197:
2027:Drivers/STM32F2xx_HAL_Driver/Src/stm32f2xx_hal_can.c ****             break;
 2826              		.loc 1 2027 13 view .LVU902
2027:Drivers/STM32F2xx_HAL_Driver/Src/stm32f2xx_hal_can.c ****             break;
 2827              		.loc 1 2027 23 is_stmt 0 view .LVU903
 2828 0230 46F02006 		orr	r6, r6, #32
 2829              	.LVL221:
2028:Drivers/STM32F2xx_HAL_Driver/Src/stm32f2xx_hal_can.c ****           case (CAN_ESR_LEC_2):
 2830              		.loc 1 2028 13 is_stmt 1 view .LVU904
 2831 0234 A4E7     		b	.L199
 2832              	.L194:
2031:Drivers/STM32F2xx_HAL_Driver/Src/stm32f2xx_hal_can.c ****             break;
 2833              		.loc 1 2031 13 view .LVU905
2031:Drivers/STM32F2xx_HAL_Driver/Src/stm32f2xx_hal_can.c ****             break;
 2834              		.loc 1 2031 23 is_stmt 0 view .LVU906
 2835 0236 46F04006 		orr	r6, r6, #64
 2836              	.LVL222:
2032:Drivers/STM32F2xx_HAL_Driver/Src/stm32f2xx_hal_can.c ****           case (CAN_ESR_LEC_2 | CAN_ESR_LEC_0):
 2837              		.loc 1 2032 13 is_stmt 1 view .LVU907
 2838 023a A1E7     		b	.L199
 2839              	.L200:
2035:Drivers/STM32F2xx_HAL_Driver/Src/stm32f2xx_hal_can.c ****             break;
 2840              		.loc 1 2035 13 view .LVU908
2035:Drivers/STM32F2xx_HAL_Driver/Src/stm32f2xx_hal_can.c ****             break;
 2841              		.loc 1 2035 23 is_stmt 0 view .LVU909
 2842 023c 46F08006 		orr	r6, r6, #128
 2843              	.LVL223:
2036:Drivers/STM32F2xx_HAL_Driver/Src/stm32f2xx_hal_can.c ****           case (CAN_ESR_LEC_2 | CAN_ESR_LEC_1):
 2844              		.loc 1 2036 13 is_stmt 1 view .LVU910
 2845 0240 9EE7     		b	.L199
 2846              	.L216:
2058:Drivers/STM32F2xx_HAL_Driver/Src/stm32f2xx_hal_can.c **** 
 2847              		.loc 1 2058 5 view .LVU911
2058:Drivers/STM32F2xx_HAL_Driver/Src/stm32f2xx_hal_can.c **** 
 2848              		.loc 1 2058 9 is_stmt 0 view .LVU912
 2849 0242 6B6A     		ldr	r3, [r5, #36]
2058:Drivers/STM32F2xx_HAL_Driver/Src/stm32f2xx_hal_can.c **** 
 2850              		.loc 1 2058 21 view .LVU913
ARM GAS  /var/folders/8x/_y6g3dfs0698dfd49y4vcg_w0000gn/T//ccYyxujy.s 			page 117


 2851 0244 3343     		orrs	r3, r3, r6
 2852 0246 6B62     		str	r3, [r5, #36]
2066:Drivers/STM32F2xx_HAL_Driver/Src/stm32f2xx_hal_can.c **** #endif /* USE_HAL_CAN_REGISTER_CALLBACKS */
 2853              		.loc 1 2066 5 is_stmt 1 view .LVU914
 2854 0248 2846     		mov	r0, r5
 2855 024a FFF7FEFF 		bl	HAL_CAN_ErrorCallback
 2856              	.LVL224:
2069:Drivers/STM32F2xx_HAL_Driver/Src/stm32f2xx_hal_can.c **** 
 2857              		.loc 1 2069 1 is_stmt 0 view .LVU915
 2858 024e A1E7     		b	.L170
 2859              		.cfi_endproc
 2860              	.LFE91:
 2862              		.section	.text.HAL_CAN_GetState,"ax",%progbits
 2863              		.align	1
 2864              		.global	HAL_CAN_GetState
 2865              		.syntax unified
 2866              		.thumb
 2867              		.thumb_func
 2869              	HAL_CAN_GetState:
 2870              	.LVL225:
 2871              	.LFB105:
2320:Drivers/STM32F2xx_HAL_Driver/Src/stm32f2xx_hal_can.c **** 
2321:Drivers/STM32F2xx_HAL_Driver/Src/stm32f2xx_hal_can.c **** /**
2322:Drivers/STM32F2xx_HAL_Driver/Src/stm32f2xx_hal_can.c ****   * @}
2323:Drivers/STM32F2xx_HAL_Driver/Src/stm32f2xx_hal_can.c ****   */
2324:Drivers/STM32F2xx_HAL_Driver/Src/stm32f2xx_hal_can.c **** 
2325:Drivers/STM32F2xx_HAL_Driver/Src/stm32f2xx_hal_can.c **** /** @defgroup CAN_Exported_Functions_Group6 Peripheral State and Error functions
2326:Drivers/STM32F2xx_HAL_Driver/Src/stm32f2xx_hal_can.c ****   * @brief   CAN Peripheral State functions
2327:Drivers/STM32F2xx_HAL_Driver/Src/stm32f2xx_hal_can.c ****   *
2328:Drivers/STM32F2xx_HAL_Driver/Src/stm32f2xx_hal_can.c **** @verbatim
2329:Drivers/STM32F2xx_HAL_Driver/Src/stm32f2xx_hal_can.c ****   ==============================================================================
2330:Drivers/STM32F2xx_HAL_Driver/Src/stm32f2xx_hal_can.c ****             ##### Peripheral State and Error functions #####
2331:Drivers/STM32F2xx_HAL_Driver/Src/stm32f2xx_hal_can.c ****   ==============================================================================
2332:Drivers/STM32F2xx_HAL_Driver/Src/stm32f2xx_hal_can.c ****     [..]
2333:Drivers/STM32F2xx_HAL_Driver/Src/stm32f2xx_hal_can.c ****     This subsection provides functions allowing to :
2334:Drivers/STM32F2xx_HAL_Driver/Src/stm32f2xx_hal_can.c ****       (+) HAL_CAN_GetState()  : Return the CAN state.
2335:Drivers/STM32F2xx_HAL_Driver/Src/stm32f2xx_hal_can.c ****       (+) HAL_CAN_GetError()  : Return the CAN error codes if any.
2336:Drivers/STM32F2xx_HAL_Driver/Src/stm32f2xx_hal_can.c ****       (+) HAL_CAN_ResetError(): Reset the CAN error codes if any.
2337:Drivers/STM32F2xx_HAL_Driver/Src/stm32f2xx_hal_can.c **** 
2338:Drivers/STM32F2xx_HAL_Driver/Src/stm32f2xx_hal_can.c **** @endverbatim
2339:Drivers/STM32F2xx_HAL_Driver/Src/stm32f2xx_hal_can.c ****   * @{
2340:Drivers/STM32F2xx_HAL_Driver/Src/stm32f2xx_hal_can.c ****   */
2341:Drivers/STM32F2xx_HAL_Driver/Src/stm32f2xx_hal_can.c **** 
2342:Drivers/STM32F2xx_HAL_Driver/Src/stm32f2xx_hal_can.c **** /**
2343:Drivers/STM32F2xx_HAL_Driver/Src/stm32f2xx_hal_can.c ****   * @brief  Return the CAN state.
2344:Drivers/STM32F2xx_HAL_Driver/Src/stm32f2xx_hal_can.c ****   * @param  hcan pointer to a CAN_HandleTypeDef structure that contains
2345:Drivers/STM32F2xx_HAL_Driver/Src/stm32f2xx_hal_can.c ****   *         the configuration information for the specified CAN.
2346:Drivers/STM32F2xx_HAL_Driver/Src/stm32f2xx_hal_can.c ****   * @retval HAL state
2347:Drivers/STM32F2xx_HAL_Driver/Src/stm32f2xx_hal_can.c ****   */
2348:Drivers/STM32F2xx_HAL_Driver/Src/stm32f2xx_hal_can.c **** HAL_CAN_StateTypeDef HAL_CAN_GetState(const CAN_HandleTypeDef *hcan)
2349:Drivers/STM32F2xx_HAL_Driver/Src/stm32f2xx_hal_can.c **** {
 2872              		.loc 1 2349 1 is_stmt 1 view -0
 2873              		.cfi_startproc
 2874              		@ args = 0, pretend = 0, frame = 0
 2875              		@ frame_needed = 0, uses_anonymous_args = 0
 2876              		@ link register save eliminated.
 2877              		.loc 1 2349 1 is_stmt 0 view .LVU917
ARM GAS  /var/folders/8x/_y6g3dfs0698dfd49y4vcg_w0000gn/T//ccYyxujy.s 			page 118


 2878 0000 0246     		mov	r2, r0
2350:Drivers/STM32F2xx_HAL_Driver/Src/stm32f2xx_hal_can.c ****   HAL_CAN_StateTypeDef state = hcan->State;
 2879              		.loc 1 2350 3 is_stmt 1 view .LVU918
 2880              		.loc 1 2350 24 is_stmt 0 view .LVU919
 2881 0002 90F82030 		ldrb	r3, [r0, #32]	@ zero_extendqisi2
 2882 0006 D8B2     		uxtb	r0, r3
 2883              	.LVL226:
2351:Drivers/STM32F2xx_HAL_Driver/Src/stm32f2xx_hal_can.c **** 
2352:Drivers/STM32F2xx_HAL_Driver/Src/stm32f2xx_hal_can.c ****   if ((state == HAL_CAN_STATE_READY) ||
 2884              		.loc 1 2352 3 is_stmt 1 view .LVU920
 2885              		.loc 1 2352 38 is_stmt 0 view .LVU921
 2886 0008 013B     		subs	r3, r3, #1
 2887 000a DBB2     		uxtb	r3, r3
 2888              		.loc 1 2352 6 view .LVU922
 2889 000c 012B     		cmp	r3, #1
 2890 000e 00D9     		bls	.L221
 2891              	.LVL227:
 2892              	.L218:
2353:Drivers/STM32F2xx_HAL_Driver/Src/stm32f2xx_hal_can.c ****       (state == HAL_CAN_STATE_LISTENING))
2354:Drivers/STM32F2xx_HAL_Driver/Src/stm32f2xx_hal_can.c ****   {
2355:Drivers/STM32F2xx_HAL_Driver/Src/stm32f2xx_hal_can.c ****     /* Check sleep mode acknowledge flag */
2356:Drivers/STM32F2xx_HAL_Driver/Src/stm32f2xx_hal_can.c ****     if ((hcan->Instance->MSR & CAN_MSR_SLAK) != 0U)
2357:Drivers/STM32F2xx_HAL_Driver/Src/stm32f2xx_hal_can.c ****     {
2358:Drivers/STM32F2xx_HAL_Driver/Src/stm32f2xx_hal_can.c ****       /* Sleep mode is active */
2359:Drivers/STM32F2xx_HAL_Driver/Src/stm32f2xx_hal_can.c ****       state = HAL_CAN_STATE_SLEEP_ACTIVE;
2360:Drivers/STM32F2xx_HAL_Driver/Src/stm32f2xx_hal_can.c ****     }
2361:Drivers/STM32F2xx_HAL_Driver/Src/stm32f2xx_hal_can.c ****     /* Check sleep mode request flag */
2362:Drivers/STM32F2xx_HAL_Driver/Src/stm32f2xx_hal_can.c ****     else if ((hcan->Instance->MCR & CAN_MCR_SLEEP) != 0U)
2363:Drivers/STM32F2xx_HAL_Driver/Src/stm32f2xx_hal_can.c ****     {
2364:Drivers/STM32F2xx_HAL_Driver/Src/stm32f2xx_hal_can.c ****       /* Sleep mode request is pending */
2365:Drivers/STM32F2xx_HAL_Driver/Src/stm32f2xx_hal_can.c ****       state = HAL_CAN_STATE_SLEEP_PENDING;
2366:Drivers/STM32F2xx_HAL_Driver/Src/stm32f2xx_hal_can.c ****     }
2367:Drivers/STM32F2xx_HAL_Driver/Src/stm32f2xx_hal_can.c ****     else
2368:Drivers/STM32F2xx_HAL_Driver/Src/stm32f2xx_hal_can.c ****     {
2369:Drivers/STM32F2xx_HAL_Driver/Src/stm32f2xx_hal_can.c ****       /* Neither sleep mode request nor sleep mode acknowledge */
2370:Drivers/STM32F2xx_HAL_Driver/Src/stm32f2xx_hal_can.c ****     }
 2893              		.loc 1 2370 5 is_stmt 1 view .LVU923
2371:Drivers/STM32F2xx_HAL_Driver/Src/stm32f2xx_hal_can.c ****   }
2372:Drivers/STM32F2xx_HAL_Driver/Src/stm32f2xx_hal_can.c **** 
2373:Drivers/STM32F2xx_HAL_Driver/Src/stm32f2xx_hal_can.c ****   /* Return CAN state */
2374:Drivers/STM32F2xx_HAL_Driver/Src/stm32f2xx_hal_can.c ****   return state;
 2894              		.loc 1 2374 3 view .LVU924
2375:Drivers/STM32F2xx_HAL_Driver/Src/stm32f2xx_hal_can.c **** }
 2895              		.loc 1 2375 1 is_stmt 0 view .LVU925
 2896 0010 7047     		bx	lr
 2897              	.LVL228:
 2898              	.L221:
2356:Drivers/STM32F2xx_HAL_Driver/Src/stm32f2xx_hal_can.c ****     {
 2899              		.loc 1 2356 5 is_stmt 1 view .LVU926
2356:Drivers/STM32F2xx_HAL_Driver/Src/stm32f2xx_hal_can.c ****     {
 2900              		.loc 1 2356 14 is_stmt 0 view .LVU927
 2901 0012 1368     		ldr	r3, [r2]
2356:Drivers/STM32F2xx_HAL_Driver/Src/stm32f2xx_hal_can.c ****     {
 2902              		.loc 1 2356 24 view .LVU928
 2903 0014 5A68     		ldr	r2, [r3, #4]
 2904              	.LVL229:
2356:Drivers/STM32F2xx_HAL_Driver/Src/stm32f2xx_hal_can.c ****     {
ARM GAS  /var/folders/8x/_y6g3dfs0698dfd49y4vcg_w0000gn/T//ccYyxujy.s 			page 119


 2905              		.loc 1 2356 8 view .LVU929
 2906 0016 12F0020F 		tst	r2, #2
 2907 001a 05D1     		bne	.L219
2362:Drivers/STM32F2xx_HAL_Driver/Src/stm32f2xx_hal_can.c ****     {
 2908              		.loc 1 2362 10 is_stmt 1 view .LVU930
2362:Drivers/STM32F2xx_HAL_Driver/Src/stm32f2xx_hal_can.c ****     {
 2909              		.loc 1 2362 29 is_stmt 0 view .LVU931
 2910 001c 1B68     		ldr	r3, [r3]
2362:Drivers/STM32F2xx_HAL_Driver/Src/stm32f2xx_hal_can.c ****     {
 2911              		.loc 1 2362 13 view .LVU932
 2912 001e 13F0020F 		tst	r3, #2
 2913 0022 F5D0     		beq	.L218
2365:Drivers/STM32F2xx_HAL_Driver/Src/stm32f2xx_hal_can.c ****     }
 2914              		.loc 1 2365 13 view .LVU933
 2915 0024 0320     		movs	r0, #3
 2916              	.LVL230:
2365:Drivers/STM32F2xx_HAL_Driver/Src/stm32f2xx_hal_can.c ****     }
 2917              		.loc 1 2365 13 view .LVU934
 2918 0026 F3E7     		b	.L218
 2919              	.LVL231:
 2920              	.L219:
2359:Drivers/STM32F2xx_HAL_Driver/Src/stm32f2xx_hal_can.c ****     }
 2921              		.loc 1 2359 13 view .LVU935
 2922 0028 0420     		movs	r0, #4
 2923              	.LVL232:
2359:Drivers/STM32F2xx_HAL_Driver/Src/stm32f2xx_hal_can.c ****     }
 2924              		.loc 1 2359 13 view .LVU936
 2925 002a 7047     		bx	lr
 2926              		.cfi_endproc
 2927              	.LFE105:
 2929              		.section	.text.HAL_CAN_GetError,"ax",%progbits
 2930              		.align	1
 2931              		.global	HAL_CAN_GetError
 2932              		.syntax unified
 2933              		.thumb
 2934              		.thumb_func
 2936              	HAL_CAN_GetError:
 2937              	.LVL233:
 2938              	.LFB106:
2376:Drivers/STM32F2xx_HAL_Driver/Src/stm32f2xx_hal_can.c **** 
2377:Drivers/STM32F2xx_HAL_Driver/Src/stm32f2xx_hal_can.c **** /**
2378:Drivers/STM32F2xx_HAL_Driver/Src/stm32f2xx_hal_can.c ****   * @brief  Return the CAN error code.
2379:Drivers/STM32F2xx_HAL_Driver/Src/stm32f2xx_hal_can.c ****   * @param  hcan pointer to a CAN_HandleTypeDef structure that contains
2380:Drivers/STM32F2xx_HAL_Driver/Src/stm32f2xx_hal_can.c ****   *         the configuration information for the specified CAN.
2381:Drivers/STM32F2xx_HAL_Driver/Src/stm32f2xx_hal_can.c ****   * @retval CAN Error Code
2382:Drivers/STM32F2xx_HAL_Driver/Src/stm32f2xx_hal_can.c ****   */
2383:Drivers/STM32F2xx_HAL_Driver/Src/stm32f2xx_hal_can.c **** uint32_t HAL_CAN_GetError(const CAN_HandleTypeDef *hcan)
2384:Drivers/STM32F2xx_HAL_Driver/Src/stm32f2xx_hal_can.c **** {
 2939              		.loc 1 2384 1 is_stmt 1 view -0
 2940              		.cfi_startproc
 2941              		@ args = 0, pretend = 0, frame = 0
 2942              		@ frame_needed = 0, uses_anonymous_args = 0
 2943              		@ link register save eliminated.
2385:Drivers/STM32F2xx_HAL_Driver/Src/stm32f2xx_hal_can.c ****   /* Return CAN error code */
2386:Drivers/STM32F2xx_HAL_Driver/Src/stm32f2xx_hal_can.c ****   return hcan->ErrorCode;
 2944              		.loc 1 2386 3 view .LVU938
 2945              		.loc 1 2386 14 is_stmt 0 view .LVU939
ARM GAS  /var/folders/8x/_y6g3dfs0698dfd49y4vcg_w0000gn/T//ccYyxujy.s 			page 120


 2946 0000 406A     		ldr	r0, [r0, #36]
 2947              	.LVL234:
2387:Drivers/STM32F2xx_HAL_Driver/Src/stm32f2xx_hal_can.c **** }
 2948              		.loc 1 2387 1 view .LVU940
 2949 0002 7047     		bx	lr
 2950              		.cfi_endproc
 2951              	.LFE106:
 2953              		.section	.text.HAL_CAN_ResetError,"ax",%progbits
 2954              		.align	1
 2955              		.global	HAL_CAN_ResetError
 2956              		.syntax unified
 2957              		.thumb
 2958              		.thumb_func
 2960              	HAL_CAN_ResetError:
 2961              	.LVL235:
 2962              	.LFB107:
2388:Drivers/STM32F2xx_HAL_Driver/Src/stm32f2xx_hal_can.c **** 
2389:Drivers/STM32F2xx_HAL_Driver/Src/stm32f2xx_hal_can.c **** /**
2390:Drivers/STM32F2xx_HAL_Driver/Src/stm32f2xx_hal_can.c ****   * @brief  Reset the CAN error code.
2391:Drivers/STM32F2xx_HAL_Driver/Src/stm32f2xx_hal_can.c ****   * @param  hcan pointer to a CAN_HandleTypeDef structure that contains
2392:Drivers/STM32F2xx_HAL_Driver/Src/stm32f2xx_hal_can.c ****   *         the configuration information for the specified CAN.
2393:Drivers/STM32F2xx_HAL_Driver/Src/stm32f2xx_hal_can.c ****   * @retval HAL status
2394:Drivers/STM32F2xx_HAL_Driver/Src/stm32f2xx_hal_can.c ****   */
2395:Drivers/STM32F2xx_HAL_Driver/Src/stm32f2xx_hal_can.c **** HAL_StatusTypeDef HAL_CAN_ResetError(CAN_HandleTypeDef *hcan)
2396:Drivers/STM32F2xx_HAL_Driver/Src/stm32f2xx_hal_can.c **** {
 2963              		.loc 1 2396 1 is_stmt 1 view -0
 2964              		.cfi_startproc
 2965              		@ args = 0, pretend = 0, frame = 0
 2966              		@ frame_needed = 0, uses_anonymous_args = 0
 2967              		@ link register save eliminated.
2397:Drivers/STM32F2xx_HAL_Driver/Src/stm32f2xx_hal_can.c ****   HAL_StatusTypeDef status = HAL_OK;
 2968              		.loc 1 2397 3 view .LVU942
2398:Drivers/STM32F2xx_HAL_Driver/Src/stm32f2xx_hal_can.c ****   HAL_CAN_StateTypeDef state = hcan->State;
 2969              		.loc 1 2398 3 view .LVU943
 2970              		.loc 1 2398 24 is_stmt 0 view .LVU944
 2971 0000 90F82030 		ldrb	r3, [r0, #32]	@ zero_extendqisi2
 2972              	.LVL236:
2399:Drivers/STM32F2xx_HAL_Driver/Src/stm32f2xx_hal_can.c **** 
2400:Drivers/STM32F2xx_HAL_Driver/Src/stm32f2xx_hal_can.c ****   if ((state == HAL_CAN_STATE_READY) ||
 2973              		.loc 1 2400 3 is_stmt 1 view .LVU945
 2974              		.loc 1 2400 38 is_stmt 0 view .LVU946
 2975 0004 013B     		subs	r3, r3, #1
 2976              	.LVL237:
 2977              		.loc 1 2400 38 view .LVU947
 2978 0006 DBB2     		uxtb	r3, r3
 2979              	.LVL238:
 2980              		.loc 1 2400 6 view .LVU948
 2981 0008 012B     		cmp	r3, #1
 2982 000a 05D9     		bls	.L226
2401:Drivers/STM32F2xx_HAL_Driver/Src/stm32f2xx_hal_can.c ****       (state == HAL_CAN_STATE_LISTENING))
2402:Drivers/STM32F2xx_HAL_Driver/Src/stm32f2xx_hal_can.c ****   {
2403:Drivers/STM32F2xx_HAL_Driver/Src/stm32f2xx_hal_can.c ****     /* Reset CAN error code */
2404:Drivers/STM32F2xx_HAL_Driver/Src/stm32f2xx_hal_can.c ****     hcan->ErrorCode = 0U;
2405:Drivers/STM32F2xx_HAL_Driver/Src/stm32f2xx_hal_can.c ****   }
2406:Drivers/STM32F2xx_HAL_Driver/Src/stm32f2xx_hal_can.c ****   else
2407:Drivers/STM32F2xx_HAL_Driver/Src/stm32f2xx_hal_can.c ****   {
2408:Drivers/STM32F2xx_HAL_Driver/Src/stm32f2xx_hal_can.c ****     /* Update error code */
ARM GAS  /var/folders/8x/_y6g3dfs0698dfd49y4vcg_w0000gn/T//ccYyxujy.s 			page 121


2409:Drivers/STM32F2xx_HAL_Driver/Src/stm32f2xx_hal_can.c ****     hcan->ErrorCode |= HAL_CAN_ERROR_NOT_INITIALIZED;
 2983              		.loc 1 2409 5 is_stmt 1 view .LVU949
 2984              		.loc 1 2409 9 is_stmt 0 view .LVU950
 2985 000c 436A     		ldr	r3, [r0, #36]
 2986              		.loc 1 2409 21 view .LVU951
 2987 000e 43F48023 		orr	r3, r3, #262144
 2988 0012 4362     		str	r3, [r0, #36]
2410:Drivers/STM32F2xx_HAL_Driver/Src/stm32f2xx_hal_can.c **** 
2411:Drivers/STM32F2xx_HAL_Driver/Src/stm32f2xx_hal_can.c ****     status = HAL_ERROR;
 2989              		.loc 1 2411 5 is_stmt 1 view .LVU952
 2990              	.LVL239:
 2991              		.loc 1 2411 12 is_stmt 0 view .LVU953
 2992 0014 0120     		movs	r0, #1
 2993              	.LVL240:
2412:Drivers/STM32F2xx_HAL_Driver/Src/stm32f2xx_hal_can.c ****   }
2413:Drivers/STM32F2xx_HAL_Driver/Src/stm32f2xx_hal_can.c **** 
2414:Drivers/STM32F2xx_HAL_Driver/Src/stm32f2xx_hal_can.c ****   /* Return the status */
2415:Drivers/STM32F2xx_HAL_Driver/Src/stm32f2xx_hal_can.c ****   return status;
 2994              		.loc 1 2415 3 is_stmt 1 view .LVU954
2416:Drivers/STM32F2xx_HAL_Driver/Src/stm32f2xx_hal_can.c **** }
 2995              		.loc 1 2416 1 is_stmt 0 view .LVU955
 2996 0016 7047     		bx	lr
 2997              	.LVL241:
 2998              	.L226:
2404:Drivers/STM32F2xx_HAL_Driver/Src/stm32f2xx_hal_can.c ****   }
 2999              		.loc 1 2404 5 is_stmt 1 view .LVU956
2404:Drivers/STM32F2xx_HAL_Driver/Src/stm32f2xx_hal_can.c ****   }
 3000              		.loc 1 2404 21 is_stmt 0 view .LVU957
 3001 0018 0023     		movs	r3, #0
 3002 001a 4362     		str	r3, [r0, #36]
2397:Drivers/STM32F2xx_HAL_Driver/Src/stm32f2xx_hal_can.c ****   HAL_CAN_StateTypeDef state = hcan->State;
 3003              		.loc 1 2397 21 view .LVU958
 3004 001c 1846     		mov	r0, r3
 3005              	.LVL242:
2397:Drivers/STM32F2xx_HAL_Driver/Src/stm32f2xx_hal_can.c ****   HAL_CAN_StateTypeDef state = hcan->State;
 3006              		.loc 1 2397 21 view .LVU959
 3007 001e 7047     		bx	lr
 3008              		.cfi_endproc
 3009              	.LFE107:
 3011              		.text
 3012              	.Letext0:
 3013              		.file 3 "/Applications/ArmGNUToolchain/13.3.rel1/arm-none-eabi/arm-none-eabi/include/machine/_defa
 3014              		.file 4 "/Applications/ArmGNUToolchain/13.3.rel1/arm-none-eabi/arm-none-eabi/include/sys/_stdint.h
 3015              		.file 5 "Drivers/CMSIS/Device/ST/STM32F2xx/Include/stm32f205xx.h"
 3016              		.file 6 "Drivers/CMSIS/Device/ST/STM32F2xx/Include/stm32f2xx.h"
 3017              		.file 7 "Drivers/STM32F2xx_HAL_Driver/Inc/stm32f2xx_hal_def.h"
 3018              		.file 8 "Drivers/STM32F2xx_HAL_Driver/Inc/stm32f2xx_hal_can.h"
 3019              		.file 9 "Drivers/STM32F2xx_HAL_Driver/Inc/stm32f2xx_hal.h"
ARM GAS  /var/folders/8x/_y6g3dfs0698dfd49y4vcg_w0000gn/T//ccYyxujy.s 			page 122


DEFINED SYMBOLS
                            *ABS*:00000000 stm32f2xx_hal_can.c
/var/folders/8x/_y6g3dfs0698dfd49y4vcg_w0000gn/T//ccYyxujy.s:19     .text.HAL_CAN_MspInit:00000000 $t
/var/folders/8x/_y6g3dfs0698dfd49y4vcg_w0000gn/T//ccYyxujy.s:25     .text.HAL_CAN_MspInit:00000000 HAL_CAN_MspInit
/var/folders/8x/_y6g3dfs0698dfd49y4vcg_w0000gn/T//ccYyxujy.s:40     .text.HAL_CAN_Init:00000000 $t
/var/folders/8x/_y6g3dfs0698dfd49y4vcg_w0000gn/T//ccYyxujy.s:46     .text.HAL_CAN_Init:00000000 HAL_CAN_Init
/var/folders/8x/_y6g3dfs0698dfd49y4vcg_w0000gn/T//ccYyxujy.s:338    .text.HAL_CAN_MspDeInit:00000000 $t
/var/folders/8x/_y6g3dfs0698dfd49y4vcg_w0000gn/T//ccYyxujy.s:344    .text.HAL_CAN_MspDeInit:00000000 HAL_CAN_MspDeInit
/var/folders/8x/_y6g3dfs0698dfd49y4vcg_w0000gn/T//ccYyxujy.s:359    .text.HAL_CAN_ConfigFilter:00000000 $t
/var/folders/8x/_y6g3dfs0698dfd49y4vcg_w0000gn/T//ccYyxujy.s:365    .text.HAL_CAN_ConfigFilter:00000000 HAL_CAN_ConfigFilter
/var/folders/8x/_y6g3dfs0698dfd49y4vcg_w0000gn/T//ccYyxujy.s:591    .text.HAL_CAN_ConfigFilter:00000138 $d
/var/folders/8x/_y6g3dfs0698dfd49y4vcg_w0000gn/T//ccYyxujy.s:596    .text.HAL_CAN_Start:00000000 $t
/var/folders/8x/_y6g3dfs0698dfd49y4vcg_w0000gn/T//ccYyxujy.s:602    .text.HAL_CAN_Start:00000000 HAL_CAN_Start
/var/folders/8x/_y6g3dfs0698dfd49y4vcg_w0000gn/T//ccYyxujy.s:702    .text.HAL_CAN_Stop:00000000 $t
/var/folders/8x/_y6g3dfs0698dfd49y4vcg_w0000gn/T//ccYyxujy.s:708    .text.HAL_CAN_Stop:00000000 HAL_CAN_Stop
/var/folders/8x/_y6g3dfs0698dfd49y4vcg_w0000gn/T//ccYyxujy.s:809    .text.HAL_CAN_DeInit:00000000 $t
/var/folders/8x/_y6g3dfs0698dfd49y4vcg_w0000gn/T//ccYyxujy.s:815    .text.HAL_CAN_DeInit:00000000 HAL_CAN_DeInit
/var/folders/8x/_y6g3dfs0698dfd49y4vcg_w0000gn/T//ccYyxujy.s:871    .text.HAL_CAN_RequestSleep:00000000 $t
/var/folders/8x/_y6g3dfs0698dfd49y4vcg_w0000gn/T//ccYyxujy.s:877    .text.HAL_CAN_RequestSleep:00000000 HAL_CAN_RequestSleep
/var/folders/8x/_y6g3dfs0698dfd49y4vcg_w0000gn/T//ccYyxujy.s:928    .text.HAL_CAN_WakeUp:00000000 $t
/var/folders/8x/_y6g3dfs0698dfd49y4vcg_w0000gn/T//ccYyxujy.s:934    .text.HAL_CAN_WakeUp:00000000 HAL_CAN_WakeUp
/var/folders/8x/_y6g3dfs0698dfd49y4vcg_w0000gn/T//ccYyxujy.s:1032   .text.HAL_CAN_WakeUp:00000054 $d
/var/folders/8x/_y6g3dfs0698dfd49y4vcg_w0000gn/T//ccYyxujy.s:1037   .text.HAL_CAN_IsSleepActive:00000000 $t
/var/folders/8x/_y6g3dfs0698dfd49y4vcg_w0000gn/T//ccYyxujy.s:1043   .text.HAL_CAN_IsSleepActive:00000000 HAL_CAN_IsSleepActive
/var/folders/8x/_y6g3dfs0698dfd49y4vcg_w0000gn/T//ccYyxujy.s:1094   .text.HAL_CAN_AddTxMessage:00000000 $t
/var/folders/8x/_y6g3dfs0698dfd49y4vcg_w0000gn/T//ccYyxujy.s:1100   .text.HAL_CAN_AddTxMessage:00000000 HAL_CAN_AddTxMessage
/var/folders/8x/_y6g3dfs0698dfd49y4vcg_w0000gn/T//ccYyxujy.s:1298   .text.HAL_CAN_AbortTxRequest:00000000 $t
/var/folders/8x/_y6g3dfs0698dfd49y4vcg_w0000gn/T//ccYyxujy.s:1304   .text.HAL_CAN_AbortTxRequest:00000000 HAL_CAN_AbortTxRequest
/var/folders/8x/_y6g3dfs0698dfd49y4vcg_w0000gn/T//ccYyxujy.s:1381   .text.HAL_CAN_GetTxMailboxesFreeLevel:00000000 $t
/var/folders/8x/_y6g3dfs0698dfd49y4vcg_w0000gn/T//ccYyxujy.s:1387   .text.HAL_CAN_GetTxMailboxesFreeLevel:00000000 HAL_CAN_GetTxMailboxesFreeLevel
/var/folders/8x/_y6g3dfs0698dfd49y4vcg_w0000gn/T//ccYyxujy.s:1459   .text.HAL_CAN_IsTxMessagePending:00000000 $t
/var/folders/8x/_y6g3dfs0698dfd49y4vcg_w0000gn/T//ccYyxujy.s:1465   .text.HAL_CAN_IsTxMessagePending:00000000 HAL_CAN_IsTxMessagePending
/var/folders/8x/_y6g3dfs0698dfd49y4vcg_w0000gn/T//ccYyxujy.s:1523   .text.HAL_CAN_GetTxTimestamp:00000000 $t
/var/folders/8x/_y6g3dfs0698dfd49y4vcg_w0000gn/T//ccYyxujy.s:1529   .text.HAL_CAN_GetTxTimestamp:00000000 HAL_CAN_GetTxTimestamp
/var/folders/8x/_y6g3dfs0698dfd49y4vcg_w0000gn/T//ccYyxujy.s:1603   .text.HAL_CAN_GetRxMessage:00000000 $t
/var/folders/8x/_y6g3dfs0698dfd49y4vcg_w0000gn/T//ccYyxujy.s:1609   .text.HAL_CAN_GetRxMessage:00000000 HAL_CAN_GetRxMessage
/var/folders/8x/_y6g3dfs0698dfd49y4vcg_w0000gn/T//ccYyxujy.s:1921   .text.HAL_CAN_GetRxFifoFillLevel:00000000 $t
/var/folders/8x/_y6g3dfs0698dfd49y4vcg_w0000gn/T//ccYyxujy.s:1927   .text.HAL_CAN_GetRxFifoFillLevel:00000000 HAL_CAN_GetRxFifoFillLevel
/var/folders/8x/_y6g3dfs0698dfd49y4vcg_w0000gn/T//ccYyxujy.s:1990   .text.HAL_CAN_ActivateNotification:00000000 $t
/var/folders/8x/_y6g3dfs0698dfd49y4vcg_w0000gn/T//ccYyxujy.s:1996   .text.HAL_CAN_ActivateNotification:00000000 HAL_CAN_ActivateNotification
/var/folders/8x/_y6g3dfs0698dfd49y4vcg_w0000gn/T//ccYyxujy.s:2048   .text.HAL_CAN_DeactivateNotification:00000000 $t
/var/folders/8x/_y6g3dfs0698dfd49y4vcg_w0000gn/T//ccYyxujy.s:2054   .text.HAL_CAN_DeactivateNotification:00000000 HAL_CAN_DeactivateNotification
/var/folders/8x/_y6g3dfs0698dfd49y4vcg_w0000gn/T//ccYyxujy.s:2106   .text.HAL_CAN_TxMailbox0CompleteCallback:00000000 $t
/var/folders/8x/_y6g3dfs0698dfd49y4vcg_w0000gn/T//ccYyxujy.s:2112   .text.HAL_CAN_TxMailbox0CompleteCallback:00000000 HAL_CAN_TxMailbox0CompleteCallback
/var/folders/8x/_y6g3dfs0698dfd49y4vcg_w0000gn/T//ccYyxujy.s:2127   .text.HAL_CAN_TxMailbox1CompleteCallback:00000000 $t
/var/folders/8x/_y6g3dfs0698dfd49y4vcg_w0000gn/T//ccYyxujy.s:2133   .text.HAL_CAN_TxMailbox1CompleteCallback:00000000 HAL_CAN_TxMailbox1CompleteCallback
/var/folders/8x/_y6g3dfs0698dfd49y4vcg_w0000gn/T//ccYyxujy.s:2148   .text.HAL_CAN_TxMailbox2CompleteCallback:00000000 $t
/var/folders/8x/_y6g3dfs0698dfd49y4vcg_w0000gn/T//ccYyxujy.s:2154   .text.HAL_CAN_TxMailbox2CompleteCallback:00000000 HAL_CAN_TxMailbox2CompleteCallback
/var/folders/8x/_y6g3dfs0698dfd49y4vcg_w0000gn/T//ccYyxujy.s:2169   .text.HAL_CAN_TxMailbox0AbortCallback:00000000 $t
/var/folders/8x/_y6g3dfs0698dfd49y4vcg_w0000gn/T//ccYyxujy.s:2175   .text.HAL_CAN_TxMailbox0AbortCallback:00000000 HAL_CAN_TxMailbox0AbortCallback
/var/folders/8x/_y6g3dfs0698dfd49y4vcg_w0000gn/T//ccYyxujy.s:2190   .text.HAL_CAN_TxMailbox1AbortCallback:00000000 $t
/var/folders/8x/_y6g3dfs0698dfd49y4vcg_w0000gn/T//ccYyxujy.s:2196   .text.HAL_CAN_TxMailbox1AbortCallback:00000000 HAL_CAN_TxMailbox1AbortCallback
/var/folders/8x/_y6g3dfs0698dfd49y4vcg_w0000gn/T//ccYyxujy.s:2211   .text.HAL_CAN_TxMailbox2AbortCallback:00000000 $t
/var/folders/8x/_y6g3dfs0698dfd49y4vcg_w0000gn/T//ccYyxujy.s:2217   .text.HAL_CAN_TxMailbox2AbortCallback:00000000 HAL_CAN_TxMailbox2AbortCallback
/var/folders/8x/_y6g3dfs0698dfd49y4vcg_w0000gn/T//ccYyxujy.s:2232   .text.HAL_CAN_RxFifo0MsgPendingCallback:00000000 $t
/var/folders/8x/_y6g3dfs0698dfd49y4vcg_w0000gn/T//ccYyxujy.s:2238   .text.HAL_CAN_RxFifo0MsgPendingCallback:00000000 HAL_CAN_RxFifo0MsgPendingCallback
/var/folders/8x/_y6g3dfs0698dfd49y4vcg_w0000gn/T//ccYyxujy.s:2253   .text.HAL_CAN_RxFifo0FullCallback:00000000 $t
ARM GAS  /var/folders/8x/_y6g3dfs0698dfd49y4vcg_w0000gn/T//ccYyxujy.s 			page 123


/var/folders/8x/_y6g3dfs0698dfd49y4vcg_w0000gn/T//ccYyxujy.s:2259   .text.HAL_CAN_RxFifo0FullCallback:00000000 HAL_CAN_RxFifo0FullCallback
/var/folders/8x/_y6g3dfs0698dfd49y4vcg_w0000gn/T//ccYyxujy.s:2274   .text.HAL_CAN_RxFifo1MsgPendingCallback:00000000 $t
/var/folders/8x/_y6g3dfs0698dfd49y4vcg_w0000gn/T//ccYyxujy.s:2280   .text.HAL_CAN_RxFifo1MsgPendingCallback:00000000 HAL_CAN_RxFifo1MsgPendingCallback
/var/folders/8x/_y6g3dfs0698dfd49y4vcg_w0000gn/T//ccYyxujy.s:2295   .text.HAL_CAN_RxFifo1FullCallback:00000000 $t
/var/folders/8x/_y6g3dfs0698dfd49y4vcg_w0000gn/T//ccYyxujy.s:2301   .text.HAL_CAN_RxFifo1FullCallback:00000000 HAL_CAN_RxFifo1FullCallback
/var/folders/8x/_y6g3dfs0698dfd49y4vcg_w0000gn/T//ccYyxujy.s:2316   .text.HAL_CAN_SleepCallback:00000000 $t
/var/folders/8x/_y6g3dfs0698dfd49y4vcg_w0000gn/T//ccYyxujy.s:2322   .text.HAL_CAN_SleepCallback:00000000 HAL_CAN_SleepCallback
/var/folders/8x/_y6g3dfs0698dfd49y4vcg_w0000gn/T//ccYyxujy.s:2337   .text.HAL_CAN_WakeUpFromRxMsgCallback:00000000 $t
/var/folders/8x/_y6g3dfs0698dfd49y4vcg_w0000gn/T//ccYyxujy.s:2343   .text.HAL_CAN_WakeUpFromRxMsgCallback:00000000 HAL_CAN_WakeUpFromRxMsgCallback
/var/folders/8x/_y6g3dfs0698dfd49y4vcg_w0000gn/T//ccYyxujy.s:2358   .text.HAL_CAN_ErrorCallback:00000000 $t
/var/folders/8x/_y6g3dfs0698dfd49y4vcg_w0000gn/T//ccYyxujy.s:2364   .text.HAL_CAN_ErrorCallback:00000000 HAL_CAN_ErrorCallback
/var/folders/8x/_y6g3dfs0698dfd49y4vcg_w0000gn/T//ccYyxujy.s:2379   .text.HAL_CAN_IRQHandler:00000000 $t
/var/folders/8x/_y6g3dfs0698dfd49y4vcg_w0000gn/T//ccYyxujy.s:2385   .text.HAL_CAN_IRQHandler:00000000 HAL_CAN_IRQHandler
/var/folders/8x/_y6g3dfs0698dfd49y4vcg_w0000gn/T//ccYyxujy.s:2863   .text.HAL_CAN_GetState:00000000 $t
/var/folders/8x/_y6g3dfs0698dfd49y4vcg_w0000gn/T//ccYyxujy.s:2869   .text.HAL_CAN_GetState:00000000 HAL_CAN_GetState
/var/folders/8x/_y6g3dfs0698dfd49y4vcg_w0000gn/T//ccYyxujy.s:2930   .text.HAL_CAN_GetError:00000000 $t
/var/folders/8x/_y6g3dfs0698dfd49y4vcg_w0000gn/T//ccYyxujy.s:2936   .text.HAL_CAN_GetError:00000000 HAL_CAN_GetError
/var/folders/8x/_y6g3dfs0698dfd49y4vcg_w0000gn/T//ccYyxujy.s:2954   .text.HAL_CAN_ResetError:00000000 $t
/var/folders/8x/_y6g3dfs0698dfd49y4vcg_w0000gn/T//ccYyxujy.s:2960   .text.HAL_CAN_ResetError:00000000 HAL_CAN_ResetError

UNDEFINED SYMBOLS
HAL_GetTick
