ARM GAS  /var/folders/8x/_y6g3dfs0698dfd49y4vcg_w0000gn/T//cciIlfrw.s 			page 1


   1              		.cpu cortex-m4
   2              		.arch armv7e-m
   3              		.fpu fpv4-sp-d16
   4              		.eabi_attribute 27, 1
   5              		.eabi_attribute 28, 1
   6              		.eabi_attribute 20, 1
   7              		.eabi_attribute 21, 1
   8              		.eabi_attribute 23, 3
   9              		.eabi_attribute 24, 1
  10              		.eabi_attribute 25, 1
  11              		.eabi_attribute 26, 1
  12              		.eabi_attribute 30, 1
  13              		.eabi_attribute 34, 1
  14              		.eabi_attribute 18, 4
  15              		.file	"main.c"
  16              		.text
  17              	.Ltext0:
  18              		.cfi_sections	.debug_frame
  19              		.file 1 "Core/Src/main.c"
  20              		.section	.text.__io_putchar,"ax",%progbits
  21              		.align	1
  22              		.global	__io_putchar
  23              		.syntax unified
  24              		.thumb
  25              		.thumb_func
  27              	__io_putchar:
  28              	.LVL0:
  29              	.LFB244:
   1:Core/Src/main.c **** /* USER CODE BEGIN Header */
   2:Core/Src/main.c **** /**
   3:Core/Src/main.c ****   ******************************************************************************
   4:Core/Src/main.c ****   * @file           : main.c
   5:Core/Src/main.c ****   * @brief          : Main program body
   6:Core/Src/main.c ****   ******************************************************************************
   7:Core/Src/main.c ****   * @attention
   8:Core/Src/main.c ****   *
   9:Core/Src/main.c ****   * Copyright (c) 2024 STMicroelectronics.
  10:Core/Src/main.c ****   * All rights reserved.
  11:Core/Src/main.c ****   *
  12:Core/Src/main.c ****   * This software is licensed under terms that can be found in the LICENSE file
  13:Core/Src/main.c ****   * in the root directory of this software component.
  14:Core/Src/main.c ****   * If no LICENSE file comes with this software, it is provided AS-IS.
  15:Core/Src/main.c ****   *
  16:Core/Src/main.c ****   ******************************************************************************
  17:Core/Src/main.c ****   */
  18:Core/Src/main.c **** /* USER CODE END Header */
  19:Core/Src/main.c **** /* Includes ------------------------------------------------------------------*/
  20:Core/Src/main.c **** #include "main.h"
  21:Core/Src/main.c **** #include "adc.h"
  22:Core/Src/main.c **** #include "i2c.h"
  23:Core/Src/main.c **** #include "tim.h"
  24:Core/Src/main.c **** #include "usart.h"
  25:Core/Src/main.c **** #include "usb_otg.h"
  26:Core/Src/main.c **** #include "gpio.h"
  27:Core/Src/main.c **** 
  28:Core/Src/main.c **** /* Private includes ----------------------------------------------------------*/
  29:Core/Src/main.c **** /* USER CODE BEGIN Includes */
ARM GAS  /var/folders/8x/_y6g3dfs0698dfd49y4vcg_w0000gn/T//cciIlfrw.s 			page 2


  30:Core/Src/main.c **** #include <stdio.h>
  31:Core/Src/main.c **** #include <stdlib.h>
  32:Core/Src/main.c **** #include <string.h>
  33:Core/Src/main.c **** /* USER CODE END Includes */
  34:Core/Src/main.c **** 
  35:Core/Src/main.c **** /* Private typedef -----------------------------------------------------------*/
  36:Core/Src/main.c **** /* USER CODE BEGIN PTD */
  37:Core/Src/main.c **** 
  38:Core/Src/main.c **** /* USER CODE END PTD */
  39:Core/Src/main.c **** 
  40:Core/Src/main.c **** /* Private define ------------------------------------------------------------*/
  41:Core/Src/main.c **** /* USER CODE BEGIN PD */
  42:Core/Src/main.c **** 
  43:Core/Src/main.c **** #define JOINT1_HOME 0
  44:Core/Src/main.c **** #define JOINT2_HOME 80
  45:Core/Src/main.c **** #define JOINT3_HOME 10
  46:Core/Src/main.c **** #define JOINT4_HOME 0
  47:Core/Src/main.c **** #define JOINT5_HOME 40
  48:Core/Src/main.c **** #define ACTUATOR_HOME 0
  49:Core/Src/main.c **** #define INJECT 1
  50:Core/Src/main.c **** #define STOP 0
  51:Core/Src/main.c **** #define RETRACT 2
  52:Core/Src/main.c **** 
  53:Core/Src/main.c **** 
  54:Core/Src/main.c **** #define MAIN_UART &huart1
  55:Core/Src/main.c **** #define MAIN_UART_INSTANCE USART1
  56:Core/Src/main.c **** #define JOINT1_UART &huart6
  57:Core/Src/main.c **** #define JOINT1_UART_INSTANCE USART6
  58:Core/Src/main.c **** #define JOINT2_UART &huart2
  59:Core/Src/main.c **** #define JOINT2_UART_INSTANCE USART2
  60:Core/Src/main.c **** #define JOINT3_UART &huart3
  61:Core/Src/main.c **** #define JOINT3_UART_INSTANCE USART3
  62:Core/Src/main.c **** #define JOINT4_UART &huart4
  63:Core/Src/main.c **** #define JOINT4_UART_INSTANCE UART4
  64:Core/Src/main.c **** #define JOINT5_UART &huart5
  65:Core/Src/main.c **** #define JOINT5_UART_INSTANCE UART5
  66:Core/Src/main.c **** 
  67:Core/Src/main.c **** 
  68:Core/Src/main.c **** /* USER CODE END PD */
  69:Core/Src/main.c **** 
  70:Core/Src/main.c **** /* Private macro -------------------------------------------------------------*/
  71:Core/Src/main.c **** /* USER CODE BEGIN PM */
  72:Core/Src/main.c **** #define DEBUG
  73:Core/Src/main.c **** 
  74:Core/Src/main.c **** #ifdef DEBUG
  75:Core/Src/main.c ****   #define DEBUG_PRINT(x) Serial.print(x)
  76:Core/Src/main.c ****   #define DEBUG_PRINTLN(x) Serial.println(x)
  77:Core/Src/main.c ****   #define DEBUG_DELAY(x) delay(x)
  78:Core/Src/main.c **** #else
  79:Core/Src/main.c ****   #define DEBUG_PRINT(x)
  80:Core/Src/main.c ****   #define DEBUG_PRINTLN(x)
  81:Core/Src/main.c ****   #define DEBUG_DELAY(x)
  82:Core/Src/main.c **** #endif
  83:Core/Src/main.c **** 
  84:Core/Src/main.c **** /* USER CODE END PM */
  85:Core/Src/main.c **** 
  86:Core/Src/main.c **** /* Private variables ---------------------------------------------------------*/
ARM GAS  /var/folders/8x/_y6g3dfs0698dfd49y4vcg_w0000gn/T//cciIlfrw.s 			page 3


  87:Core/Src/main.c **** 
  88:Core/Src/main.c **** /* USER CODE BEGIN PV */
  89:Core/Src/main.c **** #define UART_BUFFER_SIZE 256
  90:Core/Src/main.c **** volatile uint8_t rx_byte;                         // Main UART
  91:Core/Src/main.c **** volatile uint8_t rx_byte1;                        // Joint 1
  92:Core/Src/main.c **** volatile uint8_t rx_byte2;                        // Joint 2
  93:Core/Src/main.c **** volatile uint8_t rx_byte3;                        // Joint 3
  94:Core/Src/main.c **** volatile uint8_t rx_byte4;                        // Joint 4
  95:Core/Src/main.c **** volatile uint8_t rx_byte5;                        // Joint 5
  96:Core/Src/main.c **** 
  97:Core/Src/main.c **** volatile uint8_t uart_buffer[UART_BUFFER_SIZE];  // Circular buffer
  98:Core/Src/main.c **** volatile uint16_t buffer_index = 0;     // Index for storing data
  99:Core/Src/main.c **** 
 100:Core/Src/main.c **** volatile uint8_t uart_received = 0; // Flag to indicate a new message is available
 101:Core/Src/main.c **** volatile char received_string[UART_BUFFER_SIZE]; // Store the received string
 102:Core/Src/main.c **** volatile char previous_string[UART_BUFFER_SIZE]; // Store the received string
 103:Core/Src/main.c **** 
 104:Core/Src/main.c **** int joint1 = JOINT1_HOME;
 105:Core/Src/main.c **** int joint2 = JOINT2_HOME;
 106:Core/Src/main.c **** int joint3 = JOINT3_HOME;
 107:Core/Src/main.c **** int joint4 = JOINT4_HOME; 
 108:Core/Src/main.c **** int joint5 = JOINT5_HOME; 
 109:Core/Src/main.c **** int actuator = ACTUATOR_HOME; 
 110:Core/Src/main.c **** int ledFlag = 0; 
 111:Core/Src/main.c **** int injectFlag = RETRACT; 
 112:Core/Src/main.c **** volatile uint8_t buttonState = 0; // Global variable to track the button state
 113:Core/Src/main.c **** volatile uint8_t footPedalFlag = 0;   // Global footpedal flag 
 114:Core/Src/main.c **** volatile uint8_t footPedalMode = 0; // Global variable to track the foot pedal state
 115:Core/Src/main.c **** 
 116:Core/Src/main.c **** int injectionLimit = 2600;
 117:Core/Src/main.c **** int retractionLimit = 4050;
 118:Core/Src/main.c **** 
 119:Core/Src/main.c **** 
 120:Core/Src/main.c **** int prev_joint1, prev_joint2, prev_joint3, prev_joint4, prev_joint5, prev_actuator; 
 121:Core/Src/main.c **** 
 122:Core/Src/main.c **** uint32_t buttonPressTime = 0;
 123:Core/Src/main.c **** int buttonHeld = 0;
 124:Core/Src/main.c **** 
 125:Core/Src/main.c **** 
 126:Core/Src/main.c **** /* USER CODE END PV */
 127:Core/Src/main.c **** 
 128:Core/Src/main.c **** /* Private function prototypes -----------------------------------------------*/
 129:Core/Src/main.c **** void SystemClock_Config(void);
 130:Core/Src/main.c **** /* USER CODE BEGIN PFP */
 131:Core/Src/main.c **** #define PUTCHAR_PROTOTYPE int __io_putchar(int ch)
 132:Core/Src/main.c **** 
 133:Core/Src/main.c **** #define PUTCHAR_PROTOTYPE_USART2 int __io_putchar_usart2(int ch)
 134:Core/Src/main.c **** #define printf_joint2(...) do { \
 135:Core/Src/main.c ****     char buffer[256]; \
 136:Core/Src/main.c ****     int len = snprintf(buffer, sizeof(buffer), __VA_ARGS__); \
 137:Core/Src/main.c ****     for (int i = 0; i < len; i++) { \
 138:Core/Src/main.c ****         __io_putchar_usart2(buffer[i]); \
 139:Core/Src/main.c ****     } \
 140:Core/Src/main.c **** } while (0)
 141:Core/Src/main.c **** 
 142:Core/Src/main.c **** #define PUTCHAR_PROTOTYPE_USART3 int __io_putchar_usart3(int ch)
 143:Core/Src/main.c **** #define printf_joint3(...) do { \
ARM GAS  /var/folders/8x/_y6g3dfs0698dfd49y4vcg_w0000gn/T//cciIlfrw.s 			page 4


 144:Core/Src/main.c ****     char buffer[256]; \
 145:Core/Src/main.c ****     int len = snprintf(buffer, sizeof(buffer), __VA_ARGS__); \
 146:Core/Src/main.c ****     for (int i = 0; i < len; i++) { \
 147:Core/Src/main.c ****         __io_putchar_usart3(buffer[i]); \
 148:Core/Src/main.c ****     } \
 149:Core/Src/main.c **** } while (0)
 150:Core/Src/main.c **** 
 151:Core/Src/main.c **** #define PUTCHAR_PROTOTYPE_UART4 int __io_putchar_uart4(int ch)
 152:Core/Src/main.c **** #define printf_joint4(...) do { \
 153:Core/Src/main.c ****     char buffer[256]; \
 154:Core/Src/main.c ****     int len = snprintf(buffer, sizeof(buffer), __VA_ARGS__); \
 155:Core/Src/main.c ****     for (int i = 0; i < len; i++) { \
 156:Core/Src/main.c ****         __io_putchar_uart4(buffer[i]); \
 157:Core/Src/main.c ****     } \
 158:Core/Src/main.c **** } while (0)
 159:Core/Src/main.c **** 
 160:Core/Src/main.c **** #define PUTCHAR_PROTOTYPE_UART5 int __io_putchar_uart5(int ch)
 161:Core/Src/main.c **** #define printf_joint5(...) do { \
 162:Core/Src/main.c ****     char buffer[256]; \
 163:Core/Src/main.c ****     int len = snprintf(buffer, sizeof(buffer), __VA_ARGS__); \
 164:Core/Src/main.c ****     for (int i = 0; i < len; i++) { \
 165:Core/Src/main.c ****         __io_putchar_uart5(buffer[i]); \
 166:Core/Src/main.c ****     } \
 167:Core/Src/main.c **** } while (0)
 168:Core/Src/main.c **** 
 169:Core/Src/main.c **** #define PUTCHAR_PROTOTYPE_USART6 int __io_putchar_usart6(int ch)
 170:Core/Src/main.c **** #define printf_joint1(...) do { \
 171:Core/Src/main.c ****     char buffer[256]; \
 172:Core/Src/main.c ****     int len = snprintf(buffer, sizeof(buffer), __VA_ARGS__); \
 173:Core/Src/main.c ****     for (int i = 0; i < len; i++) { \
 174:Core/Src/main.c ****         __io_putchar_usart6(buffer[i]); \
 175:Core/Src/main.c ****     } \
 176:Core/Src/main.c **** } while (0)
 177:Core/Src/main.c **** 
 178:Core/Src/main.c **** void Joint1Set(int theta);
 179:Core/Src/main.c **** void Joint2Set(int theta);
 180:Core/Src/main.c **** void Joint3Set(int theta);
 181:Core/Src/main.c **** void Joint4Set(int theta);
 182:Core/Src/main.c **** void Joint5Set(int theta);
 183:Core/Src/main.c **** void ActuatorSet(int theta);
 184:Core/Src/main.c **** int ActuatorStatus();
 185:Core/Src/main.c **** void homeSet(); 
 186:Core/Src/main.c **** uint16_t Read_ADC_PA0();
 187:Core/Src/main.c **** void inject(int direction, int adc);
 188:Core/Src/main.c **** void HomeSetUser();
 189:Core/Src/main.c **** 
 190:Core/Src/main.c **** /* USER CODE END PFP */
 191:Core/Src/main.c **** 
 192:Core/Src/main.c **** /* Private user code ---------------------------------------------------------*/
 193:Core/Src/main.c **** /* USER CODE BEGIN 0 */
 194:Core/Src/main.c **** 
 195:Core/Src/main.c **** /* USER CODE END 0 */
 196:Core/Src/main.c **** 
 197:Core/Src/main.c **** /**
 198:Core/Src/main.c ****   * @brief  The application entry point.
 199:Core/Src/main.c ****   * @retval int
 200:Core/Src/main.c ****   */
ARM GAS  /var/folders/8x/_y6g3dfs0698dfd49y4vcg_w0000gn/T//cciIlfrw.s 			page 5


 201:Core/Src/main.c **** int main(void)
 202:Core/Src/main.c **** {
 203:Core/Src/main.c **** 
 204:Core/Src/main.c ****   /* USER CODE BEGIN 1 */
 205:Core/Src/main.c **** 
 206:Core/Src/main.c ****   /* USER CODE END 1 */
 207:Core/Src/main.c **** 
 208:Core/Src/main.c ****   /* MCU Configuration--------------------------------------------------------*/
 209:Core/Src/main.c **** 
 210:Core/Src/main.c ****   /* Reset of all peripherals, Initializes the Flash interface and the Systick. */
 211:Core/Src/main.c ****   HAL_Init();
 212:Core/Src/main.c **** 
 213:Core/Src/main.c ****   /* USER CODE BEGIN Init */
 214:Core/Src/main.c **** 
 215:Core/Src/main.c ****   /* USER CODE END Init */
 216:Core/Src/main.c **** 
 217:Core/Src/main.c ****   /* Configure the system clock */
 218:Core/Src/main.c ****   SystemClock_Config();
 219:Core/Src/main.c **** 
 220:Core/Src/main.c ****   /* USER CODE BEGIN SysInit */
 221:Core/Src/main.c **** 
 222:Core/Src/main.c ****   /* USER CODE END SysInit */
 223:Core/Src/main.c **** 
 224:Core/Src/main.c ****   /* Initialize all configured peripherals */
 225:Core/Src/main.c ****   MX_GPIO_Init();
 226:Core/Src/main.c ****   MX_ADC1_Init();
 227:Core/Src/main.c ****   MX_I2C1_Init();
 228:Core/Src/main.c ****   MX_TIM1_Init();
 229:Core/Src/main.c ****   MX_TIM2_Init();
 230:Core/Src/main.c ****   MX_UART4_Init();
 231:Core/Src/main.c ****   MX_UART5_Init();
 232:Core/Src/main.c ****   MX_USART1_UART_Init();
 233:Core/Src/main.c ****   MX_USART2_UART_Init();
 234:Core/Src/main.c ****   MX_USART3_UART_Init();
 235:Core/Src/main.c ****   MX_USB_OTG_FS_PCD_Init();
 236:Core/Src/main.c ****   MX_TIM4_Init();
 237:Core/Src/main.c ****   MX_TIM3_Init();
 238:Core/Src/main.c ****   MX_USART6_UART_Init();
 239:Core/Src/main.c ****   /* USER CODE BEGIN 2 */
 240:Core/Src/main.c ****   
 241:Core/Src/main.c **** 
 242:Core/Src/main.c ****   printf("System Initialized\r\n");
 243:Core/Src/main.c **** 
 244:Core/Src/main.c ****   HAL_TIM_PWM_Start(&htim4, TIM_CHANNEL_1); // Start PWM on PD12
 245:Core/Src/main.c ****   HAL_TIM_PWM_Start(&htim4, TIM_CHANNEL_2); // Start PWM on PD13  
 246:Core/Src/main.c **** 
 247:Core/Src/main.c ****   __HAL_TIM_SET_COMPARE(&htim4, TIM_CHANNEL_1, 0);  // 50% duty cycle on PD12
 248:Core/Src/main.c ****   __HAL_TIM_SET_COMPARE(&htim4, TIM_CHANNEL_2, 0);  // 25% duty cycle on PD13
 249:Core/Src/main.c **** 
 250:Core/Src/main.c ****   uint16_t adcValue = Read_ADC_PA0();
 251:Core/Src/main.c **** 
 252:Core/Src/main.c **** 
 253:Core/Src/main.c **** 
 254:Core/Src/main.c ****   HAL_UART_Receive_IT(MAIN_UART, &rx_byte, 1); // Start receiving single bytes in interrupt mode
 255:Core/Src/main.c ****   HAL_UART_Receive_IT(JOINT1_UART, &rx_byte1, 1); // Start receiving single bytes in interrupt mode
 256:Core/Src/main.c ****   HAL_UART_Receive_IT(JOINT2_UART, &rx_byte2, 1); // Start receiving single bytes in interrupt mode
 257:Core/Src/main.c ****   HAL_UART_Receive_IT(JOINT3_UART, &rx_byte3, 1); // Start receiving single bytes in interrupt mode
ARM GAS  /var/folders/8x/_y6g3dfs0698dfd49y4vcg_w0000gn/T//cciIlfrw.s 			page 6


 258:Core/Src/main.c ****   HAL_UART_Receive_IT(JOINT4_UART, &rx_byte4, 1); // Start receiving single bytes in interrupt mode
 259:Core/Src/main.c ****   HAL_UART_Receive_IT(JOINT5_UART, &rx_byte5, 1); // Start receiving single bytes in interrupt mode
 260:Core/Src/main.c **** 
 261:Core/Src/main.c ****   HomeSet(); // Set all joints to home position
 262:Core/Src/main.c ****   /* USER CODE END 2 */
 263:Core/Src/main.c **** 
 264:Core/Src/main.c ****   /* Infinite loop */
 265:Core/Src/main.c ****   /* USER CODE BEGIN WHILE */
 266:Core/Src/main.c ****   while (1) {
 267:Core/Src/main.c ****     /* USER CODE END WHILE */
 268:Core/Src/main.c **** 
 269:Core/Src/main.c ****     /* USER CODE BEGIN 3 */
 270:Core/Src/main.c ****     uint16_t adcValue = Read_ADC_PA0();
 271:Core/Src/main.c ****     HAL_Delay(1);
 272:Core/Src/main.c **** 
 273:Core/Src/main.c ****     // // Foot pedal or button press logic
 274:Core/Src/main.c ****     // if(footPedalMode == 1){
 275:Core/Src/main.c ****     //     if (!HAL_GPIO_ReadPin(USER2_GPIO_Port, USER2_Pin)) { 
 276:Core/Src/main.c ****     //         injectSequence();
 277:Core/Src/main.c ****     
 278:Core/Src/main.c ****     //         if (!buttonHeld) { 
 279:Core/Src/main.c ****     //             buttonHeld = 1; 
 280:Core/Src/main.c ****     //             buttonPressTime = HAL_GetTick(); // Record the press time
 281:Core/Src/main.c ****     //             injectFlag = RETRACT; 
 282:Core/Src/main.c ****     //             inject(RETRACT, adcValue);
 283:Core/Src/main.c ****     //         } 
 284:Core/Src/main.c ****     
 285:Core/Src/main.c ****     //         if (HAL_GetTick() - buttonPressTime >= 4500) { // Check if held for 1 second
 286:Core/Src/main.c ****     //             injectFlag = INJECT; 
 287:Core/Src/main.c ****     //             inject(INJECT, adcValue);
 288:Core/Src/main.c ****     //         }
 289:Core/Src/main.c ****     
 290:Core/Src/main.c ****     //     } else {
 291:Core/Src/main.c ****     //         buttonHeld = 0;
 292:Core/Src/main.c ****     //         buttonPressTime = 0; // Reset timer
 293:Core/Src/main.c ****     //         uint32_t lastMillis = HAL_GetTick(); // Start the delay timer
 294:Core/Src/main.c ****     
 295:Core/Src/main.c ****     //         // Home set logic
 296:Core/Src/main.c ****     //         joint1 = JOINT1_HOME;
 297:Core/Src/main.c ****     //         Joint1Set(joint1);
 298:Core/Src/main.c ****     
 299:Core/Src/main.c ****     //         joint2 = JOINT2_HOME;
 300:Core/Src/main.c ****     //         Joint2Set(joint2);
 301:Core/Src/main.c ****     
 302:Core/Src/main.c ****     //         joint5 = JOINT5_HOME;
 303:Core/Src/main.c ****     //         Joint5Set(joint5);
 304:Core/Src/main.c ****     
 305:Core/Src/main.c ****     //         injectFlag = RETRACT;  // Set the inject flag
 306:Core/Src/main.c ****     //         inject(RETRACT, adcValue);  // Retract command
 307:Core/Src/main.c ****             
 308:Core/Src/main.c ****     
 309:Core/Src/main.c ****     //         // Wait for 1 second after setting joint2
 310:Core/Src/main.c ****     //         while (HAL_GetTick() - lastMillis < 1800) {
 311:Core/Src/main.c ****     //             // Loop here doing nothing but waiting for 1 second.
 312:Core/Src/main.c ****     //         }
 313:Core/Src/main.c ****     
 314:Core/Src/main.c ****     //         // Set the remaining joints after the delay
ARM GAS  /var/folders/8x/_y6g3dfs0698dfd49y4vcg_w0000gn/T//cciIlfrw.s 			page 7


 315:Core/Src/main.c ****     //         joint3 = JOINT3_HOME;
 316:Core/Src/main.c ****     //         Joint3Set(joint3);
 317:Core/Src/main.c ****     //         joint4 = JOINT4_HOME;
 318:Core/Src/main.c ****     //         Joint4Set(joint4);
 319:Core/Src/main.c ****             
 320:Core/Src/main.c ****             
 321:Core/Src/main.c ****             
 322:Core/Src/main.c ****     //     }
 323:Core/Src/main.c **** 
 324:Core/Src/main.c **** 
 325:Core/Src/main.c ****     // }
 326:Core/Src/main.c ****     // HomeSet(); 
 327:Core/Src/main.c ****     // HAL_Delay(5000);
 328:Core/Src/main.c ****     // injectSequence();
 329:Core/Src/main.c ****     // HAL_Delay(5000);
 330:Core/Src/main.c ****     
 331:Core/Src/main.c **** 
 332:Core/Src/main.c ****     /* USER CODE END 3 */
 333:Core/Src/main.c **** }
 334:Core/Src/main.c **** }
 335:Core/Src/main.c **** 
 336:Core/Src/main.c **** /**
 337:Core/Src/main.c ****   * @brief System Clock Configuration
 338:Core/Src/main.c ****   * @retval None
 339:Core/Src/main.c ****   */
 340:Core/Src/main.c **** void SystemClock_Config(void)
 341:Core/Src/main.c **** {
 342:Core/Src/main.c ****   RCC_OscInitTypeDef RCC_OscInitStruct = {0};
 343:Core/Src/main.c ****   RCC_ClkInitTypeDef RCC_ClkInitStruct = {0};
 344:Core/Src/main.c **** 
 345:Core/Src/main.c ****   /** Configure the main internal regulator output voltage
 346:Core/Src/main.c ****   */
 347:Core/Src/main.c ****   __HAL_RCC_PWR_CLK_ENABLE();
 348:Core/Src/main.c ****   __HAL_PWR_VOLTAGESCALING_CONFIG(PWR_REGULATOR_VOLTAGE_SCALE1);
 349:Core/Src/main.c **** 
 350:Core/Src/main.c ****   /** Initializes the RCC Oscillators according to the specified parameters
 351:Core/Src/main.c ****   * in the RCC_OscInitTypeDef structure.
 352:Core/Src/main.c ****   */
 353:Core/Src/main.c ****   RCC_OscInitStruct.OscillatorType = RCC_OSCILLATORTYPE_HSE;
 354:Core/Src/main.c ****   RCC_OscInitStruct.HSEState = RCC_HSE_ON;
 355:Core/Src/main.c ****   RCC_OscInitStruct.PLL.PLLState = RCC_PLL_ON;
 356:Core/Src/main.c ****   RCC_OscInitStruct.PLL.PLLSource = RCC_PLLSOURCE_HSE;
 357:Core/Src/main.c ****   RCC_OscInitStruct.PLL.PLLM = 4;
 358:Core/Src/main.c ****   RCC_OscInitStruct.PLL.PLLN = 168;
 359:Core/Src/main.c ****   RCC_OscInitStruct.PLL.PLLP = RCC_PLLP_DIV2;
 360:Core/Src/main.c ****   RCC_OscInitStruct.PLL.PLLQ = 7;
 361:Core/Src/main.c ****   if (HAL_RCC_OscConfig(&RCC_OscInitStruct) != HAL_OK)
 362:Core/Src/main.c ****   {
 363:Core/Src/main.c ****     Error_Handler();
 364:Core/Src/main.c ****   }
 365:Core/Src/main.c **** 
 366:Core/Src/main.c ****   /** Initializes the CPU, AHB and APB buses clocks
 367:Core/Src/main.c ****   */
 368:Core/Src/main.c ****   RCC_ClkInitStruct.ClockType = RCC_CLOCKTYPE_HCLK|RCC_CLOCKTYPE_SYSCLK
 369:Core/Src/main.c ****                               |RCC_CLOCKTYPE_PCLK1|RCC_CLOCKTYPE_PCLK2;
 370:Core/Src/main.c ****   RCC_ClkInitStruct.SYSCLKSource = RCC_SYSCLKSOURCE_PLLCLK;
 371:Core/Src/main.c ****   RCC_ClkInitStruct.AHBCLKDivider = RCC_SYSCLK_DIV1;
ARM GAS  /var/folders/8x/_y6g3dfs0698dfd49y4vcg_w0000gn/T//cciIlfrw.s 			page 8


 372:Core/Src/main.c ****   RCC_ClkInitStruct.APB1CLKDivider = RCC_HCLK_DIV4;
 373:Core/Src/main.c ****   RCC_ClkInitStruct.APB2CLKDivider = RCC_HCLK_DIV2;
 374:Core/Src/main.c **** 
 375:Core/Src/main.c ****   if (HAL_RCC_ClockConfig(&RCC_ClkInitStruct, FLASH_LATENCY_5) != HAL_OK)
 376:Core/Src/main.c ****   {
 377:Core/Src/main.c ****     Error_Handler();
 378:Core/Src/main.c ****   }
 379:Core/Src/main.c **** }
 380:Core/Src/main.c **** 
 381:Core/Src/main.c **** /* USER CODE BEGIN 4 */
 382:Core/Src/main.c **** 
 383:Core/Src/main.c **** /**
 384:Core/Src/main.c ****   * @brief  Retargets the C library printf function to the USART.
 385:Core/Src/main.c ****   * @retval None
 386:Core/Src/main.c ****   */
 387:Core/Src/main.c ****  PUTCHAR_PROTOTYPE
 388:Core/Src/main.c ****  {
  30              		.loc 1 388 2 view -0
  31              		.cfi_startproc
  32              		@ args = 0, pretend = 0, frame = 8
  33              		@ frame_needed = 0, uses_anonymous_args = 0
  34              		.loc 1 388 2 is_stmt 0 view .LVU1
  35 0000 00B5     		push	{lr}
  36              	.LCFI0:
  37              		.cfi_def_cfa_offset 4
  38              		.cfi_offset 14, -4
  39 0002 83B0     		sub	sp, sp, #12
  40              	.LCFI1:
  41              		.cfi_def_cfa_offset 16
  42 0004 0190     		str	r0, [sp, #4]
 389:Core/Src/main.c ****    /* Place your implementation of fputc here */
 390:Core/Src/main.c ****    /* e.g. write a character to the USART1 and Loop until the end of transmission */
 391:Core/Src/main.c ****    HAL_UART_Transmit(MAIN_UART, (uint8_t *)&ch, 1, 0xFFFF);
  43              		.loc 1 391 4 is_stmt 1 view .LVU2
  44 0006 4FF6FF73 		movw	r3, #65535
  45 000a 0122     		movs	r2, #1
  46 000c 01A9     		add	r1, sp, #4
  47 000e 0348     		ldr	r0, .L3
  48              	.LVL1:
  49              		.loc 1 391 4 is_stmt 0 view .LVU3
  50 0010 FFF7FEFF 		bl	HAL_UART_Transmit
  51              	.LVL2:
 392:Core/Src/main.c ****  
 393:Core/Src/main.c ****    return ch;
  52              		.loc 1 393 4 is_stmt 1 view .LVU4
 394:Core/Src/main.c ****  }
  53              		.loc 1 394 2 is_stmt 0 view .LVU5
  54 0014 0198     		ldr	r0, [sp, #4]
  55 0016 03B0     		add	sp, sp, #12
  56              	.LCFI2:
  57              		.cfi_def_cfa_offset 4
  58              		@ sp needed
  59 0018 5DF804FB 		ldr	pc, [sp], #4
  60              	.L4:
  61              		.align	2
  62              	.L3:
  63 001c 00000000 		.word	huart1
ARM GAS  /var/folders/8x/_y6g3dfs0698dfd49y4vcg_w0000gn/T//cciIlfrw.s 			page 9


  64              		.cfi_endproc
  65              	.LFE244:
  67              		.section	.text.__io_putchar_usart2,"ax",%progbits
  68              		.align	1
  69              		.global	__io_putchar_usart2
  70              		.syntax unified
  71              		.thumb
  72              		.thumb_func
  74              	__io_putchar_usart2:
  75              	.LVL3:
  76              	.LFB245:
 395:Core/Src/main.c **** 
 396:Core/Src/main.c ****  PUTCHAR_PROTOTYPE_USART2{
  77              		.loc 1 396 26 is_stmt 1 view -0
  78              		.cfi_startproc
  79              		@ args = 0, pretend = 0, frame = 8
  80              		@ frame_needed = 0, uses_anonymous_args = 0
  81              		.loc 1 396 26 is_stmt 0 view .LVU7
  82 0000 00B5     		push	{lr}
  83              	.LCFI3:
  84              		.cfi_def_cfa_offset 4
  85              		.cfi_offset 14, -4
  86 0002 83B0     		sub	sp, sp, #12
  87              	.LCFI4:
  88              		.cfi_def_cfa_offset 16
  89 0004 0190     		str	r0, [sp, #4]
 397:Core/Src/main.c ****     HAL_UART_Transmit(JOINT2_UART, (uint8_t *)&ch, 1, 0xFFFF);
  90              		.loc 1 397 5 is_stmt 1 view .LVU8
  91 0006 4FF6FF73 		movw	r3, #65535
  92 000a 0122     		movs	r2, #1
  93 000c 01A9     		add	r1, sp, #4
  94 000e 0348     		ldr	r0, .L7
  95              	.LVL4:
  96              		.loc 1 397 5 is_stmt 0 view .LVU9
  97 0010 FFF7FEFF 		bl	HAL_UART_Transmit
  98              	.LVL5:
 398:Core/Src/main.c **** 
 399:Core/Src/main.c ****       return ch;
  99              		.loc 1 399 7 is_stmt 1 view .LVU10
 400:Core/Src/main.c ****  }
 100              		.loc 1 400 2 is_stmt 0 view .LVU11
 101 0014 0198     		ldr	r0, [sp, #4]
 102 0016 03B0     		add	sp, sp, #12
 103              	.LCFI5:
 104              		.cfi_def_cfa_offset 4
 105              		@ sp needed
 106 0018 5DF804FB 		ldr	pc, [sp], #4
 107              	.L8:
 108              		.align	2
 109              	.L7:
 110 001c 00000000 		.word	huart2
 111              		.cfi_endproc
 112              	.LFE245:
 114              		.section	.text.__io_putchar_usart3,"ax",%progbits
 115              		.align	1
 116              		.global	__io_putchar_usart3
 117              		.syntax unified
ARM GAS  /var/folders/8x/_y6g3dfs0698dfd49y4vcg_w0000gn/T//cciIlfrw.s 			page 10


 118              		.thumb
 119              		.thumb_func
 121              	__io_putchar_usart3:
 122              	.LVL6:
 123              	.LFB246:
 401:Core/Src/main.c **** 
 402:Core/Src/main.c ****  PUTCHAR_PROTOTYPE_USART3
 403:Core/Src/main.c ****  {
 124              		.loc 1 403 2 is_stmt 1 view -0
 125              		.cfi_startproc
 126              		@ args = 0, pretend = 0, frame = 8
 127              		@ frame_needed = 0, uses_anonymous_args = 0
 128              		.loc 1 403 2 is_stmt 0 view .LVU13
 129 0000 00B5     		push	{lr}
 130              	.LCFI6:
 131              		.cfi_def_cfa_offset 4
 132              		.cfi_offset 14, -4
 133 0002 83B0     		sub	sp, sp, #12
 134              	.LCFI7:
 135              		.cfi_def_cfa_offset 16
 136 0004 0190     		str	r0, [sp, #4]
 404:Core/Src/main.c ****     /* Place your implementation of fputc here */
 405:Core/Src/main.c ****     /* e.g. write a character to the USART3 and Loop until the end of transmission */
 406:Core/Src/main.c ****     HAL_UART_Transmit(JOINT3_UART, (uint8_t *)&ch, 1, 0xFFFF);
 137              		.loc 1 406 5 is_stmt 1 view .LVU14
 138 0006 4FF6FF73 		movw	r3, #65535
 139 000a 0122     		movs	r2, #1
 140 000c 01A9     		add	r1, sp, #4
 141 000e 0348     		ldr	r0, .L11
 142              	.LVL7:
 143              		.loc 1 406 5 is_stmt 0 view .LVU15
 144 0010 FFF7FEFF 		bl	HAL_UART_Transmit
 145              	.LVL8:
 407:Core/Src/main.c **** 
 408:Core/Src/main.c ****     return ch;
 146              		.loc 1 408 5 is_stmt 1 view .LVU16
 409:Core/Src/main.c ****  }
 147              		.loc 1 409 2 is_stmt 0 view .LVU17
 148 0014 0198     		ldr	r0, [sp, #4]
 149 0016 03B0     		add	sp, sp, #12
 150              	.LCFI8:
 151              		.cfi_def_cfa_offset 4
 152              		@ sp needed
 153 0018 5DF804FB 		ldr	pc, [sp], #4
 154              	.L12:
 155              		.align	2
 156              	.L11:
 157 001c 00000000 		.word	huart3
 158              		.cfi_endproc
 159              	.LFE246:
 161              		.section	.text.__io_putchar_uart4,"ax",%progbits
 162              		.align	1
 163              		.global	__io_putchar_uart4
 164              		.syntax unified
 165              		.thumb
 166              		.thumb_func
 168              	__io_putchar_uart4:
ARM GAS  /var/folders/8x/_y6g3dfs0698dfd49y4vcg_w0000gn/T//cciIlfrw.s 			page 11


 169              	.LVL9:
 170              	.LFB247:
 410:Core/Src/main.c **** 
 411:Core/Src/main.c ****  PUTCHAR_PROTOTYPE_UART4
 412:Core/Src/main.c ****  {
 171              		.loc 1 412 2 is_stmt 1 view -0
 172              		.cfi_startproc
 173              		@ args = 0, pretend = 0, frame = 8
 174              		@ frame_needed = 0, uses_anonymous_args = 0
 175              		.loc 1 412 2 is_stmt 0 view .LVU19
 176 0000 00B5     		push	{lr}
 177              	.LCFI9:
 178              		.cfi_def_cfa_offset 4
 179              		.cfi_offset 14, -4
 180 0002 83B0     		sub	sp, sp, #12
 181              	.LCFI10:
 182              		.cfi_def_cfa_offset 16
 183 0004 0190     		str	r0, [sp, #4]
 413:Core/Src/main.c ****     /* Place your implementation of fputc here */
 414:Core/Src/main.c ****     /* e.g. write a character to the USART3 and Loop until the end of transmission */
 415:Core/Src/main.c ****     HAL_UART_Transmit(JOINT4_UART, (uint8_t *)&ch, 1, 0xFFFF);
 184              		.loc 1 415 5 is_stmt 1 view .LVU20
 185 0006 4FF6FF73 		movw	r3, #65535
 186 000a 0122     		movs	r2, #1
 187 000c 01A9     		add	r1, sp, #4
 188 000e 0348     		ldr	r0, .L15
 189              	.LVL10:
 190              		.loc 1 415 5 is_stmt 0 view .LVU21
 191 0010 FFF7FEFF 		bl	HAL_UART_Transmit
 192              	.LVL11:
 416:Core/Src/main.c **** 
 417:Core/Src/main.c ****     return ch;
 193              		.loc 1 417 5 is_stmt 1 view .LVU22
 418:Core/Src/main.c ****  }
 194              		.loc 1 418 2 is_stmt 0 view .LVU23
 195 0014 0198     		ldr	r0, [sp, #4]
 196 0016 03B0     		add	sp, sp, #12
 197              	.LCFI11:
 198              		.cfi_def_cfa_offset 4
 199              		@ sp needed
 200 0018 5DF804FB 		ldr	pc, [sp], #4
 201              	.L16:
 202              		.align	2
 203              	.L15:
 204 001c 00000000 		.word	huart4
 205              		.cfi_endproc
 206              	.LFE247:
 208              		.section	.text.__io_putchar_uart5,"ax",%progbits
 209              		.align	1
 210              		.global	__io_putchar_uart5
 211              		.syntax unified
 212              		.thumb
 213              		.thumb_func
 215              	__io_putchar_uart5:
 216              	.LVL12:
 217              	.LFB248:
 419:Core/Src/main.c **** 
ARM GAS  /var/folders/8x/_y6g3dfs0698dfd49y4vcg_w0000gn/T//cciIlfrw.s 			page 12


 420:Core/Src/main.c ****  PUTCHAR_PROTOTYPE_UART5
 421:Core/Src/main.c ****  {
 218              		.loc 1 421 2 is_stmt 1 view -0
 219              		.cfi_startproc
 220              		@ args = 0, pretend = 0, frame = 8
 221              		@ frame_needed = 0, uses_anonymous_args = 0
 222              		.loc 1 421 2 is_stmt 0 view .LVU25
 223 0000 00B5     		push	{lr}
 224              	.LCFI12:
 225              		.cfi_def_cfa_offset 4
 226              		.cfi_offset 14, -4
 227 0002 83B0     		sub	sp, sp, #12
 228              	.LCFI13:
 229              		.cfi_def_cfa_offset 16
 230 0004 0190     		str	r0, [sp, #4]
 422:Core/Src/main.c ****     /* Place your implementation of fputc here */
 423:Core/Src/main.c ****     /* e.g. write a character to the USART3 and Loop until the end of transmission */
 424:Core/Src/main.c ****     HAL_UART_Transmit(JOINT5_UART, (uint8_t *)&ch, 1, 0xFFFF);
 231              		.loc 1 424 5 is_stmt 1 view .LVU26
 232 0006 4FF6FF73 		movw	r3, #65535
 233 000a 0122     		movs	r2, #1
 234 000c 01A9     		add	r1, sp, #4
 235 000e 0348     		ldr	r0, .L19
 236              	.LVL13:
 237              		.loc 1 424 5 is_stmt 0 view .LVU27
 238 0010 FFF7FEFF 		bl	HAL_UART_Transmit
 239              	.LVL14:
 425:Core/Src/main.c **** 
 426:Core/Src/main.c ****     return ch;
 240              		.loc 1 426 5 is_stmt 1 view .LVU28
 427:Core/Src/main.c ****  }
 241              		.loc 1 427 2 is_stmt 0 view .LVU29
 242 0014 0198     		ldr	r0, [sp, #4]
 243 0016 03B0     		add	sp, sp, #12
 244              	.LCFI14:
 245              		.cfi_def_cfa_offset 4
 246              		@ sp needed
 247 0018 5DF804FB 		ldr	pc, [sp], #4
 248              	.L20:
 249              		.align	2
 250              	.L19:
 251 001c 00000000 		.word	huart5
 252              		.cfi_endproc
 253              	.LFE248:
 255              		.section	.text.__io_putchar_usart6,"ax",%progbits
 256              		.align	1
 257              		.global	__io_putchar_usart6
 258              		.syntax unified
 259              		.thumb
 260              		.thumb_func
 262              	__io_putchar_usart6:
 263              	.LVL15:
 264              	.LFB249:
 428:Core/Src/main.c **** 
 429:Core/Src/main.c ****  PUTCHAR_PROTOTYPE_USART6
 430:Core/Src/main.c ****  {
 265              		.loc 1 430 2 is_stmt 1 view -0
ARM GAS  /var/folders/8x/_y6g3dfs0698dfd49y4vcg_w0000gn/T//cciIlfrw.s 			page 13


 266              		.cfi_startproc
 267              		@ args = 0, pretend = 0, frame = 8
 268              		@ frame_needed = 0, uses_anonymous_args = 0
 269              		.loc 1 430 2 is_stmt 0 view .LVU31
 270 0000 00B5     		push	{lr}
 271              	.LCFI15:
 272              		.cfi_def_cfa_offset 4
 273              		.cfi_offset 14, -4
 274 0002 83B0     		sub	sp, sp, #12
 275              	.LCFI16:
 276              		.cfi_def_cfa_offset 16
 277 0004 0190     		str	r0, [sp, #4]
 431:Core/Src/main.c ****     /* Place your implementation of fputc here */
 432:Core/Src/main.c ****     /* e.g. write a character to the USART6 and Loop until the end of transmission */
 433:Core/Src/main.c ****     HAL_UART_Transmit(JOINT1_UART, (uint8_t *)&ch, 1, 0xFFFF);
 278              		.loc 1 433 5 is_stmt 1 view .LVU32
 279 0006 4FF6FF73 		movw	r3, #65535
 280 000a 0122     		movs	r2, #1
 281 000c 01A9     		add	r1, sp, #4
 282 000e 0348     		ldr	r0, .L23
 283              	.LVL16:
 284              		.loc 1 433 5 is_stmt 0 view .LVU33
 285 0010 FFF7FEFF 		bl	HAL_UART_Transmit
 286              	.LVL17:
 434:Core/Src/main.c **** 
 435:Core/Src/main.c ****     return ch;
 287              		.loc 1 435 5 is_stmt 1 view .LVU34
 436:Core/Src/main.c ****  }
 288              		.loc 1 436 2 is_stmt 0 view .LVU35
 289 0014 0198     		ldr	r0, [sp, #4]
 290 0016 03B0     		add	sp, sp, #12
 291              	.LCFI17:
 292              		.cfi_def_cfa_offset 4
 293              		@ sp needed
 294 0018 5DF804FB 		ldr	pc, [sp], #4
 295              	.L24:
 296              		.align	2
 297              	.L23:
 298 001c 00000000 		.word	huart6
 299              		.cfi_endproc
 300              	.LFE249:
 302              		.section	.text.ProcessReceivedJoint,"ax",%progbits
 303              		.align	1
 304              		.global	ProcessReceivedJoint
 305              		.syntax unified
 306              		.thumb
 307              		.thumb_func
 309              	ProcessReceivedJoint:
 310              	.LVL18:
 311              	.LFB252:
 437:Core/Src/main.c **** 
 438:Core/Src/main.c ****  void HAL_UART_RxCpltCallback(UART_HandleTypeDef *huart)
 439:Core/Src/main.c **** {
 440:Core/Src/main.c **** 
 441:Core/Src/main.c ****     if (huart->Instance == MAIN_UART_INSTANCE) // Correct UART instance
 442:Core/Src/main.c **** 
 443:Core/Src/main.c ****     {
ARM GAS  /var/folders/8x/_y6g3dfs0698dfd49y4vcg_w0000gn/T//cciIlfrw.s 			page 14


 444:Core/Src/main.c ****         // Store received byte in buffer
 445:Core/Src/main.c ****         if (buffer_index < UART_BUFFER_SIZE - 1) 
 446:Core/Src/main.c ****         {
 447:Core/Src/main.c ****             uart_buffer[buffer_index++] = rx_byte;
 448:Core/Src/main.c **** 
 449:Core/Src/main.c ****             // Check for newline or carriage return
 450:Core/Src/main.c ****             if (rx_byte == '\n') 
 451:Core/Src/main.c ****             {
 452:Core/Src/main.c ****                 uart_buffer[buffer_index] = '\0'; // Null-terminate the string
 453:Core/Src/main.c ****                 buffer_index = 0;                // Reset the index for the next string
 454:Core/Src/main.c **** 
 455:Core/Src/main.c ****                 // Copy received string to the global buffer for main loop access
 456:Core/Src/main.c ****                 strcpy((char *)received_string, (char *)uart_buffer);
 457:Core/Src/main.c **** 
 458:Core/Src/main.c ****                 ProcessReceivedString(received_string);
 459:Core/Src/main.c **** 
 460:Core/Src/main.c ****                 
 461:Core/Src/main.c ****             }
 462:Core/Src/main.c ****         }
 463:Core/Src/main.c ****         else 
 464:Core/Src/main.c ****         {
 465:Core/Src/main.c ****             // Buffer overflow, reset index
 466:Core/Src/main.c ****             buffer_index = 0;
 467:Core/Src/main.c ****             printf("Buffer overflow\r\n");
 468:Core/Src/main.c ****         }
 469:Core/Src/main.c **** 
 470:Core/Src/main.c ****         // Restart UART reception for the next byte
 471:Core/Src/main.c ****         HAL_UART_Receive_IT(MAIN_UART, &rx_byte, 1);
 472:Core/Src/main.c ****     }
 473:Core/Src/main.c **** 
 474:Core/Src/main.c ****     else if(huart -> Instance == JOINT1_UART_INSTANCE){
 475:Core/Src/main.c ****         // Store received byte in buffer
 476:Core/Src/main.c ****         if (buffer_index < UART_BUFFER_SIZE - 1) 
 477:Core/Src/main.c ****         {
 478:Core/Src/main.c ****             uart_buffer[buffer_index++] = rx_byte1;
 479:Core/Src/main.c **** 
 480:Core/Src/main.c ****             // Check for newline or carriage return
 481:Core/Src/main.c ****             if (rx_byte1 == '\n') 
 482:Core/Src/main.c ****             {
 483:Core/Src/main.c ****                 uart_buffer[buffer_index] = '\0'; // Null-terminate the string
 484:Core/Src/main.c ****                 buffer_index = 0;                // Reset the index for the next string
 485:Core/Src/main.c **** 
 486:Core/Src/main.c ****                 // Copy received string to the global buffer for main loop access
 487:Core/Src/main.c ****                 strcpy((char *)received_string, (char *)uart_buffer);
 488:Core/Src/main.c **** 
 489:Core/Src/main.c ****                 if(strcmp("print", (char* )received_string)){
 490:Core/Src/main.c ****                   ProcessReceivedString((char *)received_string);
 491:Core/Src/main.c ****                   strcpy((char *)previous_string, (char *)received_string);
 492:Core/Src/main.c ****                 }
 493:Core/Src/main.c ****                 else if(strcmp((char *)received_string, (char *)previous_string)){
 494:Core/Src/main.c ****                   ProcessReceivedString((char *)received_string);
 495:Core/Src/main.c ****                   strcpy((char *)previous_string, (char *)received_string);
 496:Core/Src/main.c ****                 }
 497:Core/Src/main.c **** 
 498:Core/Src/main.c ****                 
 499:Core/Src/main.c ****             }
 500:Core/Src/main.c ****         }
ARM GAS  /var/folders/8x/_y6g3dfs0698dfd49y4vcg_w0000gn/T//cciIlfrw.s 			page 15


 501:Core/Src/main.c ****         else 
 502:Core/Src/main.c ****         {
 503:Core/Src/main.c ****             // Buffer overflow, reset index
 504:Core/Src/main.c ****             buffer_index = 0;
 505:Core/Src/main.c ****             printf("Buffer overflow\r\n");
 506:Core/Src/main.c ****         }
 507:Core/Src/main.c **** 
 508:Core/Src/main.c ****         // Restart UART reception for the next byte
 509:Core/Src/main.c ****         HAL_UART_Receive_IT(JOINT1_UART, &rx_byte1, 1);
 510:Core/Src/main.c ****     }
 511:Core/Src/main.c **** 
 512:Core/Src/main.c ****     else if(huart -> Instance == JOINT2_UART_INSTANCE){
 513:Core/Src/main.c ****         // Store received byte in buffer
 514:Core/Src/main.c ****         if (buffer_index < UART_BUFFER_SIZE - 1) 
 515:Core/Src/main.c ****         {
 516:Core/Src/main.c ****             uart_buffer[buffer_index++] = rx_byte2;
 517:Core/Src/main.c **** 
 518:Core/Src/main.c ****             // Check for newline or carriage return
 519:Core/Src/main.c ****             if (rx_byte2 == '\n') 
 520:Core/Src/main.c ****             {
 521:Core/Src/main.c ****                 uart_buffer[buffer_index] = '\0'; // Null-terminate the string
 522:Core/Src/main.c ****                 buffer_index = 0;                // Reset the index for the next string
 523:Core/Src/main.c **** 
 524:Core/Src/main.c ****                 // Copy received string to the global buffer for main loop access
 525:Core/Src/main.c ****                 strcpy((char *)received_string, (char *)uart_buffer);
 526:Core/Src/main.c **** 
 527:Core/Src/main.c ****                 if(strcmp("print", (char* )received_string)){
 528:Core/Src/main.c ****                   ProcessReceivedString((char *)received_string);
 529:Core/Src/main.c ****                   strcpy((char *)previous_string, (char *)received_string);
 530:Core/Src/main.c ****                 }
 531:Core/Src/main.c ****                 else if(strcmp((char *)received_string, (char *)previous_string)){
 532:Core/Src/main.c ****                   ProcessReceivedString((char *)received_string);
 533:Core/Src/main.c ****                   strcpy((char *)previous_string, (char *)received_string);
 534:Core/Src/main.c ****                 }
 535:Core/Src/main.c **** 
 536:Core/Src/main.c ****                 
 537:Core/Src/main.c ****             }
 538:Core/Src/main.c ****         }
 539:Core/Src/main.c ****         else 
 540:Core/Src/main.c ****         {
 541:Core/Src/main.c ****             // Buffer overflow
 542:Core/Src/main.c ****             buffer_index = 0;
 543:Core/Src/main.c ****             printf("Buffer overflow\r\n");
 544:Core/Src/main.c ****         }
 545:Core/Src/main.c ****         HAL_UART_Receive_IT(JOINT2_UART, &rx_byte2, 1);
 546:Core/Src/main.c **** 
 547:Core/Src/main.c ****       }
 548:Core/Src/main.c **** 
 549:Core/Src/main.c ****       else if(huart -> Instance == JOINT3_UART_INSTANCE){
 550:Core/Src/main.c ****         // Store received byte in buffer
 551:Core/Src/main.c ****         if (buffer_index < UART_BUFFER_SIZE - 1) 
 552:Core/Src/main.c ****         {
 553:Core/Src/main.c ****             uart_buffer[buffer_index++] = rx_byte3;
 554:Core/Src/main.c **** 
 555:Core/Src/main.c ****             // Check for newline or carriage return
 556:Core/Src/main.c ****             if (rx_byte3 == '\n') 
 557:Core/Src/main.c ****             {
ARM GAS  /var/folders/8x/_y6g3dfs0698dfd49y4vcg_w0000gn/T//cciIlfrw.s 			page 16


 558:Core/Src/main.c ****                 uart_buffer[buffer_index] = '\0'; // Null-terminate the string
 559:Core/Src/main.c ****                 buffer_index = 0;                // Reset the index for the next string
 560:Core/Src/main.c **** 
 561:Core/Src/main.c ****                 // Copy received string to the global buffer for main loop access
 562:Core/Src/main.c ****                 strcpy((char *)received_string, (char *)uart_buffer);
 563:Core/Src/main.c **** 
 564:Core/Src/main.c ****                 if(strcmp("print", (char* )received_string)){
 565:Core/Src/main.c ****                   ProcessReceivedString((char *)received_string);
 566:Core/Src/main.c ****                   strcpy((char *)previous_string, (char *)received_string);
 567:Core/Src/main.c ****                 }
 568:Core/Src/main.c ****                 else if(strcmp((char *)received_string, (char *)previous_string)){
 569:Core/Src/main.c ****                   ProcessReceivedString((char *)received_string);
 570:Core/Src/main.c ****                   strcpy((char *)previous_string, (char *)received_string);
 571:Core/Src/main.c ****                 }
 572:Core/Src/main.c **** 
 573:Core/Src/main.c ****                 
 574:Core/Src/main.c ****             }
 575:Core/Src/main.c ****         }
 576:Core/Src/main.c ****         else 
 577:Core/Src/main.c ****         {
 578:Core/Src/main.c ****             // Buffer overflow
 579:Core/Src/main.c ****             buffer_index = 0;
 580:Core/Src/main.c ****             printf("Buffer overflow\r\n");
 581:Core/Src/main.c ****         }
 582:Core/Src/main.c ****         HAL_UART_Receive_IT(JOINT3_UART, &rx_byte3, 1);
 583:Core/Src/main.c **** 
 584:Core/Src/main.c ****       }
 585:Core/Src/main.c **** 
 586:Core/Src/main.c ****       else if(huart -> Instance == JOINT4_UART_INSTANCE){
 587:Core/Src/main.c ****         // Store received byte in buffer
 588:Core/Src/main.c ****         if (buffer_index < UART_BUFFER_SIZE - 1) 
 589:Core/Src/main.c ****         {
 590:Core/Src/main.c ****             uart_buffer[buffer_index++] = rx_byte4;
 591:Core/Src/main.c **** 
 592:Core/Src/main.c ****             // Check for newline or carriage return
 593:Core/Src/main.c ****             if (rx_byte4 == '\n') 
 594:Core/Src/main.c ****             {
 595:Core/Src/main.c ****                 uart_buffer[buffer_index] = '\0'; // Null-terminate the string
 596:Core/Src/main.c ****                 buffer_index = 0;                // Reset the index for the next string
 597:Core/Src/main.c **** 
 598:Core/Src/main.c ****                 // Copy received string to the global buffer for main loop access
 599:Core/Src/main.c ****                 strcpy((char *)received_string, (char *)uart_buffer);
 600:Core/Src/main.c **** 
 601:Core/Src/main.c ****                 if(strcmp("print", (char* )received_string)){
 602:Core/Src/main.c ****                   ProcessReceivedString((char *)received_string);
 603:Core/Src/main.c ****                   strcpy((char *)previous_string, (char *)received_string);
 604:Core/Src/main.c ****                 }
 605:Core/Src/main.c ****                 else if(strcmp((char *)received_string, (char *)previous_string)){
 606:Core/Src/main.c ****                   ProcessReceivedString((char *)received_string);
 607:Core/Src/main.c ****                   strcpy((char *)previous_string, (char *)received_string);
 608:Core/Src/main.c ****                 }
 609:Core/Src/main.c **** 
 610:Core/Src/main.c ****                 
 611:Core/Src/main.c ****             }
 612:Core/Src/main.c ****         }
 613:Core/Src/main.c ****         else 
 614:Core/Src/main.c ****         {
ARM GAS  /var/folders/8x/_y6g3dfs0698dfd49y4vcg_w0000gn/T//cciIlfrw.s 			page 17


 615:Core/Src/main.c ****             // Buffer overflow
 616:Core/Src/main.c ****             buffer_index = 0;
 617:Core/Src/main.c ****             printf("Buffer overflow\r\n");
 618:Core/Src/main.c ****         }
 619:Core/Src/main.c ****         HAL_UART_Receive_IT(JOINT4_UART, &rx_byte4, 1);
 620:Core/Src/main.c **** 
 621:Core/Src/main.c ****       }
 622:Core/Src/main.c **** 
 623:Core/Src/main.c ****       else if(huart -> Instance == JOINT5_UART_INSTANCE){
 624:Core/Src/main.c ****         // Store received byte in buffer
 625:Core/Src/main.c ****         if (buffer_index < UART_BUFFER_SIZE - 1) 
 626:Core/Src/main.c ****         {
 627:Core/Src/main.c ****             uart_buffer[buffer_index++] = rx_byte5;
 628:Core/Src/main.c **** 
 629:Core/Src/main.c ****             // Check for newline or carriage return
 630:Core/Src/main.c ****             if (rx_byte5 == '\n') 
 631:Core/Src/main.c ****             {
 632:Core/Src/main.c ****                 uart_buffer[buffer_index] = '\0'; // Null-terminate the string
 633:Core/Src/main.c ****                 buffer_index = 0;                // Reset the index for the next string
 634:Core/Src/main.c **** 
 635:Core/Src/main.c ****                 // Copy received string to the global buffer for main loop access
 636:Core/Src/main.c ****                 strcpy((char *)received_string, (char *)uart_buffer);
 637:Core/Src/main.c **** 
 638:Core/Src/main.c ****                 if(strcmp("print", (char* )received_string)){
 639:Core/Src/main.c ****                   ProcessReceivedString((char *)received_string);
 640:Core/Src/main.c ****                   strcpy((char *)previous_string, (char *)received_string);
 641:Core/Src/main.c ****                 }
 642:Core/Src/main.c ****                 else if(strcmp((char *)received_string, (char *)previous_string)){
 643:Core/Src/main.c ****                   ProcessReceivedString((char *)received_string);
 644:Core/Src/main.c ****                   strcpy((char *)previous_string, (char *)received_string);
 645:Core/Src/main.c ****                 }
 646:Core/Src/main.c **** 
 647:Core/Src/main.c ****                 
 648:Core/Src/main.c ****             }
 649:Core/Src/main.c ****         }
 650:Core/Src/main.c ****         else 
 651:Core/Src/main.c ****         {
 652:Core/Src/main.c ****             // Buffer overflow
 653:Core/Src/main.c ****             buffer_index = 0;
 654:Core/Src/main.c ****             printf("Buffer overflow\r\n");
 655:Core/Src/main.c ****         }
 656:Core/Src/main.c ****         HAL_UART_Receive_IT(JOINT5_UART, &rx_byte5, 1);
 657:Core/Src/main.c **** 
 658:Core/Src/main.c ****       }
 659:Core/Src/main.c **** 
 660:Core/Src/main.c **** }
 661:Core/Src/main.c **** 
 662:Core/Src/main.c **** 
 663:Core/Src/main.c ****  
 664:Core/Src/main.c **** 
 665:Core/Src/main.c **** 
 666:Core/Src/main.c ****  
 667:Core/Src/main.c **** 
 668:Core/Src/main.c **** // Function to process the received string
 669:Core/Src/main.c **** void ProcessReceivedString(char *str)
 670:Core/Src/main.c **** {
 671:Core/Src/main.c ****     // Check if the string starts with "set"
ARM GAS  /var/folders/8x/_y6g3dfs0698dfd49y4vcg_w0000gn/T//cciIlfrw.s 			page 18


 672:Core/Src/main.c ****     if (strncmp(str, "set", 3) == 0)
 673:Core/Src/main.c ****     {
 674:Core/Src/main.c ****         // Move the pointer to after "set" and the space
 675:Core/Src/main.c ****         str += 4;  // Skip "set " (4 characters)
 676:Core/Src/main.c **** 
 677:Core/Src/main.c ****         // Now we expect a format like "000-000-000-000-000-000"
 678:Core/Src/main.c ****         if (sscanf(str, "%3d-%3d-%3d-%3d-%3d-%3d", &joint1, &joint2, &joint3, &joint4, &joint5, &ac
 679:Core/Src/main.c ****         {
 680:Core/Src/main.c ****             // Successfully parsed the 6 numbers
 681:Core/Src/main.c ****             printf("Received numbers: %d %d %d %d %d %d\r\n", joint1, joint2, joint3, joint4, joint
 682:Core/Src/main.c **** 
 683:Core/Src/main.c ****             // Check for changes in each joint and send new values if changed
 684:Core/Src/main.c ****             if (joint1 != prev_joint1) {
 685:Core/Src/main.c ****                 // send to joint
 686:Core/Src/main.c ****                 prev_joint1 = joint1;
 687:Core/Src/main.c ****                 Joint1Set(joint1);
 688:Core/Src/main.c ****             }
 689:Core/Src/main.c ****             if (joint2 != prev_joint2) {
 690:Core/Src/main.c ****                 // send to joint
 691:Core/Src/main.c ****                 prev_joint2 = joint2;
 692:Core/Src/main.c ****                 Joint2Set(joint2);
 693:Core/Src/main.c ****             }
 694:Core/Src/main.c ****             if (joint3 != prev_joint3) {
 695:Core/Src/main.c ****                 // send to joint
 696:Core/Src/main.c ****                 prev_joint3 = joint3;
 697:Core/Src/main.c ****                 Joint3Set(joint3);
 698:Core/Src/main.c ****             }
 699:Core/Src/main.c ****             if (joint4 != prev_joint4) {
 700:Core/Src/main.c ****                 // send to joint
 701:Core/Src/main.c ****                 prev_joint4 = joint4;
 702:Core/Src/main.c ****             }
 703:Core/Src/main.c ****             if (joint5 != prev_joint5) {
 704:Core/Src/main.c ****                 // send to joint
 705:Core/Src/main.c ****                 prev_joint5 = joint5;
 706:Core/Src/main.c ****             }
 707:Core/Src/main.c ****             if (actuator != prev_actuator) {
 708:Core/Src/main.c ****                 // send to actuator
 709:Core/Src/main.c ****                 prev_actuator = actuator;
 710:Core/Src/main.c ****             }
 711:Core/Src/main.c ****         }
 712:Core/Src/main.c ****         else
 713:Core/Src/main.c ****         {
 714:Core/Src/main.c ****             printf("Invalid format!\r\n");
 715:Core/Src/main.c ****         }
 716:Core/Src/main.c ****     }
 717:Core/Src/main.c ****     // Just setting joint1 
 718:Core/Src/main.c ****     else if (strncmp(str, "joint1", 6) == 0)
 719:Core/Src/main.c ****     {
 720:Core/Src/main.c ****         str += 7;
 721:Core/Src/main.c **** 
 722:Core/Src/main.c ****         if (sscanf(str, "%3d", &joint1) == 1)
 723:Core/Src/main.c ****         {
 724:Core/Src/main.c ****             // Successfully parsed joint1
 725:Core/Src/main.c ****             printf("Joint1 set: %d\r\n", joint1);
 726:Core/Src/main.c **** 
 727:Core/Src/main.c ****             //if (joint1 != prev_joint1) {
 728:Core/Src/main.c ****                 Joint1Set(joint1);
ARM GAS  /var/folders/8x/_y6g3dfs0698dfd49y4vcg_w0000gn/T//cciIlfrw.s 			page 19


 729:Core/Src/main.c ****                 prev_joint1 = joint1;
 730:Core/Src/main.c ****             //}
 731:Core/Src/main.c ****         }
 732:Core/Src/main.c ****         else
 733:Core/Src/main.c ****         {
 734:Core/Src/main.c ****             printf("Invalid format!\r\n");
 735:Core/Src/main.c ****         }
 736:Core/Src/main.c ****     }
 737:Core/Src/main.c **** 
 738:Core/Src/main.c ****     // Just setting joint2
 739:Core/Src/main.c ****     else if (strncmp(str, "joint2", 6) == 0)
 740:Core/Src/main.c ****     {
 741:Core/Src/main.c ****         str += 7;
 742:Core/Src/main.c **** 
 743:Core/Src/main.c ****         if (sscanf(str, "%3d", &joint2) == 1)
 744:Core/Src/main.c ****         {
 745:Core/Src/main.c ****             // Successfully parsed joint2
 746:Core/Src/main.c ****             printf("Joint2 set: %d\r\n", joint2);
 747:Core/Src/main.c **** 
 748:Core/Src/main.c ****             //if (joint2 != prev_joint2) {
 749:Core/Src/main.c ****                 Joint2Set(joint2);
 750:Core/Src/main.c ****                 prev_joint2 = joint2;
 751:Core/Src/main.c ****             //}
 752:Core/Src/main.c ****         }
 753:Core/Src/main.c ****         else
 754:Core/Src/main.c ****         {
 755:Core/Src/main.c ****             printf("Invalid format!\r\n");
 756:Core/Src/main.c ****         }
 757:Core/Src/main.c ****     }
 758:Core/Src/main.c **** 
 759:Core/Src/main.c ****     // Just setting joint3
 760:Core/Src/main.c ****     else if (strncmp(str, "joint3", 6) == 0)
 761:Core/Src/main.c ****     {
 762:Core/Src/main.c ****         str += 7;
 763:Core/Src/main.c **** 
 764:Core/Src/main.c ****         if (sscanf(str, "%3d", &joint3) == 1)
 765:Core/Src/main.c ****         {
 766:Core/Src/main.c ****             // Successfully parsed joint3
 767:Core/Src/main.c ****             printf("Joint3 set: %d\r\n", joint3);
 768:Core/Src/main.c **** 
 769:Core/Src/main.c ****             //if (joint3 != prev_joint3) {
 770:Core/Src/main.c ****                 Joint3Set(joint3);
 771:Core/Src/main.c ****                 prev_joint3 = joint3;
 772:Core/Src/main.c ****             //}
 773:Core/Src/main.c ****         }
 774:Core/Src/main.c ****         else
 775:Core/Src/main.c ****         {
 776:Core/Src/main.c ****             printf("Invalid format!\r\n");
 777:Core/Src/main.c ****         }
 778:Core/Src/main.c ****     }
 779:Core/Src/main.c **** 
 780:Core/Src/main.c ****     // Just setting joint4
 781:Core/Src/main.c ****     else if (strncmp(str, "joint4", 6) == 0)
 782:Core/Src/main.c ****     {
 783:Core/Src/main.c ****         str += 7;
 784:Core/Src/main.c **** 
 785:Core/Src/main.c ****         if (sscanf(str, "%3d", &joint4) == 1)
ARM GAS  /var/folders/8x/_y6g3dfs0698dfd49y4vcg_w0000gn/T//cciIlfrw.s 			page 20


 786:Core/Src/main.c ****         {
 787:Core/Src/main.c ****             // Successfully parsed joint4
 788:Core/Src/main.c ****             printf("Joint4 set: %d\r\n", joint4);
 789:Core/Src/main.c **** 
 790:Core/Src/main.c ****             //if (joint4 != prev_joint4) {
 791:Core/Src/main.c ****                 Joint4Set(joint4);
 792:Core/Src/main.c ****                 prev_joint4 = joint4;
 793:Core/Src/main.c ****             //}
 794:Core/Src/main.c ****         }
 795:Core/Src/main.c ****         else
 796:Core/Src/main.c ****         {
 797:Core/Src/main.c ****             printf("Invalid format!\r\n");
 798:Core/Src/main.c ****         }
 799:Core/Src/main.c ****     }
 800:Core/Src/main.c **** 
 801:Core/Src/main.c ****     // Just setting joint5
 802:Core/Src/main.c ****     else if (strncmp(str, "joint5", 6) == 0)
 803:Core/Src/main.c ****     {
 804:Core/Src/main.c ****         str += 7;
 805:Core/Src/main.c **** 
 806:Core/Src/main.c ****         if (sscanf(str, "%3d", &joint5) == 1)
 807:Core/Src/main.c ****         {
 808:Core/Src/main.c ****             // Successfully parsed joint5
 809:Core/Src/main.c ****             printf("Joint5 set: %d\r\n", joint5);
 810:Core/Src/main.c **** 
 811:Core/Src/main.c ****             //if (joint5 != prev_joint5) {
 812:Core/Src/main.c ****                 Joint5Set(joint5);
 813:Core/Src/main.c ****                 prev_joint5 = joint5;
 814:Core/Src/main.c ****             //}
 815:Core/Src/main.c ****         }
 816:Core/Src/main.c ****         else
 817:Core/Src/main.c ****         {
 818:Core/Src/main.c ****             printf("Invalid format!\r\n");
 819:Core/Src/main.c ****         }
 820:Core/Src/main.c ****     }
 821:Core/Src/main.c **** 
 822:Core/Src/main.c ****     // Just setting actuator
 823:Core/Src/main.c ****     else if (strncmp(str, "actuator", 8) == 0)
 824:Core/Src/main.c ****     {
 825:Core/Src/main.c ****         str += 9;
 826:Core/Src/main.c **** 
 827:Core/Src/main.c ****         if (sscanf(str, "%3d", &actuator) == 1)
 828:Core/Src/main.c ****         {
 829:Core/Src/main.c ****             // Successfully parsed joint5
 830:Core/Src/main.c ****             printf("Actuator set: %d\r\n", actuator);
 831:Core/Src/main.c **** 
 832:Core/Src/main.c ****             //if (actuator != actuator) {
 833:Core/Src/main.c ****                 ActuatorSet(actuator);
 834:Core/Src/main.c ****                 prev_actuator = actuator;
 835:Core/Src/main.c ****             //}
 836:Core/Src/main.c ****         }
 837:Core/Src/main.c ****         else
 838:Core/Src/main.c ****         {
 839:Core/Src/main.c ****             printf("Invalid format!\r\n");
 840:Core/Src/main.c ****         }
 841:Core/Src/main.c ****     }
 842:Core/Src/main.c **** 
ARM GAS  /var/folders/8x/_y6g3dfs0698dfd49y4vcg_w0000gn/T//cciIlfrw.s 			page 21


 843:Core/Src/main.c ****     else if (strncmp(str, "j1read", 6) == 0)
 844:Core/Src/main.c ****     {
 845:Core/Src/main.c ****         printf_joint1("r\r\n");
 846:Core/Src/main.c ****     }
 847:Core/Src/main.c **** 
 848:Core/Src/main.c ****     else if (strncmp(str, "j2read", 6) == 0)
 849:Core/Src/main.c ****     {
 850:Core/Src/main.c ****         printf_joint2("r\r\n");
 851:Core/Src/main.c ****     }
 852:Core/Src/main.c **** 
 853:Core/Src/main.c ****     else if (strncmp(str, "j3read", 6) == 0)
 854:Core/Src/main.c ****     {
 855:Core/Src/main.c ****         printf_joint3("r\r\n");
 856:Core/Src/main.c ****     }
 857:Core/Src/main.c ****       
 858:Core/Src/main.c ****       else if (strncmp(str, "j4read", 6) == 0)
 859:Core/Src/main.c ****       {
 860:Core/Src/main.c ****           printf_joint4("r\r\n");
 861:Core/Src/main.c ****       }
 862:Core/Src/main.c ****   
 863:Core/Src/main.c ****       else if (strncmp(str, "j5read", 6) == 0)
 864:Core/Src/main.c ****       {
 865:Core/Src/main.c ****           printf_joint5("r\r\n");
 866:Core/Src/main.c ****       }
 867:Core/Src/main.c ****   
 868:Core/Src/main.c ****       else if (strncmp(str, "aread", 5) == 0)
 869:Core/Src/main.c ****       {
 870:Core/Src/main.c ****           // Print acutator position or status
 871:Core/Src/main.c ****       }
 872:Core/Src/main.c **** 
 873:Core/Src/main.c **** 
 874:Core/Src/main.c ****     // Set Home 
 875:Core/Src/main.c ****     else if (strncmp(str, "home", 4) == 0)
 876:Core/Src/main.c ****     {
 877:Core/Src/main.c ****         str += 5;
 878:Core/Src/main.c ****         
 879:Core/Src/main.c ****         HomeSet();
 880:Core/Src/main.c ****         
 881:Core/Src/main.c ****         printf("Set all joints home\r\n");
 882:Core/Src/main.c **** 
 883:Core/Src/main.c ****     }
 884:Core/Src/main.c **** 
 885:Core/Src/main.c ****     else if (strncmp(str, "flash", 5) == 0)
 886:Core/Src/main.c ****     {
 887:Core/Src/main.c ****         str += 6;
 888:Core/Src/main.c ****         ledFlag = !ledFlag;
 889:Core/Src/main.c ****         
 890:Core/Src/main.c ****         printf("LEDs Toggled\r\n");
 891:Core/Src/main.c **** 
 892:Core/Src/main.c ****     }
 893:Core/Src/main.c **** 
 894:Core/Src/main.c ****     // Prints all joints
 895:Core/Src/main.c ****     else if (strncmp(str, "print", 5) == 0)
 896:Core/Src/main.c ****     {
 897:Core/Src/main.c ****        printf("Joint1: %d\r\n", joint1);
 898:Core/Src/main.c ****        printf("Joint2: %d\r\n", joint2);
 899:Core/Src/main.c ****        printf("Joint3: %d\r\n", joint3);
ARM GAS  /var/folders/8x/_y6g3dfs0698dfd49y4vcg_w0000gn/T//cciIlfrw.s 			page 22


 900:Core/Src/main.c ****        printf("Joint4: %d\r\n", joint4);
 901:Core/Src/main.c ****        printf("Joint5: %d\r\n", joint5);
 902:Core/Src/main.c ****        printf("Actuator: %d\r\n", actuator);
 903:Core/Src/main.c ****     }
 904:Core/Src/main.c **** 
 905:Core/Src/main.c ****     else if (strncmp(str, "inject", 6)== 0)
 906:Core/Src/main.c ****     {
 907:Core/Src/main.c ****         injectFlag = INJECT; 
 908:Core/Src/main.c ****         printf("injecting...\r\n");
 909:Core/Src/main.c ****     }
 910:Core/Src/main.c **** 
 911:Core/Src/main.c ****     else if (strncmp(str, "retract", 7)== 0)
 912:Core/Src/main.c ****     {
 913:Core/Src/main.c ****         injectFlag = RETRACT; 
 914:Core/Src/main.c ****         printf("retracting...\r\n");
 915:Core/Src/main.c ****     }
 916:Core/Src/main.c ****     
 917:Core/Src/main.c ****     else if (strncmp(str, "stop", 4) == 0)
 918:Core/Src/main.c ****     {
 919:Core/Src/main.c ****         injectFlag = STOP; 
 920:Core/Src/main.c ****         printf("stopped.\r\n"); 
 921:Core/Src/main.c ****     }
 922:Core/Src/main.c ****     else if (strncmp(str, "sequence", 8) == 0)
 923:Core/Src/main.c ****     {
 924:Core/Src/main.c ****         printf("inject sequence...\r\n");
 925:Core/Src/main.c ****         injectSequence(); 
 926:Core/Src/main.c ****         
 927:Core/Src/main.c ****     }
 928:Core/Src/main.c ****     else if (strncmp(str, "foot on", 9) == 0)
 929:Core/Src/main.c ****     {
 930:Core/Src/main.c ****         printf("Foot Pedal Mode on!\r\n");
 931:Core/Src/main.c ****         footPedalMode = 1;
 932:Core/Src/main.c ****         
 933:Core/Src/main.c ****     }
 934:Core/Src/main.c ****     else if (strncmp(str, "foot off", 9) == 0)
 935:Core/Src/main.c ****     {
 936:Core/Src/main.c ****         printf("Foot Pedal Mode off!\r\n");
 937:Core/Src/main.c ****         footPedalMode = 0;
 938:Core/Src/main.c ****     }
 939:Core/Src/main.c **** 
 940:Core/Src/main.c ****     // Echoes string if no keywords are sent
 941:Core/Src/main.c ****     else
 942:Core/Src/main.c ****     {
 943:Core/Src/main.c ****         printf("Received: %s\r\n", str);
 944:Core/Src/main.c ****     }
 945:Core/Src/main.c **** }
 946:Core/Src/main.c **** 
 947:Core/Src/main.c **** void ProcessReceivedJoint(char *str){
 312              		.loc 1 947 37 is_stmt 1 view -0
 313              		.cfi_startproc
 314              		@ args = 0, pretend = 0, frame = 0
 315              		@ frame_needed = 0, uses_anonymous_args = 0
 316              		@ link register save eliminated.
 948:Core/Src/main.c **** 
 949:Core/Src/main.c **** }
 317              		.loc 1 949 1 view .LVU37
 318 0000 7047     		bx	lr
ARM GAS  /var/folders/8x/_y6g3dfs0698dfd49y4vcg_w0000gn/T//cciIlfrw.s 			page 23


 319              		.cfi_endproc
 320              	.LFE252:
 322              		.section	.rodata.Joint1Set.str1.4,"aMS",%progbits,1
 323              		.align	2
 324              	.LC0:
 325 0000 25640D0A 		.ascii	"%d\015\012\000"
 325      00
 326              		.section	.text.Joint1Set,"ax",%progbits
 327              		.align	1
 328              		.global	Joint1Set
 329              		.syntax unified
 330              		.thumb
 331              		.thumb_func
 333              	Joint1Set:
 334              	.LVL19:
 335              	.LFB255:
 950:Core/Src/main.c **** void HomeSet(){
 951:Core/Src/main.c ****   //Set all joints to home
 952:Core/Src/main.c ****   joint1 = JOINT1_HOME;
 953:Core/Src/main.c ****   Joint1Set(joint1);
 954:Core/Src/main.c ****   joint2 = JOINT2_HOME;
 955:Core/Src/main.c ****   Joint2Set(joint2);
 956:Core/Src/main.c ****   joint3 = JOINT3_HOME;
 957:Core/Src/main.c ****   Joint3Set(joint3);
 958:Core/Src/main.c ****   joint4 = JOINT4_HOME;
 959:Core/Src/main.c ****   Joint4Set(joint4);
 960:Core/Src/main.c ****   joint5 = JOINT5_HOME;
 961:Core/Src/main.c ****   Joint5Set(joint5);
 962:Core/Src/main.c ****   injectFlag = RETRACT; 
 963:Core/Src/main.c **** 
 964:Core/Src/main.c **** 
 965:Core/Src/main.c ****   
 966:Core/Src/main.c **** }
 967:Core/Src/main.c **** void HomeSetUser() {
 968:Core/Src/main.c ****   static uint32_t lastMillis = 0;
 969:Core/Src/main.c ****   static uint8_t step = 0;  // To track which part of the process we are at.
 970:Core/Src/main.c **** 
 971:Core/Src/main.c ****   if (step == 0) {
 972:Core/Src/main.c ****       // Set Joint 1
 973:Core/Src/main.c ****       joint1 = JOINT1_HOME;
 974:Core/Src/main.c ****       Joint1Set(joint1);
 975:Core/Src/main.c ****       step = 1;  // Move to the next step
 976:Core/Src/main.c ****   } else if (step == 1) {
 977:Core/Src/main.c ****       // Set Joint 2 and start a delay
 978:Core/Src/main.c ****       joint2 = JOINT2_HOME;
 979:Core/Src/main.c ****       Joint2Set(joint2);
 980:Core/Src/main.c ****       joint5 = JOINT5_HOME;
 981:Core/Src/main.c ****       Joint5Set(joint5);
 982:Core/Src/main.c ****       lastMillis = HAL_GetTick();  // Start the 1-second delay
 983:Core/Src/main.c ****       step = 2;  // Move to the next step
 984:Core/Src/main.c ****   } else if (step == 2) {
 985:Core/Src/main.c ****       // Wait for 1 second before proceeding
 986:Core/Src/main.c ****       if (HAL_GetTick() - lastMillis >= 1000) {
 987:Core/Src/main.c ****           // Once 1 second has passed, set the remaining joints
 988:Core/Src/main.c ****           joint3 = JOINT3_HOME;
 989:Core/Src/main.c ****           Joint3Set(joint3);
 990:Core/Src/main.c ****           joint4 = JOINT4_HOME;
ARM GAS  /var/folders/8x/_y6g3dfs0698dfd49y4vcg_w0000gn/T//cciIlfrw.s 			page 24


 991:Core/Src/main.c ****           Joint4Set(joint4);
 992:Core/Src/main.c ****           
 993:Core/Src/main.c ****           injectFlag = RETRACT;  // Set the inject flag
 994:Core/Src/main.c **** 
 995:Core/Src/main.c ****           step = 0;  // Reset for the next time HomeSetUser() is called
 996:Core/Src/main.c ****       }
 997:Core/Src/main.c ****   }
 998:Core/Src/main.c **** }
 999:Core/Src/main.c **** 
1000:Core/Src/main.c **** 
1001:Core/Src/main.c **** 
1002:Core/Src/main.c **** void Joint1Set(int theta){
 336              		.loc 1 1002 26 view -0
 337              		.cfi_startproc
 338              		@ args = 0, pretend = 0, frame = 256
 339              		@ frame_needed = 0, uses_anonymous_args = 0
 340              		.loc 1 1002 26 is_stmt 0 view .LVU39
 341 0000 30B5     		push	{r4, r5, lr}
 342              	.LCFI18:
 343              		.cfi_def_cfa_offset 12
 344              		.cfi_offset 4, -12
 345              		.cfi_offset 5, -8
 346              		.cfi_offset 14, -4
 347 0002 C1B0     		sub	sp, sp, #260
 348              	.LCFI19:
 349              		.cfi_def_cfa_offset 272
 350 0004 0346     		mov	r3, r0
1003:Core/Src/main.c ****   printf_joint1("%d\r\n", theta);
 351              		.loc 1 1003 3 is_stmt 1 view .LVU40
 352              	.LBB4:
 353              		.loc 1 1003 3 view .LVU41
 354              		.loc 1 1003 3 view .LVU42
 355 0006 094A     		ldr	r2, .L30
 356 0008 4FF48071 		mov	r1, #256
 357 000c 6846     		mov	r0, sp
 358              	.LVL20:
 359              		.loc 1 1003 3 is_stmt 0 view .LVU43
 360 000e FFF7FEFF 		bl	snprintf
 361              	.LVL21:
 362              		.loc 1 1003 3 view .LVU44
 363 0012 0546     		mov	r5, r0
 364              	.LVL22:
 365              		.loc 1 1003 3 is_stmt 1 discriminator 1 view .LVU45
 366              	.LBB5:
 367              		.loc 1 1003 3 discriminator 1 view .LVU46
 368              		.loc 1 1003 3 is_stmt 0 discriminator 1 view .LVU47
 369 0014 0024     		movs	r4, #0
 370              		.loc 1 1003 3 view .LVU48
 371 0016 04E0     		b	.L27
 372              	.LVL23:
 373              	.L28:
 374              		.loc 1 1003 3 is_stmt 1 discriminator 3 view .LVU49
 375 0018 1DF80400 		ldrb	r0, [sp, r4]	@ zero_extendqisi2
 376 001c FFF7FEFF 		bl	__io_putchar_usart6
 377              	.LVL24:
 378              		.loc 1 1003 3 discriminator 3 view .LVU50
 379 0020 0134     		adds	r4, r4, #1
ARM GAS  /var/folders/8x/_y6g3dfs0698dfd49y4vcg_w0000gn/T//cciIlfrw.s 			page 25


 380              	.LVL25:
 381              	.L27:
 382              		.loc 1 1003 3 discriminator 2 view .LVU51
 383 0022 AC42     		cmp	r4, r5
 384 0024 F8DB     		blt	.L28
 385              	.LBE5:
 386              	.LBE4:
1004:Core/Src/main.c **** 
1005:Core/Src/main.c **** }
 387              		.loc 1 1005 1 is_stmt 0 view .LVU52
 388 0026 41B0     		add	sp, sp, #260
 389              	.LCFI20:
 390              		.cfi_def_cfa_offset 12
 391              		@ sp needed
 392 0028 30BD     		pop	{r4, r5, pc}
 393              	.LVL26:
 394              	.L31:
 395              		.loc 1 1005 1 view .LVU53
 396 002a 00BF     		.align	2
 397              	.L30:
 398 002c 00000000 		.word	.LC0
 399              		.cfi_endproc
 400              	.LFE255:
 402              		.section	.rodata.Joint2Set.str1.4,"aMS",%progbits,1
 403              		.align	2
 404              	.LC1:
 405 0000 25640A00 		.ascii	"%d\012\000"
 406              		.section	.text.Joint2Set,"ax",%progbits
 407              		.align	1
 408              		.global	Joint2Set
 409              		.syntax unified
 410              		.thumb
 411              		.thumb_func
 413              	Joint2Set:
 414              	.LVL27:
 415              	.LFB256:
1006:Core/Src/main.c **** 
1007:Core/Src/main.c **** void Joint2Set(int theta){
 416              		.loc 1 1007 26 is_stmt 1 view -0
 417              		.cfi_startproc
 418              		@ args = 0, pretend = 0, frame = 256
 419              		@ frame_needed = 0, uses_anonymous_args = 0
 420              		.loc 1 1007 26 is_stmt 0 view .LVU55
 421 0000 30B5     		push	{r4, r5, lr}
 422              	.LCFI21:
 423              		.cfi_def_cfa_offset 12
 424              		.cfi_offset 4, -12
 425              		.cfi_offset 5, -8
 426              		.cfi_offset 14, -4
 427 0002 C1B0     		sub	sp, sp, #260
 428              	.LCFI22:
 429              		.cfi_def_cfa_offset 272
 430 0004 0346     		mov	r3, r0
1008:Core/Src/main.c ****   printf_joint2("%d\n", theta);
 431              		.loc 1 1008 3 is_stmt 1 view .LVU56
 432              	.LBB6:
 433              		.loc 1 1008 3 view .LVU57
ARM GAS  /var/folders/8x/_y6g3dfs0698dfd49y4vcg_w0000gn/T//cciIlfrw.s 			page 26


 434              		.loc 1 1008 3 view .LVU58
 435 0006 094A     		ldr	r2, .L36
 436 0008 4FF48071 		mov	r1, #256
 437 000c 6846     		mov	r0, sp
 438              	.LVL28:
 439              		.loc 1 1008 3 is_stmt 0 view .LVU59
 440 000e FFF7FEFF 		bl	snprintf
 441              	.LVL29:
 442              		.loc 1 1008 3 view .LVU60
 443 0012 0546     		mov	r5, r0
 444              	.LVL30:
 445              		.loc 1 1008 3 is_stmt 1 discriminator 1 view .LVU61
 446              	.LBB7:
 447              		.loc 1 1008 3 discriminator 1 view .LVU62
 448              		.loc 1 1008 3 is_stmt 0 discriminator 1 view .LVU63
 449 0014 0024     		movs	r4, #0
 450              		.loc 1 1008 3 view .LVU64
 451 0016 04E0     		b	.L33
 452              	.LVL31:
 453              	.L34:
 454              		.loc 1 1008 3 is_stmt 1 discriminator 3 view .LVU65
 455 0018 1DF80400 		ldrb	r0, [sp, r4]	@ zero_extendqisi2
 456 001c FFF7FEFF 		bl	__io_putchar_usart2
 457              	.LVL32:
 458              		.loc 1 1008 3 discriminator 3 view .LVU66
 459 0020 0134     		adds	r4, r4, #1
 460              	.LVL33:
 461              	.L33:
 462              		.loc 1 1008 3 discriminator 2 view .LVU67
 463 0022 AC42     		cmp	r4, r5
 464 0024 F8DB     		blt	.L34
 465              	.LBE7:
 466              	.LBE6:
1009:Core/Src/main.c **** 
1010:Core/Src/main.c **** }
 467              		.loc 1 1010 1 is_stmt 0 view .LVU68
 468 0026 41B0     		add	sp, sp, #260
 469              	.LCFI23:
 470              		.cfi_def_cfa_offset 12
 471              		@ sp needed
 472 0028 30BD     		pop	{r4, r5, pc}
 473              	.LVL34:
 474              	.L37:
 475              		.loc 1 1010 1 view .LVU69
 476 002a 00BF     		.align	2
 477              	.L36:
 478 002c 00000000 		.word	.LC1
 479              		.cfi_endproc
 480              	.LFE256:
 482              		.section	.text.Joint3Set,"ax",%progbits
 483              		.align	1
 484              		.global	Joint3Set
 485              		.syntax unified
 486              		.thumb
 487              		.thumb_func
 489              	Joint3Set:
 490              	.LVL35:
ARM GAS  /var/folders/8x/_y6g3dfs0698dfd49y4vcg_w0000gn/T//cciIlfrw.s 			page 27


 491              	.LFB257:
1011:Core/Src/main.c **** 
1012:Core/Src/main.c **** void Joint3Set(int theta){
 492              		.loc 1 1012 26 is_stmt 1 view -0
 493              		.cfi_startproc
 494              		@ args = 0, pretend = 0, frame = 256
 495              		@ frame_needed = 0, uses_anonymous_args = 0
 496              		.loc 1 1012 26 is_stmt 0 view .LVU71
 497 0000 30B5     		push	{r4, r5, lr}
 498              	.LCFI24:
 499              		.cfi_def_cfa_offset 12
 500              		.cfi_offset 4, -12
 501              		.cfi_offset 5, -8
 502              		.cfi_offset 14, -4
 503 0002 C1B0     		sub	sp, sp, #260
 504              	.LCFI25:
 505              		.cfi_def_cfa_offset 272
 506 0004 0346     		mov	r3, r0
1013:Core/Src/main.c ****   printf_joint3("%d\r\n", theta);
 507              		.loc 1 1013 3 is_stmt 1 view .LVU72
 508              	.LBB8:
 509              		.loc 1 1013 3 view .LVU73
 510              		.loc 1 1013 3 view .LVU74
 511 0006 094A     		ldr	r2, .L42
 512 0008 4FF48071 		mov	r1, #256
 513 000c 6846     		mov	r0, sp
 514              	.LVL36:
 515              		.loc 1 1013 3 is_stmt 0 view .LVU75
 516 000e FFF7FEFF 		bl	snprintf
 517              	.LVL37:
 518              		.loc 1 1013 3 view .LVU76
 519 0012 0546     		mov	r5, r0
 520              	.LVL38:
 521              		.loc 1 1013 3 is_stmt 1 discriminator 1 view .LVU77
 522              	.LBB9:
 523              		.loc 1 1013 3 discriminator 1 view .LVU78
 524              		.loc 1 1013 3 is_stmt 0 discriminator 1 view .LVU79
 525 0014 0024     		movs	r4, #0
 526              		.loc 1 1013 3 view .LVU80
 527 0016 04E0     		b	.L39
 528              	.LVL39:
 529              	.L40:
 530              		.loc 1 1013 3 is_stmt 1 discriminator 3 view .LVU81
 531 0018 1DF80400 		ldrb	r0, [sp, r4]	@ zero_extendqisi2
 532 001c FFF7FEFF 		bl	__io_putchar_usart3
 533              	.LVL40:
 534              		.loc 1 1013 3 discriminator 3 view .LVU82
 535 0020 0134     		adds	r4, r4, #1
 536              	.LVL41:
 537              	.L39:
 538              		.loc 1 1013 3 discriminator 2 view .LVU83
 539 0022 AC42     		cmp	r4, r5
 540 0024 F8DB     		blt	.L40
 541              	.LBE9:
 542              	.LBE8:
1014:Core/Src/main.c **** 
1015:Core/Src/main.c **** }
ARM GAS  /var/folders/8x/_y6g3dfs0698dfd49y4vcg_w0000gn/T//cciIlfrw.s 			page 28


 543              		.loc 1 1015 1 is_stmt 0 view .LVU84
 544 0026 41B0     		add	sp, sp, #260
 545              	.LCFI26:
 546              		.cfi_def_cfa_offset 12
 547              		@ sp needed
 548 0028 30BD     		pop	{r4, r5, pc}
 549              	.LVL42:
 550              	.L43:
 551              		.loc 1 1015 1 view .LVU85
 552 002a 00BF     		.align	2
 553              	.L42:
 554 002c 00000000 		.word	.LC0
 555              		.cfi_endproc
 556              	.LFE257:
 558              		.section	.text.Joint4Set,"ax",%progbits
 559              		.align	1
 560              		.global	Joint4Set
 561              		.syntax unified
 562              		.thumb
 563              		.thumb_func
 565              	Joint4Set:
 566              	.LVL43:
 567              	.LFB258:
1016:Core/Src/main.c **** 
1017:Core/Src/main.c **** void Joint4Set(int theta){
 568              		.loc 1 1017 26 is_stmt 1 view -0
 569              		.cfi_startproc
 570              		@ args = 0, pretend = 0, frame = 256
 571              		@ frame_needed = 0, uses_anonymous_args = 0
 572              		.loc 1 1017 26 is_stmt 0 view .LVU87
 573 0000 30B5     		push	{r4, r5, lr}
 574              	.LCFI27:
 575              		.cfi_def_cfa_offset 12
 576              		.cfi_offset 4, -12
 577              		.cfi_offset 5, -8
 578              		.cfi_offset 14, -4
 579 0002 C1B0     		sub	sp, sp, #260
 580              	.LCFI28:
 581              		.cfi_def_cfa_offset 272
 582 0004 0346     		mov	r3, r0
1018:Core/Src/main.c ****   printf_joint4("%d\r\n", theta);
 583              		.loc 1 1018 3 is_stmt 1 view .LVU88
 584              	.LBB10:
 585              		.loc 1 1018 3 view .LVU89
 586              		.loc 1 1018 3 view .LVU90
 587 0006 094A     		ldr	r2, .L48
 588 0008 4FF48071 		mov	r1, #256
 589 000c 6846     		mov	r0, sp
 590              	.LVL44:
 591              		.loc 1 1018 3 is_stmt 0 view .LVU91
 592 000e FFF7FEFF 		bl	snprintf
 593              	.LVL45:
 594              		.loc 1 1018 3 view .LVU92
 595 0012 0546     		mov	r5, r0
 596              	.LVL46:
 597              		.loc 1 1018 3 is_stmt 1 discriminator 1 view .LVU93
 598              	.LBB11:
ARM GAS  /var/folders/8x/_y6g3dfs0698dfd49y4vcg_w0000gn/T//cciIlfrw.s 			page 29


 599              		.loc 1 1018 3 discriminator 1 view .LVU94
 600              		.loc 1 1018 3 is_stmt 0 discriminator 1 view .LVU95
 601 0014 0024     		movs	r4, #0
 602              		.loc 1 1018 3 view .LVU96
 603 0016 04E0     		b	.L45
 604              	.LVL47:
 605              	.L46:
 606              		.loc 1 1018 3 is_stmt 1 discriminator 3 view .LVU97
 607 0018 1DF80400 		ldrb	r0, [sp, r4]	@ zero_extendqisi2
 608 001c FFF7FEFF 		bl	__io_putchar_uart4
 609              	.LVL48:
 610              		.loc 1 1018 3 discriminator 3 view .LVU98
 611 0020 0134     		adds	r4, r4, #1
 612              	.LVL49:
 613              	.L45:
 614              		.loc 1 1018 3 discriminator 2 view .LVU99
 615 0022 AC42     		cmp	r4, r5
 616 0024 F8DB     		blt	.L46
 617              	.LBE11:
 618              	.LBE10:
1019:Core/Src/main.c **** 
1020:Core/Src/main.c **** }
 619              		.loc 1 1020 1 is_stmt 0 view .LVU100
 620 0026 41B0     		add	sp, sp, #260
 621              	.LCFI29:
 622              		.cfi_def_cfa_offset 12
 623              		@ sp needed
 624 0028 30BD     		pop	{r4, r5, pc}
 625              	.LVL50:
 626              	.L49:
 627              		.loc 1 1020 1 view .LVU101
 628 002a 00BF     		.align	2
 629              	.L48:
 630 002c 00000000 		.word	.LC0
 631              		.cfi_endproc
 632              	.LFE258:
 634              		.section	.text.Joint5Set,"ax",%progbits
 635              		.align	1
 636              		.global	Joint5Set
 637              		.syntax unified
 638              		.thumb
 639              		.thumb_func
 641              	Joint5Set:
 642              	.LVL51:
 643              	.LFB259:
1021:Core/Src/main.c **** 
1022:Core/Src/main.c **** void Joint5Set(int theta){
 644              		.loc 1 1022 26 is_stmt 1 view -0
 645              		.cfi_startproc
 646              		@ args = 0, pretend = 0, frame = 256
 647              		@ frame_needed = 0, uses_anonymous_args = 0
 648              		.loc 1 1022 26 is_stmt 0 view .LVU103
 649 0000 30B5     		push	{r4, r5, lr}
 650              	.LCFI30:
 651              		.cfi_def_cfa_offset 12
 652              		.cfi_offset 4, -12
 653              		.cfi_offset 5, -8
ARM GAS  /var/folders/8x/_y6g3dfs0698dfd49y4vcg_w0000gn/T//cciIlfrw.s 			page 30


 654              		.cfi_offset 14, -4
 655 0002 C1B0     		sub	sp, sp, #260
 656              	.LCFI31:
 657              		.cfi_def_cfa_offset 272
 658 0004 0346     		mov	r3, r0
1023:Core/Src/main.c ****   printf_joint5("%d\r\n", theta);
 659              		.loc 1 1023 3 is_stmt 1 view .LVU104
 660              	.LBB12:
 661              		.loc 1 1023 3 view .LVU105
 662              		.loc 1 1023 3 view .LVU106
 663 0006 094A     		ldr	r2, .L54
 664 0008 4FF48071 		mov	r1, #256
 665 000c 6846     		mov	r0, sp
 666              	.LVL52:
 667              		.loc 1 1023 3 is_stmt 0 view .LVU107
 668 000e FFF7FEFF 		bl	snprintf
 669              	.LVL53:
 670              		.loc 1 1023 3 view .LVU108
 671 0012 0546     		mov	r5, r0
 672              	.LVL54:
 673              		.loc 1 1023 3 is_stmt 1 discriminator 1 view .LVU109
 674              	.LBB13:
 675              		.loc 1 1023 3 discriminator 1 view .LVU110
 676              		.loc 1 1023 3 is_stmt 0 discriminator 1 view .LVU111
 677 0014 0024     		movs	r4, #0
 678              		.loc 1 1023 3 view .LVU112
 679 0016 04E0     		b	.L51
 680              	.LVL55:
 681              	.L52:
 682              		.loc 1 1023 3 is_stmt 1 discriminator 3 view .LVU113
 683 0018 1DF80400 		ldrb	r0, [sp, r4]	@ zero_extendqisi2
 684 001c FFF7FEFF 		bl	__io_putchar_uart5
 685              	.LVL56:
 686              		.loc 1 1023 3 discriminator 3 view .LVU114
 687 0020 0134     		adds	r4, r4, #1
 688              	.LVL57:
 689              	.L51:
 690              		.loc 1 1023 3 discriminator 2 view .LVU115
 691 0022 AC42     		cmp	r4, r5
 692 0024 F8DB     		blt	.L52
 693              	.LBE13:
 694              	.LBE12:
1024:Core/Src/main.c **** 
1025:Core/Src/main.c **** }
 695              		.loc 1 1025 1 is_stmt 0 view .LVU116
 696 0026 41B0     		add	sp, sp, #260
 697              	.LCFI32:
 698              		.cfi_def_cfa_offset 12
 699              		@ sp needed
 700 0028 30BD     		pop	{r4, r5, pc}
 701              	.LVL58:
 702              	.L55:
 703              		.loc 1 1025 1 view .LVU117
 704 002a 00BF     		.align	2
 705              	.L54:
 706 002c 00000000 		.word	.LC0
 707              		.cfi_endproc
ARM GAS  /var/folders/8x/_y6g3dfs0698dfd49y4vcg_w0000gn/T//cciIlfrw.s 			page 31


 708              	.LFE259:
 710              		.section	.text.HomeSet,"ax",%progbits
 711              		.align	1
 712              		.global	HomeSet
 713              		.syntax unified
 714              		.thumb
 715              		.thumb_func
 717              	HomeSet:
 718              	.LFB253:
 950:Core/Src/main.c ****   //Set all joints to home
 719              		.loc 1 950 15 is_stmt 1 view -0
 720              		.cfi_startproc
 721              		@ args = 0, pretend = 0, frame = 0
 722              		@ frame_needed = 0, uses_anonymous_args = 0
 723 0000 10B5     		push	{r4, lr}
 724              	.LCFI33:
 725              		.cfi_def_cfa_offset 8
 726              		.cfi_offset 4, -8
 727              		.cfi_offset 14, -4
 952:Core/Src/main.c ****   Joint1Set(joint1);
 728              		.loc 1 952 3 view .LVU119
 952:Core/Src/main.c ****   Joint1Set(joint1);
 729              		.loc 1 952 10 is_stmt 0 view .LVU120
 730 0002 0024     		movs	r4, #0
 731 0004 0E4B     		ldr	r3, .L58
 732 0006 1C60     		str	r4, [r3]
 953:Core/Src/main.c ****   joint2 = JOINT2_HOME;
 733              		.loc 1 953 3 is_stmt 1 view .LVU121
 734 0008 2046     		mov	r0, r4
 735 000a FFF7FEFF 		bl	Joint1Set
 736              	.LVL59:
 954:Core/Src/main.c ****   Joint2Set(joint2);
 737              		.loc 1 954 3 view .LVU122
 954:Core/Src/main.c ****   Joint2Set(joint2);
 738              		.loc 1 954 10 is_stmt 0 view .LVU123
 739 000e 5020     		movs	r0, #80
 740 0010 0C4B     		ldr	r3, .L58+4
 741 0012 1860     		str	r0, [r3]
 955:Core/Src/main.c ****   joint3 = JOINT3_HOME;
 742              		.loc 1 955 3 is_stmt 1 view .LVU124
 743 0014 FFF7FEFF 		bl	Joint2Set
 744              	.LVL60:
 956:Core/Src/main.c ****   Joint3Set(joint3);
 745              		.loc 1 956 3 view .LVU125
 956:Core/Src/main.c ****   Joint3Set(joint3);
 746              		.loc 1 956 10 is_stmt 0 view .LVU126
 747 0018 0A20     		movs	r0, #10
 748 001a 0B4B     		ldr	r3, .L58+8
 749 001c 1860     		str	r0, [r3]
 957:Core/Src/main.c ****   joint4 = JOINT4_HOME;
 750              		.loc 1 957 3 is_stmt 1 view .LVU127
 751 001e FFF7FEFF 		bl	Joint3Set
 752              	.LVL61:
 958:Core/Src/main.c ****   Joint4Set(joint4);
 753              		.loc 1 958 3 view .LVU128
 958:Core/Src/main.c ****   Joint4Set(joint4);
 754              		.loc 1 958 10 is_stmt 0 view .LVU129
ARM GAS  /var/folders/8x/_y6g3dfs0698dfd49y4vcg_w0000gn/T//cciIlfrw.s 			page 32


 755 0022 0A4B     		ldr	r3, .L58+12
 756 0024 1C60     		str	r4, [r3]
 959:Core/Src/main.c ****   joint5 = JOINT5_HOME;
 757              		.loc 1 959 3 is_stmt 1 view .LVU130
 758 0026 2046     		mov	r0, r4
 759 0028 FFF7FEFF 		bl	Joint4Set
 760              	.LVL62:
 960:Core/Src/main.c ****   Joint5Set(joint5);
 761              		.loc 1 960 3 view .LVU131
 960:Core/Src/main.c ****   Joint5Set(joint5);
 762              		.loc 1 960 10 is_stmt 0 view .LVU132
 763 002c 2820     		movs	r0, #40
 764 002e 084B     		ldr	r3, .L58+16
 765 0030 1860     		str	r0, [r3]
 961:Core/Src/main.c ****   injectFlag = RETRACT; 
 766              		.loc 1 961 3 is_stmt 1 view .LVU133
 767 0032 FFF7FEFF 		bl	Joint5Set
 768              	.LVL63:
 962:Core/Src/main.c **** 
 769              		.loc 1 962 3 view .LVU134
 962:Core/Src/main.c **** 
 770              		.loc 1 962 14 is_stmt 0 view .LVU135
 771 0036 074B     		ldr	r3, .L58+20
 772 0038 0222     		movs	r2, #2
 773 003a 1A60     		str	r2, [r3]
 966:Core/Src/main.c **** void HomeSetUser() {
 774              		.loc 1 966 1 view .LVU136
 775 003c 10BD     		pop	{r4, pc}
 776              	.L59:
 777 003e 00BF     		.align	2
 778              	.L58:
 779 0040 00000000 		.word	joint1
 780 0044 00000000 		.word	joint2
 781 0048 00000000 		.word	joint3
 782 004c 00000000 		.word	joint4
 783 0050 00000000 		.word	joint5
 784 0054 00000000 		.word	injectFlag
 785              		.cfi_endproc
 786              	.LFE253:
 788              		.section	.text.HomeSetUser,"ax",%progbits
 789              		.align	1
 790              		.global	HomeSetUser
 791              		.syntax unified
 792              		.thumb
 793              		.thumb_func
 795              	HomeSetUser:
 796              	.LFB254:
 967:Core/Src/main.c ****   static uint32_t lastMillis = 0;
 797              		.loc 1 967 20 is_stmt 1 view -0
 798              		.cfi_startproc
 799              		@ args = 0, pretend = 0, frame = 0
 800              		@ frame_needed = 0, uses_anonymous_args = 0
 801 0000 10B5     		push	{r4, lr}
 802              	.LCFI34:
 803              		.cfi_def_cfa_offset 8
 804              		.cfi_offset 4, -8
 805              		.cfi_offset 14, -4
ARM GAS  /var/folders/8x/_y6g3dfs0698dfd49y4vcg_w0000gn/T//cciIlfrw.s 			page 33


 968:Core/Src/main.c ****   static uint8_t step = 0;  // To track which part of the process we are at.
 806              		.loc 1 968 3 view .LVU138
 969:Core/Src/main.c **** 
 807              		.loc 1 969 3 view .LVU139
 971:Core/Src/main.c ****       // Set Joint 1
 808              		.loc 1 971 3 view .LVU140
 971:Core/Src/main.c ****       // Set Joint 1
 809              		.loc 1 971 12 is_stmt 0 view .LVU141
 810 0002 1E4B     		ldr	r3, .L68
 811 0004 1B78     		ldrb	r3, [r3]	@ zero_extendqisi2
 971:Core/Src/main.c ****       // Set Joint 1
 812              		.loc 1 971 6 view .LVU142
 813 0006 23B1     		cbz	r3, .L65
 976:Core/Src/main.c ****       // Set Joint 2 and start a delay
 814              		.loc 1 976 10 is_stmt 1 view .LVU143
 976:Core/Src/main.c ****       // Set Joint 2 and start a delay
 815              		.loc 1 976 13 is_stmt 0 view .LVU144
 816 0008 012B     		cmp	r3, #1
 817 000a 0BD0     		beq	.L66
 984:Core/Src/main.c ****       // Wait for 1 second before proceeding
 818              		.loc 1 984 10 is_stmt 1 view .LVU145
 984:Core/Src/main.c ****       // Wait for 1 second before proceeding
 819              		.loc 1 984 13 is_stmt 0 view .LVU146
 820 000c 022B     		cmp	r3, #2
 821 000e 1BD0     		beq	.L67
 822              	.L60:
 998:Core/Src/main.c **** 
 823              		.loc 1 998 1 view .LVU147
 824 0010 10BD     		pop	{r4, pc}
 825              	.L65:
 973:Core/Src/main.c ****       Joint1Set(joint1);
 826              		.loc 1 973 7 is_stmt 1 view .LVU148
 973:Core/Src/main.c ****       Joint1Set(joint1);
 827              		.loc 1 973 14 is_stmt 0 view .LVU149
 828 0012 0020     		movs	r0, #0
 829 0014 1A4B     		ldr	r3, .L68+4
 830 0016 1860     		str	r0, [r3]
 974:Core/Src/main.c ****       step = 1;  // Move to the next step
 831              		.loc 1 974 7 is_stmt 1 view .LVU150
 832 0018 FFF7FEFF 		bl	Joint1Set
 833              	.LVL64:
 975:Core/Src/main.c ****   } else if (step == 1) {
 834              		.loc 1 975 7 view .LVU151
 975:Core/Src/main.c ****   } else if (step == 1) {
 835              		.loc 1 975 12 is_stmt 0 view .LVU152
 836 001c 174B     		ldr	r3, .L68
 837 001e 0122     		movs	r2, #1
 838 0020 1A70     		strb	r2, [r3]
 839 0022 F5E7     		b	.L60
 840              	.L66:
 978:Core/Src/main.c ****       Joint2Set(joint2);
 841              		.loc 1 978 7 is_stmt 1 view .LVU153
 978:Core/Src/main.c ****       Joint2Set(joint2);
 842              		.loc 1 978 14 is_stmt 0 view .LVU154
 843 0024 5020     		movs	r0, #80
 844 0026 174B     		ldr	r3, .L68+8
 845 0028 1860     		str	r0, [r3]
ARM GAS  /var/folders/8x/_y6g3dfs0698dfd49y4vcg_w0000gn/T//cciIlfrw.s 			page 34


 979:Core/Src/main.c ****       joint5 = JOINT5_HOME;
 846              		.loc 1 979 7 is_stmt 1 view .LVU155
 847 002a FFF7FEFF 		bl	Joint2Set
 848              	.LVL65:
 980:Core/Src/main.c ****       Joint5Set(joint5);
 849              		.loc 1 980 7 view .LVU156
 980:Core/Src/main.c ****       Joint5Set(joint5);
 850              		.loc 1 980 14 is_stmt 0 view .LVU157
 851 002e 2820     		movs	r0, #40
 852 0030 154B     		ldr	r3, .L68+12
 853 0032 1860     		str	r0, [r3]
 981:Core/Src/main.c ****       lastMillis = HAL_GetTick();  // Start the 1-second delay
 854              		.loc 1 981 7 is_stmt 1 view .LVU158
 855 0034 FFF7FEFF 		bl	Joint5Set
 856              	.LVL66:
 982:Core/Src/main.c ****       step = 2;  // Move to the next step
 857              		.loc 1 982 7 view .LVU159
 982:Core/Src/main.c ****       step = 2;  // Move to the next step
 858              		.loc 1 982 20 is_stmt 0 view .LVU160
 859 0038 FFF7FEFF 		bl	HAL_GetTick
 860              	.LVL67:
 982:Core/Src/main.c ****       step = 2;  // Move to the next step
 861              		.loc 1 982 18 discriminator 1 view .LVU161
 862 003c 134B     		ldr	r3, .L68+16
 863 003e 1860     		str	r0, [r3]
 983:Core/Src/main.c ****   } else if (step == 2) {
 864              		.loc 1 983 7 is_stmt 1 view .LVU162
 983:Core/Src/main.c ****   } else if (step == 2) {
 865              		.loc 1 983 12 is_stmt 0 view .LVU163
 866 0040 0E4B     		ldr	r3, .L68
 867 0042 0222     		movs	r2, #2
 868 0044 1A70     		strb	r2, [r3]
 869 0046 E3E7     		b	.L60
 870              	.L67:
 986:Core/Src/main.c ****           // Once 1 second has passed, set the remaining joints
 871              		.loc 1 986 7 is_stmt 1 view .LVU164
 986:Core/Src/main.c ****           // Once 1 second has passed, set the remaining joints
 872              		.loc 1 986 11 is_stmt 0 view .LVU165
 873 0048 FFF7FEFF 		bl	HAL_GetTick
 874              	.LVL68:
 986:Core/Src/main.c ****           // Once 1 second has passed, set the remaining joints
 875              		.loc 1 986 25 discriminator 1 view .LVU166
 876 004c 0F4B     		ldr	r3, .L68+16
 877 004e 1B68     		ldr	r3, [r3]
 878 0050 C01A     		subs	r0, r0, r3
 986:Core/Src/main.c ****           // Once 1 second has passed, set the remaining joints
 879              		.loc 1 986 10 discriminator 1 view .LVU167
 880 0052 B0F57A7F 		cmp	r0, #1000
 881 0056 DBD3     		bcc	.L60
 988:Core/Src/main.c ****           Joint3Set(joint3);
 882              		.loc 1 988 11 is_stmt 1 view .LVU168
 988:Core/Src/main.c ****           Joint3Set(joint3);
 883              		.loc 1 988 18 is_stmt 0 view .LVU169
 884 0058 0A20     		movs	r0, #10
 885 005a 0D4B     		ldr	r3, .L68+20
 886 005c 1860     		str	r0, [r3]
 989:Core/Src/main.c ****           joint4 = JOINT4_HOME;
ARM GAS  /var/folders/8x/_y6g3dfs0698dfd49y4vcg_w0000gn/T//cciIlfrw.s 			page 35


 887              		.loc 1 989 11 is_stmt 1 view .LVU170
 888 005e FFF7FEFF 		bl	Joint3Set
 889              	.LVL69:
 990:Core/Src/main.c ****           Joint4Set(joint4);
 890              		.loc 1 990 11 view .LVU171
 990:Core/Src/main.c ****           Joint4Set(joint4);
 891              		.loc 1 990 18 is_stmt 0 view .LVU172
 892 0062 0024     		movs	r4, #0
 893 0064 0B4B     		ldr	r3, .L68+24
 894 0066 1C60     		str	r4, [r3]
 991:Core/Src/main.c ****           
 895              		.loc 1 991 11 is_stmt 1 view .LVU173
 896 0068 2046     		mov	r0, r4
 897 006a FFF7FEFF 		bl	Joint4Set
 898              	.LVL70:
 993:Core/Src/main.c **** 
 899              		.loc 1 993 11 view .LVU174
 993:Core/Src/main.c **** 
 900              		.loc 1 993 22 is_stmt 0 view .LVU175
 901 006e 0A4B     		ldr	r3, .L68+28
 902 0070 0222     		movs	r2, #2
 903 0072 1A60     		str	r2, [r3]
 995:Core/Src/main.c ****       }
 904              		.loc 1 995 11 is_stmt 1 view .LVU176
 995:Core/Src/main.c ****       }
 905              		.loc 1 995 16 is_stmt 0 view .LVU177
 906 0074 014B     		ldr	r3, .L68
 907 0076 1C70     		strb	r4, [r3]
 998:Core/Src/main.c **** 
 908              		.loc 1 998 1 view .LVU178
 909 0078 CAE7     		b	.L60
 910              	.L69:
 911 007a 00BF     		.align	2
 912              	.L68:
 913 007c 00000000 		.word	step.1
 914 0080 00000000 		.word	joint1
 915 0084 00000000 		.word	joint2
 916 0088 00000000 		.word	joint5
 917 008c 00000000 		.word	lastMillis.0
 918 0090 00000000 		.word	joint3
 919 0094 00000000 		.word	joint4
 920 0098 00000000 		.word	injectFlag
 921              		.cfi_endproc
 922              	.LFE254:
 924              		.section	.text.ActuatorSet,"ax",%progbits
 925              		.align	1
 926              		.global	ActuatorSet
 927              		.syntax unified
 928              		.thumb
 929              		.thumb_func
 931              	ActuatorSet:
 932              	.LVL71:
 933              	.LFB260:
1026:Core/Src/main.c **** 
1027:Core/Src/main.c **** void ActuatorSet(int theta){
 934              		.loc 1 1027 28 is_stmt 1 view -0
 935              		.cfi_startproc
ARM GAS  /var/folders/8x/_y6g3dfs0698dfd49y4vcg_w0000gn/T//cciIlfrw.s 			page 36


 936              		@ args = 0, pretend = 0, frame = 0
 937              		@ frame_needed = 0, uses_anonymous_args = 0
 938              		@ link register save eliminated.
1028:Core/Src/main.c ****   // Set joint. This is connected to the actuator motor controller. 
1029:Core/Src/main.c ****   // Make an actuator status function
1030:Core/Src/main.c **** 
1031:Core/Src/main.c **** }
 939              		.loc 1 1031 1 view .LVU180
 940 0000 7047     		bx	lr
 941              		.cfi_endproc
 942              	.LFE260:
 944              		.section	.text.ActuatorStatus,"ax",%progbits
 945              		.align	1
 946              		.global	ActuatorStatus
 947              		.syntax unified
 948              		.thumb
 949              		.thumb_func
 951              	ActuatorStatus:
 952              	.LFB261:
1032:Core/Src/main.c **** 
1033:Core/Src/main.c **** int ActuatorStatus(){
 953              		.loc 1 1033 21 view -0
 954              		.cfi_startproc
 955              		@ args = 0, pretend = 0, frame = 0
 956              		@ frame_needed = 0, uses_anonymous_args = 0
 957              		@ link register save eliminated.
1034:Core/Src/main.c ****   // Get actuator status
1035:Core/Src/main.c ****   return 0;
 958              		.loc 1 1035 3 view .LVU182
1036:Core/Src/main.c **** }
 959              		.loc 1 1036 1 is_stmt 0 view .LVU183
 960 0000 0020     		movs	r0, #0
 961 0002 7047     		bx	lr
 962              		.cfi_endproc
 963              	.LFE261:
 965              		.section	.text.Read_ADC_PA0,"ax",%progbits
 966              		.align	1
 967              		.global	Read_ADC_PA0
 968              		.syntax unified
 969              		.thumb
 970              		.thumb_func
 972              	Read_ADC_PA0:
 973              	.LFB262:
1037:Core/Src/main.c **** 
1038:Core/Src/main.c **** uint16_t Read_ADC_PA0() {
 974              		.loc 1 1038 25 is_stmt 1 view -0
 975              		.cfi_startproc
 976              		@ args = 0, pretend = 0, frame = 0
 977              		@ frame_needed = 0, uses_anonymous_args = 0
 978 0000 10B5     		push	{r4, lr}
 979              	.LCFI35:
 980              		.cfi_def_cfa_offset 8
 981              		.cfi_offset 4, -8
 982              		.cfi_offset 14, -4
1039:Core/Src/main.c ****   uint16_t adcValue = 0;
 983              		.loc 1 1039 3 view .LVU185
 984              	.LVL72:
ARM GAS  /var/folders/8x/_y6g3dfs0698dfd49y4vcg_w0000gn/T//cciIlfrw.s 			page 37


1040:Core/Src/main.c **** 
1041:Core/Src/main.c ****   // Start ADC Conversion
1042:Core/Src/main.c ****   HAL_ADC_Start(&hadc1);
 985              		.loc 1 1042 3 view .LVU186
 986 0002 0A4C     		ldr	r4, .L77
 987 0004 2046     		mov	r0, r4
 988 0006 FFF7FEFF 		bl	HAL_ADC_Start
 989              	.LVL73:
1043:Core/Src/main.c **** 
1044:Core/Src/main.c ****   // Wait for conversion to complete
1045:Core/Src/main.c ****   if (HAL_ADC_PollForConversion(&hadc1, HAL_MAX_DELAY) == HAL_OK) {
 990              		.loc 1 1045 3 view .LVU187
 991              		.loc 1 1045 7 is_stmt 0 view .LVU188
 992 000a 4FF0FF31 		mov	r1, #-1
 993 000e 2046     		mov	r0, r4
 994 0010 FFF7FEFF 		bl	HAL_ADC_PollForConversion
 995              	.LVL74:
 996              		.loc 1 1045 6 discriminator 1 view .LVU189
 997 0014 28B1     		cbz	r0, .L76
1039:Core/Src/main.c **** 
 998              		.loc 1 1039 12 view .LVU190
 999 0016 0024     		movs	r4, #0
 1000              	.LVL75:
 1001              	.L73:
1046:Core/Src/main.c ****       // Read the ADC value
1047:Core/Src/main.c ****       adcValue = HAL_ADC_GetValue(&hadc1);
1048:Core/Src/main.c ****   }
1049:Core/Src/main.c **** 
1050:Core/Src/main.c ****   // Stop ADC (optional)
1051:Core/Src/main.c ****   HAL_ADC_Stop(&hadc1);
 1002              		.loc 1 1051 3 is_stmt 1 view .LVU191
 1003 0018 0448     		ldr	r0, .L77
 1004 001a FFF7FEFF 		bl	HAL_ADC_Stop
 1005              	.LVL76:
1052:Core/Src/main.c **** 
1053:Core/Src/main.c ****   return adcValue;
 1006              		.loc 1 1053 3 view .LVU192
1054:Core/Src/main.c **** }
 1007              		.loc 1 1054 1 is_stmt 0 view .LVU193
 1008 001e 2046     		mov	r0, r4
 1009 0020 10BD     		pop	{r4, pc}
 1010              	.LVL77:
 1011              	.L76:
1047:Core/Src/main.c ****   }
 1012              		.loc 1 1047 7 is_stmt 1 view .LVU194
1047:Core/Src/main.c ****   }
 1013              		.loc 1 1047 18 is_stmt 0 view .LVU195
 1014 0022 2046     		mov	r0, r4
 1015 0024 FFF7FEFF 		bl	HAL_ADC_GetValue
 1016              	.LVL78:
1047:Core/Src/main.c ****   }
 1017              		.loc 1 1047 16 discriminator 1 view .LVU196
 1018 0028 84B2     		uxth	r4, r0
 1019              	.LVL79:
1047:Core/Src/main.c ****   }
 1020              		.loc 1 1047 16 discriminator 1 view .LVU197
 1021 002a F5E7     		b	.L73
ARM GAS  /var/folders/8x/_y6g3dfs0698dfd49y4vcg_w0000gn/T//cciIlfrw.s 			page 38


 1022              	.L78:
 1023              		.align	2
 1024              	.L77:
 1025 002c 00000000 		.word	hadc1
 1026              		.cfi_endproc
 1027              	.LFE262:
 1029              		.section	.text.injectSequence,"ax",%progbits
 1030              		.align	1
 1031              		.global	injectSequence
 1032              		.syntax unified
 1033              		.thumb
 1034              		.thumb_func
 1036              	injectSequence:
 1037              	.LFB263:
1055:Core/Src/main.c **** 
1056:Core/Src/main.c **** void injectSequence(){
 1038              		.loc 1 1056 22 is_stmt 1 view -0
 1039              		.cfi_startproc
 1040              		@ args = 0, pretend = 0, frame = 0
 1041              		@ frame_needed = 0, uses_anonymous_args = 0
 1042 0000 08B5     		push	{r3, lr}
 1043              	.LCFI36:
 1044              		.cfi_def_cfa_offset 8
 1045              		.cfi_offset 3, -8
 1046              		.cfi_offset 14, -4
1057:Core/Src/main.c ****   Joint5Set(18);
 1047              		.loc 1 1057 3 view .LVU199
 1048 0002 1220     		movs	r0, #18
 1049 0004 FFF7FEFF 		bl	Joint5Set
 1050              	.LVL80:
1058:Core/Src/main.c ****   //HAL_Delay(500);
1059:Core/Src/main.c ****   Joint4Set(90);
 1051              		.loc 1 1059 3 view .LVU200
 1052 0008 5A20     		movs	r0, #90
 1053 000a FFF7FEFF 		bl	Joint4Set
 1054              	.LVL81:
1060:Core/Src/main.c ****   //HAL_Delay(500);
1061:Core/Src/main.c ****   Joint3Set(45);
 1055              		.loc 1 1061 3 view .LVU201
 1056 000e 2D20     		movs	r0, #45
 1057 0010 FFF7FEFF 		bl	Joint3Set
 1058              	.LVL82:
1062:Core/Src/main.c ****   //HAL_Delay(500);
1063:Core/Src/main.c ****   Joint2Set(6);
 1059              		.loc 1 1063 3 view .LVU202
 1060 0014 0620     		movs	r0, #6
 1061 0016 FFF7FEFF 		bl	Joint2Set
 1062              	.LVL83:
1064:Core/Src/main.c **** }
 1063              		.loc 1 1064 1 is_stmt 0 view .LVU203
 1064 001a 08BD     		pop	{r3, pc}
 1065              		.cfi_endproc
 1066              	.LFE263:
 1068              		.section	.rodata.ProcessReceivedString.str1.4,"aMS",%progbits,1
 1069              		.align	2
 1070              	.LC2:
 1071 0000 73657400 		.ascii	"set\000"
ARM GAS  /var/folders/8x/_y6g3dfs0698dfd49y4vcg_w0000gn/T//cciIlfrw.s 			page 39


 1072              		.align	2
 1073              	.LC3:
 1074 0004 2533642D 		.ascii	"%3d-%3d-%3d-%3d-%3d-%3d\000"
 1074      2533642D 
 1074      2533642D 
 1074      2533642D 
 1074      2533642D 
 1075              		.align	2
 1076              	.LC4:
 1077 001c 52656365 		.ascii	"Received numbers: %d %d %d %d %d %d\015\012\000"
 1077      69766564 
 1077      206E756D 
 1077      62657273 
 1077      3A202564 
 1078 0042 0000     		.align	2
 1079              	.LC5:
 1080 0044 496E7661 		.ascii	"Invalid format!\015\000"
 1080      6C696420 
 1080      666F726D 
 1080      6174210D 
 1080      00
 1081 0055 000000   		.align	2
 1082              	.LC6:
 1083 0058 6A6F696E 		.ascii	"joint1\000"
 1083      743100
 1084 005f 00       		.align	2
 1085              	.LC7:
 1086 0060 25336400 		.ascii	"%3d\000"
 1087              		.align	2
 1088              	.LC8:
 1089 0064 4A6F696E 		.ascii	"Joint1 set: %d\015\012\000"
 1089      74312073 
 1089      65743A20 
 1089      25640D0A 
 1089      00
 1090 0075 000000   		.align	2
 1091              	.LC9:
 1092 0078 6A6F696E 		.ascii	"joint2\000"
 1092      743200
 1093 007f 00       		.align	2
 1094              	.LC10:
 1095 0080 4A6F696E 		.ascii	"Joint2 set: %d\015\012\000"
 1095      74322073 
 1095      65743A20 
 1095      25640D0A 
 1095      00
 1096 0091 000000   		.align	2
 1097              	.LC11:
 1098 0094 6A6F696E 		.ascii	"joint3\000"
 1098      743300
 1099 009b 00       		.align	2
 1100              	.LC12:
 1101 009c 4A6F696E 		.ascii	"Joint3 set: %d\015\012\000"
 1101      74332073 
 1101      65743A20 
 1101      25640D0A 
 1101      00
ARM GAS  /var/folders/8x/_y6g3dfs0698dfd49y4vcg_w0000gn/T//cciIlfrw.s 			page 40


 1102 00ad 000000   		.align	2
 1103              	.LC13:
 1104 00b0 6A6F696E 		.ascii	"joint4\000"
 1104      743400
 1105 00b7 00       		.align	2
 1106              	.LC14:
 1107 00b8 4A6F696E 		.ascii	"Joint4 set: %d\015\012\000"
 1107      74342073 
 1107      65743A20 
 1107      25640D0A 
 1107      00
 1108 00c9 000000   		.align	2
 1109              	.LC15:
 1110 00cc 6A6F696E 		.ascii	"joint5\000"
 1110      743500
 1111 00d3 00       		.align	2
 1112              	.LC16:
 1113 00d4 4A6F696E 		.ascii	"Joint5 set: %d\015\012\000"
 1113      74352073 
 1113      65743A20 
 1113      25640D0A 
 1113      00
 1114 00e5 000000   		.align	2
 1115              	.LC17:
 1116 00e8 61637475 		.ascii	"actuator\000"
 1116      61746F72 
 1116      00
 1117 00f1 000000   		.align	2
 1118              	.LC18:
 1119 00f4 41637475 		.ascii	"Actuator set: %d\015\012\000"
 1119      61746F72 
 1119      20736574 
 1119      3A202564 
 1119      0D0A00
 1120 0107 00       		.align	2
 1121              	.LC19:
 1122 0108 6A317265 		.ascii	"j1read\000"
 1122      616400
 1123 010f 00       		.align	2
 1124              	.LC20:
 1125 0110 6A327265 		.ascii	"j2read\000"
 1125      616400
 1126 0117 00       		.align	2
 1127              	.LC21:
 1128 0118 6A337265 		.ascii	"j3read\000"
 1128      616400
 1129 011f 00       		.align	2
 1130              	.LC22:
 1131 0120 6A347265 		.ascii	"j4read\000"
 1131      616400
 1132 0127 00       		.align	2
 1133              	.LC23:
 1134 0128 6A357265 		.ascii	"j5read\000"
 1134      616400
 1135 012f 00       		.align	2
 1136              	.LC24:
 1137 0130 61726561 		.ascii	"aread\000"
ARM GAS  /var/folders/8x/_y6g3dfs0698dfd49y4vcg_w0000gn/T//cciIlfrw.s 			page 41


 1137      6400
 1138 0136 0000     		.align	2
 1139              	.LC25:
 1140 0138 686F6D65 		.ascii	"home\000"
 1140      00
 1141 013d 000000   		.align	2
 1142              	.LC26:
 1143 0140 53657420 		.ascii	"Set all joints home\015\000"
 1143      616C6C20 
 1143      6A6F696E 
 1143      74732068 
 1143      6F6D650D 
 1144 0155 000000   		.align	2
 1145              	.LC27:
 1146 0158 666C6173 		.ascii	"flash\000"
 1146      6800
 1147 015e 0000     		.align	2
 1148              	.LC28:
 1149 0160 4C454473 		.ascii	"LEDs Toggled\015\000"
 1149      20546F67 
 1149      676C6564 
 1149      0D00
 1150 016e 0000     		.align	2
 1151              	.LC29:
 1152 0170 7072696E 		.ascii	"print\000"
 1152      7400
 1153 0176 0000     		.align	2
 1154              	.LC30:
 1155 0178 4A6F696E 		.ascii	"Joint1: %d\015\012\000"
 1155      74313A20 
 1155      25640D0A 
 1155      00
 1156 0185 000000   		.align	2
 1157              	.LC31:
 1158 0188 4A6F696E 		.ascii	"Joint2: %d\015\012\000"
 1158      74323A20 
 1158      25640D0A 
 1158      00
 1159 0195 000000   		.align	2
 1160              	.LC32:
 1161 0198 4A6F696E 		.ascii	"Joint3: %d\015\012\000"
 1161      74333A20 
 1161      25640D0A 
 1161      00
 1162 01a5 000000   		.align	2
 1163              	.LC33:
 1164 01a8 4A6F696E 		.ascii	"Joint4: %d\015\012\000"
 1164      74343A20 
 1164      25640D0A 
 1164      00
 1165 01b5 000000   		.align	2
 1166              	.LC34:
 1167 01b8 4A6F696E 		.ascii	"Joint5: %d\015\012\000"
 1167      74353A20 
 1167      25640D0A 
 1167      00
 1168 01c5 000000   		.align	2
ARM GAS  /var/folders/8x/_y6g3dfs0698dfd49y4vcg_w0000gn/T//cciIlfrw.s 			page 42


 1169              	.LC35:
 1170 01c8 41637475 		.ascii	"Actuator: %d\015\012\000"
 1170      61746F72 
 1170      3A202564 
 1170      0D0A00
 1171 01d7 00       		.align	2
 1172              	.LC36:
 1173 01d8 696E6A65 		.ascii	"inject\000"
 1173      637400
 1174 01df 00       		.align	2
 1175              	.LC37:
 1176 01e0 696E6A65 		.ascii	"injecting...\015\000"
 1176      6374696E 
 1176      672E2E2E 
 1176      0D00
 1177 01ee 0000     		.align	2
 1178              	.LC38:
 1179 01f0 72657472 		.ascii	"retract\000"
 1179      61637400 
 1180              		.align	2
 1181              	.LC39:
 1182 01f8 72657472 		.ascii	"retracting...\015\000"
 1182      61637469 
 1182      6E672E2E 
 1182      2E0D00
 1183 0207 00       		.align	2
 1184              	.LC40:
 1185 0208 73746F70 		.ascii	"stop\000"
 1185      00
 1186 020d 000000   		.align	2
 1187              	.LC41:
 1188 0210 73746F70 		.ascii	"stopped.\015\000"
 1188      7065642E 
 1188      0D00
 1189 021a 0000     		.align	2
 1190              	.LC42:
 1191 021c 73657175 		.ascii	"sequence\000"
 1191      656E6365 
 1191      00
 1192 0225 000000   		.align	2
 1193              	.LC43:
 1194 0228 696E6A65 		.ascii	"inject sequence...\015\000"
 1194      63742073 
 1194      65717565 
 1194      6E63652E 
 1194      2E2E0D00 
 1195              		.align	2
 1196              	.LC44:
 1197 023c 666F6F74 		.ascii	"foot on\000"
 1197      206F6E00 
 1198              		.align	2
 1199              	.LC45:
 1200 0244 466F6F74 		.ascii	"Foot Pedal Mode on!\015\000"
 1200      20506564 
 1200      616C204D 
 1200      6F646520 
 1200      6F6E210D 
ARM GAS  /var/folders/8x/_y6g3dfs0698dfd49y4vcg_w0000gn/T//cciIlfrw.s 			page 43


 1201 0259 000000   		.align	2
 1202              	.LC46:
 1203 025c 666F6F74 		.ascii	"foot off\000"
 1203      206F6666 
 1203      00
 1204 0265 000000   		.align	2
 1205              	.LC47:
 1206 0268 466F6F74 		.ascii	"Foot Pedal Mode off!\015\000"
 1206      20506564 
 1206      616C204D 
 1206      6F646520 
 1206      6F666621 
 1207 027e 0000     		.align	2
 1208              	.LC48:
 1209 0280 52656365 		.ascii	"Received: %s\015\012\000"
 1209      69766564 
 1209      3A202573 
 1209      0D0A00
 1210              		.section	.text.ProcessReceivedString,"ax",%progbits
 1211              		.align	1
 1212              		.global	ProcessReceivedString
 1213              		.syntax unified
 1214              		.thumb
 1215              		.thumb_func
 1217              	ProcessReceivedString:
 1218              	.LVL84:
 1219              	.LFB251:
 670:Core/Src/main.c ****     // Check if the string starts with "set"
 1220              		.loc 1 670 1 is_stmt 1 view -0
 1221              		.cfi_startproc
 1222              		@ args = 0, pretend = 0, frame = 256
 1223              		@ frame_needed = 0, uses_anonymous_args = 0
 670:Core/Src/main.c ****     // Check if the string starts with "set"
 1224              		.loc 1 670 1 is_stmt 0 view .LVU205
 1225 0000 30B5     		push	{r4, r5, lr}
 1226              	.LCFI37:
 1227              		.cfi_def_cfa_offset 12
 1228              		.cfi_offset 4, -12
 1229              		.cfi_offset 5, -8
 1230              		.cfi_offset 14, -4
 1231 0002 C5B0     		sub	sp, sp, #276
 1232              	.LCFI38:
 1233              		.cfi_def_cfa_offset 288
 1234 0004 0446     		mov	r4, r0
 672:Core/Src/main.c ****     {
 1235              		.loc 1 672 5 is_stmt 1 view .LVU206
 672:Core/Src/main.c ****     {
 1236              		.loc 1 672 9 is_stmt 0 view .LVU207
 1237 0006 0322     		movs	r2, #3
 1238 0008 A749     		ldr	r1, .L157
 1239 000a FFF7FEFF 		bl	strncmp
 1240              	.LVL85:
 672:Core/Src/main.c ****     {
 1241              		.loc 1 672 8 discriminator 1 view .LVU208
 1242 000e 0028     		cmp	r0, #0
 1243 0010 00F0B180 		beq	.L127
 718:Core/Src/main.c ****     {
ARM GAS  /var/folders/8x/_y6g3dfs0698dfd49y4vcg_w0000gn/T//cciIlfrw.s 			page 44


 1244              		.loc 1 718 10 is_stmt 1 view .LVU209
 718:Core/Src/main.c ****     {
 1245              		.loc 1 718 14 is_stmt 0 view .LVU210
 1246 0014 0622     		movs	r2, #6
 1247 0016 A549     		ldr	r1, .L157+4
 1248 0018 2046     		mov	r0, r4
 1249 001a FFF7FEFF 		bl	strncmp
 1250              	.LVL86:
 718:Core/Src/main.c ****     {
 1251              		.loc 1 718 13 discriminator 1 view .LVU211
 1252 001e 0028     		cmp	r0, #0
 1253 0020 00F00981 		beq	.L128
 739:Core/Src/main.c ****     {
 1254              		.loc 1 739 10 is_stmt 1 view .LVU212
 739:Core/Src/main.c ****     {
 1255              		.loc 1 739 14 is_stmt 0 view .LVU213
 1256 0024 0622     		movs	r2, #6
 1257 0026 A249     		ldr	r1, .L157+8
 1258 0028 2046     		mov	r0, r4
 1259 002a FFF7FEFF 		bl	strncmp
 1260              	.LVL87:
 739:Core/Src/main.c ****     {
 1261              		.loc 1 739 13 discriminator 1 view .LVU214
 1262 002e 0028     		cmp	r0, #0
 1263 0030 00F01881 		beq	.L129
 760:Core/Src/main.c ****     {
 1264              		.loc 1 760 10 is_stmt 1 view .LVU215
 760:Core/Src/main.c ****     {
 1265              		.loc 1 760 14 is_stmt 0 view .LVU216
 1266 0034 0622     		movs	r2, #6
 1267 0036 9F49     		ldr	r1, .L157+12
 1268 0038 2046     		mov	r0, r4
 1269 003a FFF7FEFF 		bl	strncmp
 1270              	.LVL88:
 760:Core/Src/main.c ****     {
 1271              		.loc 1 760 13 discriminator 1 view .LVU217
 1272 003e 0028     		cmp	r0, #0
 1273 0040 00F02781 		beq	.L130
 781:Core/Src/main.c ****     {
 1274              		.loc 1 781 10 is_stmt 1 view .LVU218
 781:Core/Src/main.c ****     {
 1275              		.loc 1 781 14 is_stmt 0 view .LVU219
 1276 0044 0622     		movs	r2, #6
 1277 0046 9C49     		ldr	r1, .L157+16
 1278 0048 2046     		mov	r0, r4
 1279 004a FFF7FEFF 		bl	strncmp
 1280              	.LVL89:
 781:Core/Src/main.c ****     {
 1281              		.loc 1 781 13 discriminator 1 view .LVU220
 1282 004e 0028     		cmp	r0, #0
 1283 0050 00F08A81 		beq	.L131
 802:Core/Src/main.c ****     {
 1284              		.loc 1 802 10 is_stmt 1 view .LVU221
 802:Core/Src/main.c ****     {
 1285              		.loc 1 802 14 is_stmt 0 view .LVU222
 1286 0054 0622     		movs	r2, #6
 1287 0056 9949     		ldr	r1, .L157+20
ARM GAS  /var/folders/8x/_y6g3dfs0698dfd49y4vcg_w0000gn/T//cciIlfrw.s 			page 45


 1288 0058 2046     		mov	r0, r4
 1289 005a FFF7FEFF 		bl	strncmp
 1290              	.LVL90:
 802:Core/Src/main.c ****     {
 1291              		.loc 1 802 13 discriminator 1 view .LVU223
 1292 005e 0028     		cmp	r0, #0
 1293 0060 00F09981 		beq	.L132
 823:Core/Src/main.c ****     {
 1294              		.loc 1 823 10 is_stmt 1 view .LVU224
 823:Core/Src/main.c ****     {
 1295              		.loc 1 823 14 is_stmt 0 view .LVU225
 1296 0064 0822     		movs	r2, #8
 1297 0066 9649     		ldr	r1, .L157+24
 1298 0068 2046     		mov	r0, r4
 1299 006a FFF7FEFF 		bl	strncmp
 1300              	.LVL91:
 823:Core/Src/main.c ****     {
 1301              		.loc 1 823 13 discriminator 1 view .LVU226
 1302 006e 0028     		cmp	r0, #0
 1303 0070 00F0A881 		beq	.L133
 843:Core/Src/main.c ****     {
 1304              		.loc 1 843 10 is_stmt 1 view .LVU227
 843:Core/Src/main.c ****     {
 1305              		.loc 1 843 14 is_stmt 0 view .LVU228
 1306 0074 0622     		movs	r2, #6
 1307 0076 9349     		ldr	r1, .L157+28
 1308 0078 2046     		mov	r0, r4
 1309 007a FFF7FEFF 		bl	strncmp
 1310              	.LVL92:
 843:Core/Src/main.c ****     {
 1311              		.loc 1 843 13 discriminator 1 view .LVU229
 1312 007e 0546     		mov	r5, r0
 1313 0080 0028     		cmp	r0, #0
 1314 0082 00F0B481 		beq	.L134
 848:Core/Src/main.c ****     {
 1315              		.loc 1 848 10 is_stmt 1 view .LVU230
 848:Core/Src/main.c ****     {
 1316              		.loc 1 848 14 is_stmt 0 view .LVU231
 1317 0086 0622     		movs	r2, #6
 1318 0088 8F49     		ldr	r1, .L157+32
 1319 008a 2046     		mov	r0, r4
 1320 008c FFF7FEFF 		bl	strncmp
 1321              	.LVL93:
 848:Core/Src/main.c ****     {
 1322              		.loc 1 848 13 discriminator 1 view .LVU232
 1323 0090 0546     		mov	r5, r0
 1324 0092 0028     		cmp	r0, #0
 1325 0094 00F0B681 		beq	.L135
 853:Core/Src/main.c ****     {
 1326              		.loc 1 853 10 is_stmt 1 view .LVU233
 853:Core/Src/main.c ****     {
 1327              		.loc 1 853 14 is_stmt 0 view .LVU234
 1328 0098 0622     		movs	r2, #6
 1329 009a 8C49     		ldr	r1, .L157+36
 1330 009c 2046     		mov	r0, r4
 1331 009e FFF7FEFF 		bl	strncmp
 1332              	.LVL94:
ARM GAS  /var/folders/8x/_y6g3dfs0698dfd49y4vcg_w0000gn/T//cciIlfrw.s 			page 46


 853:Core/Src/main.c ****     {
 1333              		.loc 1 853 13 discriminator 1 view .LVU235
 1334 00a2 0546     		mov	r5, r0
 1335 00a4 0028     		cmp	r0, #0
 1336 00a6 00F0B881 		beq	.L136
 858:Core/Src/main.c ****       {
 1337              		.loc 1 858 12 is_stmt 1 view .LVU236
 858:Core/Src/main.c ****       {
 1338              		.loc 1 858 16 is_stmt 0 view .LVU237
 1339 00aa 0622     		movs	r2, #6
 1340 00ac 8849     		ldr	r1, .L157+40
 1341 00ae 2046     		mov	r0, r4
 1342 00b0 FFF7FEFF 		bl	strncmp
 1343              	.LVL95:
 858:Core/Src/main.c ****       {
 1344              		.loc 1 858 15 discriminator 1 view .LVU238
 1345 00b4 0546     		mov	r5, r0
 1346 00b6 0028     		cmp	r0, #0
 1347 00b8 00F0BA81 		beq	.L137
 863:Core/Src/main.c ****       {
 1348              		.loc 1 863 12 is_stmt 1 view .LVU239
 863:Core/Src/main.c ****       {
 1349              		.loc 1 863 16 is_stmt 0 view .LVU240
 1350 00bc 0622     		movs	r2, #6
 1351 00be 8549     		ldr	r1, .L157+44
 1352 00c0 2046     		mov	r0, r4
 1353 00c2 FFF7FEFF 		bl	strncmp
 1354              	.LVL96:
 863:Core/Src/main.c ****       {
 1355              		.loc 1 863 15 discriminator 1 view .LVU241
 1356 00c6 0546     		mov	r5, r0
 1357 00c8 0028     		cmp	r0, #0
 1358 00ca 00F0BC81 		beq	.L138
 868:Core/Src/main.c ****       {
 1359              		.loc 1 868 12 is_stmt 1 view .LVU242
 868:Core/Src/main.c ****       {
 1360              		.loc 1 868 16 is_stmt 0 view .LVU243
 1361 00ce 0522     		movs	r2, #5
 1362 00d0 8149     		ldr	r1, .L157+48
 1363 00d2 2046     		mov	r0, r4
 1364 00d4 FFF7FEFF 		bl	strncmp
 1365              	.LVL97:
 868:Core/Src/main.c ****       {
 1366              		.loc 1 868 15 discriminator 1 view .LVU244
 1367 00d8 0028     		cmp	r0, #0
 1368 00da 5FD0     		beq	.L81
 875:Core/Src/main.c ****     {
 1369              		.loc 1 875 10 is_stmt 1 view .LVU245
 875:Core/Src/main.c ****     {
 1370              		.loc 1 875 14 is_stmt 0 view .LVU246
 1371 00dc 0422     		movs	r2, #4
 1372 00de 7F49     		ldr	r1, .L157+52
 1373 00e0 2046     		mov	r0, r4
 1374 00e2 FFF7FEFF 		bl	strncmp
 1375              	.LVL98:
 875:Core/Src/main.c ****     {
 1376              		.loc 1 875 13 discriminator 1 view .LVU247
ARM GAS  /var/folders/8x/_y6g3dfs0698dfd49y4vcg_w0000gn/T//cciIlfrw.s 			page 47


 1377 00e6 0028     		cmp	r0, #0
 1378 00e8 00F0B881 		beq	.L139
 885:Core/Src/main.c ****     {
 1379              		.loc 1 885 10 is_stmt 1 view .LVU248
 885:Core/Src/main.c ****     {
 1380              		.loc 1 885 14 is_stmt 0 view .LVU249
 1381 00ec 0522     		movs	r2, #5
 1382 00ee 7C49     		ldr	r1, .L157+56
 1383 00f0 2046     		mov	r0, r4
 1384 00f2 FFF7FEFF 		bl	strncmp
 1385              	.LVL99:
 885:Core/Src/main.c ****     {
 1386              		.loc 1 885 13 discriminator 1 view .LVU250
 1387 00f6 0028     		cmp	r0, #0
 1388 00f8 00F0B681 		beq	.L140
 895:Core/Src/main.c ****     {
 1389              		.loc 1 895 10 is_stmt 1 view .LVU251
 895:Core/Src/main.c ****     {
 1390              		.loc 1 895 14 is_stmt 0 view .LVU252
 1391 00fc 0522     		movs	r2, #5
 1392 00fe 7949     		ldr	r1, .L157+60
 1393 0100 2046     		mov	r0, r4
 1394 0102 FFF7FEFF 		bl	strncmp
 1395              	.LVL100:
 895:Core/Src/main.c ****     {
 1396              		.loc 1 895 13 discriminator 1 view .LVU253
 1397 0106 0028     		cmp	r0, #0
 1398 0108 00F0B881 		beq	.L141
 905:Core/Src/main.c ****     {
 1399              		.loc 1 905 10 is_stmt 1 view .LVU254
 905:Core/Src/main.c ****     {
 1400              		.loc 1 905 14 is_stmt 0 view .LVU255
 1401 010c 0622     		movs	r2, #6
 1402 010e 7649     		ldr	r1, .L157+64
 1403 0110 2046     		mov	r0, r4
 1404 0112 FFF7FEFF 		bl	strncmp
 1405              	.LVL101:
 905:Core/Src/main.c ****     {
 1406              		.loc 1 905 13 discriminator 1 view .LVU256
 1407 0116 0028     		cmp	r0, #0
 1408 0118 00F0CF81 		beq	.L142
 911:Core/Src/main.c ****     {
 1409              		.loc 1 911 10 is_stmt 1 view .LVU257
 911:Core/Src/main.c ****     {
 1410              		.loc 1 911 14 is_stmt 0 view .LVU258
 1411 011c 0722     		movs	r2, #7
 1412 011e 7349     		ldr	r1, .L157+68
 1413 0120 2046     		mov	r0, r4
 1414 0122 FFF7FEFF 		bl	strncmp
 1415              	.LVL102:
 911:Core/Src/main.c ****     {
 1416              		.loc 1 911 13 discriminator 1 view .LVU259
 1417 0126 0028     		cmp	r0, #0
 1418 0128 00F0CE81 		beq	.L143
 917:Core/Src/main.c ****     {
 1419              		.loc 1 917 10 is_stmt 1 view .LVU260
 917:Core/Src/main.c ****     {
ARM GAS  /var/folders/8x/_y6g3dfs0698dfd49y4vcg_w0000gn/T//cciIlfrw.s 			page 48


 1420              		.loc 1 917 14 is_stmt 0 view .LVU261
 1421 012c 0422     		movs	r2, #4
 1422 012e 7049     		ldr	r1, .L157+72
 1423 0130 2046     		mov	r0, r4
 1424 0132 FFF7FEFF 		bl	strncmp
 1425              	.LVL103:
 917:Core/Src/main.c ****     {
 1426              		.loc 1 917 13 discriminator 1 view .LVU262
 1427 0136 0028     		cmp	r0, #0
 1428 0138 00F0CD81 		beq	.L144
 922:Core/Src/main.c ****     {
 1429              		.loc 1 922 10 is_stmt 1 view .LVU263
 922:Core/Src/main.c ****     {
 1430              		.loc 1 922 14 is_stmt 0 view .LVU264
 1431 013c 0822     		movs	r2, #8
 1432 013e 6D49     		ldr	r1, .L157+76
 1433 0140 2046     		mov	r0, r4
 1434 0142 FFF7FEFF 		bl	strncmp
 1435              	.LVL104:
 922:Core/Src/main.c ****     {
 1436              		.loc 1 922 13 discriminator 1 view .LVU265
 1437 0146 0028     		cmp	r0, #0
 1438 0148 00F0CC81 		beq	.L145
 928:Core/Src/main.c ****     {
 1439              		.loc 1 928 10 is_stmt 1 view .LVU266
 928:Core/Src/main.c ****     {
 1440              		.loc 1 928 14 is_stmt 0 view .LVU267
 1441 014c 6A49     		ldr	r1, .L157+80
 1442 014e 2046     		mov	r0, r4
 1443 0150 FFF7FEFF 		bl	strcmp
 1444              	.LVL105:
 928:Core/Src/main.c ****     {
 1445              		.loc 1 928 13 discriminator 1 view .LVU268
 1446 0154 0028     		cmp	r0, #0
 1447 0156 00F0CB81 		beq	.L146
 934:Core/Src/main.c ****     {
 1448              		.loc 1 934 10 is_stmt 1 view .LVU269
 934:Core/Src/main.c ****     {
 1449              		.loc 1 934 14 is_stmt 0 view .LVU270
 1450 015a 6849     		ldr	r1, .L157+84
 1451 015c 2046     		mov	r0, r4
 1452 015e FFF7FEFF 		bl	strcmp
 1453              	.LVL106:
 934:Core/Src/main.c ****     {
 1454              		.loc 1 934 13 discriminator 1 view .LVU271
 1455 0162 0028     		cmp	r0, #0
 1456 0164 40F0CB81 		bne	.L125
 936:Core/Src/main.c ****         footPedalMode = 0;
 1457              		.loc 1 936 9 is_stmt 1 view .LVU272
 1458 0168 6548     		ldr	r0, .L157+88
 1459 016a FFF7FEFF 		bl	puts
 1460              	.LVL107:
 937:Core/Src/main.c ****     }
 1461              		.loc 1 937 9 view .LVU273
 937:Core/Src/main.c ****     }
 1462              		.loc 1 937 23 is_stmt 0 view .LVU274
 1463 016e 654B     		ldr	r3, .L157+92
ARM GAS  /var/folders/8x/_y6g3dfs0698dfd49y4vcg_w0000gn/T//cciIlfrw.s 			page 49


 1464 0170 0022     		movs	r2, #0
 1465 0172 1A70     		strb	r2, [r3]
 1466 0174 12E0     		b	.L81
 1467              	.L127:
 675:Core/Src/main.c **** 
 1468              		.loc 1 675 9 is_stmt 1 view .LVU275
 1469              	.LVL108:
 678:Core/Src/main.c ****         {
 1470              		.loc 1 678 9 view .LVU276
 678:Core/Src/main.c ****         {
 1471              		.loc 1 678 13 is_stmt 0 view .LVU277
 1472 0176 644B     		ldr	r3, .L157+96
 1473 0178 0393     		str	r3, [sp, #12]
 1474 017a 644B     		ldr	r3, .L157+100
 1475 017c 0293     		str	r3, [sp, #8]
 1476 017e 644B     		ldr	r3, .L157+104
 1477 0180 0193     		str	r3, [sp, #4]
 1478 0182 644B     		ldr	r3, .L157+108
 1479 0184 0093     		str	r3, [sp]
 1480 0186 644B     		ldr	r3, .L157+112
 1481 0188 644A     		ldr	r2, .L157+116
 1482 018a 6549     		ldr	r1, .L157+120
 1483 018c 201D     		adds	r0, r4, #4
 1484              	.LVL109:
 678:Core/Src/main.c ****         {
 1485              		.loc 1 678 13 view .LVU278
 1486 018e FFF7FEFF 		bl	sscanf
 1487              	.LVL110:
 678:Core/Src/main.c ****         {
 1488              		.loc 1 678 12 discriminator 1 view .LVU279
 1489 0192 0628     		cmp	r0, #6
 1490 0194 04D0     		beq	.L147
 714:Core/Src/main.c ****         }
 1491              		.loc 1 714 13 is_stmt 1 view .LVU280
 1492 0196 6348     		ldr	r0, .L157+124
 1493 0198 FFF7FEFF 		bl	puts
 1494              	.LVL111:
 1495              	.L81:
 945:Core/Src/main.c **** 
 1496              		.loc 1 945 1 is_stmt 0 view .LVU281
 1497 019c 45B0     		add	sp, sp, #276
 1498              	.LCFI39:
 1499              		.cfi_remember_state
 1500              		.cfi_def_cfa_offset 12
 1501              		@ sp needed
 1502 019e 30BD     		pop	{r4, r5, pc}
 1503              	.LVL112:
 1504              	.L147:
 1505              	.LCFI40:
 1506              		.cfi_restore_state
 681:Core/Src/main.c **** 
 1507              		.loc 1 681 13 is_stmt 1 view .LVU282
 1508 01a0 5E4C     		ldr	r4, .L157+116
 1509              	.LVL113:
 681:Core/Src/main.c **** 
 1510              		.loc 1 681 13 is_stmt 0 view .LVU283
 1511 01a2 594B     		ldr	r3, .L157+96
ARM GAS  /var/folders/8x/_y6g3dfs0698dfd49y4vcg_w0000gn/T//cciIlfrw.s 			page 50


 1512 01a4 1B68     		ldr	r3, [r3]
 1513 01a6 0293     		str	r3, [sp, #8]
 1514 01a8 584B     		ldr	r3, .L157+100
 1515 01aa 1B68     		ldr	r3, [r3]
 1516 01ac 0193     		str	r3, [sp, #4]
 1517 01ae 584B     		ldr	r3, .L157+104
 1518 01b0 1B68     		ldr	r3, [r3]
 1519 01b2 0093     		str	r3, [sp]
 1520 01b4 574B     		ldr	r3, .L157+108
 1521 01b6 1B68     		ldr	r3, [r3]
 1522 01b8 574A     		ldr	r2, .L157+112
 1523 01ba 1268     		ldr	r2, [r2]
 1524 01bc 2168     		ldr	r1, [r4]
 1525 01be 5A48     		ldr	r0, .L157+128
 1526 01c0 FFF7FEFF 		bl	printf
 1527              	.LVL114:
 684:Core/Src/main.c ****                 // send to joint
 1528              		.loc 1 684 13 is_stmt 1 view .LVU284
 684:Core/Src/main.c ****                 // send to joint
 1529              		.loc 1 684 24 is_stmt 0 view .LVU285
 1530 01c4 2068     		ldr	r0, [r4]
 1531 01c6 594B     		ldr	r3, .L157+132
 1532 01c8 1B68     		ldr	r3, [r3]
 684:Core/Src/main.c ****                 // send to joint
 1533              		.loc 1 684 16 view .LVU286
 1534 01ca 9842     		cmp	r0, r3
 1535 01cc 24D1     		bne	.L148
 1536              	.L84:
 689:Core/Src/main.c ****                 // send to joint
 1537              		.loc 1 689 13 is_stmt 1 view .LVU287
 689:Core/Src/main.c ****                 // send to joint
 1538              		.loc 1 689 24 is_stmt 0 view .LVU288
 1539 01ce 524B     		ldr	r3, .L157+112
 1540 01d0 1868     		ldr	r0, [r3]
 1541 01d2 574B     		ldr	r3, .L157+136
 1542 01d4 1B68     		ldr	r3, [r3]
 689:Core/Src/main.c ****                 // send to joint
 1543              		.loc 1 689 16 view .LVU289
 1544 01d6 9842     		cmp	r0, r3
 1545 01d8 23D1     		bne	.L149
 1546              	.L85:
 694:Core/Src/main.c ****                 // send to joint
 1547              		.loc 1 694 13 is_stmt 1 view .LVU290
 694:Core/Src/main.c ****                 // send to joint
 1548              		.loc 1 694 24 is_stmt 0 view .LVU291
 1549 01da 4E4B     		ldr	r3, .L157+108
 1550 01dc 1868     		ldr	r0, [r3]
 1551 01de 554B     		ldr	r3, .L157+140
 1552 01e0 1B68     		ldr	r3, [r3]
 694:Core/Src/main.c ****                 // send to joint
 1553              		.loc 1 694 16 view .LVU292
 1554 01e2 9842     		cmp	r0, r3
 1555 01e4 22D1     		bne	.L150
 1556              	.L86:
 699:Core/Src/main.c ****                 // send to joint
 1557              		.loc 1 699 13 is_stmt 1 view .LVU293
 699:Core/Src/main.c ****                 // send to joint
ARM GAS  /var/folders/8x/_y6g3dfs0698dfd49y4vcg_w0000gn/T//cciIlfrw.s 			page 51


 1558              		.loc 1 699 24 is_stmt 0 view .LVU294
 1559 01e6 4A4B     		ldr	r3, .L157+104
 1560 01e8 1B68     		ldr	r3, [r3]
 1561 01ea 534A     		ldr	r2, .L157+144
 1562 01ec 1268     		ldr	r2, [r2]
 699:Core/Src/main.c ****                 // send to joint
 1563              		.loc 1 699 16 view .LVU295
 1564 01ee 9342     		cmp	r3, r2
 1565 01f0 01D0     		beq	.L87
 701:Core/Src/main.c ****             }
 1566              		.loc 1 701 17 is_stmt 1 view .LVU296
 701:Core/Src/main.c ****             }
 1567              		.loc 1 701 29 is_stmt 0 view .LVU297
 1568 01f2 514A     		ldr	r2, .L157+144
 1569 01f4 1360     		str	r3, [r2]
 1570              	.L87:
 703:Core/Src/main.c ****                 // send to joint
 1571              		.loc 1 703 13 is_stmt 1 view .LVU298
 703:Core/Src/main.c ****                 // send to joint
 1572              		.loc 1 703 24 is_stmt 0 view .LVU299
 1573 01f6 454B     		ldr	r3, .L157+100
 1574 01f8 1B68     		ldr	r3, [r3]
 1575 01fa 504A     		ldr	r2, .L157+148
 1576 01fc 1268     		ldr	r2, [r2]
 703:Core/Src/main.c ****                 // send to joint
 1577              		.loc 1 703 16 view .LVU300
 1578 01fe 9342     		cmp	r3, r2
 1579 0200 01D0     		beq	.L88
 705:Core/Src/main.c ****             }
 1580              		.loc 1 705 17 is_stmt 1 view .LVU301
 705:Core/Src/main.c ****             }
 1581              		.loc 1 705 29 is_stmt 0 view .LVU302
 1582 0202 4E4A     		ldr	r2, .L157+148
 1583 0204 1360     		str	r3, [r2]
 1584              	.L88:
 707:Core/Src/main.c ****                 // send to actuator
 1585              		.loc 1 707 13 is_stmt 1 view .LVU303
 707:Core/Src/main.c ****                 // send to actuator
 1586              		.loc 1 707 26 is_stmt 0 view .LVU304
 1587 0206 404B     		ldr	r3, .L157+96
 1588 0208 1B68     		ldr	r3, [r3]
 1589 020a 4D4A     		ldr	r2, .L157+152
 1590 020c 1268     		ldr	r2, [r2]
 707:Core/Src/main.c ****                 // send to actuator
 1591              		.loc 1 707 16 view .LVU305
 1592 020e 9342     		cmp	r3, r2
 1593 0210 C4D0     		beq	.L81
 709:Core/Src/main.c ****             }
 1594              		.loc 1 709 17 is_stmt 1 view .LVU306
 709:Core/Src/main.c ****             }
 1595              		.loc 1 709 31 is_stmt 0 view .LVU307
 1596 0212 4B4A     		ldr	r2, .L157+152
 1597 0214 1360     		str	r3, [r2]
 1598 0216 C1E7     		b	.L81
 1599              	.L148:
 686:Core/Src/main.c ****                 Joint1Set(joint1);
 1600              		.loc 1 686 17 is_stmt 1 view .LVU308
ARM GAS  /var/folders/8x/_y6g3dfs0698dfd49y4vcg_w0000gn/T//cciIlfrw.s 			page 52


 686:Core/Src/main.c ****                 Joint1Set(joint1);
 1601              		.loc 1 686 29 is_stmt 0 view .LVU309
 1602 0218 444B     		ldr	r3, .L157+132
 1603 021a 1860     		str	r0, [r3]
 687:Core/Src/main.c ****             }
 1604              		.loc 1 687 17 is_stmt 1 view .LVU310
 1605 021c FFF7FEFF 		bl	Joint1Set
 1606              	.LVL115:
 1607 0220 D5E7     		b	.L84
 1608              	.L149:
 691:Core/Src/main.c ****                 Joint2Set(joint2);
 1609              		.loc 1 691 17 view .LVU311
 691:Core/Src/main.c ****                 Joint2Set(joint2);
 1610              		.loc 1 691 29 is_stmt 0 view .LVU312
 1611 0222 434B     		ldr	r3, .L157+136
 1612 0224 1860     		str	r0, [r3]
 692:Core/Src/main.c ****             }
 1613              		.loc 1 692 17 is_stmt 1 view .LVU313
 1614 0226 FFF7FEFF 		bl	Joint2Set
 1615              	.LVL116:
 1616 022a D6E7     		b	.L85
 1617              	.L150:
 696:Core/Src/main.c ****                 Joint3Set(joint3);
 1618              		.loc 1 696 17 view .LVU314
 696:Core/Src/main.c ****                 Joint3Set(joint3);
 1619              		.loc 1 696 29 is_stmt 0 view .LVU315
 1620 022c 414B     		ldr	r3, .L157+140
 1621 022e 1860     		str	r0, [r3]
 697:Core/Src/main.c ****             }
 1622              		.loc 1 697 17 is_stmt 1 view .LVU316
 1623 0230 FFF7FEFF 		bl	Joint3Set
 1624              	.LVL117:
 1625 0234 D7E7     		b	.L86
 1626              	.LVL118:
 1627              	.L128:
 720:Core/Src/main.c **** 
 1628              		.loc 1 720 9 view .LVU317
 722:Core/Src/main.c ****         {
 1629              		.loc 1 722 9 view .LVU318
 722:Core/Src/main.c ****         {
 1630              		.loc 1 722 13 is_stmt 0 view .LVU319
 1631 0236 394A     		ldr	r2, .L157+116
 1632 0238 4249     		ldr	r1, .L157+156
 1633 023a E01D     		adds	r0, r4, #7
 1634              	.LVL119:
 722:Core/Src/main.c ****         {
 1635              		.loc 1 722 13 view .LVU320
 1636 023c FFF7FEFF 		bl	sscanf
 1637              	.LVL120:
 722:Core/Src/main.c ****         {
 1638              		.loc 1 722 12 discriminator 1 view .LVU321
 1639 0240 0128     		cmp	r0, #1
 1640 0242 03D0     		beq	.L151
 734:Core/Src/main.c ****         }
 1641              		.loc 1 734 13 is_stmt 1 view .LVU322
 1642 0244 3748     		ldr	r0, .L157+124
 1643 0246 FFF7FEFF 		bl	puts
ARM GAS  /var/folders/8x/_y6g3dfs0698dfd49y4vcg_w0000gn/T//cciIlfrw.s 			page 53


 1644              	.LVL121:
 1645 024a A7E7     		b	.L81
 1646              	.L151:
 725:Core/Src/main.c **** 
 1647              		.loc 1 725 13 view .LVU323
 1648 024c 334C     		ldr	r4, .L157+116
 1649              	.LVL122:
 725:Core/Src/main.c **** 
 1650              		.loc 1 725 13 is_stmt 0 view .LVU324
 1651 024e 2168     		ldr	r1, [r4]
 1652 0250 3D48     		ldr	r0, .L157+160
 1653 0252 FFF7FEFF 		bl	printf
 1654              	.LVL123:
 728:Core/Src/main.c ****                 prev_joint1 = joint1;
 1655              		.loc 1 728 17 is_stmt 1 view .LVU325
 1656 0256 2068     		ldr	r0, [r4]
 1657 0258 FFF7FEFF 		bl	Joint1Set
 1658              	.LVL124:
 729:Core/Src/main.c ****             //}
 1659              		.loc 1 729 17 view .LVU326
 729:Core/Src/main.c ****             //}
 1660              		.loc 1 729 29 is_stmt 0 view .LVU327
 1661 025c 2268     		ldr	r2, [r4]
 1662 025e 334B     		ldr	r3, .L157+132
 1663 0260 1A60     		str	r2, [r3]
 1664 0262 9BE7     		b	.L81
 1665              	.LVL125:
 1666              	.L129:
 741:Core/Src/main.c **** 
 1667              		.loc 1 741 9 is_stmt 1 view .LVU328
 743:Core/Src/main.c ****         {
 1668              		.loc 1 743 9 view .LVU329
 743:Core/Src/main.c ****         {
 1669              		.loc 1 743 13 is_stmt 0 view .LVU330
 1670 0264 2C4A     		ldr	r2, .L157+112
 1671 0266 3749     		ldr	r1, .L157+156
 1672 0268 E01D     		adds	r0, r4, #7
 1673              	.LVL126:
 743:Core/Src/main.c ****         {
 1674              		.loc 1 743 13 view .LVU331
 1675 026a FFF7FEFF 		bl	sscanf
 1676              	.LVL127:
 743:Core/Src/main.c ****         {
 1677              		.loc 1 743 12 discriminator 1 view .LVU332
 1678 026e 0128     		cmp	r0, #1
 1679 0270 03D0     		beq	.L152
 755:Core/Src/main.c ****         }
 1680              		.loc 1 755 13 is_stmt 1 view .LVU333
 1681 0272 2C48     		ldr	r0, .L157+124
 1682 0274 FFF7FEFF 		bl	puts
 1683              	.LVL128:
 1684 0278 90E7     		b	.L81
 1685              	.L152:
 746:Core/Src/main.c **** 
 1686              		.loc 1 746 13 view .LVU334
 1687 027a 274C     		ldr	r4, .L157+112
 1688              	.LVL129:
ARM GAS  /var/folders/8x/_y6g3dfs0698dfd49y4vcg_w0000gn/T//cciIlfrw.s 			page 54


 746:Core/Src/main.c **** 
 1689              		.loc 1 746 13 is_stmt 0 view .LVU335
 1690 027c 2168     		ldr	r1, [r4]
 1691 027e 3348     		ldr	r0, .L157+164
 1692 0280 FFF7FEFF 		bl	printf
 1693              	.LVL130:
 749:Core/Src/main.c ****                 prev_joint2 = joint2;
 1694              		.loc 1 749 17 is_stmt 1 view .LVU336
 1695 0284 2068     		ldr	r0, [r4]
 1696 0286 FFF7FEFF 		bl	Joint2Set
 1697              	.LVL131:
 750:Core/Src/main.c ****             //}
 1698              		.loc 1 750 17 view .LVU337
 750:Core/Src/main.c ****             //}
 1699              		.loc 1 750 29 is_stmt 0 view .LVU338
 1700 028a 2268     		ldr	r2, [r4]
 1701 028c 284B     		ldr	r3, .L157+136
 1702 028e 1A60     		str	r2, [r3]
 1703 0290 84E7     		b	.L81
 1704              	.LVL132:
 1705              	.L130:
 762:Core/Src/main.c **** 
 1706              		.loc 1 762 9 is_stmt 1 view .LVU339
 764:Core/Src/main.c ****         {
 1707              		.loc 1 764 9 view .LVU340
 764:Core/Src/main.c ****         {
 1708              		.loc 1 764 13 is_stmt 0 view .LVU341
 1709 0292 204A     		ldr	r2, .L157+108
 1710 0294 2B49     		ldr	r1, .L157+156
 1711 0296 E01D     		adds	r0, r4, #7
 1712              	.LVL133:
 764:Core/Src/main.c ****         {
 1713              		.loc 1 764 13 view .LVU342
 1714 0298 FFF7FEFF 		bl	sscanf
 1715              	.LVL134:
 764:Core/Src/main.c ****         {
 1716              		.loc 1 764 12 discriminator 1 view .LVU343
 1717 029c 0128     		cmp	r0, #1
 1718 029e 57D0     		beq	.L153
 776:Core/Src/main.c ****         }
 1719              		.loc 1 776 13 is_stmt 1 view .LVU344
 1720 02a0 2048     		ldr	r0, .L157+124
 1721 02a2 FFF7FEFF 		bl	puts
 1722              	.LVL135:
 1723 02a6 79E7     		b	.L81
 1724              	.L158:
 1725              		.align	2
 1726              	.L157:
 1727 02a8 00000000 		.word	.LC2
 1728 02ac 58000000 		.word	.LC6
 1729 02b0 78000000 		.word	.LC9
 1730 02b4 94000000 		.word	.LC11
 1731 02b8 B0000000 		.word	.LC13
 1732 02bc CC000000 		.word	.LC15
 1733 02c0 E8000000 		.word	.LC17
 1734 02c4 08010000 		.word	.LC19
 1735 02c8 10010000 		.word	.LC20
ARM GAS  /var/folders/8x/_y6g3dfs0698dfd49y4vcg_w0000gn/T//cciIlfrw.s 			page 55


 1736 02cc 18010000 		.word	.LC21
 1737 02d0 20010000 		.word	.LC22
 1738 02d4 28010000 		.word	.LC23
 1739 02d8 30010000 		.word	.LC24
 1740 02dc 38010000 		.word	.LC25
 1741 02e0 58010000 		.word	.LC27
 1742 02e4 70010000 		.word	.LC29
 1743 02e8 D8010000 		.word	.LC36
 1744 02ec F0010000 		.word	.LC38
 1745 02f0 08020000 		.word	.LC40
 1746 02f4 1C020000 		.word	.LC42
 1747 02f8 3C020000 		.word	.LC44
 1748 02fc 5C020000 		.word	.LC46
 1749 0300 68020000 		.word	.LC47
 1750 0304 00000000 		.word	footPedalMode
 1751 0308 00000000 		.word	actuator
 1752 030c 00000000 		.word	joint5
 1753 0310 00000000 		.word	joint4
 1754 0314 00000000 		.word	joint3
 1755 0318 00000000 		.word	joint2
 1756 031c 00000000 		.word	joint1
 1757 0320 04000000 		.word	.LC3
 1758 0324 44000000 		.word	.LC5
 1759 0328 1C000000 		.word	.LC4
 1760 032c 00000000 		.word	prev_joint1
 1761 0330 00000000 		.word	prev_joint2
 1762 0334 00000000 		.word	prev_joint3
 1763 0338 00000000 		.word	prev_joint4
 1764 033c 00000000 		.word	prev_joint5
 1765 0340 00000000 		.word	prev_actuator
 1766 0344 60000000 		.word	.LC7
 1767 0348 64000000 		.word	.LC8
 1768 034c 80000000 		.word	.LC10
 1769              	.L153:
 767:Core/Src/main.c **** 
 1770              		.loc 1 767 13 view .LVU345
 1771 0350 6D4C     		ldr	r4, .L159
 1772              	.LVL136:
 767:Core/Src/main.c **** 
 1773              		.loc 1 767 13 is_stmt 0 view .LVU346
 1774 0352 2168     		ldr	r1, [r4]
 1775 0354 6D48     		ldr	r0, .L159+4
 1776 0356 FFF7FEFF 		bl	printf
 1777              	.LVL137:
 770:Core/Src/main.c ****                 prev_joint3 = joint3;
 1778              		.loc 1 770 17 is_stmt 1 view .LVU347
 1779 035a 2068     		ldr	r0, [r4]
 1780 035c FFF7FEFF 		bl	Joint3Set
 1781              	.LVL138:
 771:Core/Src/main.c ****             //}
 1782              		.loc 1 771 17 view .LVU348
 771:Core/Src/main.c ****             //}
 1783              		.loc 1 771 29 is_stmt 0 view .LVU349
 1784 0360 2268     		ldr	r2, [r4]
 1785 0362 6B4B     		ldr	r3, .L159+8
 1786 0364 1A60     		str	r2, [r3]
 1787 0366 19E7     		b	.L81
ARM GAS  /var/folders/8x/_y6g3dfs0698dfd49y4vcg_w0000gn/T//cciIlfrw.s 			page 56


 1788              	.LVL139:
 1789              	.L131:
 783:Core/Src/main.c **** 
 1790              		.loc 1 783 9 is_stmt 1 view .LVU350
 785:Core/Src/main.c ****         {
 1791              		.loc 1 785 9 view .LVU351
 785:Core/Src/main.c ****         {
 1792              		.loc 1 785 13 is_stmt 0 view .LVU352
 1793 0368 6A4A     		ldr	r2, .L159+12
 1794 036a 6B49     		ldr	r1, .L159+16
 1795 036c E01D     		adds	r0, r4, #7
 1796              	.LVL140:
 785:Core/Src/main.c ****         {
 1797              		.loc 1 785 13 view .LVU353
 1798 036e FFF7FEFF 		bl	sscanf
 1799              	.LVL141:
 785:Core/Src/main.c ****         {
 1800              		.loc 1 785 12 discriminator 1 view .LVU354
 1801 0372 0128     		cmp	r0, #1
 1802 0374 03D0     		beq	.L154
 797:Core/Src/main.c ****         }
 1803              		.loc 1 797 13 is_stmt 1 view .LVU355
 1804 0376 6948     		ldr	r0, .L159+20
 1805 0378 FFF7FEFF 		bl	puts
 1806              	.LVL142:
 1807 037c 0EE7     		b	.L81
 1808              	.L154:
 788:Core/Src/main.c **** 
 1809              		.loc 1 788 13 view .LVU356
 1810 037e 654C     		ldr	r4, .L159+12
 1811              	.LVL143:
 788:Core/Src/main.c **** 
 1812              		.loc 1 788 13 is_stmt 0 view .LVU357
 1813 0380 2168     		ldr	r1, [r4]
 1814 0382 6748     		ldr	r0, .L159+24
 1815 0384 FFF7FEFF 		bl	printf
 1816              	.LVL144:
 791:Core/Src/main.c ****                 prev_joint4 = joint4;
 1817              		.loc 1 791 17 is_stmt 1 view .LVU358
 1818 0388 2068     		ldr	r0, [r4]
 1819 038a FFF7FEFF 		bl	Joint4Set
 1820              	.LVL145:
 792:Core/Src/main.c ****             //}
 1821              		.loc 1 792 17 view .LVU359
 792:Core/Src/main.c ****             //}
 1822              		.loc 1 792 29 is_stmt 0 view .LVU360
 1823 038e 2268     		ldr	r2, [r4]
 1824 0390 644B     		ldr	r3, .L159+28
 1825 0392 1A60     		str	r2, [r3]
 1826 0394 02E7     		b	.L81
 1827              	.LVL146:
 1828              	.L132:
 804:Core/Src/main.c **** 
 1829              		.loc 1 804 9 is_stmt 1 view .LVU361
 806:Core/Src/main.c ****         {
 1830              		.loc 1 806 9 view .LVU362
 806:Core/Src/main.c ****         {
ARM GAS  /var/folders/8x/_y6g3dfs0698dfd49y4vcg_w0000gn/T//cciIlfrw.s 			page 57


 1831              		.loc 1 806 13 is_stmt 0 view .LVU363
 1832 0396 644A     		ldr	r2, .L159+32
 1833 0398 5F49     		ldr	r1, .L159+16
 1834 039a E01D     		adds	r0, r4, #7
 1835              	.LVL147:
 806:Core/Src/main.c ****         {
 1836              		.loc 1 806 13 view .LVU364
 1837 039c FFF7FEFF 		bl	sscanf
 1838              	.LVL148:
 806:Core/Src/main.c ****         {
 1839              		.loc 1 806 12 discriminator 1 view .LVU365
 1840 03a0 0128     		cmp	r0, #1
 1841 03a2 03D0     		beq	.L155
 818:Core/Src/main.c ****         }
 1842              		.loc 1 818 13 is_stmt 1 view .LVU366
 1843 03a4 5D48     		ldr	r0, .L159+20
 1844 03a6 FFF7FEFF 		bl	puts
 1845              	.LVL149:
 1846 03aa F7E6     		b	.L81
 1847              	.L155:
 809:Core/Src/main.c **** 
 1848              		.loc 1 809 13 view .LVU367
 1849 03ac 5E4C     		ldr	r4, .L159+32
 1850              	.LVL150:
 809:Core/Src/main.c **** 
 1851              		.loc 1 809 13 is_stmt 0 view .LVU368
 1852 03ae 2168     		ldr	r1, [r4]
 1853 03b0 5E48     		ldr	r0, .L159+36
 1854 03b2 FFF7FEFF 		bl	printf
 1855              	.LVL151:
 812:Core/Src/main.c ****                 prev_joint5 = joint5;
 1856              		.loc 1 812 17 is_stmt 1 view .LVU369
 1857 03b6 2068     		ldr	r0, [r4]
 1858 03b8 FFF7FEFF 		bl	Joint5Set
 1859              	.LVL152:
 813:Core/Src/main.c ****             //}
 1860              		.loc 1 813 17 view .LVU370
 813:Core/Src/main.c ****             //}
 1861              		.loc 1 813 29 is_stmt 0 view .LVU371
 1862 03bc 2268     		ldr	r2, [r4]
 1863 03be 5C4B     		ldr	r3, .L159+40
 1864 03c0 1A60     		str	r2, [r3]
 1865 03c2 EBE6     		b	.L81
 1866              	.LVL153:
 1867              	.L133:
 825:Core/Src/main.c **** 
 1868              		.loc 1 825 9 is_stmt 1 view .LVU372
 827:Core/Src/main.c ****         {
 1869              		.loc 1 827 9 view .LVU373
 827:Core/Src/main.c ****         {
 1870              		.loc 1 827 13 is_stmt 0 view .LVU374
 1871 03c4 5B4A     		ldr	r2, .L159+44
 1872 03c6 5449     		ldr	r1, .L159+16
 1873 03c8 04F10900 		add	r0, r4, #9
 1874              	.LVL154:
 827:Core/Src/main.c ****         {
 1875              		.loc 1 827 13 view .LVU375
ARM GAS  /var/folders/8x/_y6g3dfs0698dfd49y4vcg_w0000gn/T//cciIlfrw.s 			page 58


 1876 03cc FFF7FEFF 		bl	sscanf
 1877              	.LVL155:
 827:Core/Src/main.c ****         {
 1878              		.loc 1 827 12 discriminator 1 view .LVU376
 1879 03d0 0128     		cmp	r0, #1
 1880 03d2 03D0     		beq	.L156
 839:Core/Src/main.c ****         }
 1881              		.loc 1 839 13 is_stmt 1 view .LVU377
 1882 03d4 5148     		ldr	r0, .L159+20
 1883 03d6 FFF7FEFF 		bl	puts
 1884              	.LVL156:
 1885 03da DFE6     		b	.L81
 1886              	.L156:
 830:Core/Src/main.c **** 
 1887              		.loc 1 830 13 view .LVU378
 1888 03dc 554C     		ldr	r4, .L159+44
 1889              	.LVL157:
 830:Core/Src/main.c **** 
 1890              		.loc 1 830 13 is_stmt 0 view .LVU379
 1891 03de 2168     		ldr	r1, [r4]
 1892 03e0 5548     		ldr	r0, .L159+48
 1893 03e2 FFF7FEFF 		bl	printf
 1894              	.LVL158:
 833:Core/Src/main.c ****                 prev_actuator = actuator;
 1895              		.loc 1 833 17 is_stmt 1 view .LVU380
 1896 03e6 2268     		ldr	r2, [r4]
 834:Core/Src/main.c ****             //}
 1897              		.loc 1 834 17 view .LVU381
 834:Core/Src/main.c ****             //}
 1898              		.loc 1 834 31 is_stmt 0 view .LVU382
 1899 03e8 544B     		ldr	r3, .L159+52
 1900 03ea 1A60     		str	r2, [r3]
 1901 03ec D6E6     		b	.L81
 1902              	.LVL159:
 1903              	.L134:
 845:Core/Src/main.c ****     }
 1904              		.loc 1 845 9 is_stmt 1 view .LVU383
 1905              	.LBB14:
 845:Core/Src/main.c ****     }
 1906              		.loc 1 845 9 view .LVU384
 845:Core/Src/main.c ****     }
 1907              		.loc 1 845 9 view .LVU385
 1908 03ee 544B     		ldr	r3, .L159+56
 1909 03f0 0493     		str	r3, [sp, #16]
 1910              	.LVL160:
 845:Core/Src/main.c ****     }
 1911              		.loc 1 845 9 discriminator 1 view .LVU386
 1912              	.LBB15:
 845:Core/Src/main.c ****     }
 1913              		.loc 1 845 9 discriminator 1 view .LVU387
 845:Core/Src/main.c ****     }
 1914              		.loc 1 845 9 is_stmt 0 view .LVU388
 1915 03f2 04E0     		b	.L103
 1916              	.LVL161:
 1917              	.L104:
 845:Core/Src/main.c ****     }
 1918              		.loc 1 845 9 is_stmt 1 discriminator 3 view .LVU389
ARM GAS  /var/folders/8x/_y6g3dfs0698dfd49y4vcg_w0000gn/T//cciIlfrw.s 			page 59


 1919 03f4 04AB     		add	r3, sp, #16
 1920 03f6 585D     		ldrb	r0, [r3, r5]	@ zero_extendqisi2
 1921 03f8 FFF7FEFF 		bl	__io_putchar_usart6
 1922              	.LVL162:
 845:Core/Src/main.c ****     }
 1923              		.loc 1 845 9 discriminator 3 view .LVU390
 1924 03fc 0135     		adds	r5, r5, #1
 1925              	.LVL163:
 1926              	.L103:
 845:Core/Src/main.c ****     }
 1927              		.loc 1 845 9 discriminator 2 view .LVU391
 1928 03fe 022D     		cmp	r5, #2
 1929 0400 F8DD     		ble	.L104
 1930 0402 CBE6     		b	.L81
 1931              	.LVL164:
 1932              	.L135:
 845:Core/Src/main.c ****     }
 1933              		.loc 1 845 9 is_stmt 0 discriminator 2 view .LVU392
 1934              	.LBE15:
 1935              	.LBE14:
 850:Core/Src/main.c ****     }
 1936              		.loc 1 850 9 is_stmt 1 view .LVU393
 1937              	.LBB16:
 850:Core/Src/main.c ****     }
 1938              		.loc 1 850 9 view .LVU394
 850:Core/Src/main.c ****     }
 1939              		.loc 1 850 9 view .LVU395
 1940 0404 4E4B     		ldr	r3, .L159+56
 1941 0406 0493     		str	r3, [sp, #16]
 1942              	.LVL165:
 850:Core/Src/main.c ****     }
 1943              		.loc 1 850 9 discriminator 1 view .LVU396
 1944              	.LBB17:
 850:Core/Src/main.c ****     }
 1945              		.loc 1 850 9 discriminator 1 view .LVU397
 850:Core/Src/main.c ****     }
 1946              		.loc 1 850 9 is_stmt 0 view .LVU398
 1947 0408 04E0     		b	.L106
 1948              	.LVL166:
 1949              	.L107:
 850:Core/Src/main.c ****     }
 1950              		.loc 1 850 9 is_stmt 1 discriminator 3 view .LVU399
 1951 040a 04AB     		add	r3, sp, #16
 1952 040c 585D     		ldrb	r0, [r3, r5]	@ zero_extendqisi2
 1953 040e FFF7FEFF 		bl	__io_putchar_usart2
 1954              	.LVL167:
 850:Core/Src/main.c ****     }
 1955              		.loc 1 850 9 discriminator 3 view .LVU400
 1956 0412 0135     		adds	r5, r5, #1
 1957              	.LVL168:
 1958              	.L106:
 850:Core/Src/main.c ****     }
 1959              		.loc 1 850 9 discriminator 2 view .LVU401
 1960 0414 022D     		cmp	r5, #2
 1961 0416 F8DD     		ble	.L107
 1962 0418 C0E6     		b	.L81
 1963              	.LVL169:
ARM GAS  /var/folders/8x/_y6g3dfs0698dfd49y4vcg_w0000gn/T//cciIlfrw.s 			page 60


 1964              	.L136:
 850:Core/Src/main.c ****     }
 1965              		.loc 1 850 9 is_stmt 0 discriminator 2 view .LVU402
 1966              	.LBE17:
 1967              	.LBE16:
 855:Core/Src/main.c ****     }
 1968              		.loc 1 855 9 is_stmt 1 view .LVU403
 1969              	.LBB18:
 855:Core/Src/main.c ****     }
 1970              		.loc 1 855 9 view .LVU404
 855:Core/Src/main.c ****     }
 1971              		.loc 1 855 9 view .LVU405
 1972 041a 494B     		ldr	r3, .L159+56
 1973 041c 0493     		str	r3, [sp, #16]
 1974              	.LVL170:
 855:Core/Src/main.c ****     }
 1975              		.loc 1 855 9 discriminator 1 view .LVU406
 1976              	.LBB19:
 855:Core/Src/main.c ****     }
 1977              		.loc 1 855 9 discriminator 1 view .LVU407
 855:Core/Src/main.c ****     }
 1978              		.loc 1 855 9 is_stmt 0 view .LVU408
 1979 041e 04E0     		b	.L109
 1980              	.LVL171:
 1981              	.L110:
 855:Core/Src/main.c ****     }
 1982              		.loc 1 855 9 is_stmt 1 discriminator 3 view .LVU409
 1983 0420 04AB     		add	r3, sp, #16
 1984 0422 585D     		ldrb	r0, [r3, r5]	@ zero_extendqisi2
 1985 0424 FFF7FEFF 		bl	__io_putchar_usart3
 1986              	.LVL172:
 855:Core/Src/main.c ****     }
 1987              		.loc 1 855 9 discriminator 3 view .LVU410
 1988 0428 0135     		adds	r5, r5, #1
 1989              	.LVL173:
 1990              	.L109:
 855:Core/Src/main.c ****     }
 1991              		.loc 1 855 9 discriminator 2 view .LVU411
 1992 042a 022D     		cmp	r5, #2
 1993 042c F8DD     		ble	.L110
 1994 042e B5E6     		b	.L81
 1995              	.LVL174:
 1996              	.L137:
 855:Core/Src/main.c ****     }
 1997              		.loc 1 855 9 is_stmt 0 discriminator 2 view .LVU412
 1998              	.LBE19:
 1999              	.LBE18:
 860:Core/Src/main.c ****       }
 2000              		.loc 1 860 11 is_stmt 1 view .LVU413
 2001              	.LBB20:
 860:Core/Src/main.c ****       }
 2002              		.loc 1 860 11 view .LVU414
 860:Core/Src/main.c ****       }
 2003              		.loc 1 860 11 view .LVU415
 2004 0430 434B     		ldr	r3, .L159+56
 2005 0432 0493     		str	r3, [sp, #16]
 2006              	.LVL175:
ARM GAS  /var/folders/8x/_y6g3dfs0698dfd49y4vcg_w0000gn/T//cciIlfrw.s 			page 61


 860:Core/Src/main.c ****       }
 2007              		.loc 1 860 11 discriminator 1 view .LVU416
 2008              	.LBB21:
 860:Core/Src/main.c ****       }
 2009              		.loc 1 860 11 discriminator 1 view .LVU417
 860:Core/Src/main.c ****       }
 2010              		.loc 1 860 11 is_stmt 0 view .LVU418
 2011 0434 04E0     		b	.L112
 2012              	.LVL176:
 2013              	.L113:
 860:Core/Src/main.c ****       }
 2014              		.loc 1 860 11 is_stmt 1 discriminator 3 view .LVU419
 2015 0436 04AB     		add	r3, sp, #16
 2016 0438 585D     		ldrb	r0, [r3, r5]	@ zero_extendqisi2
 2017 043a FFF7FEFF 		bl	__io_putchar_uart4
 2018              	.LVL177:
 860:Core/Src/main.c ****       }
 2019              		.loc 1 860 11 discriminator 3 view .LVU420
 2020 043e 0135     		adds	r5, r5, #1
 2021              	.LVL178:
 2022              	.L112:
 860:Core/Src/main.c ****       }
 2023              		.loc 1 860 11 discriminator 2 view .LVU421
 2024 0440 022D     		cmp	r5, #2
 2025 0442 F8DD     		ble	.L113
 2026 0444 AAE6     		b	.L81
 2027              	.LVL179:
 2028              	.L138:
 860:Core/Src/main.c ****       }
 2029              		.loc 1 860 11 is_stmt 0 discriminator 2 view .LVU422
 2030              	.LBE21:
 2031              	.LBE20:
 865:Core/Src/main.c ****       }
 2032              		.loc 1 865 11 is_stmt 1 view .LVU423
 2033              	.LBB22:
 865:Core/Src/main.c ****       }
 2034              		.loc 1 865 11 view .LVU424
 865:Core/Src/main.c ****       }
 2035              		.loc 1 865 11 view .LVU425
 2036 0446 3E4B     		ldr	r3, .L159+56
 2037 0448 0493     		str	r3, [sp, #16]
 2038              	.LVL180:
 865:Core/Src/main.c ****       }
 2039              		.loc 1 865 11 discriminator 1 view .LVU426
 2040              	.LBB23:
 865:Core/Src/main.c ****       }
 2041              		.loc 1 865 11 discriminator 1 view .LVU427
 865:Core/Src/main.c ****       }
 2042              		.loc 1 865 11 is_stmt 0 view .LVU428
 2043 044a 04E0     		b	.L115
 2044              	.LVL181:
 2045              	.L116:
 865:Core/Src/main.c ****       }
 2046              		.loc 1 865 11 is_stmt 1 discriminator 3 view .LVU429
 2047 044c 04AB     		add	r3, sp, #16
 2048 044e 585D     		ldrb	r0, [r3, r5]	@ zero_extendqisi2
 2049 0450 FFF7FEFF 		bl	__io_putchar_uart5
ARM GAS  /var/folders/8x/_y6g3dfs0698dfd49y4vcg_w0000gn/T//cciIlfrw.s 			page 62


 2050              	.LVL182:
 865:Core/Src/main.c ****       }
 2051              		.loc 1 865 11 discriminator 3 view .LVU430
 2052 0454 0135     		adds	r5, r5, #1
 2053              	.LVL183:
 2054              	.L115:
 865:Core/Src/main.c ****       }
 2055              		.loc 1 865 11 discriminator 2 view .LVU431
 2056 0456 022D     		cmp	r5, #2
 2057 0458 F8DD     		ble	.L116
 2058 045a 9FE6     		b	.L81
 2059              	.LVL184:
 2060              	.L139:
 865:Core/Src/main.c ****       }
 2061              		.loc 1 865 11 is_stmt 0 discriminator 2 view .LVU432
 2062              	.LBE23:
 2063              	.LBE22:
 2064              	.LBB24:
 877:Core/Src/main.c ****         
 2065              		.loc 1 877 9 is_stmt 1 view .LVU433
 879:Core/Src/main.c ****         
 2066              		.loc 1 879 9 view .LVU434
 2067 045c FFF7FEFF 		bl	HomeSet
 2068              	.LVL185:
 881:Core/Src/main.c **** 
 2069              		.loc 1 881 9 view .LVU435
 2070 0460 3848     		ldr	r0, .L159+60
 2071 0462 FFF7FEFF 		bl	puts
 2072              	.LVL186:
 2073              	.LBE24:
 2074 0466 99E6     		b	.L81
 2075              	.LVL187:
 2076              	.L140:
 887:Core/Src/main.c ****         ledFlag = !ledFlag;
 2077              		.loc 1 887 9 view .LVU436
 888:Core/Src/main.c ****         
 2078              		.loc 1 888 9 view .LVU437
 888:Core/Src/main.c ****         
 2079              		.loc 1 888 19 is_stmt 0 view .LVU438
 2080 0468 374A     		ldr	r2, .L159+64
 2081 046a 1368     		ldr	r3, [r2]
 2082 046c B3FA83F3 		clz	r3, r3
 2083 0470 5B09     		lsrs	r3, r3, #5
 888:Core/Src/main.c ****         
 2084              		.loc 1 888 17 view .LVU439
 2085 0472 1360     		str	r3, [r2]
 890:Core/Src/main.c **** 
 2086              		.loc 1 890 9 is_stmt 1 view .LVU440
 2087 0474 3548     		ldr	r0, .L159+68
 2088 0476 FFF7FEFF 		bl	puts
 2089              	.LVL188:
 2090 047a 8FE6     		b	.L81
 2091              	.LVL189:
 2092              	.L141:
 897:Core/Src/main.c ****        printf("Joint2: %d\r\n", joint2);
 2093              		.loc 1 897 8 view .LVU441
 2094 047c 344B     		ldr	r3, .L159+72
ARM GAS  /var/folders/8x/_y6g3dfs0698dfd49y4vcg_w0000gn/T//cciIlfrw.s 			page 63


 2095 047e 1968     		ldr	r1, [r3]
 2096 0480 3448     		ldr	r0, .L159+76
 2097 0482 FFF7FEFF 		bl	printf
 2098              	.LVL190:
 898:Core/Src/main.c ****        printf("Joint3: %d\r\n", joint3);
 2099              		.loc 1 898 8 view .LVU442
 2100 0486 344B     		ldr	r3, .L159+80
 2101 0488 1968     		ldr	r1, [r3]
 2102 048a 3448     		ldr	r0, .L159+84
 2103 048c FFF7FEFF 		bl	printf
 2104              	.LVL191:
 899:Core/Src/main.c ****        printf("Joint4: %d\r\n", joint4);
 2105              		.loc 1 899 8 view .LVU443
 2106 0490 1D4B     		ldr	r3, .L159
 2107 0492 1968     		ldr	r1, [r3]
 2108 0494 3248     		ldr	r0, .L159+88
 2109 0496 FFF7FEFF 		bl	printf
 2110              	.LVL192:
 900:Core/Src/main.c ****        printf("Joint5: %d\r\n", joint5);
 2111              		.loc 1 900 8 view .LVU444
 2112 049a 1E4B     		ldr	r3, .L159+12
 2113 049c 1968     		ldr	r1, [r3]
 2114 049e 3148     		ldr	r0, .L159+92
 2115 04a0 FFF7FEFF 		bl	printf
 2116              	.LVL193:
 901:Core/Src/main.c ****        printf("Actuator: %d\r\n", actuator);
 2117              		.loc 1 901 8 view .LVU445
 2118 04a4 204B     		ldr	r3, .L159+32
 2119 04a6 1968     		ldr	r1, [r3]
 2120 04a8 2F48     		ldr	r0, .L159+96
 2121 04aa FFF7FEFF 		bl	printf
 2122              	.LVL194:
 902:Core/Src/main.c ****     }
 2123              		.loc 1 902 8 view .LVU446
 2124 04ae 214B     		ldr	r3, .L159+44
 2125 04b0 1968     		ldr	r1, [r3]
 2126 04b2 2E48     		ldr	r0, .L159+100
 2127 04b4 FFF7FEFF 		bl	printf
 2128              	.LVL195:
 2129 04b8 70E6     		b	.L81
 2130              	.L142:
 907:Core/Src/main.c ****         printf("injecting...\r\n");
 2131              		.loc 1 907 9 view .LVU447
 907:Core/Src/main.c ****         printf("injecting...\r\n");
 2132              		.loc 1 907 20 is_stmt 0 view .LVU448
 2133 04ba 2D4B     		ldr	r3, .L159+104
 2134 04bc 0122     		movs	r2, #1
 2135 04be 1A60     		str	r2, [r3]
 908:Core/Src/main.c ****     }
 2136              		.loc 1 908 9 is_stmt 1 view .LVU449
 2137 04c0 2C48     		ldr	r0, .L159+108
 2138 04c2 FFF7FEFF 		bl	puts
 2139              	.LVL196:
 2140 04c6 69E6     		b	.L81
 2141              	.L143:
 913:Core/Src/main.c ****         printf("retracting...\r\n");
 2142              		.loc 1 913 9 view .LVU450
ARM GAS  /var/folders/8x/_y6g3dfs0698dfd49y4vcg_w0000gn/T//cciIlfrw.s 			page 64


 913:Core/Src/main.c ****         printf("retracting...\r\n");
 2143              		.loc 1 913 20 is_stmt 0 view .LVU451
 2144 04c8 294B     		ldr	r3, .L159+104
 2145 04ca 0222     		movs	r2, #2
 2146 04cc 1A60     		str	r2, [r3]
 914:Core/Src/main.c ****     }
 2147              		.loc 1 914 9 is_stmt 1 view .LVU452
 2148 04ce 2A48     		ldr	r0, .L159+112
 2149 04d0 FFF7FEFF 		bl	puts
 2150              	.LVL197:
 2151 04d4 62E6     		b	.L81
 2152              	.L144:
 919:Core/Src/main.c ****         printf("stopped.\r\n"); 
 2153              		.loc 1 919 9 view .LVU453
 919:Core/Src/main.c ****         printf("stopped.\r\n"); 
 2154              		.loc 1 919 20 is_stmt 0 view .LVU454
 2155 04d6 264B     		ldr	r3, .L159+104
 2156 04d8 0022     		movs	r2, #0
 2157 04da 1A60     		str	r2, [r3]
 920:Core/Src/main.c ****     }
 2158              		.loc 1 920 9 is_stmt 1 view .LVU455
 2159 04dc 2748     		ldr	r0, .L159+116
 2160 04de FFF7FEFF 		bl	puts
 2161              	.LVL198:
 2162 04e2 5BE6     		b	.L81
 2163              	.L145:
 2164              	.LBB25:
 924:Core/Src/main.c ****         injectSequence(); 
 2165              		.loc 1 924 9 view .LVU456
 2166 04e4 2648     		ldr	r0, .L159+120
 2167 04e6 FFF7FEFF 		bl	puts
 2168              	.LVL199:
 925:Core/Src/main.c ****         
 2169              		.loc 1 925 9 view .LVU457
 2170 04ea FFF7FEFF 		bl	injectSequence
 2171              	.LVL200:
 2172              	.LBE25:
 2173 04ee 55E6     		b	.L81
 2174              	.L146:
 930:Core/Src/main.c ****         footPedalMode = 1;
 2175              		.loc 1 930 9 view .LVU458
 2176 04f0 2448     		ldr	r0, .L159+124
 2177 04f2 FFF7FEFF 		bl	puts
 2178              	.LVL201:
 931:Core/Src/main.c ****         
 2179              		.loc 1 931 9 view .LVU459
 931:Core/Src/main.c ****         
 2180              		.loc 1 931 23 is_stmt 0 view .LVU460
 2181 04f6 244B     		ldr	r3, .L159+128
 2182 04f8 0122     		movs	r2, #1
 2183 04fa 1A70     		strb	r2, [r3]
 2184 04fc 4EE6     		b	.L81
 2185              	.L125:
 943:Core/Src/main.c ****     }
 2186              		.loc 1 943 9 is_stmt 1 view .LVU461
 2187 04fe 2146     		mov	r1, r4
 2188 0500 2248     		ldr	r0, .L159+132
ARM GAS  /var/folders/8x/_y6g3dfs0698dfd49y4vcg_w0000gn/T//cciIlfrw.s 			page 65


 2189 0502 FFF7FEFF 		bl	printf
 2190              	.LVL202:
 945:Core/Src/main.c **** 
 2191              		.loc 1 945 1 is_stmt 0 view .LVU462
 2192 0506 49E6     		b	.L81
 2193              	.L160:
 2194              		.align	2
 2195              	.L159:
 2196 0508 00000000 		.word	joint3
 2197 050c 9C000000 		.word	.LC12
 2198 0510 00000000 		.word	prev_joint3
 2199 0514 00000000 		.word	joint4
 2200 0518 60000000 		.word	.LC7
 2201 051c 44000000 		.word	.LC5
 2202 0520 B8000000 		.word	.LC14
 2203 0524 00000000 		.word	prev_joint4
 2204 0528 00000000 		.word	joint5
 2205 052c D4000000 		.word	.LC16
 2206 0530 00000000 		.word	prev_joint5
 2207 0534 00000000 		.word	actuator
 2208 0538 F4000000 		.word	.LC18
 2209 053c 00000000 		.word	prev_actuator
 2210 0540 720D0A00 		.word	658802
 2211 0544 40010000 		.word	.LC26
 2212 0548 00000000 		.word	ledFlag
 2213 054c 60010000 		.word	.LC28
 2214 0550 00000000 		.word	joint1
 2215 0554 78010000 		.word	.LC30
 2216 0558 00000000 		.word	joint2
 2217 055c 88010000 		.word	.LC31
 2218 0560 98010000 		.word	.LC32
 2219 0564 A8010000 		.word	.LC33
 2220 0568 B8010000 		.word	.LC34
 2221 056c C8010000 		.word	.LC35
 2222 0570 00000000 		.word	injectFlag
 2223 0574 E0010000 		.word	.LC37
 2224 0578 F8010000 		.word	.LC39
 2225 057c 10020000 		.word	.LC41
 2226 0580 28020000 		.word	.LC43
 2227 0584 44020000 		.word	.LC45
 2228 0588 00000000 		.word	footPedalMode
 2229 058c 80020000 		.word	.LC48
 2230              		.cfi_endproc
 2231              	.LFE251:
 2233              		.section	.rodata.HAL_UART_RxCpltCallback.str1.4,"aMS",%progbits,1
 2234              		.align	2
 2235              	.LC49:
 2236 0000 42756666 		.ascii	"Buffer overflow\015\000"
 2236      6572206F 
 2236      76657266 
 2236      6C6F770D 
 2236      00
 2237              		.section	.text.HAL_UART_RxCpltCallback,"ax",%progbits
 2238              		.align	1
 2239              		.global	HAL_UART_RxCpltCallback
 2240              		.syntax unified
 2241              		.thumb
ARM GAS  /var/folders/8x/_y6g3dfs0698dfd49y4vcg_w0000gn/T//cciIlfrw.s 			page 66


 2242              		.thumb_func
 2244              	HAL_UART_RxCpltCallback:
 2245              	.LVL203:
 2246              	.LFB250:
 439:Core/Src/main.c **** 
 2247              		.loc 1 439 1 is_stmt 1 view -0
 2248              		.cfi_startproc
 2249              		@ args = 0, pretend = 0, frame = 0
 2250              		@ frame_needed = 0, uses_anonymous_args = 0
 439:Core/Src/main.c **** 
 2251              		.loc 1 439 1 is_stmt 0 view .LVU464
 2252 0000 10B5     		push	{r4, lr}
 2253              	.LCFI41:
 2254              		.cfi_def_cfa_offset 8
 2255              		.cfi_offset 4, -8
 2256              		.cfi_offset 14, -4
 441:Core/Src/main.c **** 
 2257              		.loc 1 441 5 is_stmt 1 view .LVU465
 441:Core/Src/main.c **** 
 2258              		.loc 1 441 14 is_stmt 0 view .LVU466
 2259 0002 0368     		ldr	r3, [r0]
 441:Core/Src/main.c **** 
 2260              		.loc 1 441 8 view .LVU467
 2261 0004 9C4A     		ldr	r2, .L202
 2262 0006 9342     		cmp	r3, r2
 2263 0008 2DD0     		beq	.L186
 474:Core/Src/main.c ****         // Store received byte in buffer
 2264              		.loc 1 474 10 is_stmt 1 view .LVU468
 474:Core/Src/main.c ****         // Store received byte in buffer
 2265              		.loc 1 474 12 is_stmt 0 view .LVU469
 2266 000a 9C4A     		ldr	r2, .L202+4
 2267 000c 9342     		cmp	r3, r2
 2268 000e 5AD0     		beq	.L187
 512:Core/Src/main.c ****         // Store received byte in buffer
 2269              		.loc 1 512 10 is_stmt 1 view .LVU470
 512:Core/Src/main.c ****         // Store received byte in buffer
 2270              		.loc 1 512 12 is_stmt 0 view .LVU471
 2271 0010 9B4A     		ldr	r2, .L202+8
 2272 0012 9342     		cmp	r3, r2
 2273 0014 00F09F80 		beq	.L188
 549:Core/Src/main.c ****         // Store received byte in buffer
 2274              		.loc 1 549 12 is_stmt 1 view .LVU472
 549:Core/Src/main.c ****         // Store received byte in buffer
 2275              		.loc 1 549 14 is_stmt 0 view .LVU473
 2276 0018 9A4A     		ldr	r2, .L202+12
 2277 001a 9342     		cmp	r3, r2
 2278 001c 00F0E380 		beq	.L189
 586:Core/Src/main.c ****         // Store received byte in buffer
 2279              		.loc 1 586 12 is_stmt 1 view .LVU474
 586:Core/Src/main.c ****         // Store received byte in buffer
 2280              		.loc 1 586 14 is_stmt 0 view .LVU475
 2281 0020 994A     		ldr	r2, .L202+16
 2282 0022 9342     		cmp	r3, r2
 2283 0024 00F05481 		beq	.L190
 623:Core/Src/main.c ****         // Store received byte in buffer
 2284              		.loc 1 623 12 is_stmt 1 view .LVU476
 623:Core/Src/main.c ****         // Store received byte in buffer
ARM GAS  /var/folders/8x/_y6g3dfs0698dfd49y4vcg_w0000gn/T//cciIlfrw.s 			page 67


 2285              		.loc 1 623 14 is_stmt 0 view .LVU477
 2286 0028 984A     		ldr	r2, .L202+20
 2287 002a 9342     		cmp	r3, r2
 2288 002c 34D1     		bne	.L161
 625:Core/Src/main.c ****         {
 2289              		.loc 1 625 9 is_stmt 1 view .LVU478
 625:Core/Src/main.c ****         {
 2290              		.loc 1 625 26 is_stmt 0 view .LVU479
 2291 002e 984B     		ldr	r3, .L202+24
 2292 0030 1B88     		ldrh	r3, [r3]
 2293 0032 9BB2     		uxth	r3, r3
 625:Core/Src/main.c ****         {
 2294              		.loc 1 625 12 view .LVU480
 2295 0034 FE2B     		cmp	r3, #254
 2296 0036 00F2BB81 		bhi	.L182
 627:Core/Src/main.c **** 
 2297              		.loc 1 627 13 is_stmt 1 view .LVU481
 627:Core/Src/main.c **** 
 2298              		.loc 1 627 37 is_stmt 0 view .LVU482
 2299 003a 9549     		ldr	r1, .L202+24
 2300 003c 0B88     		ldrh	r3, [r1]
 2301 003e 9BB2     		uxth	r3, r3
 2302 0040 5A1C     		adds	r2, r3, #1
 2303 0042 92B2     		uxth	r2, r2
 2304 0044 0A80     		strh	r2, [r1]	@ movhi
 627:Core/Src/main.c **** 
 2305              		.loc 1 627 41 view .LVU483
 2306 0046 9349     		ldr	r1, .L202+28
 2307 0048 0A78     		ldrb	r2, [r1]	@ zero_extendqisi2
 2308 004a D2B2     		uxtb	r2, r2
 2309 004c 9248     		ldr	r0, .L202+32
 2310              	.LVL204:
 627:Core/Src/main.c **** 
 2311              		.loc 1 627 41 view .LVU484
 2312 004e C254     		strb	r2, [r0, r3]
 630:Core/Src/main.c ****             {
 2313              		.loc 1 630 13 is_stmt 1 view .LVU485
 630:Core/Src/main.c ****             {
 2314              		.loc 1 630 26 is_stmt 0 view .LVU486
 2315 0050 0B78     		ldrb	r3, [r1]	@ zero_extendqisi2
 2316 0052 DBB2     		uxtb	r3, r3
 630:Core/Src/main.c ****             {
 2317              		.loc 1 630 16 view .LVU487
 2318 0054 0A2B     		cmp	r3, #10
 2319 0056 00F08381 		beq	.L191
 2320              	.L183:
 656:Core/Src/main.c **** 
 2321              		.loc 1 656 9 is_stmt 1 view .LVU488
 2322 005a 0122     		movs	r2, #1
 2323 005c 8D49     		ldr	r1, .L202+28
 2324 005e 8F48     		ldr	r0, .L202+36
 2325 0060 FFF7FEFF 		bl	HAL_UART_Receive_IT
 2326              	.LVL205:
 660:Core/Src/main.c **** 
 2327              		.loc 1 660 1 is_stmt 0 view .LVU489
 2328 0064 18E0     		b	.L161
 2329              	.LVL206:
ARM GAS  /var/folders/8x/_y6g3dfs0698dfd49y4vcg_w0000gn/T//cciIlfrw.s 			page 68


 2330              	.L186:
 445:Core/Src/main.c ****         {
 2331              		.loc 1 445 9 is_stmt 1 view .LVU490
 445:Core/Src/main.c ****         {
 2332              		.loc 1 445 26 is_stmt 0 view .LVU491
 2333 0066 8A4B     		ldr	r3, .L202+24
 2334 0068 1B88     		ldrh	r3, [r3]
 2335 006a 9BB2     		uxth	r3, r3
 445:Core/Src/main.c ****         {
 2336              		.loc 1 445 12 view .LVU492
 2337 006c FE2B     		cmp	r3, #254
 2338 006e 23D8     		bhi	.L163
 447:Core/Src/main.c **** 
 2339              		.loc 1 447 13 is_stmt 1 view .LVU493
 447:Core/Src/main.c **** 
 2340              		.loc 1 447 37 is_stmt 0 view .LVU494
 2341 0070 8749     		ldr	r1, .L202+24
 2342 0072 0B88     		ldrh	r3, [r1]
 2343 0074 9BB2     		uxth	r3, r3
 2344 0076 5A1C     		adds	r2, r3, #1
 2345 0078 92B2     		uxth	r2, r2
 2346 007a 0A80     		strh	r2, [r1]	@ movhi
 447:Core/Src/main.c **** 
 2347              		.loc 1 447 41 view .LVU495
 2348 007c 8849     		ldr	r1, .L202+40
 2349 007e 0A78     		ldrb	r2, [r1]	@ zero_extendqisi2
 2350 0080 D2B2     		uxtb	r2, r2
 2351 0082 8548     		ldr	r0, .L202+32
 2352              	.LVL207:
 447:Core/Src/main.c **** 
 2353              		.loc 1 447 41 view .LVU496
 2354 0084 C254     		strb	r2, [r0, r3]
 450:Core/Src/main.c ****             {
 2355              		.loc 1 450 13 is_stmt 1 view .LVU497
 450:Core/Src/main.c ****             {
 2356              		.loc 1 450 25 is_stmt 0 view .LVU498
 2357 0086 0B78     		ldrb	r3, [r1]	@ zero_extendqisi2
 2358 0088 DBB2     		uxtb	r3, r3
 450:Core/Src/main.c ****             {
 2359              		.loc 1 450 16 view .LVU499
 2360 008a 0A2B     		cmp	r3, #10
 2361 008c 05D0     		beq	.L192
 2362              	.L164:
 471:Core/Src/main.c ****     }
 2363              		.loc 1 471 9 is_stmt 1 view .LVU500
 2364 008e 0122     		movs	r2, #1
 2365 0090 8349     		ldr	r1, .L202+40
 2366 0092 8448     		ldr	r0, .L202+44
 2367 0094 FFF7FEFF 		bl	HAL_UART_Receive_IT
 2368              	.LVL208:
 2369              	.L161:
 660:Core/Src/main.c **** 
 2370              		.loc 1 660 1 is_stmt 0 view .LVU501
 2371 0098 10BD     		pop	{r4, pc}
 2372              	.L192:
 2373              	.LBB26:
 452:Core/Src/main.c ****                 buffer_index = 0;                // Reset the index for the next string
ARM GAS  /var/folders/8x/_y6g3dfs0698dfd49y4vcg_w0000gn/T//cciIlfrw.s 			page 69


 2374              		.loc 1 452 17 is_stmt 1 view .LVU502
 452:Core/Src/main.c ****                 buffer_index = 0;                // Reset the index for the next string
 2375              		.loc 1 452 28 is_stmt 0 view .LVU503
 2376 009a 7D4A     		ldr	r2, .L202+24
 2377 009c 1388     		ldrh	r3, [r2]
 2378 009e 9BB2     		uxth	r3, r3
 452:Core/Src/main.c ****                 buffer_index = 0;                // Reset the index for the next string
 2379              		.loc 1 452 43 view .LVU504
 2380 00a0 0146     		mov	r1, r0
 2381 00a2 0020     		movs	r0, #0
 2382 00a4 C854     		strb	r0, [r1, r3]
 453:Core/Src/main.c **** 
 2383              		.loc 1 453 17 is_stmt 1 view .LVU505
 453:Core/Src/main.c **** 
 2384              		.loc 1 453 30 is_stmt 0 view .LVU506
 2385 00a6 1080     		strh	r0, [r2]	@ movhi
 456:Core/Src/main.c **** 
 2386              		.loc 1 456 17 is_stmt 1 view .LVU507
 2387 00a8 7F4C     		ldr	r4, .L202+48
 2388 00aa 2046     		mov	r0, r4
 2389 00ac FFF7FEFF 		bl	strcpy
 2390              	.LVL209:
 458:Core/Src/main.c **** 
 2391              		.loc 1 458 17 view .LVU508
 2392 00b0 2046     		mov	r0, r4
 2393 00b2 FFF7FEFF 		bl	ProcessReceivedString
 2394              	.LVL210:
 2395 00b6 EAE7     		b	.L164
 2396              	.LVL211:
 2397              	.L163:
 458:Core/Src/main.c **** 
 2398              		.loc 1 458 17 is_stmt 0 view .LVU509
 2399              	.LBE26:
 466:Core/Src/main.c ****             printf("Buffer overflow\r\n");
 2400              		.loc 1 466 13 is_stmt 1 view .LVU510
 466:Core/Src/main.c ****             printf("Buffer overflow\r\n");
 2401              		.loc 1 466 26 is_stmt 0 view .LVU511
 2402 00b8 754B     		ldr	r3, .L202+24
 2403 00ba 0022     		movs	r2, #0
 2404 00bc 1A80     		strh	r2, [r3]	@ movhi
 467:Core/Src/main.c ****         }
 2405              		.loc 1 467 13 is_stmt 1 view .LVU512
 2406 00be 7B48     		ldr	r0, .L202+52
 2407              	.LVL212:
 467:Core/Src/main.c ****         }
 2408              		.loc 1 467 13 is_stmt 0 view .LVU513
 2409 00c0 FFF7FEFF 		bl	puts
 2410              	.LVL213:
 2411 00c4 E3E7     		b	.L164
 2412              	.LVL214:
 2413              	.L187:
 476:Core/Src/main.c ****         {
 2414              		.loc 1 476 9 is_stmt 1 view .LVU514
 476:Core/Src/main.c ****         {
 2415              		.loc 1 476 26 is_stmt 0 view .LVU515
 2416 00c6 724B     		ldr	r3, .L202+24
 2417 00c8 1B88     		ldrh	r3, [r3]
ARM GAS  /var/folders/8x/_y6g3dfs0698dfd49y4vcg_w0000gn/T//cciIlfrw.s 			page 70


 2418 00ca 9BB2     		uxth	r3, r3
 476:Core/Src/main.c ****         {
 2419              		.loc 1 476 12 view .LVU516
 2420 00cc FE2B     		cmp	r3, #254
 2421 00ce 3BD8     		bhi	.L167
 478:Core/Src/main.c **** 
 2422              		.loc 1 478 13 is_stmt 1 view .LVU517
 478:Core/Src/main.c **** 
 2423              		.loc 1 478 37 is_stmt 0 view .LVU518
 2424 00d0 6F49     		ldr	r1, .L202+24
 2425 00d2 0B88     		ldrh	r3, [r1]
 2426 00d4 9BB2     		uxth	r3, r3
 2427 00d6 5A1C     		adds	r2, r3, #1
 2428 00d8 92B2     		uxth	r2, r2
 2429 00da 0A80     		strh	r2, [r1]	@ movhi
 478:Core/Src/main.c **** 
 2430              		.loc 1 478 41 view .LVU519
 2431 00dc 7449     		ldr	r1, .L202+56
 2432 00de 0A78     		ldrb	r2, [r1]	@ zero_extendqisi2
 2433 00e0 D2B2     		uxtb	r2, r2
 2434 00e2 6D48     		ldr	r0, .L202+32
 2435              	.LVL215:
 478:Core/Src/main.c **** 
 2436              		.loc 1 478 41 view .LVU520
 2437 00e4 C254     		strb	r2, [r0, r3]
 481:Core/Src/main.c ****             {
 2438              		.loc 1 481 13 is_stmt 1 view .LVU521
 481:Core/Src/main.c ****             {
 2439              		.loc 1 481 26 is_stmt 0 view .LVU522
 2440 00e6 0B78     		ldrb	r3, [r1]	@ zero_extendqisi2
 2441 00e8 DBB2     		uxtb	r3, r3
 481:Core/Src/main.c ****             {
 2442              		.loc 1 481 16 view .LVU523
 2443 00ea 0A2B     		cmp	r3, #10
 2444 00ec 05D0     		beq	.L193
 2445              	.L168:
 509:Core/Src/main.c ****     }
 2446              		.loc 1 509 9 is_stmt 1 view .LVU524
 2447 00ee 0122     		movs	r2, #1
 2448 00f0 6F49     		ldr	r1, .L202+56
 2449 00f2 7048     		ldr	r0, .L202+60
 2450 00f4 FFF7FEFF 		bl	HAL_UART_Receive_IT
 2451              	.LVL216:
 2452 00f8 CEE7     		b	.L161
 2453              	.L193:
 483:Core/Src/main.c ****                 buffer_index = 0;                // Reset the index for the next string
 2454              		.loc 1 483 17 view .LVU525
 483:Core/Src/main.c ****                 buffer_index = 0;                // Reset the index for the next string
 2455              		.loc 1 483 28 is_stmt 0 view .LVU526
 2456 00fa 654A     		ldr	r2, .L202+24
 2457 00fc 1388     		ldrh	r3, [r2]
 2458 00fe 9BB2     		uxth	r3, r3
 483:Core/Src/main.c ****                 buffer_index = 0;                // Reset the index for the next string
 2459              		.loc 1 483 43 view .LVU527
 2460 0100 0146     		mov	r1, r0
 2461 0102 0020     		movs	r0, #0
 2462 0104 C854     		strb	r0, [r1, r3]
ARM GAS  /var/folders/8x/_y6g3dfs0698dfd49y4vcg_w0000gn/T//cciIlfrw.s 			page 71


 484:Core/Src/main.c **** 
 2463              		.loc 1 484 17 is_stmt 1 view .LVU528
 484:Core/Src/main.c **** 
 2464              		.loc 1 484 30 is_stmt 0 view .LVU529
 2465 0106 1080     		strh	r0, [r2]	@ movhi
 487:Core/Src/main.c **** 
 2466              		.loc 1 487 17 is_stmt 1 view .LVU530
 2467 0108 674C     		ldr	r4, .L202+48
 2468 010a 2046     		mov	r0, r4
 2469 010c FFF7FEFF 		bl	strcpy
 2470              	.LVL217:
 489:Core/Src/main.c ****                   ProcessReceivedString((char *)received_string);
 2471              		.loc 1 489 17 view .LVU531
 489:Core/Src/main.c ****                   ProcessReceivedString((char *)received_string);
 2472              		.loc 1 489 20 is_stmt 0 view .LVU532
 2473 0110 2146     		mov	r1, r4
 2474 0112 6948     		ldr	r0, .L202+64
 2475 0114 FFF7FEFF 		bl	strcmp
 2476              	.LVL218:
 489:Core/Src/main.c ****                   ProcessReceivedString((char *)received_string);
 2477              		.loc 1 489 19 discriminator 1 view .LVU533
 2478 0118 70B9     		cbnz	r0, .L194
 493:Core/Src/main.c ****                   ProcessReceivedString((char *)received_string);
 2479              		.loc 1 493 22 is_stmt 1 view .LVU534
 493:Core/Src/main.c ****                   ProcessReceivedString((char *)received_string);
 2480              		.loc 1 493 25 is_stmt 0 view .LVU535
 2481 011a 6849     		ldr	r1, .L202+68
 2482 011c 6248     		ldr	r0, .L202+48
 2483 011e FFF7FEFF 		bl	strcmp
 2484              	.LVL219:
 493:Core/Src/main.c ****                   ProcessReceivedString((char *)received_string);
 2485              		.loc 1 493 24 discriminator 1 view .LVU536
 2486 0122 0028     		cmp	r0, #0
 2487 0124 E3D0     		beq	.L168
 2488              	.LBB27:
 494:Core/Src/main.c ****                   strcpy((char *)previous_string, (char *)received_string);
 2489              		.loc 1 494 19 is_stmt 1 view .LVU537
 2490 0126 604C     		ldr	r4, .L202+48
 2491 0128 2046     		mov	r0, r4
 2492 012a FFF7FEFF 		bl	ProcessReceivedString
 2493              	.LVL220:
 495:Core/Src/main.c ****                 }
 2494              		.loc 1 495 19 view .LVU538
 2495 012e 2146     		mov	r1, r4
 2496 0130 6248     		ldr	r0, .L202+68
 2497 0132 FFF7FEFF 		bl	strcpy
 2498              	.LVL221:
 2499 0136 DAE7     		b	.L168
 2500              	.L194:
 2501              	.LBE27:
 2502              	.LBB28:
 490:Core/Src/main.c ****                   strcpy((char *)previous_string, (char *)received_string);
 2503              		.loc 1 490 19 view .LVU539
 2504 0138 2046     		mov	r0, r4
 2505 013a FFF7FEFF 		bl	ProcessReceivedString
 2506              	.LVL222:
 491:Core/Src/main.c ****                 }
ARM GAS  /var/folders/8x/_y6g3dfs0698dfd49y4vcg_w0000gn/T//cciIlfrw.s 			page 72


 2507              		.loc 1 491 19 view .LVU540
 2508 013e 2146     		mov	r1, r4
 2509 0140 5E48     		ldr	r0, .L202+68
 2510 0142 FFF7FEFF 		bl	strcpy
 2511              	.LVL223:
 2512              	.LBE28:
 2513 0146 D2E7     		b	.L168
 2514              	.LVL224:
 2515              	.L167:
 504:Core/Src/main.c ****             printf("Buffer overflow\r\n");
 2516              		.loc 1 504 13 view .LVU541
 504:Core/Src/main.c ****             printf("Buffer overflow\r\n");
 2517              		.loc 1 504 26 is_stmt 0 view .LVU542
 2518 0148 514B     		ldr	r3, .L202+24
 2519 014a 0022     		movs	r2, #0
 2520 014c 1A80     		strh	r2, [r3]	@ movhi
 505:Core/Src/main.c ****         }
 2521              		.loc 1 505 13 is_stmt 1 view .LVU543
 2522 014e 5748     		ldr	r0, .L202+52
 2523              	.LVL225:
 505:Core/Src/main.c ****         }
 2524              		.loc 1 505 13 is_stmt 0 view .LVU544
 2525 0150 FFF7FEFF 		bl	puts
 2526              	.LVL226:
 2527 0154 CBE7     		b	.L168
 2528              	.LVL227:
 2529              	.L188:
 514:Core/Src/main.c ****         {
 2530              		.loc 1 514 9 is_stmt 1 view .LVU545
 514:Core/Src/main.c ****         {
 2531              		.loc 1 514 26 is_stmt 0 view .LVU546
 2532 0156 4E4B     		ldr	r3, .L202+24
 2533 0158 1B88     		ldrh	r3, [r3]
 2534 015a 9BB2     		uxth	r3, r3
 514:Core/Src/main.c ****         {
 2535              		.loc 1 514 12 view .LVU547
 2536 015c FE2B     		cmp	r3, #254
 2537 015e 3BD8     		bhi	.L171
 516:Core/Src/main.c **** 
 2538              		.loc 1 516 13 is_stmt 1 view .LVU548
 516:Core/Src/main.c **** 
 2539              		.loc 1 516 37 is_stmt 0 view .LVU549
 2540 0160 4B49     		ldr	r1, .L202+24
 2541 0162 0B88     		ldrh	r3, [r1]
 2542 0164 9BB2     		uxth	r3, r3
 2543 0166 5A1C     		adds	r2, r3, #1
 2544 0168 92B2     		uxth	r2, r2
 2545 016a 0A80     		strh	r2, [r1]	@ movhi
 516:Core/Src/main.c **** 
 2546              		.loc 1 516 41 view .LVU550
 2547 016c 5449     		ldr	r1, .L202+72
 2548 016e 0A78     		ldrb	r2, [r1]	@ zero_extendqisi2
 2549 0170 D2B2     		uxtb	r2, r2
 2550 0172 4948     		ldr	r0, .L202+32
 2551              	.LVL228:
 516:Core/Src/main.c **** 
 2552              		.loc 1 516 41 view .LVU551
ARM GAS  /var/folders/8x/_y6g3dfs0698dfd49y4vcg_w0000gn/T//cciIlfrw.s 			page 73


 2553 0174 C254     		strb	r2, [r0, r3]
 519:Core/Src/main.c ****             {
 2554              		.loc 1 519 13 is_stmt 1 view .LVU552
 519:Core/Src/main.c ****             {
 2555              		.loc 1 519 26 is_stmt 0 view .LVU553
 2556 0176 0B78     		ldrb	r3, [r1]	@ zero_extendqisi2
 2557 0178 DBB2     		uxtb	r3, r3
 519:Core/Src/main.c ****             {
 2558              		.loc 1 519 16 view .LVU554
 2559 017a 0A2B     		cmp	r3, #10
 2560 017c 05D0     		beq	.L195
 2561              	.L172:
 545:Core/Src/main.c **** 
 2562              		.loc 1 545 9 is_stmt 1 view .LVU555
 2563 017e 0122     		movs	r2, #1
 2564 0180 4F49     		ldr	r1, .L202+72
 2565 0182 5048     		ldr	r0, .L202+76
 2566 0184 FFF7FEFF 		bl	HAL_UART_Receive_IT
 2567              	.LVL229:
 2568 0188 86E7     		b	.L161
 2569              	.L195:
 521:Core/Src/main.c ****                 buffer_index = 0;                // Reset the index for the next string
 2570              		.loc 1 521 17 view .LVU556
 521:Core/Src/main.c ****                 buffer_index = 0;                // Reset the index for the next string
 2571              		.loc 1 521 28 is_stmt 0 view .LVU557
 2572 018a 414A     		ldr	r2, .L202+24
 2573 018c 1388     		ldrh	r3, [r2]
 2574 018e 9BB2     		uxth	r3, r3
 521:Core/Src/main.c ****                 buffer_index = 0;                // Reset the index for the next string
 2575              		.loc 1 521 43 view .LVU558
 2576 0190 0146     		mov	r1, r0
 2577 0192 0020     		movs	r0, #0
 2578 0194 C854     		strb	r0, [r1, r3]
 522:Core/Src/main.c **** 
 2579              		.loc 1 522 17 is_stmt 1 view .LVU559
 522:Core/Src/main.c **** 
 2580              		.loc 1 522 30 is_stmt 0 view .LVU560
 2581 0196 1080     		strh	r0, [r2]	@ movhi
 525:Core/Src/main.c **** 
 2582              		.loc 1 525 17 is_stmt 1 view .LVU561
 2583 0198 434C     		ldr	r4, .L202+48
 2584 019a 2046     		mov	r0, r4
 2585 019c FFF7FEFF 		bl	strcpy
 2586              	.LVL230:
 527:Core/Src/main.c ****                   ProcessReceivedString((char *)received_string);
 2587              		.loc 1 527 17 view .LVU562
 527:Core/Src/main.c ****                   ProcessReceivedString((char *)received_string);
 2588              		.loc 1 527 20 is_stmt 0 view .LVU563
 2589 01a0 2146     		mov	r1, r4
 2590 01a2 4548     		ldr	r0, .L202+64
 2591 01a4 FFF7FEFF 		bl	strcmp
 2592              	.LVL231:
 527:Core/Src/main.c ****                   ProcessReceivedString((char *)received_string);
 2593              		.loc 1 527 19 discriminator 1 view .LVU564
 2594 01a8 70B9     		cbnz	r0, .L196
 531:Core/Src/main.c ****                   ProcessReceivedString((char *)received_string);
 2595              		.loc 1 531 22 is_stmt 1 view .LVU565
ARM GAS  /var/folders/8x/_y6g3dfs0698dfd49y4vcg_w0000gn/T//cciIlfrw.s 			page 74


 531:Core/Src/main.c ****                   ProcessReceivedString((char *)received_string);
 2596              		.loc 1 531 25 is_stmt 0 view .LVU566
 2597 01aa 4449     		ldr	r1, .L202+68
 2598 01ac 3E48     		ldr	r0, .L202+48
 2599 01ae FFF7FEFF 		bl	strcmp
 2600              	.LVL232:
 531:Core/Src/main.c ****                   ProcessReceivedString((char *)received_string);
 2601              		.loc 1 531 24 discriminator 1 view .LVU567
 2602 01b2 0028     		cmp	r0, #0
 2603 01b4 E3D0     		beq	.L172
 2604              	.LBB29:
 532:Core/Src/main.c ****                   strcpy((char *)previous_string, (char *)received_string);
 2605              		.loc 1 532 19 is_stmt 1 view .LVU568
 2606 01b6 3C4C     		ldr	r4, .L202+48
 2607 01b8 2046     		mov	r0, r4
 2608 01ba FFF7FEFF 		bl	ProcessReceivedString
 2609              	.LVL233:
 533:Core/Src/main.c ****                 }
 2610              		.loc 1 533 19 view .LVU569
 2611 01be 2146     		mov	r1, r4
 2612 01c0 3E48     		ldr	r0, .L202+68
 2613 01c2 FFF7FEFF 		bl	strcpy
 2614              	.LVL234:
 2615 01c6 DAE7     		b	.L172
 2616              	.L196:
 2617              	.LBE29:
 2618              	.LBB30:
 528:Core/Src/main.c ****                   strcpy((char *)previous_string, (char *)received_string);
 2619              		.loc 1 528 19 view .LVU570
 2620 01c8 2046     		mov	r0, r4
 2621 01ca FFF7FEFF 		bl	ProcessReceivedString
 2622              	.LVL235:
 529:Core/Src/main.c ****                 }
 2623              		.loc 1 529 19 view .LVU571
 2624 01ce 2146     		mov	r1, r4
 2625 01d0 3A48     		ldr	r0, .L202+68
 2626 01d2 FFF7FEFF 		bl	strcpy
 2627              	.LVL236:
 2628              	.LBE30:
 2629 01d6 D2E7     		b	.L172
 2630              	.LVL237:
 2631              	.L171:
 542:Core/Src/main.c ****             printf("Buffer overflow\r\n");
 2632              		.loc 1 542 13 view .LVU572
 542:Core/Src/main.c ****             printf("Buffer overflow\r\n");
 2633              		.loc 1 542 26 is_stmt 0 view .LVU573
 2634 01d8 2D4B     		ldr	r3, .L202+24
 2635 01da 0022     		movs	r2, #0
 2636 01dc 1A80     		strh	r2, [r3]	@ movhi
 543:Core/Src/main.c ****         }
 2637              		.loc 1 543 13 is_stmt 1 view .LVU574
 2638 01de 3348     		ldr	r0, .L202+52
 2639              	.LVL238:
 543:Core/Src/main.c ****         }
 2640              		.loc 1 543 13 is_stmt 0 view .LVU575
 2641 01e0 FFF7FEFF 		bl	puts
 2642              	.LVL239:
ARM GAS  /var/folders/8x/_y6g3dfs0698dfd49y4vcg_w0000gn/T//cciIlfrw.s 			page 75


 2643 01e4 CBE7     		b	.L172
 2644              	.LVL240:
 2645              	.L189:
 551:Core/Src/main.c ****         {
 2646              		.loc 1 551 9 is_stmt 1 view .LVU576
 551:Core/Src/main.c ****         {
 2647              		.loc 1 551 26 is_stmt 0 view .LVU577
 2648 01e6 2A4B     		ldr	r3, .L202+24
 2649 01e8 1B88     		ldrh	r3, [r3]
 2650 01ea 9BB2     		uxth	r3, r3
 551:Core/Src/main.c ****         {
 2651              		.loc 1 551 12 view .LVU578
 2652 01ec FE2B     		cmp	r3, #254
 2653 01ee 3BD8     		bhi	.L175
 553:Core/Src/main.c **** 
 2654              		.loc 1 553 13 is_stmt 1 view .LVU579
 553:Core/Src/main.c **** 
 2655              		.loc 1 553 37 is_stmt 0 view .LVU580
 2656 01f0 2749     		ldr	r1, .L202+24
 2657 01f2 0B88     		ldrh	r3, [r1]
 2658 01f4 9BB2     		uxth	r3, r3
 2659 01f6 5A1C     		adds	r2, r3, #1
 2660 01f8 92B2     		uxth	r2, r2
 2661 01fa 0A80     		strh	r2, [r1]	@ movhi
 553:Core/Src/main.c **** 
 2662              		.loc 1 553 41 view .LVU581
 2663 01fc 3249     		ldr	r1, .L202+80
 2664 01fe 0A78     		ldrb	r2, [r1]	@ zero_extendqisi2
 2665 0200 D2B2     		uxtb	r2, r2
 2666 0202 2548     		ldr	r0, .L202+32
 2667              	.LVL241:
 553:Core/Src/main.c **** 
 2668              		.loc 1 553 41 view .LVU582
 2669 0204 C254     		strb	r2, [r0, r3]
 556:Core/Src/main.c ****             {
 2670              		.loc 1 556 13 is_stmt 1 view .LVU583
 556:Core/Src/main.c ****             {
 2671              		.loc 1 556 26 is_stmt 0 view .LVU584
 2672 0206 0B78     		ldrb	r3, [r1]	@ zero_extendqisi2
 2673 0208 DBB2     		uxtb	r3, r3
 556:Core/Src/main.c ****             {
 2674              		.loc 1 556 16 view .LVU585
 2675 020a 0A2B     		cmp	r3, #10
 2676 020c 05D0     		beq	.L197
 2677              	.L176:
 582:Core/Src/main.c **** 
 2678              		.loc 1 582 9 is_stmt 1 view .LVU586
 2679 020e 0122     		movs	r2, #1
 2680 0210 2D49     		ldr	r1, .L202+80
 2681 0212 2E48     		ldr	r0, .L202+84
 2682 0214 FFF7FEFF 		bl	HAL_UART_Receive_IT
 2683              	.LVL242:
 2684 0218 3EE7     		b	.L161
 2685              	.L197:
 558:Core/Src/main.c ****                 buffer_index = 0;                // Reset the index for the next string
 2686              		.loc 1 558 17 view .LVU587
 558:Core/Src/main.c ****                 buffer_index = 0;                // Reset the index for the next string
ARM GAS  /var/folders/8x/_y6g3dfs0698dfd49y4vcg_w0000gn/T//cciIlfrw.s 			page 76


 2687              		.loc 1 558 28 is_stmt 0 view .LVU588
 2688 021a 1D4A     		ldr	r2, .L202+24
 2689 021c 1388     		ldrh	r3, [r2]
 2690 021e 9BB2     		uxth	r3, r3
 558:Core/Src/main.c ****                 buffer_index = 0;                // Reset the index for the next string
 2691              		.loc 1 558 43 view .LVU589
 2692 0220 0146     		mov	r1, r0
 2693 0222 0020     		movs	r0, #0
 2694 0224 C854     		strb	r0, [r1, r3]
 559:Core/Src/main.c **** 
 2695              		.loc 1 559 17 is_stmt 1 view .LVU590
 559:Core/Src/main.c **** 
 2696              		.loc 1 559 30 is_stmt 0 view .LVU591
 2697 0226 1080     		strh	r0, [r2]	@ movhi
 562:Core/Src/main.c **** 
 2698              		.loc 1 562 17 is_stmt 1 view .LVU592
 2699 0228 1F4C     		ldr	r4, .L202+48
 2700 022a 2046     		mov	r0, r4
 2701 022c FFF7FEFF 		bl	strcpy
 2702              	.LVL243:
 564:Core/Src/main.c ****                   ProcessReceivedString((char *)received_string);
 2703              		.loc 1 564 17 view .LVU593
 564:Core/Src/main.c ****                   ProcessReceivedString((char *)received_string);
 2704              		.loc 1 564 20 is_stmt 0 view .LVU594
 2705 0230 2146     		mov	r1, r4
 2706 0232 2148     		ldr	r0, .L202+64
 2707 0234 FFF7FEFF 		bl	strcmp
 2708              	.LVL244:
 564:Core/Src/main.c ****                   ProcessReceivedString((char *)received_string);
 2709              		.loc 1 564 19 discriminator 1 view .LVU595
 2710 0238 70B9     		cbnz	r0, .L198
 568:Core/Src/main.c ****                   ProcessReceivedString((char *)received_string);
 2711              		.loc 1 568 22 is_stmt 1 view .LVU596
 568:Core/Src/main.c ****                   ProcessReceivedString((char *)received_string);
 2712              		.loc 1 568 25 is_stmt 0 view .LVU597
 2713 023a 2049     		ldr	r1, .L202+68
 2714 023c 1A48     		ldr	r0, .L202+48
 2715 023e FFF7FEFF 		bl	strcmp
 2716              	.LVL245:
 568:Core/Src/main.c ****                   ProcessReceivedString((char *)received_string);
 2717              		.loc 1 568 24 discriminator 1 view .LVU598
 2718 0242 0028     		cmp	r0, #0
 2719 0244 E3D0     		beq	.L176
 2720              	.LBB31:
 569:Core/Src/main.c ****                   strcpy((char *)previous_string, (char *)received_string);
 2721              		.loc 1 569 19 is_stmt 1 view .LVU599
 2722 0246 184C     		ldr	r4, .L202+48
 2723 0248 2046     		mov	r0, r4
 2724 024a FFF7FEFF 		bl	ProcessReceivedString
 2725              	.LVL246:
 570:Core/Src/main.c ****                 }
 2726              		.loc 1 570 19 view .LVU600
 2727 024e 2146     		mov	r1, r4
 2728 0250 1A48     		ldr	r0, .L202+68
 2729 0252 FFF7FEFF 		bl	strcpy
 2730              	.LVL247:
 2731 0256 DAE7     		b	.L176
ARM GAS  /var/folders/8x/_y6g3dfs0698dfd49y4vcg_w0000gn/T//cciIlfrw.s 			page 77


 2732              	.L198:
 2733              	.LBE31:
 2734              	.LBB32:
 565:Core/Src/main.c ****                   strcpy((char *)previous_string, (char *)received_string);
 2735              		.loc 1 565 19 view .LVU601
 2736 0258 2046     		mov	r0, r4
 2737 025a FFF7FEFF 		bl	ProcessReceivedString
 2738              	.LVL248:
 566:Core/Src/main.c ****                 }
 2739              		.loc 1 566 19 view .LVU602
 2740 025e 2146     		mov	r1, r4
 2741 0260 1648     		ldr	r0, .L202+68
 2742 0262 FFF7FEFF 		bl	strcpy
 2743              	.LVL249:
 2744              	.LBE32:
 2745 0266 D2E7     		b	.L176
 2746              	.LVL250:
 2747              	.L175:
 579:Core/Src/main.c ****             printf("Buffer overflow\r\n");
 2748              		.loc 1 579 13 view .LVU603
 579:Core/Src/main.c ****             printf("Buffer overflow\r\n");
 2749              		.loc 1 579 26 is_stmt 0 view .LVU604
 2750 0268 094B     		ldr	r3, .L202+24
 2751 026a 0022     		movs	r2, #0
 2752 026c 1A80     		strh	r2, [r3]	@ movhi
 580:Core/Src/main.c ****         }
 2753              		.loc 1 580 13 is_stmt 1 view .LVU605
 2754 026e 0F48     		ldr	r0, .L202+52
 2755              	.LVL251:
 580:Core/Src/main.c ****         }
 2756              		.loc 1 580 13 is_stmt 0 view .LVU606
 2757 0270 FFF7FEFF 		bl	puts
 2758              	.LVL252:
 2759 0274 CBE7     		b	.L176
 2760              	.L203:
 2761 0276 00BF     		.align	2
 2762              	.L202:
 2763 0278 00100140 		.word	1073811456
 2764 027c 00140140 		.word	1073812480
 2765 0280 00440040 		.word	1073759232
 2766 0284 00480040 		.word	1073760256
 2767 0288 004C0040 		.word	1073761280
 2768 028c 00500040 		.word	1073762304
 2769 0290 00000000 		.word	buffer_index
 2770 0294 00000000 		.word	rx_byte5
 2771 0298 00000000 		.word	uart_buffer
 2772 029c 00000000 		.word	huart5
 2773 02a0 00000000 		.word	rx_byte
 2774 02a4 00000000 		.word	huart1
 2775 02a8 00000000 		.word	received_string
 2776 02ac 00000000 		.word	.LC49
 2777 02b0 00000000 		.word	rx_byte1
 2778 02b4 00000000 		.word	huart6
 2779 02b8 70010000 		.word	.LC29
 2780 02bc 00000000 		.word	previous_string
 2781 02c0 00000000 		.word	rx_byte2
 2782 02c4 00000000 		.word	huart2
ARM GAS  /var/folders/8x/_y6g3dfs0698dfd49y4vcg_w0000gn/T//cciIlfrw.s 			page 78


 2783 02c8 00000000 		.word	rx_byte3
 2784 02cc 00000000 		.word	huart3
 2785              	.LVL253:
 2786              	.L190:
 588:Core/Src/main.c ****         {
 2787              		.loc 1 588 9 is_stmt 1 view .LVU607
 588:Core/Src/main.c ****         {
 2788              		.loc 1 588 26 is_stmt 0 view .LVU608
 2789 02d0 3B4B     		ldr	r3, .L204
 2790 02d2 1B88     		ldrh	r3, [r3]
 2791 02d4 9BB2     		uxth	r3, r3
 588:Core/Src/main.c ****         {
 2792              		.loc 1 588 12 view .LVU609
 2793 02d6 FE2B     		cmp	r3, #254
 2794 02d8 3BD8     		bhi	.L179
 590:Core/Src/main.c **** 
 2795              		.loc 1 590 13 is_stmt 1 view .LVU610
 590:Core/Src/main.c **** 
 2796              		.loc 1 590 37 is_stmt 0 view .LVU611
 2797 02da 3949     		ldr	r1, .L204
 2798 02dc 0B88     		ldrh	r3, [r1]
 2799 02de 9BB2     		uxth	r3, r3
 2800 02e0 5A1C     		adds	r2, r3, #1
 2801 02e2 92B2     		uxth	r2, r2
 2802 02e4 0A80     		strh	r2, [r1]	@ movhi
 590:Core/Src/main.c **** 
 2803              		.loc 1 590 41 view .LVU612
 2804 02e6 3749     		ldr	r1, .L204+4
 2805 02e8 0A78     		ldrb	r2, [r1]	@ zero_extendqisi2
 2806 02ea D2B2     		uxtb	r2, r2
 2807 02ec 3648     		ldr	r0, .L204+8
 2808              	.LVL254:
 590:Core/Src/main.c **** 
 2809              		.loc 1 590 41 view .LVU613
 2810 02ee C254     		strb	r2, [r0, r3]
 593:Core/Src/main.c ****             {
 2811              		.loc 1 593 13 is_stmt 1 view .LVU614
 593:Core/Src/main.c ****             {
 2812              		.loc 1 593 26 is_stmt 0 view .LVU615
 2813 02f0 0B78     		ldrb	r3, [r1]	@ zero_extendqisi2
 2814 02f2 DBB2     		uxtb	r3, r3
 593:Core/Src/main.c ****             {
 2815              		.loc 1 593 16 view .LVU616
 2816 02f4 0A2B     		cmp	r3, #10
 2817 02f6 05D0     		beq	.L199
 2818              	.L180:
 619:Core/Src/main.c **** 
 2819              		.loc 1 619 9 is_stmt 1 view .LVU617
 2820 02f8 0122     		movs	r2, #1
 2821 02fa 3249     		ldr	r1, .L204+4
 2822 02fc 3348     		ldr	r0, .L204+12
 2823 02fe FFF7FEFF 		bl	HAL_UART_Receive_IT
 2824              	.LVL255:
 2825 0302 C9E6     		b	.L161
 2826              	.L199:
 595:Core/Src/main.c ****                 buffer_index = 0;                // Reset the index for the next string
 2827              		.loc 1 595 17 view .LVU618
ARM GAS  /var/folders/8x/_y6g3dfs0698dfd49y4vcg_w0000gn/T//cciIlfrw.s 			page 79


 595:Core/Src/main.c ****                 buffer_index = 0;                // Reset the index for the next string
 2828              		.loc 1 595 28 is_stmt 0 view .LVU619
 2829 0304 2E4A     		ldr	r2, .L204
 2830 0306 1388     		ldrh	r3, [r2]
 2831 0308 9BB2     		uxth	r3, r3
 595:Core/Src/main.c ****                 buffer_index = 0;                // Reset the index for the next string
 2832              		.loc 1 595 43 view .LVU620
 2833 030a 0146     		mov	r1, r0
 2834 030c 0020     		movs	r0, #0
 2835 030e C854     		strb	r0, [r1, r3]
 596:Core/Src/main.c **** 
 2836              		.loc 1 596 17 is_stmt 1 view .LVU621
 596:Core/Src/main.c **** 
 2837              		.loc 1 596 30 is_stmt 0 view .LVU622
 2838 0310 1080     		strh	r0, [r2]	@ movhi
 599:Core/Src/main.c **** 
 2839              		.loc 1 599 17 is_stmt 1 view .LVU623
 2840 0312 2F4C     		ldr	r4, .L204+16
 2841 0314 2046     		mov	r0, r4
 2842 0316 FFF7FEFF 		bl	strcpy
 2843              	.LVL256:
 601:Core/Src/main.c ****                   ProcessReceivedString((char *)received_string);
 2844              		.loc 1 601 17 view .LVU624
 601:Core/Src/main.c ****                   ProcessReceivedString((char *)received_string);
 2845              		.loc 1 601 20 is_stmt 0 view .LVU625
 2846 031a 2146     		mov	r1, r4
 2847 031c 2D48     		ldr	r0, .L204+20
 2848 031e FFF7FEFF 		bl	strcmp
 2849              	.LVL257:
 601:Core/Src/main.c ****                   ProcessReceivedString((char *)received_string);
 2850              		.loc 1 601 19 discriminator 1 view .LVU626
 2851 0322 70B9     		cbnz	r0, .L200
 605:Core/Src/main.c ****                   ProcessReceivedString((char *)received_string);
 2852              		.loc 1 605 22 is_stmt 1 view .LVU627
 605:Core/Src/main.c ****                   ProcessReceivedString((char *)received_string);
 2853              		.loc 1 605 25 is_stmt 0 view .LVU628
 2854 0324 2C49     		ldr	r1, .L204+24
 2855 0326 2A48     		ldr	r0, .L204+16
 2856 0328 FFF7FEFF 		bl	strcmp
 2857              	.LVL258:
 605:Core/Src/main.c ****                   ProcessReceivedString((char *)received_string);
 2858              		.loc 1 605 24 discriminator 1 view .LVU629
 2859 032c 0028     		cmp	r0, #0
 2860 032e E3D0     		beq	.L180
 2861              	.LBB33:
 606:Core/Src/main.c ****                   strcpy((char *)previous_string, (char *)received_string);
 2862              		.loc 1 606 19 is_stmt 1 view .LVU630
 2863 0330 274C     		ldr	r4, .L204+16
 2864 0332 2046     		mov	r0, r4
 2865 0334 FFF7FEFF 		bl	ProcessReceivedString
 2866              	.LVL259:
 607:Core/Src/main.c ****                 }
 2867              		.loc 1 607 19 view .LVU631
 2868 0338 2146     		mov	r1, r4
 2869 033a 2748     		ldr	r0, .L204+24
 2870 033c FFF7FEFF 		bl	strcpy
 2871              	.LVL260:
ARM GAS  /var/folders/8x/_y6g3dfs0698dfd49y4vcg_w0000gn/T//cciIlfrw.s 			page 80


 2872 0340 DAE7     		b	.L180
 2873              	.L200:
 2874              	.LBE33:
 2875              	.LBB34:
 602:Core/Src/main.c ****                   strcpy((char *)previous_string, (char *)received_string);
 2876              		.loc 1 602 19 view .LVU632
 2877 0342 2046     		mov	r0, r4
 2878 0344 FFF7FEFF 		bl	ProcessReceivedString
 2879              	.LVL261:
 603:Core/Src/main.c ****                 }
 2880              		.loc 1 603 19 view .LVU633
 2881 0348 2146     		mov	r1, r4
 2882 034a 2348     		ldr	r0, .L204+24
 2883 034c FFF7FEFF 		bl	strcpy
 2884              	.LVL262:
 2885              	.LBE34:
 2886 0350 D2E7     		b	.L180
 2887              	.LVL263:
 2888              	.L179:
 616:Core/Src/main.c ****             printf("Buffer overflow\r\n");
 2889              		.loc 1 616 13 view .LVU634
 616:Core/Src/main.c ****             printf("Buffer overflow\r\n");
 2890              		.loc 1 616 26 is_stmt 0 view .LVU635
 2891 0352 1B4B     		ldr	r3, .L204
 2892 0354 0022     		movs	r2, #0
 2893 0356 1A80     		strh	r2, [r3]	@ movhi
 617:Core/Src/main.c ****         }
 2894              		.loc 1 617 13 is_stmt 1 view .LVU636
 2895 0358 2048     		ldr	r0, .L204+28
 2896              	.LVL264:
 617:Core/Src/main.c ****         }
 2897              		.loc 1 617 13 is_stmt 0 view .LVU637
 2898 035a FFF7FEFF 		bl	puts
 2899              	.LVL265:
 2900 035e CBE7     		b	.L180
 2901              	.L191:
 632:Core/Src/main.c ****                 buffer_index = 0;                // Reset the index for the next string
 2902              		.loc 1 632 17 is_stmt 1 view .LVU638
 632:Core/Src/main.c ****                 buffer_index = 0;                // Reset the index for the next string
 2903              		.loc 1 632 28 is_stmt 0 view .LVU639
 2904 0360 174A     		ldr	r2, .L204
 2905 0362 1388     		ldrh	r3, [r2]
 2906 0364 9BB2     		uxth	r3, r3
 632:Core/Src/main.c ****                 buffer_index = 0;                // Reset the index for the next string
 2907              		.loc 1 632 43 view .LVU640
 2908 0366 0146     		mov	r1, r0
 2909 0368 0020     		movs	r0, #0
 2910 036a C854     		strb	r0, [r1, r3]
 633:Core/Src/main.c **** 
 2911              		.loc 1 633 17 is_stmt 1 view .LVU641
 633:Core/Src/main.c **** 
 2912              		.loc 1 633 30 is_stmt 0 view .LVU642
 2913 036c 1080     		strh	r0, [r2]	@ movhi
 636:Core/Src/main.c **** 
 2914              		.loc 1 636 17 is_stmt 1 view .LVU643
 2915 036e 184C     		ldr	r4, .L204+16
 2916 0370 2046     		mov	r0, r4
ARM GAS  /var/folders/8x/_y6g3dfs0698dfd49y4vcg_w0000gn/T//cciIlfrw.s 			page 81


 2917 0372 FFF7FEFF 		bl	strcpy
 2918              	.LVL266:
 638:Core/Src/main.c ****                   ProcessReceivedString((char *)received_string);
 2919              		.loc 1 638 17 view .LVU644
 638:Core/Src/main.c ****                   ProcessReceivedString((char *)received_string);
 2920              		.loc 1 638 20 is_stmt 0 view .LVU645
 2921 0376 2146     		mov	r1, r4
 2922 0378 1648     		ldr	r0, .L204+20
 2923 037a FFF7FEFF 		bl	strcmp
 2924              	.LVL267:
 638:Core/Src/main.c ****                   ProcessReceivedString((char *)received_string);
 2925              		.loc 1 638 19 discriminator 1 view .LVU646
 2926 037e 78B9     		cbnz	r0, .L201
 642:Core/Src/main.c ****                   ProcessReceivedString((char *)received_string);
 2927              		.loc 1 642 22 is_stmt 1 view .LVU647
 642:Core/Src/main.c ****                   ProcessReceivedString((char *)received_string);
 2928              		.loc 1 642 25 is_stmt 0 view .LVU648
 2929 0380 1549     		ldr	r1, .L204+24
 2930 0382 1348     		ldr	r0, .L204+16
 2931 0384 FFF7FEFF 		bl	strcmp
 2932              	.LVL268:
 642:Core/Src/main.c ****                   ProcessReceivedString((char *)received_string);
 2933              		.loc 1 642 24 discriminator 1 view .LVU649
 2934 0388 0028     		cmp	r0, #0
 2935 038a 3FF466AE 		beq	.L183
 2936              	.LBB35:
 643:Core/Src/main.c ****                   strcpy((char *)previous_string, (char *)received_string);
 2937              		.loc 1 643 19 is_stmt 1 view .LVU650
 2938 038e 104C     		ldr	r4, .L204+16
 2939 0390 2046     		mov	r0, r4
 2940 0392 FFF7FEFF 		bl	ProcessReceivedString
 2941              	.LVL269:
 644:Core/Src/main.c ****                 }
 2942              		.loc 1 644 19 view .LVU651
 2943 0396 2146     		mov	r1, r4
 2944 0398 0F48     		ldr	r0, .L204+24
 2945 039a FFF7FEFF 		bl	strcpy
 2946              	.LVL270:
 2947 039e 5CE6     		b	.L183
 2948              	.L201:
 2949              	.LBE35:
 2950              	.LBB36:
 639:Core/Src/main.c ****                   strcpy((char *)previous_string, (char *)received_string);
 2951              		.loc 1 639 19 view .LVU652
 2952 03a0 2046     		mov	r0, r4
 2953 03a2 FFF7FEFF 		bl	ProcessReceivedString
 2954              	.LVL271:
 640:Core/Src/main.c ****                 }
 2955              		.loc 1 640 19 view .LVU653
 2956 03a6 2146     		mov	r1, r4
 2957 03a8 0B48     		ldr	r0, .L204+24
 2958 03aa FFF7FEFF 		bl	strcpy
 2959              	.LVL272:
 2960              	.LBE36:
 2961 03ae 54E6     		b	.L183
 2962              	.LVL273:
 2963              	.L182:
ARM GAS  /var/folders/8x/_y6g3dfs0698dfd49y4vcg_w0000gn/T//cciIlfrw.s 			page 82


 653:Core/Src/main.c ****             printf("Buffer overflow\r\n");
 2964              		.loc 1 653 13 view .LVU654
 653:Core/Src/main.c ****             printf("Buffer overflow\r\n");
 2965              		.loc 1 653 26 is_stmt 0 view .LVU655
 2966 03b0 034B     		ldr	r3, .L204
 2967 03b2 0022     		movs	r2, #0
 2968 03b4 1A80     		strh	r2, [r3]	@ movhi
 654:Core/Src/main.c ****         }
 2969              		.loc 1 654 13 is_stmt 1 view .LVU656
 2970 03b6 0948     		ldr	r0, .L204+28
 2971              	.LVL274:
 654:Core/Src/main.c ****         }
 2972              		.loc 1 654 13 is_stmt 0 view .LVU657
 2973 03b8 FFF7FEFF 		bl	puts
 2974              	.LVL275:
 2975 03bc 4DE6     		b	.L183
 2976              	.L205:
 2977 03be 00BF     		.align	2
 2978              	.L204:
 2979 03c0 00000000 		.word	buffer_index
 2980 03c4 00000000 		.word	rx_byte4
 2981 03c8 00000000 		.word	uart_buffer
 2982 03cc 00000000 		.word	huart4
 2983 03d0 00000000 		.word	received_string
 2984 03d4 70010000 		.word	.LC29
 2985 03d8 00000000 		.word	previous_string
 2986 03dc 00000000 		.word	.LC49
 2987              		.cfi_endproc
 2988              	.LFE250:
 2990              		.section	.text.inject,"ax",%progbits
 2991              		.align	1
 2992              		.global	inject
 2993              		.syntax unified
 2994              		.thumb
 2995              		.thumb_func
 2997              	inject:
 2998              	.LVL276:
 2999              	.LFB264:
1065:Core/Src/main.c **** 
1066:Core/Src/main.c **** void inject(int direction, int adc) {
 3000              		.loc 1 1066 37 is_stmt 1 view -0
 3001              		.cfi_startproc
 3002              		@ args = 0, pretend = 0, frame = 0
 3003              		@ frame_needed = 0, uses_anonymous_args = 0
 3004              		@ link register save eliminated.
1067:Core/Src/main.c ****   if (direction == INJECT) {
 3005              		.loc 1 1067 3 view .LVU659
 3006              		.loc 1 1067 6 is_stmt 0 view .LVU660
 3007 0000 0128     		cmp	r0, #1
 3008 0002 08D0     		beq	.L212
1068:Core/Src/main.c ****       if (adc > injectionLimit) {
1069:Core/Src/main.c ****           __HAL_TIM_SET_COMPARE(&htim4, TIM_CHANNEL_1, 0);       // 0% duty cycle
1070:Core/Src/main.c ****           __HAL_TIM_SET_COMPARE(&htim4, TIM_CHANNEL_2, 16384);   // 25% duty cycle
1071:Core/Src/main.c ****       } else {
1072:Core/Src/main.c ****           __HAL_TIM_SET_COMPARE(&htim4, TIM_CHANNEL_1, 0);
1073:Core/Src/main.c ****           __HAL_TIM_SET_COMPARE(&htim4, TIM_CHANNEL_2, 0);
1074:Core/Src/main.c ****           injectFlag = STOP;
ARM GAS  /var/folders/8x/_y6g3dfs0698dfd49y4vcg_w0000gn/T//cciIlfrw.s 			page 83


1075:Core/Src/main.c ****       }
1076:Core/Src/main.c ****   } else if (direction == RETRACT) {
 3009              		.loc 1 1076 10 is_stmt 1 view .LVU661
 3010              		.loc 1 1076 13 is_stmt 0 view .LVU662
 3011 0004 0228     		cmp	r0, #2
 3012 0006 1AD0     		beq	.L213
1077:Core/Src/main.c ****       if (adc < retractionLimit) {
1078:Core/Src/main.c ****           __HAL_TIM_SET_COMPARE(&htim4, TIM_CHANNEL_1, 16384);   // 25% duty cycle
1079:Core/Src/main.c ****           __HAL_TIM_SET_COMPARE(&htim4, TIM_CHANNEL_2, 0);       // 0% duty cycle
1080:Core/Src/main.c ****       } else {
1081:Core/Src/main.c ****           __HAL_TIM_SET_COMPARE(&htim4, TIM_CHANNEL_1, 0);
1082:Core/Src/main.c ****           __HAL_TIM_SET_COMPARE(&htim4, TIM_CHANNEL_2, 0);
1083:Core/Src/main.c ****           injectFlag = STOP;
1084:Core/Src/main.c ****       }
1085:Core/Src/main.c ****   } else if (direction == STOP) {
 3013              		.loc 1 1085 10 is_stmt 1 view .LVU663
 3014              		.loc 1 1085 13 is_stmt 0 view .LVU664
 3015 0008 20B9     		cbnz	r0, .L206
1086:Core/Src/main.c ****       __HAL_TIM_SET_COMPARE(&htim4, TIM_CHANNEL_1, 0);
 3016              		.loc 1 1086 7 is_stmt 1 view .LVU665
 3017 000a 174B     		ldr	r3, .L214
 3018 000c 1B68     		ldr	r3, [r3]
 3019 000e 0022     		movs	r2, #0
 3020 0010 5A63     		str	r2, [r3, #52]
1087:Core/Src/main.c ****       __HAL_TIM_SET_COMPARE(&htim4, TIM_CHANNEL_2, 0);
 3021              		.loc 1 1087 7 view .LVU666
 3022 0012 9A63     		str	r2, [r3, #56]
 3023              	.L206:
1088:Core/Src/main.c ****   }
1089:Core/Src/main.c **** }
 3024              		.loc 1 1089 1 is_stmt 0 view .LVU667
 3025 0014 7047     		bx	lr
 3026              	.L212:
1068:Core/Src/main.c ****           __HAL_TIM_SET_COMPARE(&htim4, TIM_CHANNEL_1, 0);       // 0% duty cycle
 3027              		.loc 1 1068 7 is_stmt 1 view .LVU668
1068:Core/Src/main.c ****           __HAL_TIM_SET_COMPARE(&htim4, TIM_CHANNEL_1, 0);       // 0% duty cycle
 3028              		.loc 1 1068 15 is_stmt 0 view .LVU669
 3029 0016 154B     		ldr	r3, .L214+4
 3030 0018 1B68     		ldr	r3, [r3]
1068:Core/Src/main.c ****           __HAL_TIM_SET_COMPARE(&htim4, TIM_CHANNEL_1, 0);       // 0% duty cycle
 3031              		.loc 1 1068 10 view .LVU670
 3032 001a 8B42     		cmp	r3, r1
 3033 001c 07DA     		bge	.L208
1069:Core/Src/main.c ****           __HAL_TIM_SET_COMPARE(&htim4, TIM_CHANNEL_2, 16384);   // 25% duty cycle
 3034              		.loc 1 1069 11 is_stmt 1 view .LVU671
 3035 001e 124B     		ldr	r3, .L214
 3036 0020 1B68     		ldr	r3, [r3]
 3037 0022 0022     		movs	r2, #0
 3038 0024 5A63     		str	r2, [r3, #52]
1070:Core/Src/main.c ****       } else {
 3039              		.loc 1 1070 11 view .LVU672
 3040 0026 4FF48042 		mov	r2, #16384
 3041 002a 9A63     		str	r2, [r3, #56]
 3042 002c 7047     		bx	lr
 3043              	.L208:
1072:Core/Src/main.c ****           __HAL_TIM_SET_COMPARE(&htim4, TIM_CHANNEL_2, 0);
 3044              		.loc 1 1072 11 view .LVU673
ARM GAS  /var/folders/8x/_y6g3dfs0698dfd49y4vcg_w0000gn/T//cciIlfrw.s 			page 84


 3045 002e 0E4B     		ldr	r3, .L214
 3046 0030 1A68     		ldr	r2, [r3]
 3047 0032 0023     		movs	r3, #0
 3048 0034 5363     		str	r3, [r2, #52]
1073:Core/Src/main.c ****           injectFlag = STOP;
 3049              		.loc 1 1073 11 view .LVU674
 3050 0036 9363     		str	r3, [r2, #56]
1074:Core/Src/main.c ****       }
 3051              		.loc 1 1074 11 view .LVU675
1074:Core/Src/main.c ****       }
 3052              		.loc 1 1074 22 is_stmt 0 view .LVU676
 3053 0038 0D4A     		ldr	r2, .L214+8
 3054 003a 1360     		str	r3, [r2]
 3055 003c 7047     		bx	lr
 3056              	.L213:
1077:Core/Src/main.c ****           __HAL_TIM_SET_COMPARE(&htim4, TIM_CHANNEL_1, 16384);   // 25% duty cycle
 3057              		.loc 1 1077 7 is_stmt 1 view .LVU677
1077:Core/Src/main.c ****           __HAL_TIM_SET_COMPARE(&htim4, TIM_CHANNEL_1, 16384);   // 25% duty cycle
 3058              		.loc 1 1077 15 is_stmt 0 view .LVU678
 3059 003e 0D4B     		ldr	r3, .L214+12
 3060 0040 1B68     		ldr	r3, [r3]
1077:Core/Src/main.c ****           __HAL_TIM_SET_COMPARE(&htim4, TIM_CHANNEL_1, 16384);   // 25% duty cycle
 3061              		.loc 1 1077 10 view .LVU679
 3062 0042 8B42     		cmp	r3, r1
 3063 0044 07DD     		ble	.L211
1078:Core/Src/main.c ****           __HAL_TIM_SET_COMPARE(&htim4, TIM_CHANNEL_2, 0);       // 0% duty cycle
 3064              		.loc 1 1078 11 is_stmt 1 view .LVU680
 3065 0046 084B     		ldr	r3, .L214
 3066 0048 1B68     		ldr	r3, [r3]
 3067 004a 4FF48042 		mov	r2, #16384
 3068 004e 5A63     		str	r2, [r3, #52]
1079:Core/Src/main.c ****       } else {
 3069              		.loc 1 1079 11 view .LVU681
 3070 0050 0022     		movs	r2, #0
 3071 0052 9A63     		str	r2, [r3, #56]
 3072 0054 7047     		bx	lr
 3073              	.L211:
1081:Core/Src/main.c ****           __HAL_TIM_SET_COMPARE(&htim4, TIM_CHANNEL_2, 0);
 3074              		.loc 1 1081 11 view .LVU682
 3075 0056 044B     		ldr	r3, .L214
 3076 0058 1A68     		ldr	r2, [r3]
 3077 005a 0023     		movs	r3, #0
 3078 005c 5363     		str	r3, [r2, #52]
1082:Core/Src/main.c ****           injectFlag = STOP;
 3079              		.loc 1 1082 11 view .LVU683
 3080 005e 9363     		str	r3, [r2, #56]
1083:Core/Src/main.c ****       }
 3081              		.loc 1 1083 11 view .LVU684
1083:Core/Src/main.c ****       }
 3082              		.loc 1 1083 22 is_stmt 0 view .LVU685
 3083 0060 034A     		ldr	r2, .L214+8
 3084 0062 1360     		str	r3, [r2]
 3085 0064 7047     		bx	lr
 3086              	.L215:
 3087 0066 00BF     		.align	2
 3088              	.L214:
 3089 0068 00000000 		.word	htim4
ARM GAS  /var/folders/8x/_y6g3dfs0698dfd49y4vcg_w0000gn/T//cciIlfrw.s 			page 85


 3090 006c 00000000 		.word	injectionLimit
 3091 0070 00000000 		.word	injectFlag
 3092 0074 00000000 		.word	retractionLimit
 3093              		.cfi_endproc
 3094              	.LFE264:
 3096              		.section	.text.Error_Handler,"ax",%progbits
 3097              		.align	1
 3098              		.global	Error_Handler
 3099              		.syntax unified
 3100              		.thumb
 3101              		.thumb_func
 3103              	Error_Handler:
 3104              	.LFB265:
1090:Core/Src/main.c **** 
1091:Core/Src/main.c **** 
1092:Core/Src/main.c **** /* USER CODE END 4 */
1093:Core/Src/main.c **** 
1094:Core/Src/main.c **** /**
1095:Core/Src/main.c ****   * @brief  This function is executed in case of error occurrence.
1096:Core/Src/main.c ****   * @retval None
1097:Core/Src/main.c ****   */
1098:Core/Src/main.c **** void Error_Handler(void)
1099:Core/Src/main.c **** {
 3105              		.loc 1 1099 1 is_stmt 1 view -0
 3106              		.cfi_startproc
 3107              		@ Volatile: function does not return.
 3108              		@ args = 0, pretend = 0, frame = 0
 3109              		@ frame_needed = 0, uses_anonymous_args = 0
 3110              		@ link register save eliminated.
1100:Core/Src/main.c ****   /* USER CODE BEGIN Error_Handler_Debug */
1101:Core/Src/main.c ****   /* User can add his own implementation to report the HAL error return state */
1102:Core/Src/main.c ****   __disable_irq();
 3111              		.loc 1 1102 3 view .LVU687
 3112              	.LBB37:
 3113              	.LBI37:
 3114              		.file 2 "Drivers/CMSIS/Include/cmsis_gcc.h"
   1:Drivers/CMSIS/Include/cmsis_gcc.h **** /**************************************************************************//**
   2:Drivers/CMSIS/Include/cmsis_gcc.h ****  * @file     cmsis_gcc.h
   3:Drivers/CMSIS/Include/cmsis_gcc.h ****  * @brief    CMSIS compiler GCC header file
   4:Drivers/CMSIS/Include/cmsis_gcc.h ****  * @version  V5.4.1
   5:Drivers/CMSIS/Include/cmsis_gcc.h ****  * @date     27. May 2021
   6:Drivers/CMSIS/Include/cmsis_gcc.h ****  ******************************************************************************/
   7:Drivers/CMSIS/Include/cmsis_gcc.h **** /*
   8:Drivers/CMSIS/Include/cmsis_gcc.h ****  * Copyright (c) 2009-2021 Arm Limited. All rights reserved.
   9:Drivers/CMSIS/Include/cmsis_gcc.h ****  *
  10:Drivers/CMSIS/Include/cmsis_gcc.h ****  * SPDX-License-Identifier: Apache-2.0
  11:Drivers/CMSIS/Include/cmsis_gcc.h ****  *
  12:Drivers/CMSIS/Include/cmsis_gcc.h ****  * Licensed under the Apache License, Version 2.0 (the License); you may
  13:Drivers/CMSIS/Include/cmsis_gcc.h ****  * not use this file except in compliance with the License.
  14:Drivers/CMSIS/Include/cmsis_gcc.h ****  * You may obtain a copy of the License at
  15:Drivers/CMSIS/Include/cmsis_gcc.h ****  *
  16:Drivers/CMSIS/Include/cmsis_gcc.h ****  * www.apache.org/licenses/LICENSE-2.0
  17:Drivers/CMSIS/Include/cmsis_gcc.h ****  *
  18:Drivers/CMSIS/Include/cmsis_gcc.h ****  * Unless required by applicable law or agreed to in writing, software
  19:Drivers/CMSIS/Include/cmsis_gcc.h ****  * distributed under the License is distributed on an AS IS BASIS, WITHOUT
  20:Drivers/CMSIS/Include/cmsis_gcc.h ****  * WARRANTIES OR CONDITIONS OF ANY KIND, either express or implied.
  21:Drivers/CMSIS/Include/cmsis_gcc.h ****  * See the License for the specific language governing permissions and
ARM GAS  /var/folders/8x/_y6g3dfs0698dfd49y4vcg_w0000gn/T//cciIlfrw.s 			page 86


  22:Drivers/CMSIS/Include/cmsis_gcc.h ****  * limitations under the License.
  23:Drivers/CMSIS/Include/cmsis_gcc.h ****  */
  24:Drivers/CMSIS/Include/cmsis_gcc.h **** 
  25:Drivers/CMSIS/Include/cmsis_gcc.h **** #ifndef __CMSIS_GCC_H
  26:Drivers/CMSIS/Include/cmsis_gcc.h **** #define __CMSIS_GCC_H
  27:Drivers/CMSIS/Include/cmsis_gcc.h **** 
  28:Drivers/CMSIS/Include/cmsis_gcc.h **** /* ignore some GCC warnings */
  29:Drivers/CMSIS/Include/cmsis_gcc.h **** #pragma GCC diagnostic push
  30:Drivers/CMSIS/Include/cmsis_gcc.h **** #pragma GCC diagnostic ignored "-Wsign-conversion"
  31:Drivers/CMSIS/Include/cmsis_gcc.h **** #pragma GCC diagnostic ignored "-Wconversion"
  32:Drivers/CMSIS/Include/cmsis_gcc.h **** #pragma GCC diagnostic ignored "-Wunused-parameter"
  33:Drivers/CMSIS/Include/cmsis_gcc.h **** 
  34:Drivers/CMSIS/Include/cmsis_gcc.h **** /* Fallback for __has_builtin */
  35:Drivers/CMSIS/Include/cmsis_gcc.h **** #ifndef __has_builtin
  36:Drivers/CMSIS/Include/cmsis_gcc.h ****   #define __has_builtin(x) (0)
  37:Drivers/CMSIS/Include/cmsis_gcc.h **** #endif
  38:Drivers/CMSIS/Include/cmsis_gcc.h **** 
  39:Drivers/CMSIS/Include/cmsis_gcc.h **** /* CMSIS compiler specific defines */
  40:Drivers/CMSIS/Include/cmsis_gcc.h **** #ifndef   __ASM
  41:Drivers/CMSIS/Include/cmsis_gcc.h ****   #define __ASM                                  __asm
  42:Drivers/CMSIS/Include/cmsis_gcc.h **** #endif
  43:Drivers/CMSIS/Include/cmsis_gcc.h **** #ifndef   __INLINE
  44:Drivers/CMSIS/Include/cmsis_gcc.h ****   #define __INLINE                               inline
  45:Drivers/CMSIS/Include/cmsis_gcc.h **** #endif
  46:Drivers/CMSIS/Include/cmsis_gcc.h **** #ifndef   __STATIC_INLINE
  47:Drivers/CMSIS/Include/cmsis_gcc.h ****   #define __STATIC_INLINE                        static inline
  48:Drivers/CMSIS/Include/cmsis_gcc.h **** #endif
  49:Drivers/CMSIS/Include/cmsis_gcc.h **** #ifndef   __STATIC_FORCEINLINE
  50:Drivers/CMSIS/Include/cmsis_gcc.h ****   #define __STATIC_FORCEINLINE                   __attribute__((always_inline)) static inline
  51:Drivers/CMSIS/Include/cmsis_gcc.h **** #endif
  52:Drivers/CMSIS/Include/cmsis_gcc.h **** #ifndef   __NO_RETURN
  53:Drivers/CMSIS/Include/cmsis_gcc.h ****   #define __NO_RETURN                            __attribute__((__noreturn__))
  54:Drivers/CMSIS/Include/cmsis_gcc.h **** #endif
  55:Drivers/CMSIS/Include/cmsis_gcc.h **** #ifndef   __USED
  56:Drivers/CMSIS/Include/cmsis_gcc.h ****   #define __USED                                 __attribute__((used))
  57:Drivers/CMSIS/Include/cmsis_gcc.h **** #endif
  58:Drivers/CMSIS/Include/cmsis_gcc.h **** #ifndef   __WEAK
  59:Drivers/CMSIS/Include/cmsis_gcc.h ****   #define __WEAK                                 __attribute__((weak))
  60:Drivers/CMSIS/Include/cmsis_gcc.h **** #endif
  61:Drivers/CMSIS/Include/cmsis_gcc.h **** #ifndef   __PACKED
  62:Drivers/CMSIS/Include/cmsis_gcc.h ****   #define __PACKED                               __attribute__((packed, aligned(1)))
  63:Drivers/CMSIS/Include/cmsis_gcc.h **** #endif
  64:Drivers/CMSIS/Include/cmsis_gcc.h **** #ifndef   __PACKED_STRUCT
  65:Drivers/CMSIS/Include/cmsis_gcc.h ****   #define __PACKED_STRUCT                        struct __attribute__((packed, aligned(1)))
  66:Drivers/CMSIS/Include/cmsis_gcc.h **** #endif
  67:Drivers/CMSIS/Include/cmsis_gcc.h **** #ifndef   __PACKED_UNION
  68:Drivers/CMSIS/Include/cmsis_gcc.h ****   #define __PACKED_UNION                         union __attribute__((packed, aligned(1)))
  69:Drivers/CMSIS/Include/cmsis_gcc.h **** #endif
  70:Drivers/CMSIS/Include/cmsis_gcc.h **** #ifndef   __UNALIGNED_UINT32        /* deprecated */
  71:Drivers/CMSIS/Include/cmsis_gcc.h ****   #pragma GCC diagnostic push
  72:Drivers/CMSIS/Include/cmsis_gcc.h ****   #pragma GCC diagnostic ignored "-Wpacked"
  73:Drivers/CMSIS/Include/cmsis_gcc.h ****   #pragma GCC diagnostic ignored "-Wattributes"
  74:Drivers/CMSIS/Include/cmsis_gcc.h ****   struct __attribute__((packed)) T_UINT32 { uint32_t v; };
  75:Drivers/CMSIS/Include/cmsis_gcc.h ****   #pragma GCC diagnostic pop
  76:Drivers/CMSIS/Include/cmsis_gcc.h ****   #define __UNALIGNED_UINT32(x)                  (((struct T_UINT32 *)(x))->v)
  77:Drivers/CMSIS/Include/cmsis_gcc.h **** #endif
  78:Drivers/CMSIS/Include/cmsis_gcc.h **** #ifndef   __UNALIGNED_UINT16_WRITE
ARM GAS  /var/folders/8x/_y6g3dfs0698dfd49y4vcg_w0000gn/T//cciIlfrw.s 			page 87


  79:Drivers/CMSIS/Include/cmsis_gcc.h ****   #pragma GCC diagnostic push
  80:Drivers/CMSIS/Include/cmsis_gcc.h ****   #pragma GCC diagnostic ignored "-Wpacked"
  81:Drivers/CMSIS/Include/cmsis_gcc.h ****   #pragma GCC diagnostic ignored "-Wattributes"
  82:Drivers/CMSIS/Include/cmsis_gcc.h ****   __PACKED_STRUCT T_UINT16_WRITE { uint16_t v; };
  83:Drivers/CMSIS/Include/cmsis_gcc.h ****   #pragma GCC diagnostic pop
  84:Drivers/CMSIS/Include/cmsis_gcc.h ****   #define __UNALIGNED_UINT16_WRITE(addr, val)    (void)((((struct T_UINT16_WRITE *)(void *)(addr))-
  85:Drivers/CMSIS/Include/cmsis_gcc.h **** #endif
  86:Drivers/CMSIS/Include/cmsis_gcc.h **** #ifndef   __UNALIGNED_UINT16_READ
  87:Drivers/CMSIS/Include/cmsis_gcc.h ****   #pragma GCC diagnostic push
  88:Drivers/CMSIS/Include/cmsis_gcc.h ****   #pragma GCC diagnostic ignored "-Wpacked"
  89:Drivers/CMSIS/Include/cmsis_gcc.h ****   #pragma GCC diagnostic ignored "-Wattributes"
  90:Drivers/CMSIS/Include/cmsis_gcc.h ****   __PACKED_STRUCT T_UINT16_READ { uint16_t v; };
  91:Drivers/CMSIS/Include/cmsis_gcc.h ****   #pragma GCC diagnostic pop
  92:Drivers/CMSIS/Include/cmsis_gcc.h ****   #define __UNALIGNED_UINT16_READ(addr)          (((const struct T_UINT16_READ *)(const void *)(add
  93:Drivers/CMSIS/Include/cmsis_gcc.h **** #endif
  94:Drivers/CMSIS/Include/cmsis_gcc.h **** #ifndef   __UNALIGNED_UINT32_WRITE
  95:Drivers/CMSIS/Include/cmsis_gcc.h ****   #pragma GCC diagnostic push
  96:Drivers/CMSIS/Include/cmsis_gcc.h ****   #pragma GCC diagnostic ignored "-Wpacked"
  97:Drivers/CMSIS/Include/cmsis_gcc.h ****   #pragma GCC diagnostic ignored "-Wattributes"
  98:Drivers/CMSIS/Include/cmsis_gcc.h ****   __PACKED_STRUCT T_UINT32_WRITE { uint32_t v; };
  99:Drivers/CMSIS/Include/cmsis_gcc.h ****   #pragma GCC diagnostic pop
 100:Drivers/CMSIS/Include/cmsis_gcc.h ****   #define __UNALIGNED_UINT32_WRITE(addr, val)    (void)((((struct T_UINT32_WRITE *)(void *)(addr))-
 101:Drivers/CMSIS/Include/cmsis_gcc.h **** #endif
 102:Drivers/CMSIS/Include/cmsis_gcc.h **** #ifndef   __UNALIGNED_UINT32_READ
 103:Drivers/CMSIS/Include/cmsis_gcc.h ****   #pragma GCC diagnostic push
 104:Drivers/CMSIS/Include/cmsis_gcc.h ****   #pragma GCC diagnostic ignored "-Wpacked"
 105:Drivers/CMSIS/Include/cmsis_gcc.h ****   #pragma GCC diagnostic ignored "-Wattributes"
 106:Drivers/CMSIS/Include/cmsis_gcc.h ****   __PACKED_STRUCT T_UINT32_READ { uint32_t v; };
 107:Drivers/CMSIS/Include/cmsis_gcc.h ****   #pragma GCC diagnostic pop
 108:Drivers/CMSIS/Include/cmsis_gcc.h ****   #define __UNALIGNED_UINT32_READ(addr)          (((const struct T_UINT32_READ *)(const void *)(add
 109:Drivers/CMSIS/Include/cmsis_gcc.h **** #endif
 110:Drivers/CMSIS/Include/cmsis_gcc.h **** #ifndef   __ALIGNED
 111:Drivers/CMSIS/Include/cmsis_gcc.h ****   #define __ALIGNED(x)                           __attribute__((aligned(x)))
 112:Drivers/CMSIS/Include/cmsis_gcc.h **** #endif
 113:Drivers/CMSIS/Include/cmsis_gcc.h **** #ifndef   __RESTRICT
 114:Drivers/CMSIS/Include/cmsis_gcc.h ****   #define __RESTRICT                             __restrict
 115:Drivers/CMSIS/Include/cmsis_gcc.h **** #endif
 116:Drivers/CMSIS/Include/cmsis_gcc.h **** #ifndef   __COMPILER_BARRIER
 117:Drivers/CMSIS/Include/cmsis_gcc.h ****   #define __COMPILER_BARRIER()                   __ASM volatile("":::"memory")
 118:Drivers/CMSIS/Include/cmsis_gcc.h **** #endif
 119:Drivers/CMSIS/Include/cmsis_gcc.h **** 
 120:Drivers/CMSIS/Include/cmsis_gcc.h **** /* #########################  Startup and Lowlevel Init  ######################## */
 121:Drivers/CMSIS/Include/cmsis_gcc.h **** 
 122:Drivers/CMSIS/Include/cmsis_gcc.h **** #ifndef __PROGRAM_START
 123:Drivers/CMSIS/Include/cmsis_gcc.h **** 
 124:Drivers/CMSIS/Include/cmsis_gcc.h **** /**
 125:Drivers/CMSIS/Include/cmsis_gcc.h ****   \brief   Initializes data and bss sections
 126:Drivers/CMSIS/Include/cmsis_gcc.h ****   \details This default implementations initialized all data and additional bss
 127:Drivers/CMSIS/Include/cmsis_gcc.h ****            sections relying on .copy.table and .zero.table specified properly
 128:Drivers/CMSIS/Include/cmsis_gcc.h ****            in the used linker script.
 129:Drivers/CMSIS/Include/cmsis_gcc.h **** 
 130:Drivers/CMSIS/Include/cmsis_gcc.h ****  */
 131:Drivers/CMSIS/Include/cmsis_gcc.h **** __STATIC_FORCEINLINE __NO_RETURN void __cmsis_start(void)
 132:Drivers/CMSIS/Include/cmsis_gcc.h **** {
 133:Drivers/CMSIS/Include/cmsis_gcc.h ****   extern void _start(void) __NO_RETURN;
 134:Drivers/CMSIS/Include/cmsis_gcc.h **** 
 135:Drivers/CMSIS/Include/cmsis_gcc.h ****   typedef struct {
ARM GAS  /var/folders/8x/_y6g3dfs0698dfd49y4vcg_w0000gn/T//cciIlfrw.s 			page 88


 136:Drivers/CMSIS/Include/cmsis_gcc.h ****     uint32_t const* src;
 137:Drivers/CMSIS/Include/cmsis_gcc.h ****     uint32_t* dest;
 138:Drivers/CMSIS/Include/cmsis_gcc.h ****     uint32_t  wlen;
 139:Drivers/CMSIS/Include/cmsis_gcc.h ****   } __copy_table_t;
 140:Drivers/CMSIS/Include/cmsis_gcc.h **** 
 141:Drivers/CMSIS/Include/cmsis_gcc.h ****   typedef struct {
 142:Drivers/CMSIS/Include/cmsis_gcc.h ****     uint32_t* dest;
 143:Drivers/CMSIS/Include/cmsis_gcc.h ****     uint32_t  wlen;
 144:Drivers/CMSIS/Include/cmsis_gcc.h ****   } __zero_table_t;
 145:Drivers/CMSIS/Include/cmsis_gcc.h **** 
 146:Drivers/CMSIS/Include/cmsis_gcc.h ****   extern const __copy_table_t __copy_table_start__;
 147:Drivers/CMSIS/Include/cmsis_gcc.h ****   extern const __copy_table_t __copy_table_end__;
 148:Drivers/CMSIS/Include/cmsis_gcc.h ****   extern const __zero_table_t __zero_table_start__;
 149:Drivers/CMSIS/Include/cmsis_gcc.h ****   extern const __zero_table_t __zero_table_end__;
 150:Drivers/CMSIS/Include/cmsis_gcc.h **** 
 151:Drivers/CMSIS/Include/cmsis_gcc.h ****   for (__copy_table_t const* pTable = &__copy_table_start__; pTable < &__copy_table_end__; ++pTable
 152:Drivers/CMSIS/Include/cmsis_gcc.h ****     for(uint32_t i=0u; i<pTable->wlen; ++i) {
 153:Drivers/CMSIS/Include/cmsis_gcc.h ****       pTable->dest[i] = pTable->src[i];
 154:Drivers/CMSIS/Include/cmsis_gcc.h ****     }
 155:Drivers/CMSIS/Include/cmsis_gcc.h ****   }
 156:Drivers/CMSIS/Include/cmsis_gcc.h **** 
 157:Drivers/CMSIS/Include/cmsis_gcc.h ****   for (__zero_table_t const* pTable = &__zero_table_start__; pTable < &__zero_table_end__; ++pTable
 158:Drivers/CMSIS/Include/cmsis_gcc.h ****     for(uint32_t i=0u; i<pTable->wlen; ++i) {
 159:Drivers/CMSIS/Include/cmsis_gcc.h ****       pTable->dest[i] = 0u;
 160:Drivers/CMSIS/Include/cmsis_gcc.h ****     }
 161:Drivers/CMSIS/Include/cmsis_gcc.h ****   }
 162:Drivers/CMSIS/Include/cmsis_gcc.h **** 
 163:Drivers/CMSIS/Include/cmsis_gcc.h ****   _start();
 164:Drivers/CMSIS/Include/cmsis_gcc.h **** }
 165:Drivers/CMSIS/Include/cmsis_gcc.h **** 
 166:Drivers/CMSIS/Include/cmsis_gcc.h **** #define __PROGRAM_START           __cmsis_start
 167:Drivers/CMSIS/Include/cmsis_gcc.h **** #endif
 168:Drivers/CMSIS/Include/cmsis_gcc.h **** 
 169:Drivers/CMSIS/Include/cmsis_gcc.h **** #ifndef __INITIAL_SP
 170:Drivers/CMSIS/Include/cmsis_gcc.h **** #define __INITIAL_SP              __StackTop
 171:Drivers/CMSIS/Include/cmsis_gcc.h **** #endif
 172:Drivers/CMSIS/Include/cmsis_gcc.h **** 
 173:Drivers/CMSIS/Include/cmsis_gcc.h **** #ifndef __STACK_LIMIT
 174:Drivers/CMSIS/Include/cmsis_gcc.h **** #define __STACK_LIMIT             __StackLimit
 175:Drivers/CMSIS/Include/cmsis_gcc.h **** #endif
 176:Drivers/CMSIS/Include/cmsis_gcc.h **** 
 177:Drivers/CMSIS/Include/cmsis_gcc.h **** #ifndef __VECTOR_TABLE
 178:Drivers/CMSIS/Include/cmsis_gcc.h **** #define __VECTOR_TABLE            __Vectors
 179:Drivers/CMSIS/Include/cmsis_gcc.h **** #endif
 180:Drivers/CMSIS/Include/cmsis_gcc.h **** 
 181:Drivers/CMSIS/Include/cmsis_gcc.h **** #ifndef __VECTOR_TABLE_ATTRIBUTE
 182:Drivers/CMSIS/Include/cmsis_gcc.h **** #define __VECTOR_TABLE_ATTRIBUTE  __attribute__((used, section(".vectors")))
 183:Drivers/CMSIS/Include/cmsis_gcc.h **** #endif
 184:Drivers/CMSIS/Include/cmsis_gcc.h **** 
 185:Drivers/CMSIS/Include/cmsis_gcc.h **** #if defined (__ARM_FEATURE_CMSE) && (__ARM_FEATURE_CMSE == 3U)
 186:Drivers/CMSIS/Include/cmsis_gcc.h **** #ifndef __STACK_SEAL
 187:Drivers/CMSIS/Include/cmsis_gcc.h **** #define __STACK_SEAL              __StackSeal
 188:Drivers/CMSIS/Include/cmsis_gcc.h **** #endif
 189:Drivers/CMSIS/Include/cmsis_gcc.h **** 
 190:Drivers/CMSIS/Include/cmsis_gcc.h **** #ifndef __TZ_STACK_SEAL_SIZE
 191:Drivers/CMSIS/Include/cmsis_gcc.h **** #define __TZ_STACK_SEAL_SIZE      8U
 192:Drivers/CMSIS/Include/cmsis_gcc.h **** #endif
ARM GAS  /var/folders/8x/_y6g3dfs0698dfd49y4vcg_w0000gn/T//cciIlfrw.s 			page 89


 193:Drivers/CMSIS/Include/cmsis_gcc.h **** 
 194:Drivers/CMSIS/Include/cmsis_gcc.h **** #ifndef __TZ_STACK_SEAL_VALUE
 195:Drivers/CMSIS/Include/cmsis_gcc.h **** #define __TZ_STACK_SEAL_VALUE     0xFEF5EDA5FEF5EDA5ULL
 196:Drivers/CMSIS/Include/cmsis_gcc.h **** #endif
 197:Drivers/CMSIS/Include/cmsis_gcc.h **** 
 198:Drivers/CMSIS/Include/cmsis_gcc.h **** 
 199:Drivers/CMSIS/Include/cmsis_gcc.h **** __STATIC_FORCEINLINE void __TZ_set_STACKSEAL_S (uint32_t* stackTop) {
 200:Drivers/CMSIS/Include/cmsis_gcc.h ****   *((uint64_t *)stackTop) = __TZ_STACK_SEAL_VALUE;
 201:Drivers/CMSIS/Include/cmsis_gcc.h **** }
 202:Drivers/CMSIS/Include/cmsis_gcc.h **** #endif
 203:Drivers/CMSIS/Include/cmsis_gcc.h **** 
 204:Drivers/CMSIS/Include/cmsis_gcc.h **** 
 205:Drivers/CMSIS/Include/cmsis_gcc.h **** /* ##########################  Core Instruction Access  ######################### */
 206:Drivers/CMSIS/Include/cmsis_gcc.h **** /** \defgroup CMSIS_Core_InstructionInterface CMSIS Core Instruction Interface
 207:Drivers/CMSIS/Include/cmsis_gcc.h ****   Access to dedicated instructions
 208:Drivers/CMSIS/Include/cmsis_gcc.h ****   @{
 209:Drivers/CMSIS/Include/cmsis_gcc.h **** */
 210:Drivers/CMSIS/Include/cmsis_gcc.h **** 
 211:Drivers/CMSIS/Include/cmsis_gcc.h **** /* Define macros for porting to both thumb1 and thumb2.
 212:Drivers/CMSIS/Include/cmsis_gcc.h ****  * For thumb1, use low register (r0-r7), specified by constraint "l"
 213:Drivers/CMSIS/Include/cmsis_gcc.h ****  * Otherwise, use general registers, specified by constraint "r" */
 214:Drivers/CMSIS/Include/cmsis_gcc.h **** #if defined (__thumb__) && !defined (__thumb2__)
 215:Drivers/CMSIS/Include/cmsis_gcc.h **** #define __CMSIS_GCC_OUT_REG(r) "=l" (r)
 216:Drivers/CMSIS/Include/cmsis_gcc.h **** #define __CMSIS_GCC_RW_REG(r) "+l" (r)
 217:Drivers/CMSIS/Include/cmsis_gcc.h **** #define __CMSIS_GCC_USE_REG(r) "l" (r)
 218:Drivers/CMSIS/Include/cmsis_gcc.h **** #else
 219:Drivers/CMSIS/Include/cmsis_gcc.h **** #define __CMSIS_GCC_OUT_REG(r) "=r" (r)
 220:Drivers/CMSIS/Include/cmsis_gcc.h **** #define __CMSIS_GCC_RW_REG(r) "+r" (r)
 221:Drivers/CMSIS/Include/cmsis_gcc.h **** #define __CMSIS_GCC_USE_REG(r) "r" (r)
 222:Drivers/CMSIS/Include/cmsis_gcc.h **** #endif
 223:Drivers/CMSIS/Include/cmsis_gcc.h **** 
 224:Drivers/CMSIS/Include/cmsis_gcc.h **** /**
 225:Drivers/CMSIS/Include/cmsis_gcc.h ****   \brief   No Operation
 226:Drivers/CMSIS/Include/cmsis_gcc.h ****   \details No Operation does nothing. This instruction can be used for code alignment purposes.
 227:Drivers/CMSIS/Include/cmsis_gcc.h ****  */
 228:Drivers/CMSIS/Include/cmsis_gcc.h **** #define __NOP()                             __ASM volatile ("nop")
 229:Drivers/CMSIS/Include/cmsis_gcc.h **** 
 230:Drivers/CMSIS/Include/cmsis_gcc.h **** /**
 231:Drivers/CMSIS/Include/cmsis_gcc.h ****   \brief   Wait For Interrupt
 232:Drivers/CMSIS/Include/cmsis_gcc.h ****   \details Wait For Interrupt is a hint instruction that suspends execution until one of a number o
 233:Drivers/CMSIS/Include/cmsis_gcc.h ****  */
 234:Drivers/CMSIS/Include/cmsis_gcc.h **** #define __WFI()                             __ASM volatile ("wfi":::"memory")
 235:Drivers/CMSIS/Include/cmsis_gcc.h **** 
 236:Drivers/CMSIS/Include/cmsis_gcc.h **** 
 237:Drivers/CMSIS/Include/cmsis_gcc.h **** /**
 238:Drivers/CMSIS/Include/cmsis_gcc.h ****   \brief   Wait For Event
 239:Drivers/CMSIS/Include/cmsis_gcc.h ****   \details Wait For Event is a hint instruction that permits the processor to enter
 240:Drivers/CMSIS/Include/cmsis_gcc.h ****            a low-power state until one of a number of events occurs.
 241:Drivers/CMSIS/Include/cmsis_gcc.h ****  */
 242:Drivers/CMSIS/Include/cmsis_gcc.h **** #define __WFE()                             __ASM volatile ("wfe":::"memory")
 243:Drivers/CMSIS/Include/cmsis_gcc.h **** 
 244:Drivers/CMSIS/Include/cmsis_gcc.h **** 
 245:Drivers/CMSIS/Include/cmsis_gcc.h **** /**
 246:Drivers/CMSIS/Include/cmsis_gcc.h ****   \brief   Send Event
 247:Drivers/CMSIS/Include/cmsis_gcc.h ****   \details Send Event is a hint instruction. It causes an event to be signaled to the CPU.
 248:Drivers/CMSIS/Include/cmsis_gcc.h ****  */
 249:Drivers/CMSIS/Include/cmsis_gcc.h **** #define __SEV()                             __ASM volatile ("sev")
ARM GAS  /var/folders/8x/_y6g3dfs0698dfd49y4vcg_w0000gn/T//cciIlfrw.s 			page 90


 250:Drivers/CMSIS/Include/cmsis_gcc.h **** 
 251:Drivers/CMSIS/Include/cmsis_gcc.h **** 
 252:Drivers/CMSIS/Include/cmsis_gcc.h **** /**
 253:Drivers/CMSIS/Include/cmsis_gcc.h ****   \brief   Instruction Synchronization Barrier
 254:Drivers/CMSIS/Include/cmsis_gcc.h ****   \details Instruction Synchronization Barrier flushes the pipeline in the processor,
 255:Drivers/CMSIS/Include/cmsis_gcc.h ****            so that all instructions following the ISB are fetched from cache or memory,
 256:Drivers/CMSIS/Include/cmsis_gcc.h ****            after the instruction has been completed.
 257:Drivers/CMSIS/Include/cmsis_gcc.h ****  */
 258:Drivers/CMSIS/Include/cmsis_gcc.h **** __STATIC_FORCEINLINE void __ISB(void)
 259:Drivers/CMSIS/Include/cmsis_gcc.h **** {
 260:Drivers/CMSIS/Include/cmsis_gcc.h ****   __ASM volatile ("isb 0xF":::"memory");
 261:Drivers/CMSIS/Include/cmsis_gcc.h **** }
 262:Drivers/CMSIS/Include/cmsis_gcc.h **** 
 263:Drivers/CMSIS/Include/cmsis_gcc.h **** 
 264:Drivers/CMSIS/Include/cmsis_gcc.h **** /**
 265:Drivers/CMSIS/Include/cmsis_gcc.h ****   \brief   Data Synchronization Barrier
 266:Drivers/CMSIS/Include/cmsis_gcc.h ****   \details Acts as a special kind of Data Memory Barrier.
 267:Drivers/CMSIS/Include/cmsis_gcc.h ****            It completes when all explicit memory accesses before this instruction complete.
 268:Drivers/CMSIS/Include/cmsis_gcc.h ****  */
 269:Drivers/CMSIS/Include/cmsis_gcc.h **** __STATIC_FORCEINLINE void __DSB(void)
 270:Drivers/CMSIS/Include/cmsis_gcc.h **** {
 271:Drivers/CMSIS/Include/cmsis_gcc.h ****   __ASM volatile ("dsb 0xF":::"memory");
 272:Drivers/CMSIS/Include/cmsis_gcc.h **** }
 273:Drivers/CMSIS/Include/cmsis_gcc.h **** 
 274:Drivers/CMSIS/Include/cmsis_gcc.h **** 
 275:Drivers/CMSIS/Include/cmsis_gcc.h **** /**
 276:Drivers/CMSIS/Include/cmsis_gcc.h ****   \brief   Data Memory Barrier
 277:Drivers/CMSIS/Include/cmsis_gcc.h ****   \details Ensures the apparent order of the explicit memory operations before
 278:Drivers/CMSIS/Include/cmsis_gcc.h ****            and after the instruction, without ensuring their completion.
 279:Drivers/CMSIS/Include/cmsis_gcc.h ****  */
 280:Drivers/CMSIS/Include/cmsis_gcc.h **** __STATIC_FORCEINLINE void __DMB(void)
 281:Drivers/CMSIS/Include/cmsis_gcc.h **** {
 282:Drivers/CMSIS/Include/cmsis_gcc.h ****   __ASM volatile ("dmb 0xF":::"memory");
 283:Drivers/CMSIS/Include/cmsis_gcc.h **** }
 284:Drivers/CMSIS/Include/cmsis_gcc.h **** 
 285:Drivers/CMSIS/Include/cmsis_gcc.h **** 
 286:Drivers/CMSIS/Include/cmsis_gcc.h **** /**
 287:Drivers/CMSIS/Include/cmsis_gcc.h ****   \brief   Reverse byte order (32 bit)
 288:Drivers/CMSIS/Include/cmsis_gcc.h ****   \details Reverses the byte order in unsigned integer value. For example, 0x12345678 becomes 0x785
 289:Drivers/CMSIS/Include/cmsis_gcc.h ****   \param [in]    value  Value to reverse
 290:Drivers/CMSIS/Include/cmsis_gcc.h ****   \return               Reversed value
 291:Drivers/CMSIS/Include/cmsis_gcc.h ****  */
 292:Drivers/CMSIS/Include/cmsis_gcc.h **** __STATIC_FORCEINLINE uint32_t __REV(uint32_t value)
 293:Drivers/CMSIS/Include/cmsis_gcc.h **** {
 294:Drivers/CMSIS/Include/cmsis_gcc.h **** #if (__GNUC__ > 4) || (__GNUC__ == 4 && __GNUC_MINOR__ >= 5)
 295:Drivers/CMSIS/Include/cmsis_gcc.h ****   return __builtin_bswap32(value);
 296:Drivers/CMSIS/Include/cmsis_gcc.h **** #else
 297:Drivers/CMSIS/Include/cmsis_gcc.h ****   uint32_t result;
 298:Drivers/CMSIS/Include/cmsis_gcc.h **** 
 299:Drivers/CMSIS/Include/cmsis_gcc.h ****   __ASM ("rev %0, %1" : __CMSIS_GCC_OUT_REG (result) : __CMSIS_GCC_USE_REG (value) );
 300:Drivers/CMSIS/Include/cmsis_gcc.h ****   return result;
 301:Drivers/CMSIS/Include/cmsis_gcc.h **** #endif
 302:Drivers/CMSIS/Include/cmsis_gcc.h **** }
 303:Drivers/CMSIS/Include/cmsis_gcc.h **** 
 304:Drivers/CMSIS/Include/cmsis_gcc.h **** 
 305:Drivers/CMSIS/Include/cmsis_gcc.h **** /**
 306:Drivers/CMSIS/Include/cmsis_gcc.h ****   \brief   Reverse byte order (16 bit)
ARM GAS  /var/folders/8x/_y6g3dfs0698dfd49y4vcg_w0000gn/T//cciIlfrw.s 			page 91


 307:Drivers/CMSIS/Include/cmsis_gcc.h ****   \details Reverses the byte order within each halfword of a word. For example, 0x12345678 becomes 
 308:Drivers/CMSIS/Include/cmsis_gcc.h ****   \param [in]    value  Value to reverse
 309:Drivers/CMSIS/Include/cmsis_gcc.h ****   \return               Reversed value
 310:Drivers/CMSIS/Include/cmsis_gcc.h ****  */
 311:Drivers/CMSIS/Include/cmsis_gcc.h **** __STATIC_FORCEINLINE uint32_t __REV16(uint32_t value)
 312:Drivers/CMSIS/Include/cmsis_gcc.h **** {
 313:Drivers/CMSIS/Include/cmsis_gcc.h ****   uint32_t result;
 314:Drivers/CMSIS/Include/cmsis_gcc.h **** 
 315:Drivers/CMSIS/Include/cmsis_gcc.h ****   __ASM ("rev16 %0, %1" : __CMSIS_GCC_OUT_REG (result) : __CMSIS_GCC_USE_REG (value) );
 316:Drivers/CMSIS/Include/cmsis_gcc.h ****   return result;
 317:Drivers/CMSIS/Include/cmsis_gcc.h **** }
 318:Drivers/CMSIS/Include/cmsis_gcc.h **** 
 319:Drivers/CMSIS/Include/cmsis_gcc.h **** 
 320:Drivers/CMSIS/Include/cmsis_gcc.h **** /**
 321:Drivers/CMSIS/Include/cmsis_gcc.h ****   \brief   Reverse byte order (16 bit)
 322:Drivers/CMSIS/Include/cmsis_gcc.h ****   \details Reverses the byte order in a 16-bit value and returns the signed 16-bit result. For exam
 323:Drivers/CMSIS/Include/cmsis_gcc.h ****   \param [in]    value  Value to reverse
 324:Drivers/CMSIS/Include/cmsis_gcc.h ****   \return               Reversed value
 325:Drivers/CMSIS/Include/cmsis_gcc.h ****  */
 326:Drivers/CMSIS/Include/cmsis_gcc.h **** __STATIC_FORCEINLINE int16_t __REVSH(int16_t value)
 327:Drivers/CMSIS/Include/cmsis_gcc.h **** {
 328:Drivers/CMSIS/Include/cmsis_gcc.h **** #if (__GNUC__ > 4) || (__GNUC__ == 4 && __GNUC_MINOR__ >= 8)
 329:Drivers/CMSIS/Include/cmsis_gcc.h ****   return (int16_t)__builtin_bswap16(value);
 330:Drivers/CMSIS/Include/cmsis_gcc.h **** #else
 331:Drivers/CMSIS/Include/cmsis_gcc.h ****   int16_t result;
 332:Drivers/CMSIS/Include/cmsis_gcc.h **** 
 333:Drivers/CMSIS/Include/cmsis_gcc.h ****   __ASM ("revsh %0, %1" : __CMSIS_GCC_OUT_REG (result) : __CMSIS_GCC_USE_REG (value) );
 334:Drivers/CMSIS/Include/cmsis_gcc.h ****   return result;
 335:Drivers/CMSIS/Include/cmsis_gcc.h **** #endif
 336:Drivers/CMSIS/Include/cmsis_gcc.h **** }
 337:Drivers/CMSIS/Include/cmsis_gcc.h **** 
 338:Drivers/CMSIS/Include/cmsis_gcc.h **** 
 339:Drivers/CMSIS/Include/cmsis_gcc.h **** /**
 340:Drivers/CMSIS/Include/cmsis_gcc.h ****   \brief   Rotate Right in unsigned value (32 bit)
 341:Drivers/CMSIS/Include/cmsis_gcc.h ****   \details Rotate Right (immediate) provides the value of the contents of a register rotated by a v
 342:Drivers/CMSIS/Include/cmsis_gcc.h ****   \param [in]    op1  Value to rotate
 343:Drivers/CMSIS/Include/cmsis_gcc.h ****   \param [in]    op2  Number of Bits to rotate
 344:Drivers/CMSIS/Include/cmsis_gcc.h ****   \return               Rotated value
 345:Drivers/CMSIS/Include/cmsis_gcc.h ****  */
 346:Drivers/CMSIS/Include/cmsis_gcc.h **** __STATIC_FORCEINLINE uint32_t __ROR(uint32_t op1, uint32_t op2)
 347:Drivers/CMSIS/Include/cmsis_gcc.h **** {
 348:Drivers/CMSIS/Include/cmsis_gcc.h ****   op2 %= 32U;
 349:Drivers/CMSIS/Include/cmsis_gcc.h ****   if (op2 == 0U)
 350:Drivers/CMSIS/Include/cmsis_gcc.h ****   {
 351:Drivers/CMSIS/Include/cmsis_gcc.h ****     return op1;
 352:Drivers/CMSIS/Include/cmsis_gcc.h ****   }
 353:Drivers/CMSIS/Include/cmsis_gcc.h ****   return (op1 >> op2) | (op1 << (32U - op2));
 354:Drivers/CMSIS/Include/cmsis_gcc.h **** }
 355:Drivers/CMSIS/Include/cmsis_gcc.h **** 
 356:Drivers/CMSIS/Include/cmsis_gcc.h **** 
 357:Drivers/CMSIS/Include/cmsis_gcc.h **** /**
 358:Drivers/CMSIS/Include/cmsis_gcc.h ****   \brief   Breakpoint
 359:Drivers/CMSIS/Include/cmsis_gcc.h ****   \details Causes the processor to enter Debug state.
 360:Drivers/CMSIS/Include/cmsis_gcc.h ****            Debug tools can use this to investigate system state when the instruction at a particula
 361:Drivers/CMSIS/Include/cmsis_gcc.h ****   \param [in]    value  is ignored by the processor.
 362:Drivers/CMSIS/Include/cmsis_gcc.h ****                  If required, a debugger can use it to store additional information about the break
 363:Drivers/CMSIS/Include/cmsis_gcc.h ****  */
ARM GAS  /var/folders/8x/_y6g3dfs0698dfd49y4vcg_w0000gn/T//cciIlfrw.s 			page 92


 364:Drivers/CMSIS/Include/cmsis_gcc.h **** #define __BKPT(value)                       __ASM volatile ("bkpt "#value)
 365:Drivers/CMSIS/Include/cmsis_gcc.h **** 
 366:Drivers/CMSIS/Include/cmsis_gcc.h **** 
 367:Drivers/CMSIS/Include/cmsis_gcc.h **** /**
 368:Drivers/CMSIS/Include/cmsis_gcc.h ****   \brief   Reverse bit order of value
 369:Drivers/CMSIS/Include/cmsis_gcc.h ****   \details Reverses the bit order of the given value.
 370:Drivers/CMSIS/Include/cmsis_gcc.h ****   \param [in]    value  Value to reverse
 371:Drivers/CMSIS/Include/cmsis_gcc.h ****   \return               Reversed value
 372:Drivers/CMSIS/Include/cmsis_gcc.h ****  */
 373:Drivers/CMSIS/Include/cmsis_gcc.h **** __STATIC_FORCEINLINE uint32_t __RBIT(uint32_t value)
 374:Drivers/CMSIS/Include/cmsis_gcc.h **** {
 375:Drivers/CMSIS/Include/cmsis_gcc.h ****   uint32_t result;
 376:Drivers/CMSIS/Include/cmsis_gcc.h **** 
 377:Drivers/CMSIS/Include/cmsis_gcc.h **** #if ((defined (__ARM_ARCH_7M__      ) && (__ARM_ARCH_7M__      == 1)) || \
 378:Drivers/CMSIS/Include/cmsis_gcc.h ****      (defined (__ARM_ARCH_7EM__     ) && (__ARM_ARCH_7EM__     == 1)) || \
 379:Drivers/CMSIS/Include/cmsis_gcc.h ****      (defined (__ARM_ARCH_8M_MAIN__ ) && (__ARM_ARCH_8M_MAIN__ == 1))    )
 380:Drivers/CMSIS/Include/cmsis_gcc.h ****    __ASM ("rbit %0, %1" : "=r" (result) : "r" (value) );
 381:Drivers/CMSIS/Include/cmsis_gcc.h **** #else
 382:Drivers/CMSIS/Include/cmsis_gcc.h ****   uint32_t s = (4U /*sizeof(v)*/ * 8U) - 1U; /* extra shift needed at end */
 383:Drivers/CMSIS/Include/cmsis_gcc.h **** 
 384:Drivers/CMSIS/Include/cmsis_gcc.h ****   result = value;                      /* r will be reversed bits of v; first get LSB of v */
 385:Drivers/CMSIS/Include/cmsis_gcc.h ****   for (value >>= 1U; value != 0U; value >>= 1U)
 386:Drivers/CMSIS/Include/cmsis_gcc.h ****   {
 387:Drivers/CMSIS/Include/cmsis_gcc.h ****     result <<= 1U;
 388:Drivers/CMSIS/Include/cmsis_gcc.h ****     result |= value & 1U;
 389:Drivers/CMSIS/Include/cmsis_gcc.h ****     s--;
 390:Drivers/CMSIS/Include/cmsis_gcc.h ****   }
 391:Drivers/CMSIS/Include/cmsis_gcc.h ****   result <<= s;                        /* shift when v's highest bits are zero */
 392:Drivers/CMSIS/Include/cmsis_gcc.h **** #endif
 393:Drivers/CMSIS/Include/cmsis_gcc.h ****   return result;
 394:Drivers/CMSIS/Include/cmsis_gcc.h **** }
 395:Drivers/CMSIS/Include/cmsis_gcc.h **** 
 396:Drivers/CMSIS/Include/cmsis_gcc.h **** 
 397:Drivers/CMSIS/Include/cmsis_gcc.h **** /**
 398:Drivers/CMSIS/Include/cmsis_gcc.h ****   \brief   Count leading zeros
 399:Drivers/CMSIS/Include/cmsis_gcc.h ****   \details Counts the number of leading zeros of a data value.
 400:Drivers/CMSIS/Include/cmsis_gcc.h ****   \param [in]  value  Value to count the leading zeros
 401:Drivers/CMSIS/Include/cmsis_gcc.h ****   \return             number of leading zeros in value
 402:Drivers/CMSIS/Include/cmsis_gcc.h ****  */
 403:Drivers/CMSIS/Include/cmsis_gcc.h **** __STATIC_FORCEINLINE uint8_t __CLZ(uint32_t value)
 404:Drivers/CMSIS/Include/cmsis_gcc.h **** {
 405:Drivers/CMSIS/Include/cmsis_gcc.h ****   /* Even though __builtin_clz produces a CLZ instruction on ARM, formally
 406:Drivers/CMSIS/Include/cmsis_gcc.h ****      __builtin_clz(0) is undefined behaviour, so handle this case specially.
 407:Drivers/CMSIS/Include/cmsis_gcc.h ****      This guarantees ARM-compatible results if happening to compile on a non-ARM
 408:Drivers/CMSIS/Include/cmsis_gcc.h ****      target, and ensures the compiler doesn't decide to activate any
 409:Drivers/CMSIS/Include/cmsis_gcc.h ****      optimisations using the logic "value was passed to __builtin_clz, so it
 410:Drivers/CMSIS/Include/cmsis_gcc.h ****      is non-zero".
 411:Drivers/CMSIS/Include/cmsis_gcc.h ****      ARM GCC 7.3 and possibly earlier will optimise this test away, leaving a
 412:Drivers/CMSIS/Include/cmsis_gcc.h ****      single CLZ instruction.
 413:Drivers/CMSIS/Include/cmsis_gcc.h ****    */
 414:Drivers/CMSIS/Include/cmsis_gcc.h ****   if (value == 0U)
 415:Drivers/CMSIS/Include/cmsis_gcc.h ****   {
 416:Drivers/CMSIS/Include/cmsis_gcc.h ****     return 32U;
 417:Drivers/CMSIS/Include/cmsis_gcc.h ****   }
 418:Drivers/CMSIS/Include/cmsis_gcc.h ****   return __builtin_clz(value);
 419:Drivers/CMSIS/Include/cmsis_gcc.h **** }
 420:Drivers/CMSIS/Include/cmsis_gcc.h **** 
ARM GAS  /var/folders/8x/_y6g3dfs0698dfd49y4vcg_w0000gn/T//cciIlfrw.s 			page 93


 421:Drivers/CMSIS/Include/cmsis_gcc.h **** 
 422:Drivers/CMSIS/Include/cmsis_gcc.h **** #if ((defined (__ARM_ARCH_7M__      ) && (__ARM_ARCH_7M__      == 1)) || \
 423:Drivers/CMSIS/Include/cmsis_gcc.h ****      (defined (__ARM_ARCH_7EM__     ) && (__ARM_ARCH_7EM__     == 1)) || \
 424:Drivers/CMSIS/Include/cmsis_gcc.h ****      (defined (__ARM_ARCH_8M_MAIN__ ) && (__ARM_ARCH_8M_MAIN__ == 1)) || \
 425:Drivers/CMSIS/Include/cmsis_gcc.h ****      (defined (__ARM_ARCH_8M_BASE__ ) && (__ARM_ARCH_8M_BASE__ == 1))    )
 426:Drivers/CMSIS/Include/cmsis_gcc.h **** /**
 427:Drivers/CMSIS/Include/cmsis_gcc.h ****   \brief   LDR Exclusive (8 bit)
 428:Drivers/CMSIS/Include/cmsis_gcc.h ****   \details Executes a exclusive LDR instruction for 8 bit value.
 429:Drivers/CMSIS/Include/cmsis_gcc.h ****   \param [in]    ptr  Pointer to data
 430:Drivers/CMSIS/Include/cmsis_gcc.h ****   \return             value of type uint8_t at (*ptr)
 431:Drivers/CMSIS/Include/cmsis_gcc.h ****  */
 432:Drivers/CMSIS/Include/cmsis_gcc.h **** __STATIC_FORCEINLINE uint8_t __LDREXB(volatile uint8_t *addr)
 433:Drivers/CMSIS/Include/cmsis_gcc.h **** {
 434:Drivers/CMSIS/Include/cmsis_gcc.h ****     uint32_t result;
 435:Drivers/CMSIS/Include/cmsis_gcc.h **** 
 436:Drivers/CMSIS/Include/cmsis_gcc.h **** #if (__GNUC__ > 4) || (__GNUC__ == 4 && __GNUC_MINOR__ >= 8)
 437:Drivers/CMSIS/Include/cmsis_gcc.h ****    __ASM volatile ("ldrexb %0, %1" : "=r" (result) : "Q" (*addr) );
 438:Drivers/CMSIS/Include/cmsis_gcc.h **** #else
 439:Drivers/CMSIS/Include/cmsis_gcc.h ****     /* Prior to GCC 4.8, "Q" will be expanded to [rx, #0] which is not
 440:Drivers/CMSIS/Include/cmsis_gcc.h ****        accepted by assembler. So has to use following less efficient pattern.
 441:Drivers/CMSIS/Include/cmsis_gcc.h ****     */
 442:Drivers/CMSIS/Include/cmsis_gcc.h ****    __ASM volatile ("ldrexb %0, [%1]" : "=r" (result) : "r" (addr) : "memory" );
 443:Drivers/CMSIS/Include/cmsis_gcc.h **** #endif
 444:Drivers/CMSIS/Include/cmsis_gcc.h ****    return ((uint8_t) result);    /* Add explicit type cast here */
 445:Drivers/CMSIS/Include/cmsis_gcc.h **** }
 446:Drivers/CMSIS/Include/cmsis_gcc.h **** 
 447:Drivers/CMSIS/Include/cmsis_gcc.h **** 
 448:Drivers/CMSIS/Include/cmsis_gcc.h **** /**
 449:Drivers/CMSIS/Include/cmsis_gcc.h ****   \brief   LDR Exclusive (16 bit)
 450:Drivers/CMSIS/Include/cmsis_gcc.h ****   \details Executes a exclusive LDR instruction for 16 bit values.
 451:Drivers/CMSIS/Include/cmsis_gcc.h ****   \param [in]    ptr  Pointer to data
 452:Drivers/CMSIS/Include/cmsis_gcc.h ****   \return        value of type uint16_t at (*ptr)
 453:Drivers/CMSIS/Include/cmsis_gcc.h ****  */
 454:Drivers/CMSIS/Include/cmsis_gcc.h **** __STATIC_FORCEINLINE uint16_t __LDREXH(volatile uint16_t *addr)
 455:Drivers/CMSIS/Include/cmsis_gcc.h **** {
 456:Drivers/CMSIS/Include/cmsis_gcc.h ****     uint32_t result;
 457:Drivers/CMSIS/Include/cmsis_gcc.h **** 
 458:Drivers/CMSIS/Include/cmsis_gcc.h **** #if (__GNUC__ > 4) || (__GNUC__ == 4 && __GNUC_MINOR__ >= 8)
 459:Drivers/CMSIS/Include/cmsis_gcc.h ****    __ASM volatile ("ldrexh %0, %1" : "=r" (result) : "Q" (*addr) );
 460:Drivers/CMSIS/Include/cmsis_gcc.h **** #else
 461:Drivers/CMSIS/Include/cmsis_gcc.h ****     /* Prior to GCC 4.8, "Q" will be expanded to [rx, #0] which is not
 462:Drivers/CMSIS/Include/cmsis_gcc.h ****        accepted by assembler. So has to use following less efficient pattern.
 463:Drivers/CMSIS/Include/cmsis_gcc.h ****     */
 464:Drivers/CMSIS/Include/cmsis_gcc.h ****    __ASM volatile ("ldrexh %0, [%1]" : "=r" (result) : "r" (addr) : "memory" );
 465:Drivers/CMSIS/Include/cmsis_gcc.h **** #endif
 466:Drivers/CMSIS/Include/cmsis_gcc.h ****    return ((uint16_t) result);    /* Add explicit type cast here */
 467:Drivers/CMSIS/Include/cmsis_gcc.h **** }
 468:Drivers/CMSIS/Include/cmsis_gcc.h **** 
 469:Drivers/CMSIS/Include/cmsis_gcc.h **** 
 470:Drivers/CMSIS/Include/cmsis_gcc.h **** /**
 471:Drivers/CMSIS/Include/cmsis_gcc.h ****   \brief   LDR Exclusive (32 bit)
 472:Drivers/CMSIS/Include/cmsis_gcc.h ****   \details Executes a exclusive LDR instruction for 32 bit values.
 473:Drivers/CMSIS/Include/cmsis_gcc.h ****   \param [in]    ptr  Pointer to data
 474:Drivers/CMSIS/Include/cmsis_gcc.h ****   \return        value of type uint32_t at (*ptr)
 475:Drivers/CMSIS/Include/cmsis_gcc.h ****  */
 476:Drivers/CMSIS/Include/cmsis_gcc.h **** __STATIC_FORCEINLINE uint32_t __LDREXW(volatile uint32_t *addr)
 477:Drivers/CMSIS/Include/cmsis_gcc.h **** {
ARM GAS  /var/folders/8x/_y6g3dfs0698dfd49y4vcg_w0000gn/T//cciIlfrw.s 			page 94


 478:Drivers/CMSIS/Include/cmsis_gcc.h ****     uint32_t result;
 479:Drivers/CMSIS/Include/cmsis_gcc.h **** 
 480:Drivers/CMSIS/Include/cmsis_gcc.h ****    __ASM volatile ("ldrex %0, %1" : "=r" (result) : "Q" (*addr) );
 481:Drivers/CMSIS/Include/cmsis_gcc.h ****    return(result);
 482:Drivers/CMSIS/Include/cmsis_gcc.h **** }
 483:Drivers/CMSIS/Include/cmsis_gcc.h **** 
 484:Drivers/CMSIS/Include/cmsis_gcc.h **** 
 485:Drivers/CMSIS/Include/cmsis_gcc.h **** /**
 486:Drivers/CMSIS/Include/cmsis_gcc.h ****   \brief   STR Exclusive (8 bit)
 487:Drivers/CMSIS/Include/cmsis_gcc.h ****   \details Executes a exclusive STR instruction for 8 bit values.
 488:Drivers/CMSIS/Include/cmsis_gcc.h ****   \param [in]  value  Value to store
 489:Drivers/CMSIS/Include/cmsis_gcc.h ****   \param [in]    ptr  Pointer to location
 490:Drivers/CMSIS/Include/cmsis_gcc.h ****   \return          0  Function succeeded
 491:Drivers/CMSIS/Include/cmsis_gcc.h ****   \return          1  Function failed
 492:Drivers/CMSIS/Include/cmsis_gcc.h ****  */
 493:Drivers/CMSIS/Include/cmsis_gcc.h **** __STATIC_FORCEINLINE uint32_t __STREXB(uint8_t value, volatile uint8_t *addr)
 494:Drivers/CMSIS/Include/cmsis_gcc.h **** {
 495:Drivers/CMSIS/Include/cmsis_gcc.h ****    uint32_t result;
 496:Drivers/CMSIS/Include/cmsis_gcc.h **** 
 497:Drivers/CMSIS/Include/cmsis_gcc.h ****    __ASM volatile ("strexb %0, %2, %1" : "=&r" (result), "=Q" (*addr) : "r" ((uint32_t)value) );
 498:Drivers/CMSIS/Include/cmsis_gcc.h ****    return(result);
 499:Drivers/CMSIS/Include/cmsis_gcc.h **** }
 500:Drivers/CMSIS/Include/cmsis_gcc.h **** 
 501:Drivers/CMSIS/Include/cmsis_gcc.h **** 
 502:Drivers/CMSIS/Include/cmsis_gcc.h **** /**
 503:Drivers/CMSIS/Include/cmsis_gcc.h ****   \brief   STR Exclusive (16 bit)
 504:Drivers/CMSIS/Include/cmsis_gcc.h ****   \details Executes a exclusive STR instruction for 16 bit values.
 505:Drivers/CMSIS/Include/cmsis_gcc.h ****   \param [in]  value  Value to store
 506:Drivers/CMSIS/Include/cmsis_gcc.h ****   \param [in]    ptr  Pointer to location
 507:Drivers/CMSIS/Include/cmsis_gcc.h ****   \return          0  Function succeeded
 508:Drivers/CMSIS/Include/cmsis_gcc.h ****   \return          1  Function failed
 509:Drivers/CMSIS/Include/cmsis_gcc.h ****  */
 510:Drivers/CMSIS/Include/cmsis_gcc.h **** __STATIC_FORCEINLINE uint32_t __STREXH(uint16_t value, volatile uint16_t *addr)
 511:Drivers/CMSIS/Include/cmsis_gcc.h **** {
 512:Drivers/CMSIS/Include/cmsis_gcc.h ****    uint32_t result;
 513:Drivers/CMSIS/Include/cmsis_gcc.h **** 
 514:Drivers/CMSIS/Include/cmsis_gcc.h ****    __ASM volatile ("strexh %0, %2, %1" : "=&r" (result), "=Q" (*addr) : "r" ((uint32_t)value) );
 515:Drivers/CMSIS/Include/cmsis_gcc.h ****    return(result);
 516:Drivers/CMSIS/Include/cmsis_gcc.h **** }
 517:Drivers/CMSIS/Include/cmsis_gcc.h **** 
 518:Drivers/CMSIS/Include/cmsis_gcc.h **** 
 519:Drivers/CMSIS/Include/cmsis_gcc.h **** /**
 520:Drivers/CMSIS/Include/cmsis_gcc.h ****   \brief   STR Exclusive (32 bit)
 521:Drivers/CMSIS/Include/cmsis_gcc.h ****   \details Executes a exclusive STR instruction for 32 bit values.
 522:Drivers/CMSIS/Include/cmsis_gcc.h ****   \param [in]  value  Value to store
 523:Drivers/CMSIS/Include/cmsis_gcc.h ****   \param [in]    ptr  Pointer to location
 524:Drivers/CMSIS/Include/cmsis_gcc.h ****   \return          0  Function succeeded
 525:Drivers/CMSIS/Include/cmsis_gcc.h ****   \return          1  Function failed
 526:Drivers/CMSIS/Include/cmsis_gcc.h ****  */
 527:Drivers/CMSIS/Include/cmsis_gcc.h **** __STATIC_FORCEINLINE uint32_t __STREXW(uint32_t value, volatile uint32_t *addr)
 528:Drivers/CMSIS/Include/cmsis_gcc.h **** {
 529:Drivers/CMSIS/Include/cmsis_gcc.h ****    uint32_t result;
 530:Drivers/CMSIS/Include/cmsis_gcc.h **** 
 531:Drivers/CMSIS/Include/cmsis_gcc.h ****    __ASM volatile ("strex %0, %2, %1" : "=&r" (result), "=Q" (*addr) : "r" (value) );
 532:Drivers/CMSIS/Include/cmsis_gcc.h ****    return(result);
 533:Drivers/CMSIS/Include/cmsis_gcc.h **** }
 534:Drivers/CMSIS/Include/cmsis_gcc.h **** 
ARM GAS  /var/folders/8x/_y6g3dfs0698dfd49y4vcg_w0000gn/T//cciIlfrw.s 			page 95


 535:Drivers/CMSIS/Include/cmsis_gcc.h **** 
 536:Drivers/CMSIS/Include/cmsis_gcc.h **** /**
 537:Drivers/CMSIS/Include/cmsis_gcc.h ****   \brief   Remove the exclusive lock
 538:Drivers/CMSIS/Include/cmsis_gcc.h ****   \details Removes the exclusive lock which is created by LDREX.
 539:Drivers/CMSIS/Include/cmsis_gcc.h ****  */
 540:Drivers/CMSIS/Include/cmsis_gcc.h **** __STATIC_FORCEINLINE void __CLREX(void)
 541:Drivers/CMSIS/Include/cmsis_gcc.h **** {
 542:Drivers/CMSIS/Include/cmsis_gcc.h ****   __ASM volatile ("clrex" ::: "memory");
 543:Drivers/CMSIS/Include/cmsis_gcc.h **** }
 544:Drivers/CMSIS/Include/cmsis_gcc.h **** 
 545:Drivers/CMSIS/Include/cmsis_gcc.h **** #endif /* ((defined (__ARM_ARCH_7M__      ) && (__ARM_ARCH_7M__      == 1)) || \
 546:Drivers/CMSIS/Include/cmsis_gcc.h ****            (defined (__ARM_ARCH_7EM__     ) && (__ARM_ARCH_7EM__     == 1)) || \
 547:Drivers/CMSIS/Include/cmsis_gcc.h ****            (defined (__ARM_ARCH_8M_MAIN__ ) && (__ARM_ARCH_8M_MAIN__ == 1)) || \
 548:Drivers/CMSIS/Include/cmsis_gcc.h ****            (defined (__ARM_ARCH_8M_BASE__ ) && (__ARM_ARCH_8M_BASE__ == 1))    ) */
 549:Drivers/CMSIS/Include/cmsis_gcc.h **** 
 550:Drivers/CMSIS/Include/cmsis_gcc.h **** 
 551:Drivers/CMSIS/Include/cmsis_gcc.h **** #if ((defined (__ARM_ARCH_7M__      ) && (__ARM_ARCH_7M__      == 1)) || \
 552:Drivers/CMSIS/Include/cmsis_gcc.h ****      (defined (__ARM_ARCH_7EM__     ) && (__ARM_ARCH_7EM__     == 1)) || \
 553:Drivers/CMSIS/Include/cmsis_gcc.h ****      (defined (__ARM_ARCH_8M_MAIN__ ) && (__ARM_ARCH_8M_MAIN__ == 1))    )
 554:Drivers/CMSIS/Include/cmsis_gcc.h **** /**
 555:Drivers/CMSIS/Include/cmsis_gcc.h ****   \brief   Signed Saturate
 556:Drivers/CMSIS/Include/cmsis_gcc.h ****   \details Saturates a signed value.
 557:Drivers/CMSIS/Include/cmsis_gcc.h ****   \param [in]  ARG1  Value to be saturated
 558:Drivers/CMSIS/Include/cmsis_gcc.h ****   \param [in]  ARG2  Bit position to saturate to (1..32)
 559:Drivers/CMSIS/Include/cmsis_gcc.h ****   \return             Saturated value
 560:Drivers/CMSIS/Include/cmsis_gcc.h ****  */
 561:Drivers/CMSIS/Include/cmsis_gcc.h **** #define __SSAT(ARG1, ARG2) \
 562:Drivers/CMSIS/Include/cmsis_gcc.h **** __extension__ \
 563:Drivers/CMSIS/Include/cmsis_gcc.h **** ({                          \
 564:Drivers/CMSIS/Include/cmsis_gcc.h ****   int32_t __RES, __ARG1 = (ARG1); \
 565:Drivers/CMSIS/Include/cmsis_gcc.h ****   __ASM volatile ("ssat %0, %1, %2" : "=r" (__RES) :  "I" (ARG2), "r" (__ARG1) : "cc" ); \
 566:Drivers/CMSIS/Include/cmsis_gcc.h ****   __RES; \
 567:Drivers/CMSIS/Include/cmsis_gcc.h ****  })
 568:Drivers/CMSIS/Include/cmsis_gcc.h **** 
 569:Drivers/CMSIS/Include/cmsis_gcc.h **** 
 570:Drivers/CMSIS/Include/cmsis_gcc.h **** /**
 571:Drivers/CMSIS/Include/cmsis_gcc.h ****   \brief   Unsigned Saturate
 572:Drivers/CMSIS/Include/cmsis_gcc.h ****   \details Saturates an unsigned value.
 573:Drivers/CMSIS/Include/cmsis_gcc.h ****   \param [in]  ARG1  Value to be saturated
 574:Drivers/CMSIS/Include/cmsis_gcc.h ****   \param [in]  ARG2  Bit position to saturate to (0..31)
 575:Drivers/CMSIS/Include/cmsis_gcc.h ****   \return             Saturated value
 576:Drivers/CMSIS/Include/cmsis_gcc.h ****  */
 577:Drivers/CMSIS/Include/cmsis_gcc.h **** #define __USAT(ARG1, ARG2) \
 578:Drivers/CMSIS/Include/cmsis_gcc.h **** __extension__ \
 579:Drivers/CMSIS/Include/cmsis_gcc.h **** ({                          \
 580:Drivers/CMSIS/Include/cmsis_gcc.h ****   uint32_t __RES, __ARG1 = (ARG1); \
 581:Drivers/CMSIS/Include/cmsis_gcc.h ****   __ASM volatile ("usat %0, %1, %2" : "=r" (__RES) :  "I" (ARG2), "r" (__ARG1) : "cc" ); \
 582:Drivers/CMSIS/Include/cmsis_gcc.h ****   __RES; \
 583:Drivers/CMSIS/Include/cmsis_gcc.h ****  })
 584:Drivers/CMSIS/Include/cmsis_gcc.h **** 
 585:Drivers/CMSIS/Include/cmsis_gcc.h **** 
 586:Drivers/CMSIS/Include/cmsis_gcc.h **** /**
 587:Drivers/CMSIS/Include/cmsis_gcc.h ****   \brief   Rotate Right with Extend (32 bit)
 588:Drivers/CMSIS/Include/cmsis_gcc.h ****   \details Moves each bit of a bitstring right by one bit.
 589:Drivers/CMSIS/Include/cmsis_gcc.h ****            The carry input is shifted in at the left end of the bitstring.
 590:Drivers/CMSIS/Include/cmsis_gcc.h ****   \param [in]    value  Value to rotate
 591:Drivers/CMSIS/Include/cmsis_gcc.h ****   \return               Rotated value
ARM GAS  /var/folders/8x/_y6g3dfs0698dfd49y4vcg_w0000gn/T//cciIlfrw.s 			page 96


 592:Drivers/CMSIS/Include/cmsis_gcc.h ****  */
 593:Drivers/CMSIS/Include/cmsis_gcc.h **** __STATIC_FORCEINLINE uint32_t __RRX(uint32_t value)
 594:Drivers/CMSIS/Include/cmsis_gcc.h **** {
 595:Drivers/CMSIS/Include/cmsis_gcc.h ****   uint32_t result;
 596:Drivers/CMSIS/Include/cmsis_gcc.h **** 
 597:Drivers/CMSIS/Include/cmsis_gcc.h ****   __ASM volatile ("rrx %0, %1" : __CMSIS_GCC_OUT_REG (result) : __CMSIS_GCC_USE_REG (value) );
 598:Drivers/CMSIS/Include/cmsis_gcc.h ****   return(result);
 599:Drivers/CMSIS/Include/cmsis_gcc.h **** }
 600:Drivers/CMSIS/Include/cmsis_gcc.h **** 
 601:Drivers/CMSIS/Include/cmsis_gcc.h **** 
 602:Drivers/CMSIS/Include/cmsis_gcc.h **** /**
 603:Drivers/CMSIS/Include/cmsis_gcc.h ****   \brief   LDRT Unprivileged (8 bit)
 604:Drivers/CMSIS/Include/cmsis_gcc.h ****   \details Executes a Unprivileged LDRT instruction for 8 bit value.
 605:Drivers/CMSIS/Include/cmsis_gcc.h ****   \param [in]    ptr  Pointer to data
 606:Drivers/CMSIS/Include/cmsis_gcc.h ****   \return             value of type uint8_t at (*ptr)
 607:Drivers/CMSIS/Include/cmsis_gcc.h ****  */
 608:Drivers/CMSIS/Include/cmsis_gcc.h **** __STATIC_FORCEINLINE uint8_t __LDRBT(volatile uint8_t *ptr)
 609:Drivers/CMSIS/Include/cmsis_gcc.h **** {
 610:Drivers/CMSIS/Include/cmsis_gcc.h ****     uint32_t result;
 611:Drivers/CMSIS/Include/cmsis_gcc.h **** 
 612:Drivers/CMSIS/Include/cmsis_gcc.h **** #if (__GNUC__ > 4) || (__GNUC__ == 4 && __GNUC_MINOR__ >= 8)
 613:Drivers/CMSIS/Include/cmsis_gcc.h ****    __ASM volatile ("ldrbt %0, %1" : "=r" (result) : "Q" (*ptr) );
 614:Drivers/CMSIS/Include/cmsis_gcc.h **** #else
 615:Drivers/CMSIS/Include/cmsis_gcc.h ****     /* Prior to GCC 4.8, "Q" will be expanded to [rx, #0] which is not
 616:Drivers/CMSIS/Include/cmsis_gcc.h ****        accepted by assembler. So has to use following less efficient pattern.
 617:Drivers/CMSIS/Include/cmsis_gcc.h ****     */
 618:Drivers/CMSIS/Include/cmsis_gcc.h ****    __ASM volatile ("ldrbt %0, [%1]" : "=r" (result) : "r" (ptr) : "memory" );
 619:Drivers/CMSIS/Include/cmsis_gcc.h **** #endif
 620:Drivers/CMSIS/Include/cmsis_gcc.h ****    return ((uint8_t) result);    /* Add explicit type cast here */
 621:Drivers/CMSIS/Include/cmsis_gcc.h **** }
 622:Drivers/CMSIS/Include/cmsis_gcc.h **** 
 623:Drivers/CMSIS/Include/cmsis_gcc.h **** 
 624:Drivers/CMSIS/Include/cmsis_gcc.h **** /**
 625:Drivers/CMSIS/Include/cmsis_gcc.h ****   \brief   LDRT Unprivileged (16 bit)
 626:Drivers/CMSIS/Include/cmsis_gcc.h ****   \details Executes a Unprivileged LDRT instruction for 16 bit values.
 627:Drivers/CMSIS/Include/cmsis_gcc.h ****   \param [in]    ptr  Pointer to data
 628:Drivers/CMSIS/Include/cmsis_gcc.h ****   \return        value of type uint16_t at (*ptr)
 629:Drivers/CMSIS/Include/cmsis_gcc.h ****  */
 630:Drivers/CMSIS/Include/cmsis_gcc.h **** __STATIC_FORCEINLINE uint16_t __LDRHT(volatile uint16_t *ptr)
 631:Drivers/CMSIS/Include/cmsis_gcc.h **** {
 632:Drivers/CMSIS/Include/cmsis_gcc.h ****     uint32_t result;
 633:Drivers/CMSIS/Include/cmsis_gcc.h **** 
 634:Drivers/CMSIS/Include/cmsis_gcc.h **** #if (__GNUC__ > 4) || (__GNUC__ == 4 && __GNUC_MINOR__ >= 8)
 635:Drivers/CMSIS/Include/cmsis_gcc.h ****    __ASM volatile ("ldrht %0, %1" : "=r" (result) : "Q" (*ptr) );
 636:Drivers/CMSIS/Include/cmsis_gcc.h **** #else
 637:Drivers/CMSIS/Include/cmsis_gcc.h ****     /* Prior to GCC 4.8, "Q" will be expanded to [rx, #0] which is not
 638:Drivers/CMSIS/Include/cmsis_gcc.h ****        accepted by assembler. So has to use following less efficient pattern.
 639:Drivers/CMSIS/Include/cmsis_gcc.h ****     */
 640:Drivers/CMSIS/Include/cmsis_gcc.h ****    __ASM volatile ("ldrht %0, [%1]" : "=r" (result) : "r" (ptr) : "memory" );
 641:Drivers/CMSIS/Include/cmsis_gcc.h **** #endif
 642:Drivers/CMSIS/Include/cmsis_gcc.h ****    return ((uint16_t) result);    /* Add explicit type cast here */
 643:Drivers/CMSIS/Include/cmsis_gcc.h **** }
 644:Drivers/CMSIS/Include/cmsis_gcc.h **** 
 645:Drivers/CMSIS/Include/cmsis_gcc.h **** 
 646:Drivers/CMSIS/Include/cmsis_gcc.h **** /**
 647:Drivers/CMSIS/Include/cmsis_gcc.h ****   \brief   LDRT Unprivileged (32 bit)
 648:Drivers/CMSIS/Include/cmsis_gcc.h ****   \details Executes a Unprivileged LDRT instruction for 32 bit values.
ARM GAS  /var/folders/8x/_y6g3dfs0698dfd49y4vcg_w0000gn/T//cciIlfrw.s 			page 97


 649:Drivers/CMSIS/Include/cmsis_gcc.h ****   \param [in]    ptr  Pointer to data
 650:Drivers/CMSIS/Include/cmsis_gcc.h ****   \return        value of type uint32_t at (*ptr)
 651:Drivers/CMSIS/Include/cmsis_gcc.h ****  */
 652:Drivers/CMSIS/Include/cmsis_gcc.h **** __STATIC_FORCEINLINE uint32_t __LDRT(volatile uint32_t *ptr)
 653:Drivers/CMSIS/Include/cmsis_gcc.h **** {
 654:Drivers/CMSIS/Include/cmsis_gcc.h ****     uint32_t result;
 655:Drivers/CMSIS/Include/cmsis_gcc.h **** 
 656:Drivers/CMSIS/Include/cmsis_gcc.h ****    __ASM volatile ("ldrt %0, %1" : "=r" (result) : "Q" (*ptr) );
 657:Drivers/CMSIS/Include/cmsis_gcc.h ****    return(result);
 658:Drivers/CMSIS/Include/cmsis_gcc.h **** }
 659:Drivers/CMSIS/Include/cmsis_gcc.h **** 
 660:Drivers/CMSIS/Include/cmsis_gcc.h **** 
 661:Drivers/CMSIS/Include/cmsis_gcc.h **** /**
 662:Drivers/CMSIS/Include/cmsis_gcc.h ****   \brief   STRT Unprivileged (8 bit)
 663:Drivers/CMSIS/Include/cmsis_gcc.h ****   \details Executes a Unprivileged STRT instruction for 8 bit values.
 664:Drivers/CMSIS/Include/cmsis_gcc.h ****   \param [in]  value  Value to store
 665:Drivers/CMSIS/Include/cmsis_gcc.h ****   \param [in]    ptr  Pointer to location
 666:Drivers/CMSIS/Include/cmsis_gcc.h ****  */
 667:Drivers/CMSIS/Include/cmsis_gcc.h **** __STATIC_FORCEINLINE void __STRBT(uint8_t value, volatile uint8_t *ptr)
 668:Drivers/CMSIS/Include/cmsis_gcc.h **** {
 669:Drivers/CMSIS/Include/cmsis_gcc.h ****    __ASM volatile ("strbt %1, %0" : "=Q" (*ptr) : "r" ((uint32_t)value) );
 670:Drivers/CMSIS/Include/cmsis_gcc.h **** }
 671:Drivers/CMSIS/Include/cmsis_gcc.h **** 
 672:Drivers/CMSIS/Include/cmsis_gcc.h **** 
 673:Drivers/CMSIS/Include/cmsis_gcc.h **** /**
 674:Drivers/CMSIS/Include/cmsis_gcc.h ****   \brief   STRT Unprivileged (16 bit)
 675:Drivers/CMSIS/Include/cmsis_gcc.h ****   \details Executes a Unprivileged STRT instruction for 16 bit values.
 676:Drivers/CMSIS/Include/cmsis_gcc.h ****   \param [in]  value  Value to store
 677:Drivers/CMSIS/Include/cmsis_gcc.h ****   \param [in]    ptr  Pointer to location
 678:Drivers/CMSIS/Include/cmsis_gcc.h ****  */
 679:Drivers/CMSIS/Include/cmsis_gcc.h **** __STATIC_FORCEINLINE void __STRHT(uint16_t value, volatile uint16_t *ptr)
 680:Drivers/CMSIS/Include/cmsis_gcc.h **** {
 681:Drivers/CMSIS/Include/cmsis_gcc.h ****    __ASM volatile ("strht %1, %0" : "=Q" (*ptr) : "r" ((uint32_t)value) );
 682:Drivers/CMSIS/Include/cmsis_gcc.h **** }
 683:Drivers/CMSIS/Include/cmsis_gcc.h **** 
 684:Drivers/CMSIS/Include/cmsis_gcc.h **** 
 685:Drivers/CMSIS/Include/cmsis_gcc.h **** /**
 686:Drivers/CMSIS/Include/cmsis_gcc.h ****   \brief   STRT Unprivileged (32 bit)
 687:Drivers/CMSIS/Include/cmsis_gcc.h ****   \details Executes a Unprivileged STRT instruction for 32 bit values.
 688:Drivers/CMSIS/Include/cmsis_gcc.h ****   \param [in]  value  Value to store
 689:Drivers/CMSIS/Include/cmsis_gcc.h ****   \param [in]    ptr  Pointer to location
 690:Drivers/CMSIS/Include/cmsis_gcc.h ****  */
 691:Drivers/CMSIS/Include/cmsis_gcc.h **** __STATIC_FORCEINLINE void __STRT(uint32_t value, volatile uint32_t *ptr)
 692:Drivers/CMSIS/Include/cmsis_gcc.h **** {
 693:Drivers/CMSIS/Include/cmsis_gcc.h ****    __ASM volatile ("strt %1, %0" : "=Q" (*ptr) : "r" (value) );
 694:Drivers/CMSIS/Include/cmsis_gcc.h **** }
 695:Drivers/CMSIS/Include/cmsis_gcc.h **** 
 696:Drivers/CMSIS/Include/cmsis_gcc.h **** #else  /* ((defined (__ARM_ARCH_7M__      ) && (__ARM_ARCH_7M__      == 1)) || \
 697:Drivers/CMSIS/Include/cmsis_gcc.h ****            (defined (__ARM_ARCH_7EM__     ) && (__ARM_ARCH_7EM__     == 1)) || \
 698:Drivers/CMSIS/Include/cmsis_gcc.h ****            (defined (__ARM_ARCH_8M_MAIN__ ) && (__ARM_ARCH_8M_MAIN__ == 1))    ) */
 699:Drivers/CMSIS/Include/cmsis_gcc.h **** 
 700:Drivers/CMSIS/Include/cmsis_gcc.h **** /**
 701:Drivers/CMSIS/Include/cmsis_gcc.h ****   \brief   Signed Saturate
 702:Drivers/CMSIS/Include/cmsis_gcc.h ****   \details Saturates a signed value.
 703:Drivers/CMSIS/Include/cmsis_gcc.h ****   \param [in]  value  Value to be saturated
 704:Drivers/CMSIS/Include/cmsis_gcc.h ****   \param [in]    sat  Bit position to saturate to (1..32)
 705:Drivers/CMSIS/Include/cmsis_gcc.h ****   \return             Saturated value
ARM GAS  /var/folders/8x/_y6g3dfs0698dfd49y4vcg_w0000gn/T//cciIlfrw.s 			page 98


 706:Drivers/CMSIS/Include/cmsis_gcc.h ****  */
 707:Drivers/CMSIS/Include/cmsis_gcc.h **** __STATIC_FORCEINLINE int32_t __SSAT(int32_t val, uint32_t sat)
 708:Drivers/CMSIS/Include/cmsis_gcc.h **** {
 709:Drivers/CMSIS/Include/cmsis_gcc.h ****   if ((sat >= 1U) && (sat <= 32U))
 710:Drivers/CMSIS/Include/cmsis_gcc.h ****   {
 711:Drivers/CMSIS/Include/cmsis_gcc.h ****     const int32_t max = (int32_t)((1U << (sat - 1U)) - 1U);
 712:Drivers/CMSIS/Include/cmsis_gcc.h ****     const int32_t min = -1 - max ;
 713:Drivers/CMSIS/Include/cmsis_gcc.h ****     if (val > max)
 714:Drivers/CMSIS/Include/cmsis_gcc.h ****     {
 715:Drivers/CMSIS/Include/cmsis_gcc.h ****       return max;
 716:Drivers/CMSIS/Include/cmsis_gcc.h ****     }
 717:Drivers/CMSIS/Include/cmsis_gcc.h ****     else if (val < min)
 718:Drivers/CMSIS/Include/cmsis_gcc.h ****     {
 719:Drivers/CMSIS/Include/cmsis_gcc.h ****       return min;
 720:Drivers/CMSIS/Include/cmsis_gcc.h ****     }
 721:Drivers/CMSIS/Include/cmsis_gcc.h ****   }
 722:Drivers/CMSIS/Include/cmsis_gcc.h ****   return val;
 723:Drivers/CMSIS/Include/cmsis_gcc.h **** }
 724:Drivers/CMSIS/Include/cmsis_gcc.h **** 
 725:Drivers/CMSIS/Include/cmsis_gcc.h **** /**
 726:Drivers/CMSIS/Include/cmsis_gcc.h ****   \brief   Unsigned Saturate
 727:Drivers/CMSIS/Include/cmsis_gcc.h ****   \details Saturates an unsigned value.
 728:Drivers/CMSIS/Include/cmsis_gcc.h ****   \param [in]  value  Value to be saturated
 729:Drivers/CMSIS/Include/cmsis_gcc.h ****   \param [in]    sat  Bit position to saturate to (0..31)
 730:Drivers/CMSIS/Include/cmsis_gcc.h ****   \return             Saturated value
 731:Drivers/CMSIS/Include/cmsis_gcc.h ****  */
 732:Drivers/CMSIS/Include/cmsis_gcc.h **** __STATIC_FORCEINLINE uint32_t __USAT(int32_t val, uint32_t sat)
 733:Drivers/CMSIS/Include/cmsis_gcc.h **** {
 734:Drivers/CMSIS/Include/cmsis_gcc.h ****   if (sat <= 31U)
 735:Drivers/CMSIS/Include/cmsis_gcc.h ****   {
 736:Drivers/CMSIS/Include/cmsis_gcc.h ****     const uint32_t max = ((1U << sat) - 1U);
 737:Drivers/CMSIS/Include/cmsis_gcc.h ****     if (val > (int32_t)max)
 738:Drivers/CMSIS/Include/cmsis_gcc.h ****     {
 739:Drivers/CMSIS/Include/cmsis_gcc.h ****       return max;
 740:Drivers/CMSIS/Include/cmsis_gcc.h ****     }
 741:Drivers/CMSIS/Include/cmsis_gcc.h ****     else if (val < 0)
 742:Drivers/CMSIS/Include/cmsis_gcc.h ****     {
 743:Drivers/CMSIS/Include/cmsis_gcc.h ****       return 0U;
 744:Drivers/CMSIS/Include/cmsis_gcc.h ****     }
 745:Drivers/CMSIS/Include/cmsis_gcc.h ****   }
 746:Drivers/CMSIS/Include/cmsis_gcc.h ****   return (uint32_t)val;
 747:Drivers/CMSIS/Include/cmsis_gcc.h **** }
 748:Drivers/CMSIS/Include/cmsis_gcc.h **** 
 749:Drivers/CMSIS/Include/cmsis_gcc.h **** #endif /* ((defined (__ARM_ARCH_7M__      ) && (__ARM_ARCH_7M__      == 1)) || \
 750:Drivers/CMSIS/Include/cmsis_gcc.h ****            (defined (__ARM_ARCH_7EM__     ) && (__ARM_ARCH_7EM__     == 1)) || \
 751:Drivers/CMSIS/Include/cmsis_gcc.h ****            (defined (__ARM_ARCH_8M_MAIN__ ) && (__ARM_ARCH_8M_MAIN__ == 1))    ) */
 752:Drivers/CMSIS/Include/cmsis_gcc.h **** 
 753:Drivers/CMSIS/Include/cmsis_gcc.h **** 
 754:Drivers/CMSIS/Include/cmsis_gcc.h **** #if ((defined (__ARM_ARCH_8M_MAIN__ ) && (__ARM_ARCH_8M_MAIN__ == 1)) || \
 755:Drivers/CMSIS/Include/cmsis_gcc.h ****      (defined (__ARM_ARCH_8M_BASE__ ) && (__ARM_ARCH_8M_BASE__ == 1))    )
 756:Drivers/CMSIS/Include/cmsis_gcc.h **** /**
 757:Drivers/CMSIS/Include/cmsis_gcc.h ****   \brief   Load-Acquire (8 bit)
 758:Drivers/CMSIS/Include/cmsis_gcc.h ****   \details Executes a LDAB instruction for 8 bit value.
 759:Drivers/CMSIS/Include/cmsis_gcc.h ****   \param [in]    ptr  Pointer to data
 760:Drivers/CMSIS/Include/cmsis_gcc.h ****   \return             value of type uint8_t at (*ptr)
 761:Drivers/CMSIS/Include/cmsis_gcc.h ****  */
 762:Drivers/CMSIS/Include/cmsis_gcc.h **** __STATIC_FORCEINLINE uint8_t __LDAB(volatile uint8_t *ptr)
ARM GAS  /var/folders/8x/_y6g3dfs0698dfd49y4vcg_w0000gn/T//cciIlfrw.s 			page 99


 763:Drivers/CMSIS/Include/cmsis_gcc.h **** {
 764:Drivers/CMSIS/Include/cmsis_gcc.h ****     uint32_t result;
 765:Drivers/CMSIS/Include/cmsis_gcc.h **** 
 766:Drivers/CMSIS/Include/cmsis_gcc.h ****    __ASM volatile ("ldab %0, %1" : "=r" (result) : "Q" (*ptr) : "memory" );
 767:Drivers/CMSIS/Include/cmsis_gcc.h ****    return ((uint8_t) result);
 768:Drivers/CMSIS/Include/cmsis_gcc.h **** }
 769:Drivers/CMSIS/Include/cmsis_gcc.h **** 
 770:Drivers/CMSIS/Include/cmsis_gcc.h **** 
 771:Drivers/CMSIS/Include/cmsis_gcc.h **** /**
 772:Drivers/CMSIS/Include/cmsis_gcc.h ****   \brief   Load-Acquire (16 bit)
 773:Drivers/CMSIS/Include/cmsis_gcc.h ****   \details Executes a LDAH instruction for 16 bit values.
 774:Drivers/CMSIS/Include/cmsis_gcc.h ****   \param [in]    ptr  Pointer to data
 775:Drivers/CMSIS/Include/cmsis_gcc.h ****   \return        value of type uint16_t at (*ptr)
 776:Drivers/CMSIS/Include/cmsis_gcc.h ****  */
 777:Drivers/CMSIS/Include/cmsis_gcc.h **** __STATIC_FORCEINLINE uint16_t __LDAH(volatile uint16_t *ptr)
 778:Drivers/CMSIS/Include/cmsis_gcc.h **** {
 779:Drivers/CMSIS/Include/cmsis_gcc.h ****     uint32_t result;
 780:Drivers/CMSIS/Include/cmsis_gcc.h **** 
 781:Drivers/CMSIS/Include/cmsis_gcc.h ****    __ASM volatile ("ldah %0, %1" : "=r" (result) : "Q" (*ptr) : "memory" );
 782:Drivers/CMSIS/Include/cmsis_gcc.h ****    return ((uint16_t) result);
 783:Drivers/CMSIS/Include/cmsis_gcc.h **** }
 784:Drivers/CMSIS/Include/cmsis_gcc.h **** 
 785:Drivers/CMSIS/Include/cmsis_gcc.h **** 
 786:Drivers/CMSIS/Include/cmsis_gcc.h **** /**
 787:Drivers/CMSIS/Include/cmsis_gcc.h ****   \brief   Load-Acquire (32 bit)
 788:Drivers/CMSIS/Include/cmsis_gcc.h ****   \details Executes a LDA instruction for 32 bit values.
 789:Drivers/CMSIS/Include/cmsis_gcc.h ****   \param [in]    ptr  Pointer to data
 790:Drivers/CMSIS/Include/cmsis_gcc.h ****   \return        value of type uint32_t at (*ptr)
 791:Drivers/CMSIS/Include/cmsis_gcc.h ****  */
 792:Drivers/CMSIS/Include/cmsis_gcc.h **** __STATIC_FORCEINLINE uint32_t __LDA(volatile uint32_t *ptr)
 793:Drivers/CMSIS/Include/cmsis_gcc.h **** {
 794:Drivers/CMSIS/Include/cmsis_gcc.h ****     uint32_t result;
 795:Drivers/CMSIS/Include/cmsis_gcc.h **** 
 796:Drivers/CMSIS/Include/cmsis_gcc.h ****    __ASM volatile ("lda %0, %1" : "=r" (result) : "Q" (*ptr) : "memory" );
 797:Drivers/CMSIS/Include/cmsis_gcc.h ****    return(result);
 798:Drivers/CMSIS/Include/cmsis_gcc.h **** }
 799:Drivers/CMSIS/Include/cmsis_gcc.h **** 
 800:Drivers/CMSIS/Include/cmsis_gcc.h **** 
 801:Drivers/CMSIS/Include/cmsis_gcc.h **** /**
 802:Drivers/CMSIS/Include/cmsis_gcc.h ****   \brief   Store-Release (8 bit)
 803:Drivers/CMSIS/Include/cmsis_gcc.h ****   \details Executes a STLB instruction for 8 bit values.
 804:Drivers/CMSIS/Include/cmsis_gcc.h ****   \param [in]  value  Value to store
 805:Drivers/CMSIS/Include/cmsis_gcc.h ****   \param [in]    ptr  Pointer to location
 806:Drivers/CMSIS/Include/cmsis_gcc.h ****  */
 807:Drivers/CMSIS/Include/cmsis_gcc.h **** __STATIC_FORCEINLINE void __STLB(uint8_t value, volatile uint8_t *ptr)
 808:Drivers/CMSIS/Include/cmsis_gcc.h **** {
 809:Drivers/CMSIS/Include/cmsis_gcc.h ****    __ASM volatile ("stlb %1, %0" : "=Q" (*ptr) : "r" ((uint32_t)value) : "memory" );
 810:Drivers/CMSIS/Include/cmsis_gcc.h **** }
 811:Drivers/CMSIS/Include/cmsis_gcc.h **** 
 812:Drivers/CMSIS/Include/cmsis_gcc.h **** 
 813:Drivers/CMSIS/Include/cmsis_gcc.h **** /**
 814:Drivers/CMSIS/Include/cmsis_gcc.h ****   \brief   Store-Release (16 bit)
 815:Drivers/CMSIS/Include/cmsis_gcc.h ****   \details Executes a STLH instruction for 16 bit values.
 816:Drivers/CMSIS/Include/cmsis_gcc.h ****   \param [in]  value  Value to store
 817:Drivers/CMSIS/Include/cmsis_gcc.h ****   \param [in]    ptr  Pointer to location
 818:Drivers/CMSIS/Include/cmsis_gcc.h ****  */
 819:Drivers/CMSIS/Include/cmsis_gcc.h **** __STATIC_FORCEINLINE void __STLH(uint16_t value, volatile uint16_t *ptr)
ARM GAS  /var/folders/8x/_y6g3dfs0698dfd49y4vcg_w0000gn/T//cciIlfrw.s 			page 100


 820:Drivers/CMSIS/Include/cmsis_gcc.h **** {
 821:Drivers/CMSIS/Include/cmsis_gcc.h ****    __ASM volatile ("stlh %1, %0" : "=Q" (*ptr) : "r" ((uint32_t)value) : "memory" );
 822:Drivers/CMSIS/Include/cmsis_gcc.h **** }
 823:Drivers/CMSIS/Include/cmsis_gcc.h **** 
 824:Drivers/CMSIS/Include/cmsis_gcc.h **** 
 825:Drivers/CMSIS/Include/cmsis_gcc.h **** /**
 826:Drivers/CMSIS/Include/cmsis_gcc.h ****   \brief   Store-Release (32 bit)
 827:Drivers/CMSIS/Include/cmsis_gcc.h ****   \details Executes a STL instruction for 32 bit values.
 828:Drivers/CMSIS/Include/cmsis_gcc.h ****   \param [in]  value  Value to store
 829:Drivers/CMSIS/Include/cmsis_gcc.h ****   \param [in]    ptr  Pointer to location
 830:Drivers/CMSIS/Include/cmsis_gcc.h ****  */
 831:Drivers/CMSIS/Include/cmsis_gcc.h **** __STATIC_FORCEINLINE void __STL(uint32_t value, volatile uint32_t *ptr)
 832:Drivers/CMSIS/Include/cmsis_gcc.h **** {
 833:Drivers/CMSIS/Include/cmsis_gcc.h ****    __ASM volatile ("stl %1, %0" : "=Q" (*ptr) : "r" ((uint32_t)value) : "memory" );
 834:Drivers/CMSIS/Include/cmsis_gcc.h **** }
 835:Drivers/CMSIS/Include/cmsis_gcc.h **** 
 836:Drivers/CMSIS/Include/cmsis_gcc.h **** 
 837:Drivers/CMSIS/Include/cmsis_gcc.h **** /**
 838:Drivers/CMSIS/Include/cmsis_gcc.h ****   \brief   Load-Acquire Exclusive (8 bit)
 839:Drivers/CMSIS/Include/cmsis_gcc.h ****   \details Executes a LDAB exclusive instruction for 8 bit value.
 840:Drivers/CMSIS/Include/cmsis_gcc.h ****   \param [in]    ptr  Pointer to data
 841:Drivers/CMSIS/Include/cmsis_gcc.h ****   \return             value of type uint8_t at (*ptr)
 842:Drivers/CMSIS/Include/cmsis_gcc.h ****  */
 843:Drivers/CMSIS/Include/cmsis_gcc.h **** __STATIC_FORCEINLINE uint8_t __LDAEXB(volatile uint8_t *ptr)
 844:Drivers/CMSIS/Include/cmsis_gcc.h **** {
 845:Drivers/CMSIS/Include/cmsis_gcc.h ****     uint32_t result;
 846:Drivers/CMSIS/Include/cmsis_gcc.h **** 
 847:Drivers/CMSIS/Include/cmsis_gcc.h ****    __ASM volatile ("ldaexb %0, %1" : "=r" (result) : "Q" (*ptr) : "memory" );
 848:Drivers/CMSIS/Include/cmsis_gcc.h ****    return ((uint8_t) result);
 849:Drivers/CMSIS/Include/cmsis_gcc.h **** }
 850:Drivers/CMSIS/Include/cmsis_gcc.h **** 
 851:Drivers/CMSIS/Include/cmsis_gcc.h **** 
 852:Drivers/CMSIS/Include/cmsis_gcc.h **** /**
 853:Drivers/CMSIS/Include/cmsis_gcc.h ****   \brief   Load-Acquire Exclusive (16 bit)
 854:Drivers/CMSIS/Include/cmsis_gcc.h ****   \details Executes a LDAH exclusive instruction for 16 bit values.
 855:Drivers/CMSIS/Include/cmsis_gcc.h ****   \param [in]    ptr  Pointer to data
 856:Drivers/CMSIS/Include/cmsis_gcc.h ****   \return        value of type uint16_t at (*ptr)
 857:Drivers/CMSIS/Include/cmsis_gcc.h ****  */
 858:Drivers/CMSIS/Include/cmsis_gcc.h **** __STATIC_FORCEINLINE uint16_t __LDAEXH(volatile uint16_t *ptr)
 859:Drivers/CMSIS/Include/cmsis_gcc.h **** {
 860:Drivers/CMSIS/Include/cmsis_gcc.h ****     uint32_t result;
 861:Drivers/CMSIS/Include/cmsis_gcc.h **** 
 862:Drivers/CMSIS/Include/cmsis_gcc.h ****    __ASM volatile ("ldaexh %0, %1" : "=r" (result) : "Q" (*ptr) : "memory" );
 863:Drivers/CMSIS/Include/cmsis_gcc.h ****    return ((uint16_t) result);
 864:Drivers/CMSIS/Include/cmsis_gcc.h **** }
 865:Drivers/CMSIS/Include/cmsis_gcc.h **** 
 866:Drivers/CMSIS/Include/cmsis_gcc.h **** 
 867:Drivers/CMSIS/Include/cmsis_gcc.h **** /**
 868:Drivers/CMSIS/Include/cmsis_gcc.h ****   \brief   Load-Acquire Exclusive (32 bit)
 869:Drivers/CMSIS/Include/cmsis_gcc.h ****   \details Executes a LDA exclusive instruction for 32 bit values.
 870:Drivers/CMSIS/Include/cmsis_gcc.h ****   \param [in]    ptr  Pointer to data
 871:Drivers/CMSIS/Include/cmsis_gcc.h ****   \return        value of type uint32_t at (*ptr)
 872:Drivers/CMSIS/Include/cmsis_gcc.h ****  */
 873:Drivers/CMSIS/Include/cmsis_gcc.h **** __STATIC_FORCEINLINE uint32_t __LDAEX(volatile uint32_t *ptr)
 874:Drivers/CMSIS/Include/cmsis_gcc.h **** {
 875:Drivers/CMSIS/Include/cmsis_gcc.h ****     uint32_t result;
 876:Drivers/CMSIS/Include/cmsis_gcc.h **** 
ARM GAS  /var/folders/8x/_y6g3dfs0698dfd49y4vcg_w0000gn/T//cciIlfrw.s 			page 101


 877:Drivers/CMSIS/Include/cmsis_gcc.h ****    __ASM volatile ("ldaex %0, %1" : "=r" (result) : "Q" (*ptr) : "memory" );
 878:Drivers/CMSIS/Include/cmsis_gcc.h ****    return(result);
 879:Drivers/CMSIS/Include/cmsis_gcc.h **** }
 880:Drivers/CMSIS/Include/cmsis_gcc.h **** 
 881:Drivers/CMSIS/Include/cmsis_gcc.h **** 
 882:Drivers/CMSIS/Include/cmsis_gcc.h **** /**
 883:Drivers/CMSIS/Include/cmsis_gcc.h ****   \brief   Store-Release Exclusive (8 bit)
 884:Drivers/CMSIS/Include/cmsis_gcc.h ****   \details Executes a STLB exclusive instruction for 8 bit values.
 885:Drivers/CMSIS/Include/cmsis_gcc.h ****   \param [in]  value  Value to store
 886:Drivers/CMSIS/Include/cmsis_gcc.h ****   \param [in]    ptr  Pointer to location
 887:Drivers/CMSIS/Include/cmsis_gcc.h ****   \return          0  Function succeeded
 888:Drivers/CMSIS/Include/cmsis_gcc.h ****   \return          1  Function failed
 889:Drivers/CMSIS/Include/cmsis_gcc.h ****  */
 890:Drivers/CMSIS/Include/cmsis_gcc.h **** __STATIC_FORCEINLINE uint32_t __STLEXB(uint8_t value, volatile uint8_t *ptr)
 891:Drivers/CMSIS/Include/cmsis_gcc.h **** {
 892:Drivers/CMSIS/Include/cmsis_gcc.h ****    uint32_t result;
 893:Drivers/CMSIS/Include/cmsis_gcc.h **** 
 894:Drivers/CMSIS/Include/cmsis_gcc.h ****    __ASM volatile ("stlexb %0, %2, %1" : "=&r" (result), "=Q" (*ptr) : "r" ((uint32_t)value) : "mem
 895:Drivers/CMSIS/Include/cmsis_gcc.h ****    return(result);
 896:Drivers/CMSIS/Include/cmsis_gcc.h **** }
 897:Drivers/CMSIS/Include/cmsis_gcc.h **** 
 898:Drivers/CMSIS/Include/cmsis_gcc.h **** 
 899:Drivers/CMSIS/Include/cmsis_gcc.h **** /**
 900:Drivers/CMSIS/Include/cmsis_gcc.h ****   \brief   Store-Release Exclusive (16 bit)
 901:Drivers/CMSIS/Include/cmsis_gcc.h ****   \details Executes a STLH exclusive instruction for 16 bit values.
 902:Drivers/CMSIS/Include/cmsis_gcc.h ****   \param [in]  value  Value to store
 903:Drivers/CMSIS/Include/cmsis_gcc.h ****   \param [in]    ptr  Pointer to location
 904:Drivers/CMSIS/Include/cmsis_gcc.h ****   \return          0  Function succeeded
 905:Drivers/CMSIS/Include/cmsis_gcc.h ****   \return          1  Function failed
 906:Drivers/CMSIS/Include/cmsis_gcc.h ****  */
 907:Drivers/CMSIS/Include/cmsis_gcc.h **** __STATIC_FORCEINLINE uint32_t __STLEXH(uint16_t value, volatile uint16_t *ptr)
 908:Drivers/CMSIS/Include/cmsis_gcc.h **** {
 909:Drivers/CMSIS/Include/cmsis_gcc.h ****    uint32_t result;
 910:Drivers/CMSIS/Include/cmsis_gcc.h **** 
 911:Drivers/CMSIS/Include/cmsis_gcc.h ****    __ASM volatile ("stlexh %0, %2, %1" : "=&r" (result), "=Q" (*ptr) : "r" ((uint32_t)value) : "mem
 912:Drivers/CMSIS/Include/cmsis_gcc.h ****    return(result);
 913:Drivers/CMSIS/Include/cmsis_gcc.h **** }
 914:Drivers/CMSIS/Include/cmsis_gcc.h **** 
 915:Drivers/CMSIS/Include/cmsis_gcc.h **** 
 916:Drivers/CMSIS/Include/cmsis_gcc.h **** /**
 917:Drivers/CMSIS/Include/cmsis_gcc.h ****   \brief   Store-Release Exclusive (32 bit)
 918:Drivers/CMSIS/Include/cmsis_gcc.h ****   \details Executes a STL exclusive instruction for 32 bit values.
 919:Drivers/CMSIS/Include/cmsis_gcc.h ****   \param [in]  value  Value to store
 920:Drivers/CMSIS/Include/cmsis_gcc.h ****   \param [in]    ptr  Pointer to location
 921:Drivers/CMSIS/Include/cmsis_gcc.h ****   \return          0  Function succeeded
 922:Drivers/CMSIS/Include/cmsis_gcc.h ****   \return          1  Function failed
 923:Drivers/CMSIS/Include/cmsis_gcc.h ****  */
 924:Drivers/CMSIS/Include/cmsis_gcc.h **** __STATIC_FORCEINLINE uint32_t __STLEX(uint32_t value, volatile uint32_t *ptr)
 925:Drivers/CMSIS/Include/cmsis_gcc.h **** {
 926:Drivers/CMSIS/Include/cmsis_gcc.h ****    uint32_t result;
 927:Drivers/CMSIS/Include/cmsis_gcc.h **** 
 928:Drivers/CMSIS/Include/cmsis_gcc.h ****    __ASM volatile ("stlex %0, %2, %1" : "=&r" (result), "=Q" (*ptr) : "r" ((uint32_t)value) : "memo
 929:Drivers/CMSIS/Include/cmsis_gcc.h ****    return(result);
 930:Drivers/CMSIS/Include/cmsis_gcc.h **** }
 931:Drivers/CMSIS/Include/cmsis_gcc.h **** 
 932:Drivers/CMSIS/Include/cmsis_gcc.h **** #endif /* ((defined (__ARM_ARCH_8M_MAIN__ ) && (__ARM_ARCH_8M_MAIN__ == 1)) || \
 933:Drivers/CMSIS/Include/cmsis_gcc.h ****            (defined (__ARM_ARCH_8M_BASE__ ) && (__ARM_ARCH_8M_BASE__ == 1))    ) */
ARM GAS  /var/folders/8x/_y6g3dfs0698dfd49y4vcg_w0000gn/T//cciIlfrw.s 			page 102


 934:Drivers/CMSIS/Include/cmsis_gcc.h **** 
 935:Drivers/CMSIS/Include/cmsis_gcc.h **** /*@}*/ /* end of group CMSIS_Core_InstructionInterface */
 936:Drivers/CMSIS/Include/cmsis_gcc.h **** 
 937:Drivers/CMSIS/Include/cmsis_gcc.h **** 
 938:Drivers/CMSIS/Include/cmsis_gcc.h **** /* ###########################  Core Function Access  ########################### */
 939:Drivers/CMSIS/Include/cmsis_gcc.h **** /** \ingroup  CMSIS_Core_FunctionInterface
 940:Drivers/CMSIS/Include/cmsis_gcc.h ****     \defgroup CMSIS_Core_RegAccFunctions CMSIS Core Register Access Functions
 941:Drivers/CMSIS/Include/cmsis_gcc.h ****   @{
 942:Drivers/CMSIS/Include/cmsis_gcc.h ****  */
 943:Drivers/CMSIS/Include/cmsis_gcc.h **** 
 944:Drivers/CMSIS/Include/cmsis_gcc.h **** /**
 945:Drivers/CMSIS/Include/cmsis_gcc.h ****   \brief   Enable IRQ Interrupts
 946:Drivers/CMSIS/Include/cmsis_gcc.h ****   \details Enables IRQ interrupts by clearing special-purpose register PRIMASK.
 947:Drivers/CMSIS/Include/cmsis_gcc.h ****            Can only be executed in Privileged modes.
 948:Drivers/CMSIS/Include/cmsis_gcc.h ****  */
 949:Drivers/CMSIS/Include/cmsis_gcc.h **** __STATIC_FORCEINLINE void __enable_irq(void)
 950:Drivers/CMSIS/Include/cmsis_gcc.h **** {
 951:Drivers/CMSIS/Include/cmsis_gcc.h ****   __ASM volatile ("cpsie i" : : : "memory");
 952:Drivers/CMSIS/Include/cmsis_gcc.h **** }
 953:Drivers/CMSIS/Include/cmsis_gcc.h **** 
 954:Drivers/CMSIS/Include/cmsis_gcc.h **** 
 955:Drivers/CMSIS/Include/cmsis_gcc.h **** /**
 956:Drivers/CMSIS/Include/cmsis_gcc.h ****   \brief   Disable IRQ Interrupts
 957:Drivers/CMSIS/Include/cmsis_gcc.h ****   \details Disables IRQ interrupts by setting special-purpose register PRIMASK.
 958:Drivers/CMSIS/Include/cmsis_gcc.h ****            Can only be executed in Privileged modes.
 959:Drivers/CMSIS/Include/cmsis_gcc.h ****  */
 960:Drivers/CMSIS/Include/cmsis_gcc.h **** __STATIC_FORCEINLINE void __disable_irq(void)
 3115              		.loc 2 960 27 view .LVU688
 3116              	.LBB38:
 961:Drivers/CMSIS/Include/cmsis_gcc.h **** {
 962:Drivers/CMSIS/Include/cmsis_gcc.h ****   __ASM volatile ("cpsid i" : : : "memory");
 3117              		.loc 2 962 3 view .LVU689
 3118              		.syntax unified
 3119              	@ 962 "Drivers/CMSIS/Include/cmsis_gcc.h" 1
 3120 0000 72B6     		cpsid i
 3121              	@ 0 "" 2
 3122              		.thumb
 3123              		.syntax unified
 3124              	.L217:
 3125              	.LBE38:
 3126              	.LBE37:
1103:Core/Src/main.c ****   while (1)
 3127              		.loc 1 1103 3 view .LVU690
1104:Core/Src/main.c ****   {
1105:Core/Src/main.c ****   }
 3128              		.loc 1 1105 3 view .LVU691
1103:Core/Src/main.c ****   while (1)
 3129              		.loc 1 1103 9 view .LVU692
 3130 0002 FEE7     		b	.L217
 3131              		.cfi_endproc
 3132              	.LFE265:
 3134              		.section	.text.SystemClock_Config,"ax",%progbits
 3135              		.align	1
 3136              		.global	SystemClock_Config
 3137              		.syntax unified
 3138              		.thumb
 3139              		.thumb_func
ARM GAS  /var/folders/8x/_y6g3dfs0698dfd49y4vcg_w0000gn/T//cciIlfrw.s 			page 103


 3141              	SystemClock_Config:
 3142              	.LFB243:
 341:Core/Src/main.c ****   RCC_OscInitTypeDef RCC_OscInitStruct = {0};
 3143              		.loc 1 341 1 view -0
 3144              		.cfi_startproc
 3145              		@ args = 0, pretend = 0, frame = 80
 3146              		@ frame_needed = 0, uses_anonymous_args = 0
 3147 0000 00B5     		push	{lr}
 3148              	.LCFI42:
 3149              		.cfi_def_cfa_offset 4
 3150              		.cfi_offset 14, -4
 3151 0002 95B0     		sub	sp, sp, #84
 3152              	.LCFI43:
 3153              		.cfi_def_cfa_offset 88
 342:Core/Src/main.c ****   RCC_ClkInitTypeDef RCC_ClkInitStruct = {0};
 3154              		.loc 1 342 3 view .LVU694
 342:Core/Src/main.c ****   RCC_ClkInitTypeDef RCC_ClkInitStruct = {0};
 3155              		.loc 1 342 22 is_stmt 0 view .LVU695
 3156 0004 3022     		movs	r2, #48
 3157 0006 0021     		movs	r1, #0
 3158 0008 08A8     		add	r0, sp, #32
 3159 000a FFF7FEFF 		bl	memset
 3160              	.LVL277:
 343:Core/Src/main.c **** 
 3161              		.loc 1 343 3 is_stmt 1 view .LVU696
 343:Core/Src/main.c **** 
 3162              		.loc 1 343 22 is_stmt 0 view .LVU697
 3163 000e 0023     		movs	r3, #0
 3164 0010 0393     		str	r3, [sp, #12]
 3165 0012 0493     		str	r3, [sp, #16]
 3166 0014 0593     		str	r3, [sp, #20]
 3167 0016 0693     		str	r3, [sp, #24]
 3168 0018 0793     		str	r3, [sp, #28]
 347:Core/Src/main.c ****   __HAL_PWR_VOLTAGESCALING_CONFIG(PWR_REGULATOR_VOLTAGE_SCALE1);
 3169              		.loc 1 347 3 is_stmt 1 view .LVU698
 3170              	.LBB39:
 347:Core/Src/main.c ****   __HAL_PWR_VOLTAGESCALING_CONFIG(PWR_REGULATOR_VOLTAGE_SCALE1);
 3171              		.loc 1 347 3 view .LVU699
 3172 001a 0193     		str	r3, [sp, #4]
 347:Core/Src/main.c ****   __HAL_PWR_VOLTAGESCALING_CONFIG(PWR_REGULATOR_VOLTAGE_SCALE1);
 3173              		.loc 1 347 3 view .LVU700
 3174 001c 204A     		ldr	r2, .L224
 3175 001e 116C     		ldr	r1, [r2, #64]
 3176 0020 41F08051 		orr	r1, r1, #268435456
 3177 0024 1164     		str	r1, [r2, #64]
 347:Core/Src/main.c ****   __HAL_PWR_VOLTAGESCALING_CONFIG(PWR_REGULATOR_VOLTAGE_SCALE1);
 3178              		.loc 1 347 3 view .LVU701
 3179 0026 126C     		ldr	r2, [r2, #64]
 3180 0028 02F08052 		and	r2, r2, #268435456
 3181 002c 0192     		str	r2, [sp, #4]
 347:Core/Src/main.c ****   __HAL_PWR_VOLTAGESCALING_CONFIG(PWR_REGULATOR_VOLTAGE_SCALE1);
 3182              		.loc 1 347 3 view .LVU702
 3183 002e 019A     		ldr	r2, [sp, #4]
 3184              	.LBE39:
 347:Core/Src/main.c ****   __HAL_PWR_VOLTAGESCALING_CONFIG(PWR_REGULATOR_VOLTAGE_SCALE1);
 3185              		.loc 1 347 3 view .LVU703
 348:Core/Src/main.c **** 
ARM GAS  /var/folders/8x/_y6g3dfs0698dfd49y4vcg_w0000gn/T//cciIlfrw.s 			page 104


 3186              		.loc 1 348 3 view .LVU704
 3187              	.LBB40:
 348:Core/Src/main.c **** 
 3188              		.loc 1 348 3 view .LVU705
 3189 0030 0293     		str	r3, [sp, #8]
 348:Core/Src/main.c **** 
 3190              		.loc 1 348 3 view .LVU706
 3191 0032 1C4B     		ldr	r3, .L224+4
 3192 0034 1A68     		ldr	r2, [r3]
 3193 0036 42F48042 		orr	r2, r2, #16384
 3194 003a 1A60     		str	r2, [r3]
 348:Core/Src/main.c **** 
 3195              		.loc 1 348 3 view .LVU707
 3196 003c 1B68     		ldr	r3, [r3]
 3197 003e 03F48043 		and	r3, r3, #16384
 3198 0042 0293     		str	r3, [sp, #8]
 348:Core/Src/main.c **** 
 3199              		.loc 1 348 3 view .LVU708
 3200 0044 029B     		ldr	r3, [sp, #8]
 3201              	.LBE40:
 348:Core/Src/main.c **** 
 3202              		.loc 1 348 3 view .LVU709
 353:Core/Src/main.c ****   RCC_OscInitStruct.HSEState = RCC_HSE_ON;
 3203              		.loc 1 353 3 view .LVU710
 353:Core/Src/main.c ****   RCC_OscInitStruct.HSEState = RCC_HSE_ON;
 3204              		.loc 1 353 36 is_stmt 0 view .LVU711
 3205 0046 0123     		movs	r3, #1
 3206 0048 0893     		str	r3, [sp, #32]
 354:Core/Src/main.c ****   RCC_OscInitStruct.PLL.PLLState = RCC_PLL_ON;
 3207              		.loc 1 354 3 is_stmt 1 view .LVU712
 354:Core/Src/main.c ****   RCC_OscInitStruct.PLL.PLLState = RCC_PLL_ON;
 3208              		.loc 1 354 30 is_stmt 0 view .LVU713
 3209 004a 4FF48033 		mov	r3, #65536
 3210 004e 0993     		str	r3, [sp, #36]
 355:Core/Src/main.c ****   RCC_OscInitStruct.PLL.PLLSource = RCC_PLLSOURCE_HSE;
 3211              		.loc 1 355 3 is_stmt 1 view .LVU714
 355:Core/Src/main.c ****   RCC_OscInitStruct.PLL.PLLSource = RCC_PLLSOURCE_HSE;
 3212              		.loc 1 355 34 is_stmt 0 view .LVU715
 3213 0050 0223     		movs	r3, #2
 3214 0052 0E93     		str	r3, [sp, #56]
 356:Core/Src/main.c ****   RCC_OscInitStruct.PLL.PLLM = 4;
 3215              		.loc 1 356 3 is_stmt 1 view .LVU716
 356:Core/Src/main.c ****   RCC_OscInitStruct.PLL.PLLM = 4;
 3216              		.loc 1 356 35 is_stmt 0 view .LVU717
 3217 0054 4FF48002 		mov	r2, #4194304
 3218 0058 0F92     		str	r2, [sp, #60]
 357:Core/Src/main.c ****   RCC_OscInitStruct.PLL.PLLN = 168;
 3219              		.loc 1 357 3 is_stmt 1 view .LVU718
 357:Core/Src/main.c ****   RCC_OscInitStruct.PLL.PLLN = 168;
 3220              		.loc 1 357 30 is_stmt 0 view .LVU719
 3221 005a 0422     		movs	r2, #4
 3222 005c 1092     		str	r2, [sp, #64]
 358:Core/Src/main.c ****   RCC_OscInitStruct.PLL.PLLP = RCC_PLLP_DIV2;
 3223              		.loc 1 358 3 is_stmt 1 view .LVU720
 358:Core/Src/main.c ****   RCC_OscInitStruct.PLL.PLLP = RCC_PLLP_DIV2;
 3224              		.loc 1 358 30 is_stmt 0 view .LVU721
 3225 005e A822     		movs	r2, #168
ARM GAS  /var/folders/8x/_y6g3dfs0698dfd49y4vcg_w0000gn/T//cciIlfrw.s 			page 105


 3226 0060 1192     		str	r2, [sp, #68]
 359:Core/Src/main.c ****   RCC_OscInitStruct.PLL.PLLQ = 7;
 3227              		.loc 1 359 3 is_stmt 1 view .LVU722
 359:Core/Src/main.c ****   RCC_OscInitStruct.PLL.PLLQ = 7;
 3228              		.loc 1 359 30 is_stmt 0 view .LVU723
 3229 0062 1293     		str	r3, [sp, #72]
 360:Core/Src/main.c ****   if (HAL_RCC_OscConfig(&RCC_OscInitStruct) != HAL_OK)
 3230              		.loc 1 360 3 is_stmt 1 view .LVU724
 360:Core/Src/main.c ****   if (HAL_RCC_OscConfig(&RCC_OscInitStruct) != HAL_OK)
 3231              		.loc 1 360 30 is_stmt 0 view .LVU725
 3232 0064 0723     		movs	r3, #7
 3233 0066 1393     		str	r3, [sp, #76]
 361:Core/Src/main.c ****   {
 3234              		.loc 1 361 3 is_stmt 1 view .LVU726
 361:Core/Src/main.c ****   {
 3235              		.loc 1 361 7 is_stmt 0 view .LVU727
 3236 0068 08A8     		add	r0, sp, #32
 3237 006a FFF7FEFF 		bl	HAL_RCC_OscConfig
 3238              	.LVL278:
 361:Core/Src/main.c ****   {
 3239              		.loc 1 361 6 discriminator 1 view .LVU728
 3240 006e 98B9     		cbnz	r0, .L222
 368:Core/Src/main.c ****                               |RCC_CLOCKTYPE_PCLK1|RCC_CLOCKTYPE_PCLK2;
 3241              		.loc 1 368 3 is_stmt 1 view .LVU729
 368:Core/Src/main.c ****                               |RCC_CLOCKTYPE_PCLK1|RCC_CLOCKTYPE_PCLK2;
 3242              		.loc 1 368 31 is_stmt 0 view .LVU730
 3243 0070 0F23     		movs	r3, #15
 3244 0072 0393     		str	r3, [sp, #12]
 370:Core/Src/main.c ****   RCC_ClkInitStruct.AHBCLKDivider = RCC_SYSCLK_DIV1;
 3245              		.loc 1 370 3 is_stmt 1 view .LVU731
 370:Core/Src/main.c ****   RCC_ClkInitStruct.AHBCLKDivider = RCC_SYSCLK_DIV1;
 3246              		.loc 1 370 34 is_stmt 0 view .LVU732
 3247 0074 0223     		movs	r3, #2
 3248 0076 0493     		str	r3, [sp, #16]
 371:Core/Src/main.c ****   RCC_ClkInitStruct.APB1CLKDivider = RCC_HCLK_DIV4;
 3249              		.loc 1 371 3 is_stmt 1 view .LVU733
 371:Core/Src/main.c ****   RCC_ClkInitStruct.APB1CLKDivider = RCC_HCLK_DIV4;
 3250              		.loc 1 371 35 is_stmt 0 view .LVU734
 3251 0078 0023     		movs	r3, #0
 3252 007a 0593     		str	r3, [sp, #20]
 372:Core/Src/main.c ****   RCC_ClkInitStruct.APB2CLKDivider = RCC_HCLK_DIV2;
 3253              		.loc 1 372 3 is_stmt 1 view .LVU735
 372:Core/Src/main.c ****   RCC_ClkInitStruct.APB2CLKDivider = RCC_HCLK_DIV2;
 3254              		.loc 1 372 36 is_stmt 0 view .LVU736
 3255 007c 4FF4A053 		mov	r3, #5120
 3256 0080 0693     		str	r3, [sp, #24]
 373:Core/Src/main.c **** 
 3257              		.loc 1 373 3 is_stmt 1 view .LVU737
 373:Core/Src/main.c **** 
 3258              		.loc 1 373 36 is_stmt 0 view .LVU738
 3259 0082 4FF48053 		mov	r3, #4096
 3260 0086 0793     		str	r3, [sp, #28]
 375:Core/Src/main.c ****   {
 3261              		.loc 1 375 3 is_stmt 1 view .LVU739
 375:Core/Src/main.c ****   {
 3262              		.loc 1 375 7 is_stmt 0 view .LVU740
 3263 0088 0521     		movs	r1, #5
ARM GAS  /var/folders/8x/_y6g3dfs0698dfd49y4vcg_w0000gn/T//cciIlfrw.s 			page 106


 3264 008a 03A8     		add	r0, sp, #12
 3265 008c FFF7FEFF 		bl	HAL_RCC_ClockConfig
 3266              	.LVL279:
 375:Core/Src/main.c ****   {
 3267              		.loc 1 375 6 discriminator 1 view .LVU741
 3268 0090 20B9     		cbnz	r0, .L223
 379:Core/Src/main.c **** 
 3269              		.loc 1 379 1 view .LVU742
 3270 0092 15B0     		add	sp, sp, #84
 3271              	.LCFI44:
 3272              		.cfi_remember_state
 3273              		.cfi_def_cfa_offset 4
 3274              		@ sp needed
 3275 0094 5DF804FB 		ldr	pc, [sp], #4
 3276              	.L222:
 3277              	.LCFI45:
 3278              		.cfi_restore_state
 363:Core/Src/main.c ****   }
 3279              		.loc 1 363 5 is_stmt 1 view .LVU743
 3280 0098 FFF7FEFF 		bl	Error_Handler
 3281              	.LVL280:
 3282              	.L223:
 377:Core/Src/main.c ****   }
 3283              		.loc 1 377 5 view .LVU744
 3284 009c FFF7FEFF 		bl	Error_Handler
 3285              	.LVL281:
 3286              	.L225:
 3287              		.align	2
 3288              	.L224:
 3289 00a0 00380240 		.word	1073887232
 3290 00a4 00700040 		.word	1073770496
 3291              		.cfi_endproc
 3292              	.LFE243:
 3294              		.section	.rodata.main.str1.4,"aMS",%progbits,1
 3295              		.align	2
 3296              	.LC50:
 3297 0000 53797374 		.ascii	"System Initialized\015\000"
 3297      656D2049 
 3297      6E697469 
 3297      616C697A 
 3297      65640D00 
 3298              		.section	.text.main,"ax",%progbits
 3299              		.align	1
 3300              		.global	main
 3301              		.syntax unified
 3302              		.thumb
 3303              		.thumb_func
 3305              	main:
 3306              	.LFB242:
 202:Core/Src/main.c **** 
 3307              		.loc 1 202 1 view -0
 3308              		.cfi_startproc
 3309              		@ args = 0, pretend = 0, frame = 0
 3310              		@ frame_needed = 0, uses_anonymous_args = 0
 3311 0000 10B5     		push	{r4, lr}
 3312              	.LCFI46:
 3313              		.cfi_def_cfa_offset 8
ARM GAS  /var/folders/8x/_y6g3dfs0698dfd49y4vcg_w0000gn/T//cciIlfrw.s 			page 107


 3314              		.cfi_offset 4, -8
 3315              		.cfi_offset 14, -4
 211:Core/Src/main.c **** 
 3316              		.loc 1 211 3 view .LVU746
 3317 0002 FFF7FEFF 		bl	HAL_Init
 3318              	.LVL282:
 218:Core/Src/main.c **** 
 3319              		.loc 1 218 3 view .LVU747
 3320 0006 FFF7FEFF 		bl	SystemClock_Config
 3321              	.LVL283:
 225:Core/Src/main.c ****   MX_ADC1_Init();
 3322              		.loc 1 225 3 view .LVU748
 3323 000a FFF7FEFF 		bl	MX_GPIO_Init
 3324              	.LVL284:
 226:Core/Src/main.c ****   MX_I2C1_Init();
 3325              		.loc 1 226 3 view .LVU749
 3326 000e FFF7FEFF 		bl	MX_ADC1_Init
 3327              	.LVL285:
 227:Core/Src/main.c ****   MX_TIM1_Init();
 3328              		.loc 1 227 3 view .LVU750
 3329 0012 FFF7FEFF 		bl	MX_I2C1_Init
 3330              	.LVL286:
 228:Core/Src/main.c ****   MX_TIM2_Init();
 3331              		.loc 1 228 3 view .LVU751
 3332 0016 FFF7FEFF 		bl	MX_TIM1_Init
 3333              	.LVL287:
 229:Core/Src/main.c ****   MX_UART4_Init();
 3334              		.loc 1 229 3 view .LVU752
 3335 001a FFF7FEFF 		bl	MX_TIM2_Init
 3336              	.LVL288:
 230:Core/Src/main.c ****   MX_UART5_Init();
 3337              		.loc 1 230 3 view .LVU753
 3338 001e FFF7FEFF 		bl	MX_UART4_Init
 3339              	.LVL289:
 231:Core/Src/main.c ****   MX_USART1_UART_Init();
 3340              		.loc 1 231 3 view .LVU754
 3341 0022 FFF7FEFF 		bl	MX_UART5_Init
 3342              	.LVL290:
 232:Core/Src/main.c ****   MX_USART2_UART_Init();
 3343              		.loc 1 232 3 view .LVU755
 3344 0026 FFF7FEFF 		bl	MX_USART1_UART_Init
 3345              	.LVL291:
 233:Core/Src/main.c ****   MX_USART3_UART_Init();
 3346              		.loc 1 233 3 view .LVU756
 3347 002a FFF7FEFF 		bl	MX_USART2_UART_Init
 3348              	.LVL292:
 234:Core/Src/main.c ****   MX_USB_OTG_FS_PCD_Init();
 3349              		.loc 1 234 3 view .LVU757
 3350 002e FFF7FEFF 		bl	MX_USART3_UART_Init
 3351              	.LVL293:
 235:Core/Src/main.c ****   MX_TIM4_Init();
 3352              		.loc 1 235 3 view .LVU758
 3353 0032 FFF7FEFF 		bl	MX_USB_OTG_FS_PCD_Init
 3354              	.LVL294:
 236:Core/Src/main.c ****   MX_TIM3_Init();
 3355              		.loc 1 236 3 view .LVU759
 3356 0036 FFF7FEFF 		bl	MX_TIM4_Init
ARM GAS  /var/folders/8x/_y6g3dfs0698dfd49y4vcg_w0000gn/T//cciIlfrw.s 			page 108


 3357              	.LVL295:
 237:Core/Src/main.c ****   MX_USART6_UART_Init();
 3358              		.loc 1 237 3 view .LVU760
 3359 003a FFF7FEFF 		bl	MX_TIM3_Init
 3360              	.LVL296:
 238:Core/Src/main.c ****   /* USER CODE BEGIN 2 */
 3361              		.loc 1 238 3 view .LVU761
 3362 003e FFF7FEFF 		bl	MX_USART6_UART_Init
 3363              	.LVL297:
 242:Core/Src/main.c **** 
 3364              		.loc 1 242 3 view .LVU762
 3365 0042 1C48     		ldr	r0, .L229
 3366 0044 FFF7FEFF 		bl	puts
 3367              	.LVL298:
 244:Core/Src/main.c ****   HAL_TIM_PWM_Start(&htim4, TIM_CHANNEL_2); // Start PWM on PD13  
 3368              		.loc 1 244 3 view .LVU763
 3369 0048 1B4C     		ldr	r4, .L229+4
 3370 004a 0021     		movs	r1, #0
 3371 004c 2046     		mov	r0, r4
 3372 004e FFF7FEFF 		bl	HAL_TIM_PWM_Start
 3373              	.LVL299:
 245:Core/Src/main.c **** 
 3374              		.loc 1 245 3 view .LVU764
 3375 0052 0421     		movs	r1, #4
 3376 0054 2046     		mov	r0, r4
 3377 0056 FFF7FEFF 		bl	HAL_TIM_PWM_Start
 3378              	.LVL300:
 247:Core/Src/main.c ****   __HAL_TIM_SET_COMPARE(&htim4, TIM_CHANNEL_2, 0);  // 25% duty cycle on PD13
 3379              		.loc 1 247 3 view .LVU765
 3380 005a 2368     		ldr	r3, [r4]
 3381 005c 0022     		movs	r2, #0
 3382 005e 5A63     		str	r2, [r3, #52]
 248:Core/Src/main.c **** 
 3383              		.loc 1 248 3 view .LVU766
 3384 0060 9A63     		str	r2, [r3, #56]
 250:Core/Src/main.c **** 
 3385              		.loc 1 250 3 view .LVU767
 250:Core/Src/main.c **** 
 3386              		.loc 1 250 23 is_stmt 0 view .LVU768
 3387 0062 FFF7FEFF 		bl	Read_ADC_PA0
 3388              	.LVL301:
 254:Core/Src/main.c ****   HAL_UART_Receive_IT(JOINT1_UART, &rx_byte1, 1); // Start receiving single bytes in interrupt mode
 3389              		.loc 1 254 3 is_stmt 1 view .LVU769
 3390 0066 0122     		movs	r2, #1
 3391 0068 1449     		ldr	r1, .L229+8
 3392 006a 1548     		ldr	r0, .L229+12
 3393 006c FFF7FEFF 		bl	HAL_UART_Receive_IT
 3394              	.LVL302:
 255:Core/Src/main.c ****   HAL_UART_Receive_IT(JOINT2_UART, &rx_byte2, 1); // Start receiving single bytes in interrupt mode
 3395              		.loc 1 255 3 view .LVU770
 3396 0070 0122     		movs	r2, #1
 3397 0072 1449     		ldr	r1, .L229+16
 3398 0074 1448     		ldr	r0, .L229+20
 3399 0076 FFF7FEFF 		bl	HAL_UART_Receive_IT
 3400              	.LVL303:
 256:Core/Src/main.c ****   HAL_UART_Receive_IT(JOINT3_UART, &rx_byte3, 1); // Start receiving single bytes in interrupt mode
 3401              		.loc 1 256 3 view .LVU771
ARM GAS  /var/folders/8x/_y6g3dfs0698dfd49y4vcg_w0000gn/T//cciIlfrw.s 			page 109


 3402 007a 0122     		movs	r2, #1
 3403 007c 1349     		ldr	r1, .L229+24
 3404 007e 1448     		ldr	r0, .L229+28
 3405 0080 FFF7FEFF 		bl	HAL_UART_Receive_IT
 3406              	.LVL304:
 257:Core/Src/main.c ****   HAL_UART_Receive_IT(JOINT4_UART, &rx_byte4, 1); // Start receiving single bytes in interrupt mode
 3407              		.loc 1 257 3 view .LVU772
 3408 0084 0122     		movs	r2, #1
 3409 0086 1349     		ldr	r1, .L229+32
 3410 0088 1348     		ldr	r0, .L229+36
 3411 008a FFF7FEFF 		bl	HAL_UART_Receive_IT
 3412              	.LVL305:
 258:Core/Src/main.c ****   HAL_UART_Receive_IT(JOINT5_UART, &rx_byte5, 1); // Start receiving single bytes in interrupt mode
 3413              		.loc 1 258 3 view .LVU773
 3414 008e 0122     		movs	r2, #1
 3415 0090 1249     		ldr	r1, .L229+40
 3416 0092 1348     		ldr	r0, .L229+44
 3417 0094 FFF7FEFF 		bl	HAL_UART_Receive_IT
 3418              	.LVL306:
 259:Core/Src/main.c **** 
 3419              		.loc 1 259 3 view .LVU774
 3420 0098 0122     		movs	r2, #1
 3421 009a 1249     		ldr	r1, .L229+48
 3422 009c 1248     		ldr	r0, .L229+52
 3423 009e FFF7FEFF 		bl	HAL_UART_Receive_IT
 3424              	.LVL307:
 261:Core/Src/main.c ****   /* USER CODE END 2 */
 3425              		.loc 1 261 3 view .LVU775
 3426 00a2 FFF7FEFF 		bl	HomeSet
 3427              	.LVL308:
 3428              	.L227:
 266:Core/Src/main.c ****     /* USER CODE END WHILE */
 3429              		.loc 1 266 3 view .LVU776
 3430              	.LBB41:
 270:Core/Src/main.c ****     HAL_Delay(1);
 3431              		.loc 1 270 5 view .LVU777
 270:Core/Src/main.c ****     HAL_Delay(1);
 3432              		.loc 1 270 25 is_stmt 0 view .LVU778
 3433 00a6 FFF7FEFF 		bl	Read_ADC_PA0
 3434              	.LVL309:
 271:Core/Src/main.c **** 
 3435              		.loc 1 271 5 is_stmt 1 discriminator 1 view .LVU779
 3436 00aa 0120     		movs	r0, #1
 3437 00ac FFF7FEFF 		bl	HAL_Delay
 3438              	.LVL310:
 3439              	.LBE41:
 266:Core/Src/main.c ****     /* USER CODE END WHILE */
 3440              		.loc 1 266 9 view .LVU780
 3441 00b0 F9E7     		b	.L227
 3442              	.L230:
 3443 00b2 00BF     		.align	2
 3444              	.L229:
 3445 00b4 00000000 		.word	.LC50
 3446 00b8 00000000 		.word	htim4
 3447 00bc 00000000 		.word	rx_byte
 3448 00c0 00000000 		.word	huart1
 3449 00c4 00000000 		.word	rx_byte1
ARM GAS  /var/folders/8x/_y6g3dfs0698dfd49y4vcg_w0000gn/T//cciIlfrw.s 			page 110


 3450 00c8 00000000 		.word	huart6
 3451 00cc 00000000 		.word	rx_byte2
 3452 00d0 00000000 		.word	huart2
 3453 00d4 00000000 		.word	rx_byte3
 3454 00d8 00000000 		.word	huart3
 3455 00dc 00000000 		.word	rx_byte4
 3456 00e0 00000000 		.word	huart4
 3457 00e4 00000000 		.word	rx_byte5
 3458 00e8 00000000 		.word	huart5
 3459              		.cfi_endproc
 3460              	.LFE242:
 3462              		.section	.bss.lastMillis.0,"aw",%nobits
 3463              		.align	2
 3466              	lastMillis.0:
 3467 0000 00000000 		.space	4
 3468              		.section	.bss.step.1,"aw",%nobits
 3471              	step.1:
 3472 0000 00       		.space	1
 3473              		.global	buttonHeld
 3474              		.section	.bss.buttonHeld,"aw",%nobits
 3475              		.align	2
 3478              	buttonHeld:
 3479 0000 00000000 		.space	4
 3480              		.global	buttonPressTime
 3481              		.section	.bss.buttonPressTime,"aw",%nobits
 3482              		.align	2
 3485              	buttonPressTime:
 3486 0000 00000000 		.space	4
 3487              		.global	prev_actuator
 3488              		.section	.bss.prev_actuator,"aw",%nobits
 3489              		.align	2
 3492              	prev_actuator:
 3493 0000 00000000 		.space	4
 3494              		.global	prev_joint5
 3495              		.section	.bss.prev_joint5,"aw",%nobits
 3496              		.align	2
 3499              	prev_joint5:
 3500 0000 00000000 		.space	4
 3501              		.global	prev_joint4
 3502              		.section	.bss.prev_joint4,"aw",%nobits
 3503              		.align	2
 3506              	prev_joint4:
 3507 0000 00000000 		.space	4
 3508              		.global	prev_joint3
 3509              		.section	.bss.prev_joint3,"aw",%nobits
 3510              		.align	2
 3513              	prev_joint3:
 3514 0000 00000000 		.space	4
 3515              		.global	prev_joint2
 3516              		.section	.bss.prev_joint2,"aw",%nobits
 3517              		.align	2
 3520              	prev_joint2:
 3521 0000 00000000 		.space	4
 3522              		.global	prev_joint1
 3523              		.section	.bss.prev_joint1,"aw",%nobits
 3524              		.align	2
 3527              	prev_joint1:
ARM GAS  /var/folders/8x/_y6g3dfs0698dfd49y4vcg_w0000gn/T//cciIlfrw.s 			page 111


 3528 0000 00000000 		.space	4
 3529              		.global	retractionLimit
 3530              		.section	.data.retractionLimit,"aw"
 3531              		.align	2
 3534              	retractionLimit:
 3535 0000 D20F0000 		.word	4050
 3536              		.global	injectionLimit
 3537              		.section	.data.injectionLimit,"aw"
 3538              		.align	2
 3541              	injectionLimit:
 3542 0000 280A0000 		.word	2600
 3543              		.global	footPedalMode
 3544              		.section	.bss.footPedalMode,"aw",%nobits
 3547              	footPedalMode:
 3548 0000 00       		.space	1
 3549              		.global	footPedalFlag
 3550              		.section	.bss.footPedalFlag,"aw",%nobits
 3553              	footPedalFlag:
 3554 0000 00       		.space	1
 3555              		.global	buttonState
 3556              		.section	.bss.buttonState,"aw",%nobits
 3559              	buttonState:
 3560 0000 00       		.space	1
 3561              		.global	injectFlag
 3562              		.section	.data.injectFlag,"aw"
 3563              		.align	2
 3566              	injectFlag:
 3567 0000 02000000 		.word	2
 3568              		.global	ledFlag
 3569              		.section	.bss.ledFlag,"aw",%nobits
 3570              		.align	2
 3573              	ledFlag:
 3574 0000 00000000 		.space	4
 3575              		.global	actuator
 3576              		.section	.bss.actuator,"aw",%nobits
 3577              		.align	2
 3580              	actuator:
 3581 0000 00000000 		.space	4
 3582              		.global	joint5
 3583              		.section	.data.joint5,"aw"
 3584              		.align	2
 3587              	joint5:
 3588 0000 28000000 		.word	40
 3589              		.global	joint4
 3590              		.section	.bss.joint4,"aw",%nobits
 3591              		.align	2
 3594              	joint4:
 3595 0000 00000000 		.space	4
 3596              		.global	joint3
 3597              		.section	.data.joint3,"aw"
 3598              		.align	2
 3601              	joint3:
 3602 0000 0A000000 		.word	10
 3603              		.global	joint2
 3604              		.section	.data.joint2,"aw"
 3605              		.align	2
 3608              	joint2:
ARM GAS  /var/folders/8x/_y6g3dfs0698dfd49y4vcg_w0000gn/T//cciIlfrw.s 			page 112


 3609 0000 50000000 		.word	80
 3610              		.global	joint1
 3611              		.section	.bss.joint1,"aw",%nobits
 3612              		.align	2
 3615              	joint1:
 3616 0000 00000000 		.space	4
 3617              		.global	previous_string
 3618              		.section	.bss.previous_string,"aw",%nobits
 3619              		.align	2
 3622              	previous_string:
 3623 0000 00000000 		.space	256
 3623      00000000 
 3623      00000000 
 3623      00000000 
 3623      00000000 
 3624              		.global	received_string
 3625              		.section	.bss.received_string,"aw",%nobits
 3626              		.align	2
 3629              	received_string:
 3630 0000 00000000 		.space	256
 3630      00000000 
 3630      00000000 
 3630      00000000 
 3630      00000000 
 3631              		.global	uart_received
 3632              		.section	.bss.uart_received,"aw",%nobits
 3635              	uart_received:
 3636 0000 00       		.space	1
 3637              		.global	buffer_index
 3638              		.section	.bss.buffer_index,"aw",%nobits
 3639              		.align	1
 3642              	buffer_index:
 3643 0000 0000     		.space	2
 3644              		.global	uart_buffer
 3645              		.section	.bss.uart_buffer,"aw",%nobits
 3646              		.align	2
 3649              	uart_buffer:
 3650 0000 00000000 		.space	256
 3650      00000000 
 3650      00000000 
 3650      00000000 
 3650      00000000 
 3651              		.global	rx_byte5
 3652              		.section	.bss.rx_byte5,"aw",%nobits
 3655              	rx_byte5:
 3656 0000 00       		.space	1
 3657              		.global	rx_byte4
 3658              		.section	.bss.rx_byte4,"aw",%nobits
 3661              	rx_byte4:
 3662 0000 00       		.space	1
 3663              		.global	rx_byte3
 3664              		.section	.bss.rx_byte3,"aw",%nobits
 3667              	rx_byte3:
 3668 0000 00       		.space	1
 3669              		.global	rx_byte2
 3670              		.section	.bss.rx_byte2,"aw",%nobits
 3673              	rx_byte2:
ARM GAS  /var/folders/8x/_y6g3dfs0698dfd49y4vcg_w0000gn/T//cciIlfrw.s 			page 113


 3674 0000 00       		.space	1
 3675              		.global	rx_byte1
 3676              		.section	.bss.rx_byte1,"aw",%nobits
 3679              	rx_byte1:
 3680 0000 00       		.space	1
 3681              		.global	rx_byte
 3682              		.section	.bss.rx_byte,"aw",%nobits
 3685              	rx_byte:
 3686 0000 00       		.space	1
 3687              		.text
 3688              	.Letext0:
 3689              		.file 3 "/Applications/ArmGNUToolchain/13.3.rel1/arm-none-eabi/arm-none-eabi/include/machine/_defa
 3690              		.file 4 "/Applications/ArmGNUToolchain/13.3.rel1/arm-none-eabi/arm-none-eabi/include/sys/_stdint.h
 3691              		.file 5 "Drivers/CMSIS/Device/ST/STM32F4xx/Include/stm32f407xx.h"
 3692              		.file 6 "Drivers/CMSIS/Device/ST/STM32F4xx/Include/stm32f4xx.h"
 3693              		.file 7 "/Applications/ArmGNUToolchain/13.3.rel1/arm-none-eabi/lib/gcc/arm-none-eabi/13.3.1/includ
 3694              		.file 8 "Drivers/STM32F4xx_HAL_Driver/Inc/stm32f4xx_hal_def.h"
 3695              		.file 9 "Drivers/STM32F4xx_HAL_Driver/Inc/stm32f4xx_hal_rcc_ex.h"
 3696              		.file 10 "Drivers/STM32F4xx_HAL_Driver/Inc/stm32f4xx_hal_rcc.h"
 3697              		.file 11 "Drivers/STM32F4xx_HAL_Driver/Inc/stm32f4xx_hal_dma.h"
 3698              		.file 12 "Drivers/STM32F4xx_HAL_Driver/Inc/stm32f4xx_hal_adc.h"
 3699              		.file 13 "Drivers/STM32F4xx_HAL_Driver/Inc/stm32f4xx_hal_tim.h"
 3700              		.file 14 "Drivers/STM32F4xx_HAL_Driver/Inc/stm32f4xx_hal_uart.h"
 3701              		.file 15 "Core/Inc/adc.h"
 3702              		.file 16 "Core/Inc/tim.h"
 3703              		.file 17 "Core/Inc/usart.h"
 3704              		.file 18 "/Applications/ArmGNUToolchain/13.3.rel1/arm-none-eabi/arm-none-eabi/include/stdio.h"
 3705              		.file 19 "/Applications/ArmGNUToolchain/13.3.rel1/arm-none-eabi/arm-none-eabi/include/string.h"
 3706              		.file 20 "Core/Inc/usb_otg.h"
 3707              		.file 21 "Core/Inc/i2c.h"
 3708              		.file 22 "Core/Inc/gpio.h"
 3709              		.file 23 "Drivers/STM32F4xx_HAL_Driver/Inc/stm32f4xx_hal.h"
 3710              		.file 24 "<built-in>"
ARM GAS  /var/folders/8x/_y6g3dfs0698dfd49y4vcg_w0000gn/T//cciIlfrw.s 			page 114


DEFINED SYMBOLS
                            *ABS*:00000000 main.c
/var/folders/8x/_y6g3dfs0698dfd49y4vcg_w0000gn/T//cciIlfrw.s:21     .text.__io_putchar:00000000 $t
/var/folders/8x/_y6g3dfs0698dfd49y4vcg_w0000gn/T//cciIlfrw.s:27     .text.__io_putchar:00000000 __io_putchar
/var/folders/8x/_y6g3dfs0698dfd49y4vcg_w0000gn/T//cciIlfrw.s:63     .text.__io_putchar:0000001c $d
/var/folders/8x/_y6g3dfs0698dfd49y4vcg_w0000gn/T//cciIlfrw.s:68     .text.__io_putchar_usart2:00000000 $t
/var/folders/8x/_y6g3dfs0698dfd49y4vcg_w0000gn/T//cciIlfrw.s:74     .text.__io_putchar_usart2:00000000 __io_putchar_usart2
/var/folders/8x/_y6g3dfs0698dfd49y4vcg_w0000gn/T//cciIlfrw.s:110    .text.__io_putchar_usart2:0000001c $d
/var/folders/8x/_y6g3dfs0698dfd49y4vcg_w0000gn/T//cciIlfrw.s:115    .text.__io_putchar_usart3:00000000 $t
/var/folders/8x/_y6g3dfs0698dfd49y4vcg_w0000gn/T//cciIlfrw.s:121    .text.__io_putchar_usart3:00000000 __io_putchar_usart3
/var/folders/8x/_y6g3dfs0698dfd49y4vcg_w0000gn/T//cciIlfrw.s:157    .text.__io_putchar_usart3:0000001c $d
/var/folders/8x/_y6g3dfs0698dfd49y4vcg_w0000gn/T//cciIlfrw.s:162    .text.__io_putchar_uart4:00000000 $t
/var/folders/8x/_y6g3dfs0698dfd49y4vcg_w0000gn/T//cciIlfrw.s:168    .text.__io_putchar_uart4:00000000 __io_putchar_uart4
/var/folders/8x/_y6g3dfs0698dfd49y4vcg_w0000gn/T//cciIlfrw.s:204    .text.__io_putchar_uart4:0000001c $d
/var/folders/8x/_y6g3dfs0698dfd49y4vcg_w0000gn/T//cciIlfrw.s:209    .text.__io_putchar_uart5:00000000 $t
/var/folders/8x/_y6g3dfs0698dfd49y4vcg_w0000gn/T//cciIlfrw.s:215    .text.__io_putchar_uart5:00000000 __io_putchar_uart5
/var/folders/8x/_y6g3dfs0698dfd49y4vcg_w0000gn/T//cciIlfrw.s:251    .text.__io_putchar_uart5:0000001c $d
/var/folders/8x/_y6g3dfs0698dfd49y4vcg_w0000gn/T//cciIlfrw.s:256    .text.__io_putchar_usart6:00000000 $t
/var/folders/8x/_y6g3dfs0698dfd49y4vcg_w0000gn/T//cciIlfrw.s:262    .text.__io_putchar_usart6:00000000 __io_putchar_usart6
/var/folders/8x/_y6g3dfs0698dfd49y4vcg_w0000gn/T//cciIlfrw.s:298    .text.__io_putchar_usart6:0000001c $d
/var/folders/8x/_y6g3dfs0698dfd49y4vcg_w0000gn/T//cciIlfrw.s:303    .text.ProcessReceivedJoint:00000000 $t
/var/folders/8x/_y6g3dfs0698dfd49y4vcg_w0000gn/T//cciIlfrw.s:309    .text.ProcessReceivedJoint:00000000 ProcessReceivedJoint
/var/folders/8x/_y6g3dfs0698dfd49y4vcg_w0000gn/T//cciIlfrw.s:323    .rodata.Joint1Set.str1.4:00000000 $d
/var/folders/8x/_y6g3dfs0698dfd49y4vcg_w0000gn/T//cciIlfrw.s:327    .text.Joint1Set:00000000 $t
/var/folders/8x/_y6g3dfs0698dfd49y4vcg_w0000gn/T//cciIlfrw.s:333    .text.Joint1Set:00000000 Joint1Set
/var/folders/8x/_y6g3dfs0698dfd49y4vcg_w0000gn/T//cciIlfrw.s:398    .text.Joint1Set:0000002c $d
/var/folders/8x/_y6g3dfs0698dfd49y4vcg_w0000gn/T//cciIlfrw.s:403    .rodata.Joint2Set.str1.4:00000000 $d
/var/folders/8x/_y6g3dfs0698dfd49y4vcg_w0000gn/T//cciIlfrw.s:407    .text.Joint2Set:00000000 $t
/var/folders/8x/_y6g3dfs0698dfd49y4vcg_w0000gn/T//cciIlfrw.s:413    .text.Joint2Set:00000000 Joint2Set
/var/folders/8x/_y6g3dfs0698dfd49y4vcg_w0000gn/T//cciIlfrw.s:478    .text.Joint2Set:0000002c $d
/var/folders/8x/_y6g3dfs0698dfd49y4vcg_w0000gn/T//cciIlfrw.s:483    .text.Joint3Set:00000000 $t
/var/folders/8x/_y6g3dfs0698dfd49y4vcg_w0000gn/T//cciIlfrw.s:489    .text.Joint3Set:00000000 Joint3Set
/var/folders/8x/_y6g3dfs0698dfd49y4vcg_w0000gn/T//cciIlfrw.s:554    .text.Joint3Set:0000002c $d
/var/folders/8x/_y6g3dfs0698dfd49y4vcg_w0000gn/T//cciIlfrw.s:559    .text.Joint4Set:00000000 $t
/var/folders/8x/_y6g3dfs0698dfd49y4vcg_w0000gn/T//cciIlfrw.s:565    .text.Joint4Set:00000000 Joint4Set
/var/folders/8x/_y6g3dfs0698dfd49y4vcg_w0000gn/T//cciIlfrw.s:630    .text.Joint4Set:0000002c $d
/var/folders/8x/_y6g3dfs0698dfd49y4vcg_w0000gn/T//cciIlfrw.s:635    .text.Joint5Set:00000000 $t
/var/folders/8x/_y6g3dfs0698dfd49y4vcg_w0000gn/T//cciIlfrw.s:641    .text.Joint5Set:00000000 Joint5Set
/var/folders/8x/_y6g3dfs0698dfd49y4vcg_w0000gn/T//cciIlfrw.s:706    .text.Joint5Set:0000002c $d
/var/folders/8x/_y6g3dfs0698dfd49y4vcg_w0000gn/T//cciIlfrw.s:711    .text.HomeSet:00000000 $t
/var/folders/8x/_y6g3dfs0698dfd49y4vcg_w0000gn/T//cciIlfrw.s:717    .text.HomeSet:00000000 HomeSet
/var/folders/8x/_y6g3dfs0698dfd49y4vcg_w0000gn/T//cciIlfrw.s:779    .text.HomeSet:00000040 $d
/var/folders/8x/_y6g3dfs0698dfd49y4vcg_w0000gn/T//cciIlfrw.s:3615   .bss.joint1:00000000 joint1
/var/folders/8x/_y6g3dfs0698dfd49y4vcg_w0000gn/T//cciIlfrw.s:3608   .data.joint2:00000000 joint2
/var/folders/8x/_y6g3dfs0698dfd49y4vcg_w0000gn/T//cciIlfrw.s:3601   .data.joint3:00000000 joint3
/var/folders/8x/_y6g3dfs0698dfd49y4vcg_w0000gn/T//cciIlfrw.s:3594   .bss.joint4:00000000 joint4
/var/folders/8x/_y6g3dfs0698dfd49y4vcg_w0000gn/T//cciIlfrw.s:3587   .data.joint5:00000000 joint5
/var/folders/8x/_y6g3dfs0698dfd49y4vcg_w0000gn/T//cciIlfrw.s:3566   .data.injectFlag:00000000 injectFlag
/var/folders/8x/_y6g3dfs0698dfd49y4vcg_w0000gn/T//cciIlfrw.s:789    .text.HomeSetUser:00000000 $t
/var/folders/8x/_y6g3dfs0698dfd49y4vcg_w0000gn/T//cciIlfrw.s:795    .text.HomeSetUser:00000000 HomeSetUser
/var/folders/8x/_y6g3dfs0698dfd49y4vcg_w0000gn/T//cciIlfrw.s:913    .text.HomeSetUser:0000007c $d
/var/folders/8x/_y6g3dfs0698dfd49y4vcg_w0000gn/T//cciIlfrw.s:3471   .bss.step.1:00000000 step.1
/var/folders/8x/_y6g3dfs0698dfd49y4vcg_w0000gn/T//cciIlfrw.s:3466   .bss.lastMillis.0:00000000 lastMillis.0
/var/folders/8x/_y6g3dfs0698dfd49y4vcg_w0000gn/T//cciIlfrw.s:925    .text.ActuatorSet:00000000 $t
/var/folders/8x/_y6g3dfs0698dfd49y4vcg_w0000gn/T//cciIlfrw.s:931    .text.ActuatorSet:00000000 ActuatorSet
/var/folders/8x/_y6g3dfs0698dfd49y4vcg_w0000gn/T//cciIlfrw.s:945    .text.ActuatorStatus:00000000 $t
/var/folders/8x/_y6g3dfs0698dfd49y4vcg_w0000gn/T//cciIlfrw.s:951    .text.ActuatorStatus:00000000 ActuatorStatus
ARM GAS  /var/folders/8x/_y6g3dfs0698dfd49y4vcg_w0000gn/T//cciIlfrw.s 			page 115


/var/folders/8x/_y6g3dfs0698dfd49y4vcg_w0000gn/T//cciIlfrw.s:966    .text.Read_ADC_PA0:00000000 $t
/var/folders/8x/_y6g3dfs0698dfd49y4vcg_w0000gn/T//cciIlfrw.s:972    .text.Read_ADC_PA0:00000000 Read_ADC_PA0
/var/folders/8x/_y6g3dfs0698dfd49y4vcg_w0000gn/T//cciIlfrw.s:1025   .text.Read_ADC_PA0:0000002c $d
/var/folders/8x/_y6g3dfs0698dfd49y4vcg_w0000gn/T//cciIlfrw.s:1030   .text.injectSequence:00000000 $t
/var/folders/8x/_y6g3dfs0698dfd49y4vcg_w0000gn/T//cciIlfrw.s:1036   .text.injectSequence:00000000 injectSequence
/var/folders/8x/_y6g3dfs0698dfd49y4vcg_w0000gn/T//cciIlfrw.s:1069   .rodata.ProcessReceivedString.str1.4:00000000 $d
/var/folders/8x/_y6g3dfs0698dfd49y4vcg_w0000gn/T//cciIlfrw.s:1211   .text.ProcessReceivedString:00000000 $t
/var/folders/8x/_y6g3dfs0698dfd49y4vcg_w0000gn/T//cciIlfrw.s:1217   .text.ProcessReceivedString:00000000 ProcessReceivedString
/var/folders/8x/_y6g3dfs0698dfd49y4vcg_w0000gn/T//cciIlfrw.s:1727   .text.ProcessReceivedString:000002a8 $d
/var/folders/8x/_y6g3dfs0698dfd49y4vcg_w0000gn/T//cciIlfrw.s:3547   .bss.footPedalMode:00000000 footPedalMode
/var/folders/8x/_y6g3dfs0698dfd49y4vcg_w0000gn/T//cciIlfrw.s:3580   .bss.actuator:00000000 actuator
/var/folders/8x/_y6g3dfs0698dfd49y4vcg_w0000gn/T//cciIlfrw.s:3527   .bss.prev_joint1:00000000 prev_joint1
/var/folders/8x/_y6g3dfs0698dfd49y4vcg_w0000gn/T//cciIlfrw.s:3520   .bss.prev_joint2:00000000 prev_joint2
/var/folders/8x/_y6g3dfs0698dfd49y4vcg_w0000gn/T//cciIlfrw.s:3513   .bss.prev_joint3:00000000 prev_joint3
/var/folders/8x/_y6g3dfs0698dfd49y4vcg_w0000gn/T//cciIlfrw.s:3506   .bss.prev_joint4:00000000 prev_joint4
/var/folders/8x/_y6g3dfs0698dfd49y4vcg_w0000gn/T//cciIlfrw.s:3499   .bss.prev_joint5:00000000 prev_joint5
/var/folders/8x/_y6g3dfs0698dfd49y4vcg_w0000gn/T//cciIlfrw.s:3492   .bss.prev_actuator:00000000 prev_actuator
/var/folders/8x/_y6g3dfs0698dfd49y4vcg_w0000gn/T//cciIlfrw.s:1771   .text.ProcessReceivedString:00000350 $t
/var/folders/8x/_y6g3dfs0698dfd49y4vcg_w0000gn/T//cciIlfrw.s:2196   .text.ProcessReceivedString:00000508 $d
/var/folders/8x/_y6g3dfs0698dfd49y4vcg_w0000gn/T//cciIlfrw.s:3573   .bss.ledFlag:00000000 ledFlag
/var/folders/8x/_y6g3dfs0698dfd49y4vcg_w0000gn/T//cciIlfrw.s:2234   .rodata.HAL_UART_RxCpltCallback.str1.4:00000000 $d
/var/folders/8x/_y6g3dfs0698dfd49y4vcg_w0000gn/T//cciIlfrw.s:2238   .text.HAL_UART_RxCpltCallback:00000000 $t
/var/folders/8x/_y6g3dfs0698dfd49y4vcg_w0000gn/T//cciIlfrw.s:2244   .text.HAL_UART_RxCpltCallback:00000000 HAL_UART_RxCpltCallback
/var/folders/8x/_y6g3dfs0698dfd49y4vcg_w0000gn/T//cciIlfrw.s:2763   .text.HAL_UART_RxCpltCallback:00000278 $d
/var/folders/8x/_y6g3dfs0698dfd49y4vcg_w0000gn/T//cciIlfrw.s:3642   .bss.buffer_index:00000000 buffer_index
/var/folders/8x/_y6g3dfs0698dfd49y4vcg_w0000gn/T//cciIlfrw.s:3655   .bss.rx_byte5:00000000 rx_byte5
/var/folders/8x/_y6g3dfs0698dfd49y4vcg_w0000gn/T//cciIlfrw.s:3649   .bss.uart_buffer:00000000 uart_buffer
/var/folders/8x/_y6g3dfs0698dfd49y4vcg_w0000gn/T//cciIlfrw.s:3685   .bss.rx_byte:00000000 rx_byte
/var/folders/8x/_y6g3dfs0698dfd49y4vcg_w0000gn/T//cciIlfrw.s:3629   .bss.received_string:00000000 received_string
/var/folders/8x/_y6g3dfs0698dfd49y4vcg_w0000gn/T//cciIlfrw.s:3679   .bss.rx_byte1:00000000 rx_byte1
/var/folders/8x/_y6g3dfs0698dfd49y4vcg_w0000gn/T//cciIlfrw.s:3622   .bss.previous_string:00000000 previous_string
/var/folders/8x/_y6g3dfs0698dfd49y4vcg_w0000gn/T//cciIlfrw.s:3673   .bss.rx_byte2:00000000 rx_byte2
/var/folders/8x/_y6g3dfs0698dfd49y4vcg_w0000gn/T//cciIlfrw.s:3667   .bss.rx_byte3:00000000 rx_byte3
/var/folders/8x/_y6g3dfs0698dfd49y4vcg_w0000gn/T//cciIlfrw.s:2789   .text.HAL_UART_RxCpltCallback:000002d0 $t
/var/folders/8x/_y6g3dfs0698dfd49y4vcg_w0000gn/T//cciIlfrw.s:2979   .text.HAL_UART_RxCpltCallback:000003c0 $d
/var/folders/8x/_y6g3dfs0698dfd49y4vcg_w0000gn/T//cciIlfrw.s:3661   .bss.rx_byte4:00000000 rx_byte4
/var/folders/8x/_y6g3dfs0698dfd49y4vcg_w0000gn/T//cciIlfrw.s:2991   .text.inject:00000000 $t
/var/folders/8x/_y6g3dfs0698dfd49y4vcg_w0000gn/T//cciIlfrw.s:2997   .text.inject:00000000 inject
/var/folders/8x/_y6g3dfs0698dfd49y4vcg_w0000gn/T//cciIlfrw.s:3089   .text.inject:00000068 $d
/var/folders/8x/_y6g3dfs0698dfd49y4vcg_w0000gn/T//cciIlfrw.s:3541   .data.injectionLimit:00000000 injectionLimit
/var/folders/8x/_y6g3dfs0698dfd49y4vcg_w0000gn/T//cciIlfrw.s:3534   .data.retractionLimit:00000000 retractionLimit
/var/folders/8x/_y6g3dfs0698dfd49y4vcg_w0000gn/T//cciIlfrw.s:3097   .text.Error_Handler:00000000 $t
/var/folders/8x/_y6g3dfs0698dfd49y4vcg_w0000gn/T//cciIlfrw.s:3103   .text.Error_Handler:00000000 Error_Handler
/var/folders/8x/_y6g3dfs0698dfd49y4vcg_w0000gn/T//cciIlfrw.s:3135   .text.SystemClock_Config:00000000 $t
/var/folders/8x/_y6g3dfs0698dfd49y4vcg_w0000gn/T//cciIlfrw.s:3141   .text.SystemClock_Config:00000000 SystemClock_Config
/var/folders/8x/_y6g3dfs0698dfd49y4vcg_w0000gn/T//cciIlfrw.s:3289   .text.SystemClock_Config:000000a0 $d
/var/folders/8x/_y6g3dfs0698dfd49y4vcg_w0000gn/T//cciIlfrw.s:3295   .rodata.main.str1.4:00000000 $d
/var/folders/8x/_y6g3dfs0698dfd49y4vcg_w0000gn/T//cciIlfrw.s:3299   .text.main:00000000 $t
/var/folders/8x/_y6g3dfs0698dfd49y4vcg_w0000gn/T//cciIlfrw.s:3305   .text.main:00000000 main
/var/folders/8x/_y6g3dfs0698dfd49y4vcg_w0000gn/T//cciIlfrw.s:3445   .text.main:000000b4 $d
/var/folders/8x/_y6g3dfs0698dfd49y4vcg_w0000gn/T//cciIlfrw.s:3463   .bss.lastMillis.0:00000000 $d
/var/folders/8x/_y6g3dfs0698dfd49y4vcg_w0000gn/T//cciIlfrw.s:3472   .bss.step.1:00000000 $d
/var/folders/8x/_y6g3dfs0698dfd49y4vcg_w0000gn/T//cciIlfrw.s:3478   .bss.buttonHeld:00000000 buttonHeld
/var/folders/8x/_y6g3dfs0698dfd49y4vcg_w0000gn/T//cciIlfrw.s:3475   .bss.buttonHeld:00000000 $d
/var/folders/8x/_y6g3dfs0698dfd49y4vcg_w0000gn/T//cciIlfrw.s:3485   .bss.buttonPressTime:00000000 buttonPressTime
/var/folders/8x/_y6g3dfs0698dfd49y4vcg_w0000gn/T//cciIlfrw.s:3482   .bss.buttonPressTime:00000000 $d
/var/folders/8x/_y6g3dfs0698dfd49y4vcg_w0000gn/T//cciIlfrw.s:3489   .bss.prev_actuator:00000000 $d
ARM GAS  /var/folders/8x/_y6g3dfs0698dfd49y4vcg_w0000gn/T//cciIlfrw.s 			page 116


/var/folders/8x/_y6g3dfs0698dfd49y4vcg_w0000gn/T//cciIlfrw.s:3496   .bss.prev_joint5:00000000 $d
/var/folders/8x/_y6g3dfs0698dfd49y4vcg_w0000gn/T//cciIlfrw.s:3503   .bss.prev_joint4:00000000 $d
/var/folders/8x/_y6g3dfs0698dfd49y4vcg_w0000gn/T//cciIlfrw.s:3510   .bss.prev_joint3:00000000 $d
/var/folders/8x/_y6g3dfs0698dfd49y4vcg_w0000gn/T//cciIlfrw.s:3517   .bss.prev_joint2:00000000 $d
/var/folders/8x/_y6g3dfs0698dfd49y4vcg_w0000gn/T//cciIlfrw.s:3524   .bss.prev_joint1:00000000 $d
/var/folders/8x/_y6g3dfs0698dfd49y4vcg_w0000gn/T//cciIlfrw.s:3531   .data.retractionLimit:00000000 $d
/var/folders/8x/_y6g3dfs0698dfd49y4vcg_w0000gn/T//cciIlfrw.s:3538   .data.injectionLimit:00000000 $d
/var/folders/8x/_y6g3dfs0698dfd49y4vcg_w0000gn/T//cciIlfrw.s:3548   .bss.footPedalMode:00000000 $d
/var/folders/8x/_y6g3dfs0698dfd49y4vcg_w0000gn/T//cciIlfrw.s:3553   .bss.footPedalFlag:00000000 footPedalFlag
/var/folders/8x/_y6g3dfs0698dfd49y4vcg_w0000gn/T//cciIlfrw.s:3554   .bss.footPedalFlag:00000000 $d
/var/folders/8x/_y6g3dfs0698dfd49y4vcg_w0000gn/T//cciIlfrw.s:3559   .bss.buttonState:00000000 buttonState
/var/folders/8x/_y6g3dfs0698dfd49y4vcg_w0000gn/T//cciIlfrw.s:3560   .bss.buttonState:00000000 $d
/var/folders/8x/_y6g3dfs0698dfd49y4vcg_w0000gn/T//cciIlfrw.s:3563   .data.injectFlag:00000000 $d
/var/folders/8x/_y6g3dfs0698dfd49y4vcg_w0000gn/T//cciIlfrw.s:3570   .bss.ledFlag:00000000 $d
/var/folders/8x/_y6g3dfs0698dfd49y4vcg_w0000gn/T//cciIlfrw.s:3577   .bss.actuator:00000000 $d
/var/folders/8x/_y6g3dfs0698dfd49y4vcg_w0000gn/T//cciIlfrw.s:3584   .data.joint5:00000000 $d
/var/folders/8x/_y6g3dfs0698dfd49y4vcg_w0000gn/T//cciIlfrw.s:3591   .bss.joint4:00000000 $d
/var/folders/8x/_y6g3dfs0698dfd49y4vcg_w0000gn/T//cciIlfrw.s:3598   .data.joint3:00000000 $d
/var/folders/8x/_y6g3dfs0698dfd49y4vcg_w0000gn/T//cciIlfrw.s:3605   .data.joint2:00000000 $d
/var/folders/8x/_y6g3dfs0698dfd49y4vcg_w0000gn/T//cciIlfrw.s:3612   .bss.joint1:00000000 $d
/var/folders/8x/_y6g3dfs0698dfd49y4vcg_w0000gn/T//cciIlfrw.s:3619   .bss.previous_string:00000000 $d
/var/folders/8x/_y6g3dfs0698dfd49y4vcg_w0000gn/T//cciIlfrw.s:3626   .bss.received_string:00000000 $d
/var/folders/8x/_y6g3dfs0698dfd49y4vcg_w0000gn/T//cciIlfrw.s:3635   .bss.uart_received:00000000 uart_received
/var/folders/8x/_y6g3dfs0698dfd49y4vcg_w0000gn/T//cciIlfrw.s:3636   .bss.uart_received:00000000 $d
/var/folders/8x/_y6g3dfs0698dfd49y4vcg_w0000gn/T//cciIlfrw.s:3639   .bss.buffer_index:00000000 $d
/var/folders/8x/_y6g3dfs0698dfd49y4vcg_w0000gn/T//cciIlfrw.s:3646   .bss.uart_buffer:00000000 $d
/var/folders/8x/_y6g3dfs0698dfd49y4vcg_w0000gn/T//cciIlfrw.s:3656   .bss.rx_byte5:00000000 $d
/var/folders/8x/_y6g3dfs0698dfd49y4vcg_w0000gn/T//cciIlfrw.s:3662   .bss.rx_byte4:00000000 $d
/var/folders/8x/_y6g3dfs0698dfd49y4vcg_w0000gn/T//cciIlfrw.s:3668   .bss.rx_byte3:00000000 $d
/var/folders/8x/_y6g3dfs0698dfd49y4vcg_w0000gn/T//cciIlfrw.s:3674   .bss.rx_byte2:00000000 $d
/var/folders/8x/_y6g3dfs0698dfd49y4vcg_w0000gn/T//cciIlfrw.s:3680   .bss.rx_byte1:00000000 $d
/var/folders/8x/_y6g3dfs0698dfd49y4vcg_w0000gn/T//cciIlfrw.s:3686   .bss.rx_byte:00000000 $d

UNDEFINED SYMBOLS
HAL_UART_Transmit
huart1
huart2
huart3
huart4
huart5
huart6
snprintf
HAL_GetTick
HAL_ADC_Start
HAL_ADC_PollForConversion
HAL_ADC_Stop
HAL_ADC_GetValue
hadc1
strncmp
strcmp
puts
sscanf
printf
HAL_UART_Receive_IT
strcpy
htim4
memset
ARM GAS  /var/folders/8x/_y6g3dfs0698dfd49y4vcg_w0000gn/T//cciIlfrw.s 			page 117


HAL_RCC_OscConfig
HAL_RCC_ClockConfig
HAL_Init
MX_GPIO_Init
MX_ADC1_Init
MX_I2C1_Init
MX_TIM1_Init
MX_TIM2_Init
MX_UART4_Init
MX_UART5_Init
MX_USART1_UART_Init
MX_USART2_UART_Init
MX_USART3_UART_Init
MX_USB_OTG_FS_PCD_Init
MX_TIM4_Init
MX_TIM3_Init
MX_USART6_UART_Init
HAL_TIM_PWM_Start
HAL_Delay
